session_date,file,office,person,basis
1997-12-18,1997-12-18_r117_TRIBUNAL_DE_JUICIO_POLITICO,NONE,,
1998-02-25,1998-02-25_r01_PREPARATORIA,prosecretario,Donaldo A. Dib,masthead
1998-02-25,1998-02-25_r01_PREPARATORIA,prosecretario,Mario Pontaquarto,masthead
1998-02-25,1998-02-25_r01_PREPARATORIA,prosecretario,Rodolfo N. Aden,masthead
1998-02-25,1998-02-25_r01_PREPARATORIA,secretario,Eduardo Piuzzi,masthead
1998-02-25,1998-02-25_r01_PREPARATORIA,secretario,Matilde del Valle Guerrero,masthead
1998-03-01,1998-03-01_r00_ASAMBLEA,secretario,Edgardo R. Piuzzi,masthead
1998-03-01,1998-03-01_r00_ASAMBLEA,secretario,Esther H. Pereyra Arandía de Pérez Pardo,masthead
1998-03-04,1998-03-04_r02_ORDINARIA,presidente provisional,Eduardo Menem,masthead
1998-03-04,1998-03-04_r02_ORDINARIA,prosecretario,Alfredo A. Luques,masthead
1998-03-04,1998-03-04_r02_ORDINARIA,prosecretario,Berta Aldalur,masthead
1998-03-04,1998-03-04_r02_ORDINARIA,prosecretario,Mario L. Pontaquarto,masthead
1998-03-04,1998-03-04_r02_ORDINARIA,secretario,Edgardo R. Piuzzi,masthead
1998-03-04,1998-03-04_r02_ORDINARIA,secretario,Matilde del Valle Guerrero,masthead
1998-03-04,1998-03-04_r02_ORDINARIA,vicepresidente de la nacion,Carlos F. Ruckauf,masthead
1998-03-11,1998-03-11_r03_ORDINARIA,prosecretario,Alfredo A. Luques,masthead
1998-03-11,1998-03-11_r03_ORDINARIA,prosecretario,Berta Aldalur,masthead
1998-03-11,1998-03-11_r03_ORDINARIA,prosecretario,Mario Pontaquarto,masthead
1998-03-11,1998-03-11_r03_ORDINARIA,secretario,Edgardo R. Piuzzi,masthead
1998-03-11,1998-03-11_r03_ORDINARIA,secretario,Matilde del Valle Guerrero,masthead
1998-03-11,1998-03-11_r03_ORDINARIA,vicepresidente de la nacion,Carlos F. Ruckauf,masthead
1998-03-18,1998-03-18_r04_ORDINARIA,prosecretario,Alfredo A. Luques,masthead
1998-03-18,1998-03-18_r04_ORDINARIA,prosecretario,Berta Aldalur,masthead
1998-03-18,1998-03-18_r04_ORDINARIA,prosecretario,Mario L. Pontaquarto,masthead
1998-03-18,1998-03-18_r04_ORDINARIA,secretario,Edgardo R. Piuzzi,masthead
1998-03-18,1998-03-18_r04_ORDINARIA,secretario,Matilde del Valle Guerrero,masthead
1998-03-18,1998-03-18_r04_ORDINARIA,vicepresidente de la nacion,Carlos F. Ruckauf,masthead
1998-03-25,1998-03-25_r05_ORDINARIA,prosecretario,Alfredo A. Luques,masthead
1998-03-25,1998-03-25_r05_ORDINARIA,prosecretario,Berta Aldalur,masthead
1998-03-25,1998-03-25_r05_ORDINARIA,prosecretario,Mario Pontaquarto,masthead
1998-03-25,1998-03-25_r05_ORDINARIA,secretario,Edgardo R. Piuzzi,masthead
1998-03-25,1998-03-25_r05_ORDINARIA,secretario,Matilde del Valle Guerrero,masthead
1998-03-25,1998-03-25_r05_ORDINARIA,vicepresidente de la nacion,Carlos F. Ruckauf,masthead
1998-04-01,1998-04-01_r06_ORDINARIA,prosecretario,Alfredo A. Luques,masthead
1998-04-01,1998-04-01_r08_ESPECIAL,prosecretario,Alfredo A. Luques,masthead
1998-04-01,1998-04-01_r06_ORDINARIA,prosecretario,Berta Aldalur,masthead
1998-04-01,1998-04-01_r08_ESPECIAL,prosecretario,Berta Aldalur,masthead
1998-04-01,1998-04-01_r06_ORDINARIA,prosecretario,Mario L. Pontaquarto,masthead
1998-04-01,1998-04-01_r08_ESPECIAL,prosecretario,Mario L. Pontaquarto,masthead
1998-04-01,1998-04-01_r08_ESPECIAL,secretario,Edgardo R. Piuzzi,masthead
1998-04-01,1998-04-01_r06_ORDINARIA,secretario,Matilde del Valle Guerrero,masthead
1998-04-01,1998-04-01_r08_ESPECIAL,secretario,Matilde del Valle Guerrero,masthead
1998-04-01,1998-04-01_r06_ORDINARIA,vicepresidente 1°,Antonio Cafiero,masthead
1998-04-15,1998-04-15_r09_ORDINARIA,prosecretario,Alfredo A. Luques,masthead
1998-04-15,1998-04-15_r09_ORDINARIA,prosecretario,Berta Aldalur,masthead
1998-04-15,1998-04-15_r09_ORDINARIA,prosecretario,Mario L. Pontaquarto,masthead
1998-04-15,1998-04-15_r09_ORDINARIA,prosecretario,Taha Ahmad,masthead
1998-04-15,1998-04-15_r09_ORDINARIA,secretario,Edgardo R. Piuzzi,masthead
1998-04-15,1998-04-15_r09_ORDINARIA,secretario,Matilde del Valle Guerrero,masthead
1998-04-22,1998-04-22_r11_ORDINARIA,presidente provisional,Eduardo Menem,masthead
1998-04-22,1998-04-22_r11_ORDINARIA,prosecretario,Alfredo A. Luques,masthead
1998-04-22,1998-04-22_r11_ORDINARIA,prosecretario,Berta Aldalur,masthead
1998-04-22,1998-04-22_r11_ORDINARIA,prosecretario,Mario L. Pontaquarto,masthead
1998-04-22,1998-04-22_r11_ORDINARIA,prosecretario,Taha Ahmad,masthead
1998-04-22,1998-04-22_r11_ORDINARIA,secretario,Edgardo R. Piuzzi,masthead
1998-04-22,1998-04-22_r11_ORDINARIA,secretario,Matilde del Valle Guerrero,masthead
1998-04-22,1998-04-22_r11_ORDINARIA,vicepresidente,Antonio F. Cafiero,masthead
1998-04-22,1998-04-22_r11_ORDINARIA,vicepresidente de la nacion,Carlos F. Ruckauf,masthead
1998-04-29,1998-04-29_r12_ORDINARIA,prosecretario,Alfredo A. Luques,masthead
1998-04-29,1998-04-29_r12_ORDINARIA,prosecretario,Berta Aldalur,masthead
1998-04-29,1998-04-29_r12_ORDINARIA,prosecretario,Mario L. Pontaquarto,masthead
1998-04-29,1998-04-29_r12_ORDINARIA,prosecretario,Taha Ahmad,masthead
1998-04-29,1998-04-29_r12_ORDINARIA,secretario,Edgardo R. Piuzzi,masthead
1998-04-29,1998-04-29_r12_ORDINARIA,secretario,Matilde del Valle Guerrero,masthead
1998-04-29,1998-04-29_r12_ORDINARIA,vicepresidente de la nacion,Carlos F. Ruckauf,masthead
1998-05-06,1998-05-06_r13_ORDINARIA,presidente provisional,Eduardo Menem,masthead
1998-05-06,1998-05-06_r13_ORDINARIA,prosecretario,Alfredo A. Luques,masthead
1998-05-06,1998-05-06_r13_ORDINARIA,prosecretario,Berta Aldalur,masthead
1998-05-06,1998-05-06_r13_ORDINARIA,prosecretario,Mario Pontaquarto,masthead
1998-05-06,1998-05-06_r13_ORDINARIA,prosecretario,Taha Ahmad,masthead
1998-05-06,1998-05-06_r13_ORDINARIA,secretario,Edgardo R. Piuzzi,masthead
1998-05-06,1998-05-06_r13_ORDINARIA,secretario,Matilde del Valle Guerrero,masthead
1998-05-06,1998-05-06_r13_ORDINARIA,vicepresidente 1,Antonio Cafiero,masthead
1998-05-06,1998-05-06_r13_ORDINARIA,vicepresidente 2,Mario A. Losada,masthead
1998-05-06,1998-05-06_r13_ORDINARIA,vicepresidente de la nacion,Carlos Ruckauf,masthead
1998-05-13,1998-05-13_r15_ORDINARIA,presidente provisional,Eduardo Menem,masthead
1998-05-13,1998-05-13_r15_ORDINARIA,prosecretario,Alfredo A. Luques,masthead
1998-05-13,1998-05-13_r15_ORDINARIA,prosecretario,Berta Aldalur,masthead
1998-05-13,1998-05-13_r15_ORDINARIA,prosecretario,Mario Pontaquarto,masthead
1998-05-13,1998-05-13_r15_ORDINARIA,prosecretario,Taha Ahmad,masthead
1998-05-13,1998-05-13_r15_ORDINARIA,secretario,Edgardo R. Piuzzi,masthead
1998-05-13,1998-05-13_r15_ORDINARIA,secretario,Matilde del Valle Guerrero,masthead
1998-05-13,1998-05-13_r15_ORDINARIA,vicepresidente 1°,Antonio Cafiero,masthead
1998-05-20,1998-05-20_r18_ORDINARIA,presidente provisional,Eduardo Menem,masthead
1998-05-20,1998-05-20_r18_ORDINARIA,prosecretario,Alfredo A. Luques,masthead
1998-05-20,1998-05-20_r18_ORDINARIA,prosecretario,Berta Aldalur,masthead
1998-05-20,1998-05-20_r18_ORDINARIA,prosecretario,Mario L. Pontaquarto,masthead
1998-05-20,1998-05-20_r18_ORDINARIA,prosecretario,Taha Ahmad,masthead
1998-05-20,1998-05-20_r18_ORDINARIA,secretario,Edgardo R. Piuzzi,masthead
1998-05-20,1998-05-20_r18_ORDINARIA,secretario,Matilde del Valle Guerrero,masthead
1998-05-20,1998-05-20_r18_ORDINARIA,vicepresidente de la nacion,Carlos F. Ruckauf,masthead
1998-05-27,1998-05-27_r21_ORDINARIA,prosecretario,Alfredo A. Luques,masthead
1998-05-27,1998-05-27_r21_ORDINARIA,prosecretario,Berta Aldalur,masthead
1998-05-27,1998-05-27_r21_ORDINARIA,prosecretario,Mario L. Pontaquarto,masthead
1998-05-27,1998-05-27_r21_ORDINARIA,prosecretario,Taha Ahmad,masthead
1998-05-27,1998-05-27_r21_ORDINARIA,secretario,Edgardo R. Piuzzi,masthead
1998-05-27,1998-05-27_r21_ORDINARIA,secretario,Matilde del Valle Guerrero,masthead
1998-06-03,1998-06-03_r22_ORDINARIA,prosecretario,Alfredo A. Luques,masthead
1998-06-03,1998-06-03_r22_ORDINARIA,prosecretario,Berta Aldalur,masthead
1998-06-03,1998-06-03_r22_ORDINARIA,prosecretario,Mario L. Pontaquarto,masthead
1998-06-03,1998-06-03_r22_ORDINARIA,secretario,Edgardo R. Piuzzi,masthead
1998-06-03,1998-06-03_r22_ORDINARIA,secretario,Matilde del Valle Guerrero,masthead
1998-06-03,1998-06-03_r22_ORDINARIA,vicepresidente,Antonio F. Cafiero,masthead
1998-06-03,1998-06-03_r22_ORDINARIA,vicepresidente 1°,Mario A. Losada,masthead
1998-06-03,1998-06-03_r22_ORDINARIA,vicepresidente de la nacion,Carlos F. Ruckauf,masthead
1998-06-10,1998-06-10_r24_ORDINARIA,presidente provisional,Eduardo Menem,masthead
1998-06-10,1998-06-10_r24_ORDINARIA,prosecretario,Alfredo A. Luques,masthead
1998-06-10,1998-06-10_r24_ORDINARIA,prosecretario,Berta Aldalur,masthead
1998-06-10,1998-06-10_r24_ORDINARIA,prosecretario,Mario L. Pontaquarto,masthead
1998-06-10,1998-06-10_r24_ORDINARIA,secretario,Edgardo R. Piuzzi,masthead
1998-06-10,1998-06-10_r24_ORDINARIA,secretario,Matilde del Valle Guerrero,masthead
1998-06-10,1998-06-10_r24_ORDINARIA,vicepresidente,Antonio Cafiero,masthead
1998-06-10,1998-06-10_r24_ORDINARIA,vicepresidente 1°,Mario A. Losada,masthead
1998-06-10,1998-06-10_r24_ORDINARIA,vicepresidente 2°,Carlos H. Almirón,masthead
1998-06-17,1998-06-17_r25_EN_MINORIA,prosecretario,Alfredo A. Luques,masthead
1998-06-17,1998-06-17_r25_EN_MINORIA,prosecretario,Berta Aldalur,masthead
1998-06-17,1998-06-17_r25_EN_MINORIA,prosecretario,Mario L. Pontaquarto,masthead
1998-06-17,1998-06-17_r25_EN_MINORIA,secretario,Edgardo R. Piuzzi,masthead
1998-06-17,1998-06-17_r25_EN_MINORIA,secretario,Matilde del Valle Guerrero,masthead
1998-06-17,1998-06-17_r25_EN_MINORIA,vicepresidente de la nacion,Carlos F. Ruckauf,masthead
1998-06-24,1998-06-24_r27_TRIBUNAL_DE_JUICIO_POLITICO,presidente provisional,Eduardo Menem,masthead
1998-06-24,1998-06-24_r26_ORDINARIA,presidente provisional,Eduardo Menem,masthead
1998-06-24,1998-06-24_r27_TRIBUNAL_DE_JUICIO_POLITICO,prosecretario,Alfredo A. Luques,masthead
1998-06-24,1998-06-24_r26_ORDINARIA,prosecretario,Alfredo A. Luques,masthead
1998-06-24,1998-06-24_r27_TRIBUNAL_DE_JUICIO_POLITICO,prosecretario,Berta Aldalur,masthead
1998-06-24,1998-06-24_r26_ORDINARIA,prosecretario,Berta Aldalur,masthead
1998-06-24,1998-06-24_r27_TRIBUNAL_DE_JUICIO_POLITICO,prosecretario,Mario L. Pontaquarto,masthead
1998-06-24,1998-06-24_r26_ORDINARIA,prosecretario,Mario Pontaquarto,masthead
1998-06-24,1998-06-24_r26_ORDINARIA,prosecretario,Taha Ahmad,masthead
1998-06-24,1998-06-24_r27_TRIBUNAL_DE_JUICIO_POLITICO,secretario,Edgardo R. Piuzzi,masthead
1998-06-24,1998-06-24_r26_ORDINARIA,secretario,Edgardo R. Piuzzi,masthead
1998-06-24,1998-06-24_r27_TRIBUNAL_DE_JUICIO_POLITICO,secretario,Matilde del Valle Guerrero,masthead
1998-06-24,1998-06-24_r26_ORDINARIA,secretario,Matilde del Valle Guerrero,masthead
1998-07-01,1998-07-01_r28_ORDINARIA,presidente provisional,Eduardo Menem,masthead
1998-07-01,1998-07-01_r28_ORDINARIA,prosecretario,Alfredo A. Luques,masthead
1998-07-01,1998-07-01_r28_ORDINARIA,prosecretario,Berta Aldalur,masthead
1998-07-01,1998-07-01_r28_ORDINARIA,prosecretario,Mario L. Pontaquarto,masthead
1998-07-01,1998-07-01_r28_ORDINARIA,secretario,Edgardo R. Piuzzi,masthead
1998-07-01,1998-07-01_r28_ORDINARIA,secretario,Matilde del Valle Guerrero,masthead
1998-07-01,1998-07-01_r28_ORDINARIA,vicepresidente 2°,Carlos H. Almirón,masthead
1998-07-01,1998-07-01_r28_ORDINARIA,vicepresidente de la nacion,Carlos F. Ruckauf,masthead
1998-07-15,1998-07-15_r29_ORDINARIA,prosecretario,Alfredo A. Luques,masthead
1998-07-15,1998-07-15_r29_ORDINARIA,prosecretario,Berta Aldalur,masthead
1998-07-15,1998-07-15_r29_ORDINARIA,prosecretario,Mario L. Pontaquarto,masthead
1998-07-15,1998-07-15_r29_ORDINARIA,prosecretario,Taha Ahmad,masthead
1998-07-15,1998-07-15_r29_ORDINARIA,secretario,Edgardo R. Piuzzi,masthead
1998-07-15,1998-07-15_r29_ORDINARIA,secretario,Matilde del Valle Guerrero,masthead
1998-07-15,1998-07-15_r29_ORDINARIA,vicepresidente de la nacion,Carlos F. Ruckauf,masthead
1998-07-22,1998-07-22_r30_ORDINARIA_CONTINUACION,prosecretario,Alfredo A. Luques,masthead
1998-07-22,1998-07-22_r30_ORDINARIA_CONTINUACION,prosecretario,Berta Aldalur,masthead
1998-07-22,1998-07-22_r30_ORDINARIA_CONTINUACION,prosecretario,Mario L. Pontaquarto,masthead
1998-07-22,1998-07-22_r30_ORDINARIA_CONTINUACION,secretario,Edgardo R. Piuzzi,masthead
1998-07-22,1998-07-22_r30_ORDINARIA_CONTINUACION,secretario,Matilde del Valle Guerrero,masthead
1998-07-22,1998-07-22_r30_ORDINARIA_CONTINUACION,vicepresidente de la nacion,Carlos F. Ruckauf,masthead
1998-07-23,1998-07-23_r01_REUNION_CONJ_AMBAS_CAMARAS,NONE,,
1998-08-05,1998-08-05_r31_ORDINARIA,presidente provisional,Eduardo Menem,masthead
1998-08-05,1998-08-05_r31_ORDINARIA,prosecretario,Alfredo A. Luques,masthead
1998-08-05,1998-08-05_r31_ORDINARIA,prosecretario,Berta Aldalur,masthead
1998-08-05,1998-08-05_r31_ORDINARIA,secretario,Edgardo R. Piuzzi,masthead
1998-08-05,1998-08-05_r31_ORDINARIA,secretario,Matilde del Valle Guerrero,masthead
1998-08-05,1998-08-05_r31_ORDINARIA,vicepresidente,Antonio Cafiero,masthead
1998-08-05,1998-08-05_r31_ORDINARIA,vicepresidente 1°,Mario A. Losada,masthead
1998-08-05,1998-08-05_r31_ORDINARIA,vicepresidente 2°,Carlos H. Almirón,masthead
1998-08-12,1998-08-12_r34_ORDINARIA,presidente provisional,Eduardo Menem,masthead
1998-08-12,1998-08-12_r34_ORDINARIA,prosecretario,Alfredo A. Luques,masthead
1998-08-12,1998-08-12_r34_ORDINARIA,prosecretario,Berta Aldalur,masthead
1998-08-12,1998-08-12_r34_ORDINARIA,vicepresidente,Antonio Cafiero,masthead
1998-08-12,1998-08-12_r34_ORDINARIA,vicepresidente de la nacion,Carlos F. Ruckauf,masthead
1998-08-19,1998-08-19_r36_ORDINARIA,presidente provisional,Eduardo Menem,masthead
1998-08-19,1998-08-19_r36_ORDINARIA,prosecretario,Alfredo A. Luques,masthead
1998-08-19,1998-08-19_r36_ORDINARIA,prosecretario,Berta Aldalur,masthead
1998-08-19,1998-08-19_r36_ORDINARIA,vicepresidente,Antonio Cafiero,masthead
1998-08-19,1998-08-19_r36_ORDINARIA,vicepresidente 2°,Carlos H. Almirón,masthead
1998-08-19,1998-08-19_r36_ORDINARIA,vicepresidente de la nacion,Carlos F. Ruckauf,masthead
1998-08-26,1998-08-26_r39_ORDINARIA,presidente provisional,Eduardo Menem,masthead
1998-08-26,1998-08-26_r39_ORDINARIA,prosecretario,Alfredo A. Luques,masthead
1998-08-26,1998-08-26_r39_ORDINARIA,prosecretario,Berta Aldalur,masthead
1998-08-26,1998-08-26_r39_ORDINARIA,vicepresidente,Antonio Cafiero,masthead
1998-08-26,1998-08-26_r39_ORDINARIA,vicepresidente 1°,Mario A. Losada,masthead
1998-09-02,1998-09-02_r42_ORDINARIA,prosecretario,Alfredo A. Luques,masthead
1998-09-02,1998-09-02_r42_ORDINARIA,prosecretario,Berta Aldalur,masthead
1998-09-02,1998-09-02_r42_ORDINARIA,vicepresidente de la nacion,Carlos F. Ruckauf,masthead
1998-09-09,1998-09-09_r44_ORDINARIA,prosecretario,Alfredo A. Luques,masthead
1998-09-09,1998-09-09_r44_ORDINARIA,prosecretario,Berta Aldalur,masthead
1998-09-09,1998-09-09_r44_ORDINARIA,vicepresidente 1°,Mario A. Losada,masthead
1998-09-09,1998-09-09_r44_ORDINARIA,vicepresidente de la nacion,Carlos F. Ruckauf,masthead
1998-09-16,1998-09-16_r47_ORDINARIA,presidente provisional,Eduardo Menem,masthead
1998-09-16,1998-09-16_r47_ORDINARIA,prosecretario,Alfredo A. Luques,masthead
1998-09-16,1998-09-16_r47_ORDINARIA,prosecretario,Berta Aldalur,masthead
1998-09-16,1998-09-16_r47_ORDINARIA,vicepresidente,Antonio Cafiero,masthead
1998-09-23,1998-09-23_r48_ORDINARIA,presidente provisional,Eduardo Menem,masthead
1998-09-23,1998-09-23_r48_ORDINARIA,prosecretario,Alfredo A. Luques,masthead
1998-09-23,1998-09-23_r48_ORDINARIA,prosecretario,Berta Aldalur,masthead
1998-09-23,1998-09-23_r48_ORDINARIA,vicepresidente de la nacion,Carlos F. Ruckauf,masthead
1998-09-30,1998-09-30_r50_EN_MINORIA,vicepresidente de la nacion,Carlos F. Ruckauf,masthead
1998-10-07,1998-10-07_r51_ORDINARIA,presidente provisional,Eduardo Menem,masthead
1998-10-07,1998-10-07_r51_ORDINARIA,prosecretario,Alfredo A. Luques,masthead
1998-10-07,1998-10-07_r51_ORDINARIA,prosecretario,Berta Aldalur,masthead
1998-10-07,1998-10-07_r51_ORDINARIA,secretario,Matilde del Valle Guerrero,masthead
1998-10-07,1998-10-07_r51_ORDINARIA,vicepresidente,Antonio Cafiero,masthead
1998-10-14,1998-10-14_r52_ORDINARIA,presidente provisional,Eduardo Menem,masthead
1998-10-14,1998-10-14_r52_ORDINARIA,prosecretario,Alfredo A. Luques,masthead
1998-10-14,1998-10-14_r52_ORDINARIA,prosecretario,Berta Aldalur,masthead
1998-10-14,1998-10-14_r52_ORDINARIA,vicepresidente,Antonio Cafiero,masthead
1998-10-14,1998-10-14_r52_ORDINARIA,vicepresidente 1°,Mario A. Losada,masthead
1998-10-21,1998-10-21_r53_ORDINARIA,presidente provisional,Eduardo Menem,masthead
1998-10-21,1998-10-21_r53_ORDINARIA,prosecretario,Alfredo A. Luques,masthead
1998-10-21,1998-10-21_r53_ORDINARIA,prosecretario,Berta Aldalur,masthead
1998-10-21,1998-10-21_r53_ORDINARIA,vicepresidente,Antonio Cafiero,masthead
1998-10-21,1998-10-21_r53_ORDINARIA,vicepresidente de la nacion,Carlos F. Ruckauf,masthead
1998-10-28,1998-10-28_r54_ORDINARIA,prosecretario,Alfredo A. Luques,masthead
1998-10-28,1998-10-28_r54_ORDINARIA,prosecretario,Berta Aldalur,masthead
1998-10-28,1998-10-28_r54_ORDINARIA,vicepresidente,Antonio Cafiero,masthead
1998-10-28,1998-10-28_r54_ORDINARIA,vicepresidente 1°,Mario A. Losada,masthead
1998-11-04,1998-11-04_r56_ORDINARIA,presidente provisional,Eduardo Menem,masthead
1998-11-04,1998-11-04_r56_ORDINARIA,prosecretario,Alfredo A. Luques,masthead
1998-11-04,1998-11-04_r56_ORDINARIA,prosecretario,Berta Aldalur,masthead
1998-11-04,1998-11-04_r56_ORDINARIA,vicepresidente,Antonio Cafiero,masthead
1998-11-04,1998-11-04_r56_ORDINARIA,vicepresidente de la nacion,Carlos F. Ruckauf,masthead
1998-11-11,1998-11-11_r57_ORDINARIA,presidente provisional,Eduardo Menem,masthead
1998-11-11,1998-11-11_r57_ORDINARIA,prosecretario,Alfredo A. Luques,masthead
1998-11-11,1998-11-11_r57_ORDINARIA,prosecretario,Berta Aldalur,masthead
1998-11-11,1998-11-11_r57_ORDINARIA,vicepresidente,Antonio Cafiero,masthead
1998-11-18,1998-11-18_r58_ORDINARIA,presidente provisional,Eduardo Menem,masthead
1998-11-18,1998-11-18_r58_ORDINARIA,prosecretario,Alfredo A. Luques,masthead
1998-11-18,1998-11-18_r58_ORDINARIA,prosecretario,Berta Aldalur,masthead
1998-11-18,1998-11-18_r58_ORDINARIA,vicepresidente,Antonio Cafiero,masthead
1998-11-18,1998-11-18_r58_ORDINARIA,vicepresidente de la nacion,Carlos F. Ruckauf,masthead
1998-11-25,1998-11-25_r62_ESPECIAL,presidente provisional,Eduardo Menem,masthead
1998-11-25,1998-11-25_r63_ESPECIAL,presidente provisional,Eduardo Menem,masthead
1998-11-25,1998-11-25_r64_ORDINARIA,presidente provisional,Eduardo Menem,masthead
1998-11-25,1998-11-25_r62_ESPECIAL,prosecretario,Alfredo A. Luques,masthead
1998-11-25,1998-11-25_r63_ESPECIAL,prosecretario,Alfredo A. Luques,masthead
1998-11-25,1998-11-25_r64_ORDINARIA,prosecretario,Alfredo A. Luques,masthead
1998-11-25,1998-11-25_r62_ESPECIAL,prosecretario,Berta Aldalur,masthead
1998-11-25,1998-11-25_r63_ESPECIAL,prosecretario,Berta Aldalur,masthead
1998-11-25,1998-11-25_r64_ORDINARIA,prosecretario,Berta Aldalur,masthead
1998-11-25,1998-11-25_r62_ESPECIAL,vicepresidente,Antonio Cafiero,masthead
1998-11-25,1998-11-25_r63_ESPECIAL,vicepresidente,Antonio Cafiero,masthead
1998-11-25,1998-11-25_r63_ESPECIAL,vicepresidente 1°,Mario A. Losada,masthead
1998-11-25,1998-11-25_r63_ESPECIAL,vicepresidente 2°,Carlos H. Almirón,masthead
1998-11-25,1998-11-25_r63_ESPECIAL,vicepresidente de la nacion,Carlos F. Ruckauf,masthead
1998-11-25,1998-11-25_r64_ORDINARIA,vicepresidente de la nacion,Carlos F. Ruckauf,masthead
1998-11-26,1998-11-26_r65_ORDINARIA,presidente provisional,Eduardo Menem,masthead
1998-11-26,1998-11-26_r65_ORDINARIA,prosecretario,Alfredo A. Luques,masthead
1998-11-26,1998-11-26_r65_ORDINARIA,prosecretario,Berta Aldalur,masthead
1998-11-26,1998-11-26_r65_ORDINARIA,vicepresidente,Antonio Cafiero,masthead
1998-11-26,1998-11-26_r65_ORDINARIA,vicepresidente 2°,Carlos H. Almirón,masthead
1998-11-26,1998-11-26_r65_ORDINARIA,vicepresidente de la nacion,Carlos F. Ruckauf,masthead
1998-12-02,1998-12-02_r66_ORDINARIA,presidente provisional,Eduardo Menem,masthead
1998-12-02,1998-12-02_r66_ORDINARIA,prosecretario,Alfredo A. Luques,masthead
1998-12-02,1998-12-02_r66_ORDINARIA,prosecretario,Berta Aldalur,masthead
1998-12-03,1998-12-03_r67_EN_MINORIA,presidente provisional,Eduardo Menem,masthead
1998-12-07,1998-12-07_r68_ESPECIAL,presidente provisional,Eduardo Menem,masthead
1998-12-07,1998-12-07_r68_ESPECIAL,prosecretario,Alfredo A. Luques,masthead
1998-12-07,1998-12-07_r68_ESPECIAL,prosecretario,Berta Aldalur,masthead
1998-12-07,1998-12-07_r68_ESPECIAL,vicepresidente,Antonio Cafiero,masthead
1998-12-07,1998-12-07_r68_ESPECIAL,vicepresidente 2°,Carlos H. Almirón,masthead
1998-12-07,1998-12-07_r68_ESPECIAL,vicepresidente de la nacion,Carlos F. Ruckauf,masthead
1998-12-08,1998-12-08_r69_EN_MINORIA,presidente provisional,Eduardo Menem,masthead
1998-12-08,1998-12-08_r70_EN_MINORIA,presidente provisional,Eduardo Menem,masthead
1998-12-09,1998-12-09_r71_ORDINARIA,presidente provisional,Eduardo Menem,masthead
1998-12-09,1998-12-09_r71_ORDINARIA,prosecretario,Alfredo A. Luques,masthead
1998-12-09,1998-12-09_r71_ORDINARIA,prosecretario,Berta Aldalur,masthead
1998-12-09,1998-12-09_r71_ORDINARIA,prosecretario,Mario L. Pontaquarto,masthead
1998-12-09,1998-12-09_r71_ORDINARIA,vicepresidente,Antonio Cafiero,masthead
1998-12-09,1998-12-09_r71_ORDINARIA,vicepresidente de la nacion,Carlos F. Ruckauf,masthead
1998-12-16,1998-12-16_r73_EXTRAORDINARIA,presidente provisional,Eduardo Menem,masthead
1998-12-16,1998-12-16_r73_EXTRAORDINARIA,prosecretario,Alfredo A. Luques,masthead
1998-12-16,1998-12-16_r73_EXTRAORDINARIA,prosecretario,Berta Aldalur,masthead
1998-12-16,1998-12-16_r73_EXTRAORDINARIA,prosecretario,Mario L. Pontaquarto,masthead
1998-12-16,1998-12-16_r73_EXTRAORDINARIA,secretario,Juan Carlos Oyarzún,masthead
1998-12-16,1998-12-16_r73_EXTRAORDINARIA,secretario,Matilde del Valle Guerrero,masthead
1998-12-16,1998-12-16_r73_EXTRAORDINARIA,vicepresidente de la nacion,Carlos F. Ruckauf,masthead
1999-02-24,1999-02-24_r01_PREPARATORIA,presidente provisional,Eduardo Menem,masthead
1999-02-24,1999-02-24_r01_PREPARATORIA,prosecretario,Alfredo A. Luques,masthead
1999-02-24,1999-02-24_r01_PREPARATORIA,prosecretario,Berta Aldalur,masthead
1999-02-24,1999-02-24_r01_PREPARATORIA,prosecretario,Mario L. Pontaquarto,masthead
1999-02-24,1999-02-24_r01_PREPARATORIA,secretario,Juan Carlos Oyarzún,masthead
1999-02-24,1999-02-24_r01_PREPARATORIA,secretario,Matilde del Valle Guerrero,masthead
1999-02-24,1999-02-24_r01_PREPARATORIA,secretario,Pedro C. Maranguello,masthead
1999-02-24,1999-02-24_r01_PREPARATORIA,vicepresidente,Antonio Cafiero,masthead
1999-03-01,1999-03-01_r00_ASAMBLEA,secretario,Esther H. Pereyra Arandía de Pérez Pardo,masthead
1999-03-01,1999-03-01_r00_ASAMBLEA,secretario,Juan Carlos Oyarzún,masthead
1999-03-03,1999-03-03_r02_ORDINARIA,prosecretario,Alejandro L. Colombo,masthead
1999-03-03,1999-03-03_r02_ORDINARIA,prosecretario,Alfredo A. Luques,masthead
1999-03-03,1999-03-03_r02_ORDINARIA,prosecretario,Mario L. Pontaquarto,masthead
1999-03-03,1999-03-03_r02_ORDINARIA,secretario,Juan Carlos Oyarzún,masthead
1999-03-03,1999-03-03_r02_ORDINARIA,secretario,Matilde del Valle Guerrero,masthead
1999-03-03,1999-03-03_r02_ORDINARIA,secretario,Pedro C. Maranguello,masthead
1999-03-03,1999-03-03_r02_ORDINARIA,vicepresidente,Antonio Cafiero,masthead
1999-03-03,1999-03-03_r02_ORDINARIA,vicepresidente 1°,Mario A. Losada,masthead
1999-03-03,1999-03-03_r02_ORDINARIA,vicepresidente 2°,Roberto A. Ulloa,masthead
1999-03-03,1999-03-03_r02_ORDINARIA,vicepresidente de la nacion,Carlos F. Ruckauf,masthead
1999-03-10,1999-03-10_r03_EN_MINORIA,prosecretario,Alejandro L. Colombo,masthead
1999-03-10,1999-03-10_r03_EN_MINORIA,prosecretario,Alfredo A. Luques,masthead
1999-03-10,1999-03-10_r03_EN_MINORIA,prosecretario,Mario L. Pontaquarto,masthead
1999-03-10,1999-03-10_r03_EN_MINORIA,secretario,Juan Carlos Oyarzún,masthead
1999-03-10,1999-03-10_r03_EN_MINORIA,secretario,Matilde del Valle Guerrero,masthead
1999-03-10,1999-03-10_r03_EN_MINORIA,secretario,Pedro C. Maranguello,masthead
1999-03-10,1999-03-10_r03_EN_MINORIA,vicepresidente de la nacion,Carlos F. Ruckauf,masthead
1999-03-24,1999-03-24_r04_ORDINARIA,presidente provisional,Eduardo Menem,masthead
1999-03-24,1999-03-24_r04_ORDINARIA,prosecretario,Alejandro L. Colombo,masthead
1999-03-24,1999-03-24_r04_ORDINARIA,prosecretario,Mario L. Pontaquarto,masthead
1999-03-24,1999-03-24_r04_ORDINARIA,prosecretario,Ricardo Balestra,masthead
1999-03-24,1999-03-24_r04_ORDINARIA,secretario,Juan Carlos Oyarzún,masthead
1999-03-24,1999-03-24_r04_ORDINARIA,secretario,Matilde del Valle Guerrero,masthead
1999-03-24,1999-03-24_r04_ORDINARIA,secretario,Pedro C. Maranguello,masthead
1999-03-24,1999-03-24_r04_ORDINARIA,vicepresidente 2°,Roberto A. Ulloa,masthead
1999-03-24,1999-03-24_r04_ORDINARIA,vicepresidente de la nacion,Carlos F. Ruckauf,masthead
1999-04-07,1999-04-07_r06_ORDINARIA,presidente provisional,Eduardo Menem,masthead
1999-04-07,1999-04-07_r06_ORDINARIA,prosecretario,Alejandro L. Colombo,masthead
1999-04-07,1999-04-07_r06_ORDINARIA,prosecretario,Mario L. Pontaquarto,masthead
1999-04-07,1999-04-07_r06_ORDINARIA,prosecretario,Ricardo Balestra,masthead
1999-04-07,1999-04-07_r06_ORDINARIA,secretario,Juan Carlos Oyarzún,masthead
1999-04-07,1999-04-07_r06_ORDINARIA,secretario,Matilde del Valle Guerrero,masthead
1999-04-07,1999-04-07_r06_ORDINARIA,secretario,Pedro C. Maranguello,masthead
1999-04-07,1999-04-07_r06_ORDINARIA,vicepresidente de la nacion,Carlos F. Ruckauf,masthead
1999-04-14,1999-04-14_r08_ORDINARIA,prosecretario,Alejandro L. Colombo,masthead
1999-04-14,1999-04-14_r08_ORDINARIA,prosecretario,Mario L. Pontaquarto,masthead
1999-04-14,1999-04-14_r08_ORDINARIA,prosecretario,Ricardo Balestra,masthead
1999-04-14,1999-04-14_r08_ORDINARIA,secretario,Juan Carlos Oyarzún,masthead
1999-04-14,1999-04-14_r08_ORDINARIA,secretario,Matilde del Valle Guerrero,masthead
1999-04-14,1999-04-14_r08_ORDINARIA,secretario,Pedro C. Maranguello,masthead
1999-04-14,1999-04-14_r08_ORDINARIA,vicepresidente 1°,Mario A. Losada,masthead
1999-04-14,1999-04-14_r08_ORDINARIA,vicepresidente de la nacion,Carlos F. Ruckauf,masthead
1999-04-21,1999-04-21_r10_ORDINARIA,presidente provisional,Eduardo Menem,masthead
1999-04-21,1999-04-21_r10_ORDINARIA,prosecretario,Alejandro L. Colombo,masthead
1999-04-21,1999-04-21_r10_ORDINARIA,prosecretario,Mario L. Pontaquarto,masthead
1999-04-21,1999-04-21_r10_ORDINARIA,prosecretario,Ricardo Balestra,masthead
1999-04-21,1999-04-21_r10_ORDINARIA,secretario,Juan Carlos Oyarzún,masthead
1999-04-21,1999-04-21_r10_ORDINARIA,secretario,Pedro C. Maranguello,masthead
1999-04-21,1999-04-21_r10_ORDINARIA,secretario,Víctor Eduardo Pereira,masthead
1999-04-21,1999-04-21_r10_ORDINARIA,vicepresidente de la nacion,Carlos F. Ruckauf,masthead
1999-04-28,1999-04-28_r14_ORDINARIA,presidente provisional,Eduardo Menem,masthead
1999-04-28,1999-04-28_r14_ORDINARIA,prosecretario,Alejandro L. Colombo,masthead
1999-04-28,1999-04-28_r14_ORDINARIA,prosecretario,Mario L. Pontaquarto,masthead
1999-04-28,1999-04-28_r14_ORDINARIA,prosecretario,Ricardo Balestra,masthead
1999-04-28,1999-04-28_r14_ORDINARIA,secretario,Juan Carlos Oyarzún,masthead
1999-04-28,1999-04-28_r14_ORDINARIA,secretario,Pedro C. Maranguello,masthead
1999-04-28,1999-04-28_r14_ORDINARIA,secretario,Víctor Eduardo Pereira,masthead
1999-04-28,1999-04-28_r14_ORDINARIA,vicepresidente 2°,Roberto A. Ulloa,masthead
1999-05-05,1999-05-05_r15_ORDINARIA,presidente provisional,Eduardo Menem,masthead
1999-05-05,1999-05-05_r15_ORDINARIA,prosecretario,Alejandro L. Colombo,masthead
1999-05-05,1999-05-05_r15_ORDINARIA,prosecretario,Mario L. Pontaquarto,masthead
1999-05-05,1999-05-05_r15_ORDINARIA,prosecretario,Ricardo Balestra,masthead
1999-05-05,1999-05-05_r15_ORDINARIA,secretario,Juan Carlos Oyarzún,masthead
1999-05-05,1999-05-05_r15_ORDINARIA,secretario,Pedro C. Maranguello,masthead
1999-05-05,1999-05-05_r15_ORDINARIA,secretario,Víctor Eduardo Pereira,masthead
1999-05-05,1999-05-05_r15_ORDINARIA,vicepresidente de la nacion,Carlos F. Ruckauf,masthead
1999-05-12,1999-05-12_r18_ESPECIAL,prosecretario,Alejandro L. Colombo,masthead
1999-05-12,1999-05-12_r19_ORDINARIA,prosecretario,Alejandro L. Colombo,masthead
1999-05-12,1999-05-12_r18_ESPECIAL,prosecretario,Mario L. Pontaquarto,masthead
1999-05-12,1999-05-12_r19_ORDINARIA,prosecretario,Mario L. Pontaquarto,masthead
1999-05-12,1999-05-12_r18_ESPECIAL,prosecretario,Ricardo Balestra,masthead
1999-05-12,1999-05-12_r19_ORDINARIA,prosecretario,Ricardo Balestra,masthead
1999-05-12,1999-05-12_r18_ESPECIAL,secretario,Juan Carlos Oyarzún,masthead
1999-05-12,1999-05-12_r19_ORDINARIA,secretario,Juan Carlos Oyarzún,masthead
1999-05-12,1999-05-12_r18_ESPECIAL,secretario,Pedro C. Maranguello,masthead
1999-05-12,1999-05-12_r19_ORDINARIA,secretario,Pedro C. Maranguello,masthead
1999-05-12,1999-05-12_r18_ESPECIAL,secretario,Víctor Eduardo Pereira,masthead
1999-05-12,1999-05-12_r19_ORDINARIA,secretario,Víctor Eduardo Pereira,masthead
1999-05-12,1999-05-12_r19_ORDINARIA,vicepresidente 1°,Mario A. Losada,masthead
1999-05-12,1999-05-12_r18_ESPECIAL,vicepresidente de la nacion,Carlos F. Ruckauf,masthead
1999-05-12,1999-05-12_r19_ORDINARIA,vicepresidente de la nacion,Carlos F. Ruckauf,masthead
1999-05-19,1999-05-19_r20_EN_MINORIA,prosecretario,Alejandro L. Colombo,masthead
1999-05-19,1999-05-19_r20_EN_MINORIA,prosecretario,Mario L. Pontaquarto,masthead
1999-05-19,1999-05-19_r20_EN_MINORIA,prosecretario,Ricardo Balestra,masthead
1999-05-19,1999-05-19_r20_EN_MINORIA,secretario,Juan Carlos Oyarzún,masthead
1999-05-19,1999-05-19_r20_EN_MINORIA,secretario,Pedro C. Maranguello,masthead
1999-05-19,1999-05-19_r20_EN_MINORIA,secretario,Víctor Eduardo Pereira,masthead
1999-05-19,1999-05-19_r20_EN_MINORIA,vicepresidente de la nacion,Carlos F. Ruckauf,masthead
1999-06-02,1999-06-02_r21_ESPECIAL,presidente provisional,Eduardo Menem,masthead
1999-06-02,1999-06-02_r21_ESPECIAL,prosecretario,Alejandro L. Colombo,masthead
1999-06-02,1999-06-02_r21_ESPECIAL,prosecretario,Mario L. Pontaquarto,masthead
1999-06-02,1999-06-02_r21_ESPECIAL,prosecretario,Ricardo Balestra,masthead
1999-06-02,1999-06-02_r21_ESPECIAL,secretario,Juan Carlos Oyarzún,masthead
1999-06-02,1999-06-02_r21_ESPECIAL,secretario,Pedro C. Maranguello,masthead
1999-06-02,1999-06-02_r21_ESPECIAL,secretario,Víctor Eduardo Pereira,masthead
1999-06-02,1999-06-02_r21_ESPECIAL,vicepresidente 1°,Mario A. Losada,masthead
1999-06-02,1999-06-02_r21_ESPECIAL,vicepresidente 2°,Roberto A. Ulloa,masthead
1999-06-02,1999-06-02_r21_ESPECIAL,vicepresidente de la nacion,Carlos F. Ruckauf,masthead
1999-06-09,1999-06-09_r22_ORDINARIA,presidente provisional,Eduardo Menem,masthead
1999-06-09,1999-06-09_r22_ORDINARIA,prosecretario,Alejandro L. Colombo,masthead
1999-06-09,1999-06-09_r22_ORDINARIA,prosecretario,Mario L. Pontaquarto,masthead
1999-06-09,1999-06-09_r22_ORDINARIA,prosecretario,Ricardo Balestra,masthead
1999-06-09,1999-06-09_r22_ORDINARIA,secretario,Juan Carlos Oyarzún,masthead
1999-06-09,1999-06-09_r22_ORDINARIA,secretario,Pedro C. Maranguello,masthead
1999-06-09,1999-06-09_r22_ORDINARIA,secretario,Víctor Eduardo Pereira,masthead
1999-06-09,1999-06-09_r22_ORDINARIA,vicepresidente 2°,Roberto A. Ulloa,masthead
1999-06-09,1999-06-09_r22_ORDINARIA,vicepresidente de la nacion,Carlos F. Ruckauf,masthead
1999-06-16,1999-06-16_r24_ESPECIAL,prosecretario,Alejandro L. Colombo,masthead
1999-06-16,1999-06-16_r25_ORDINARIA,prosecretario,Alejandro L. Colombo,masthead
1999-06-16,1999-06-16_r24_ESPECIAL,prosecretario,Mario L. Pontaquarto,masthead
1999-06-16,1999-06-16_r25_ORDINARIA,prosecretario,Mario L. Pontaquarto,masthead
1999-06-16,1999-06-16_r24_ESPECIAL,prosecretario,Ricardo Balestra,masthead
1999-06-16,1999-06-16_r25_ORDINARIA,prosecretario,Ricardo Balestra,masthead
1999-06-16,1999-06-16_r24_ESPECIAL,secretario,Juan Carlos Oyarzún,masthead
1999-06-16,1999-06-16_r25_ORDINARIA,secretario,Juan Carlos Oyarzún,masthead
1999-06-16,1999-06-16_r24_ESPECIAL,secretario,Pedro C. Maranguello,masthead
1999-06-16,1999-06-16_r25_ORDINARIA,secretario,Pedro C. Maranguello,masthead
1999-06-16,1999-06-16_r24_ESPECIAL,secretario,Víctor Eduardo Pereira,masthead
1999-06-16,1999-06-16_r25_ORDINARIA,secretario,Víctor Eduardo Pereira,masthead
1999-06-16,1999-06-16_r24_ESPECIAL,vicepresidente 1°,Mario A. Losada,masthead
1999-06-16,1999-06-16_r25_ORDINARIA,vicepresidente 1°,Mario A. Losada,masthead
1999-06-16,1999-06-16_r24_ESPECIAL,vicepresidente 2°,Roberto A. Ulloa,masthead
1999-06-16,1999-06-16_r25_ORDINARIA,vicepresidente 2°,Roberto A. Ulloa,masthead
1999-06-23,1999-06-23_r29_ORDINARIA,presidente provisional,Eduardo Menem,masthead
1999-06-23,1999-06-23_r29_ORDINARIA,prosecretario,Alejandro L. Colombo,masthead
1999-06-23,1999-06-23_r29_ORDINARIA,prosecretario,Mario L. Pontaquarto,masthead
1999-06-23,1999-06-23_r29_ORDINARIA,prosecretario,Ricardo Balestra,masthead
1999-06-23,1999-06-23_r29_ORDINARIA,secretario,Juan Carlos Oyarzún,masthead
1999-06-23,1999-06-23_r29_ORDINARIA,secretario,Pedro C. Maranguello,masthead
1999-06-23,1999-06-23_r29_ORDINARIA,secretario,Víctor Eduardo Pereira,masthead
1999-06-23,1999-06-23_r29_ORDINARIA,vicepresidente 1°,Mario A. Losada,masthead
1999-06-23,1999-06-23_r29_ORDINARIA,vicepresidente de la nacion,Carlos F. Ruckauf,masthead
1999-06-30,1999-06-30_r30_ORDINARIA,presidente provisional,Eduardo Menem,masthead
1999-06-30,1999-06-30_r30_ORDINARIA,prosecretario,Alejandro L. Colombo,masthead
1999-06-30,1999-06-30_r30_ORDINARIA,prosecretario,Mario L. Pontaquarto,masthead
1999-06-30,1999-06-30_r30_ORDINARIA,prosecretario,Ricardo Balestra,masthead
1999-06-30,1999-06-30_r30_ORDINARIA,secretario,Juan Carlos Oyarzún,masthead
1999-06-30,1999-06-30_r30_ORDINARIA,secretario,Pedro C. Maranguello,masthead
1999-06-30,1999-06-30_r30_ORDINARIA,secretario,Víctor Eduardo Pereira,masthead
1999-06-30,1999-06-30_r30_ORDINARIA,vicepresidente,Antonio Cafiero,masthead
1999-06-30,1999-06-30_r30_ORDINARIA,vicepresidente de la nacion,Carlos F. Ruckauf,masthead
1999-07-07,1999-07-07_r31_ORDINARIA,presidente provisional,Eduardo Menem,masthead
1999-07-07,1999-07-07_r31_ORDINARIA,prosecretario,Alejandro L. Colombo,masthead
1999-07-07,1999-07-07_r31_ORDINARIA,prosecretario,Mario L. Pontaquarto,masthead
1999-07-07,1999-07-07_r31_ORDINARIA,prosecretario,Ricardo Balestra,masthead
1999-07-07,1999-07-07_r31_ORDINARIA,secretario,Juan Carlos Oyarzún,masthead
1999-07-07,1999-07-07_r31_ORDINARIA,secretario,Pedro C. Maranguello,masthead
1999-07-07,1999-07-07_r31_ORDINARIA,secretario,Víctor Eduardo Pereira,masthead
1999-07-07,1999-07-07_r31_ORDINARIA,vicepresidente,Antonio Cafiero,masthead
1999-07-14,1999-07-14_r35_ORDINARIA,presidente provisional,Eduardo Menem,masthead
1999-07-14,1999-07-14_r35_ORDINARIA,prosecretario,Alejandro L. Colombo,masthead
1999-07-14,1999-07-14_r35_ORDINARIA,prosecretario,Mario L. Pontaquarto,masthead
1999-07-14,1999-07-14_r35_ORDINARIA,prosecretario,Ricardo Balestra,masthead
1999-07-14,1999-07-14_r35_ORDINARIA,secretario,Juan Carlos Oyarzún,masthead
1999-07-14,1999-07-14_r35_ORDINARIA,secretario,Pedro C. Maranguello,masthead
1999-07-14,1999-07-14_r35_ORDINARIA,secretario,Víctor Eduardo Pereira,masthead
1999-07-14,1999-07-14_r35_ORDINARIA,vicepresidente,Antonio Cafiero,masthead
1999-08-04,1999-08-04_r37_ORDINARIA,presidente provisional,Eduardo Menem,masthead
1999-08-04,1999-08-04_r37_ORDINARIA,prosecretario,Alejandro L. Colombo,masthead
1999-08-04,1999-08-04_r37_ORDINARIA,prosecretario,Mario L. Pontaquarto,masthead
1999-08-04,1999-08-04_r37_ORDINARIA,prosecretario,Ricardo Balestra,masthead
1999-08-04,1999-08-04_r37_ORDINARIA,secretario,Juan Carlos Oyarzún,masthead
1999-08-04,1999-08-04_r37_ORDINARIA,secretario,Pedro C. Maranguello,masthead
1999-08-04,1999-08-04_r37_ORDINARIA,secretario,Víctor Eduardo Pereira,masthead
1999-08-04,1999-08-04_r37_ORDINARIA,vicepresidente,Antonio Cafiero,masthead
1999-08-04,1999-08-04_r37_ORDINARIA,vicepresidente de la nacion,Carlos F. Ruckauf,masthead
1999-08-11,1999-08-11_r39_ORDINARIA,presidente provisional,Eduardo Menem,masthead
1999-08-11,1999-08-11_r39_ORDINARIA,prosecretario,Alejandro L. Colombo,masthead
1999-08-11,1999-08-11_r39_ORDINARIA,prosecretario,Mario L. Pontaquarto,masthead
1999-08-11,1999-08-11_r39_ORDINARIA,prosecretario,Ricardo Balestra,masthead
1999-08-11,1999-08-11_r39_ORDINARIA,secretario,Juan Carlos Oyarzún,masthead
1999-08-11,1999-08-11_r39_ORDINARIA,secretario,Pedro C. Maranguello,masthead
1999-08-11,1999-08-11_r39_ORDINARIA,secretario,Víctor Eduardo Pereira,masthead
1999-08-11,1999-08-11_r39_ORDINARIA,vicepresidente de la nacion,Carlos F. Ruckauf,masthead
1999-08-18,1999-08-18_r42_EN_MINORIA,presidente provisional,Eduardo Menem,masthead
1999-08-18,1999-08-18_r42_EN_MINORIA,prosecretario,Alejandro L. Colombo,masthead
1999-08-18,1999-08-18_r42_EN_MINORIA,prosecretario,Mario L. Pontaquarto,masthead
1999-08-18,1999-08-18_r42_EN_MINORIA,prosecretario,Ricardo Balestra,masthead
1999-08-18,1999-08-18_r42_EN_MINORIA,secretario,Juan Carlos Oyarzún,masthead
1999-08-18,1999-08-18_r42_EN_MINORIA,secretario,Pedro C. Maranguello,masthead
1999-08-18,1999-08-18_r42_EN_MINORIA,secretario,Víctor Eduardo Pereira,masthead
1999-08-25,1999-08-25_r43_ORDINARIA,presidente provisional,Eduardo Menem,masthead
1999-08-25,1999-08-25_r43_ORDINARIA,prosecretario,Alejandro L. Colombo,masthead
1999-08-25,1999-08-25_r43_ORDINARIA,prosecretario,Mario L. Pontaquarto,masthead
1999-08-25,1999-08-25_r43_ORDINARIA,prosecretario,Ricardo Balestra,masthead
1999-08-25,1999-08-25_r43_ORDINARIA,secretario,Juan Carlos Oyarzún,masthead
1999-08-25,1999-08-25_r43_ORDINARIA,secretario,Pedro C. Maranguello,masthead
1999-08-25,1999-08-25_r43_ORDINARIA,secretario,Víctor Eduardo Pereira,masthead
1999-08-25,1999-08-25_r43_ORDINARIA,vicepresidente de la nacion,Carlos F. Ruckauf,masthead
1999-09-01,1999-09-01_r44_ORDINARIA,presidente provisional,Eduardo Menem,masthead
1999-09-01,1999-09-01_r44_ORDINARIA,prosecretario,Alejandro L. Colombo,masthead
1999-09-01,1999-09-01_r44_ORDINARIA,prosecretario,Mario L. Pontaquarto,masthead
1999-09-01,1999-09-01_r44_ORDINARIA,prosecretario,Ricardo Balestra,masthead
1999-09-01,1999-09-01_r44_ORDINARIA,secretario,Juan Carlos Oyarzún,masthead
1999-09-01,1999-09-01_r44_ORDINARIA,secretario,Pedro C. Maranguello,masthead
1999-09-01,1999-09-01_r44_ORDINARIA,secretario,Víctor Eduardo Pereira,masthead
1999-09-01,1999-09-01_r44_ORDINARIA,vicepresidente 2°,Roberto A. Ulloa,masthead
1999-09-01,1999-09-01_r44_ORDINARIA,vicepresidente de la nacion,Carlos F. Ruckauf,masthead
1999-09-15,1999-09-15_r45_ORDINARIA,presidente provisional,Eduardo Menem,masthead
1999-09-15,1999-09-15_r45_ORDINARIA,prosecretario,Alejandro L. Colombo,masthead
1999-09-15,1999-09-15_r45_ORDINARIA,prosecretario,Mario L. Pontaquarto,masthead
1999-09-15,1999-09-15_r45_ORDINARIA,prosecretario,Ricardo Balestra,masthead
1999-09-15,1999-09-15_r45_ORDINARIA,secretario,Juan Carlos Oyarzún,masthead
1999-09-15,1999-09-15_r45_ORDINARIA,secretario,Pedro C. Maranguello,masthead
1999-09-15,1999-09-15_r45_ORDINARIA,secretario,Víctor Eduardo Pereira,masthead
1999-09-15,1999-09-15_r45_ORDINARIA,vicepresidente de la nacion,Carlos F. Ruckauf,masthead
1999-09-22,1999-09-22_r46_ORDINARIA,presidente provisional,Eduardo Menem,masthead
1999-09-22,1999-09-22_r46_ORDINARIA,prosecretario,Alejandro L. Colombo,masthead
1999-09-22,1999-09-22_r46_ORDINARIA,prosecretario,Mario L. Pontaquarto,masthead
1999-09-22,1999-09-22_r46_ORDINARIA,prosecretario,Ricardo Balestra,masthead
1999-09-22,1999-09-22_r46_ORDINARIA,secretario,Juan Carlos Oyarzún,masthead
1999-09-22,1999-09-22_r46_ORDINARIA,secretario,Pedro C. Maranguello,masthead
1999-09-22,1999-09-22_r46_ORDINARIA,secretario,Víctor Eduardo Pereira,masthead
1999-09-22,1999-09-22_r46_ORDINARIA,vicepresidente,Antonio Cafiero,masthead
1999-09-22,1999-09-22_r46_ORDINARIA,vicepresidente de la nacion,Carlos F. Ruckauf,masthead
1999-09-29,1999-09-29_r50_EN_MINORIA,presidente provisional,Eduardo Menem,masthead
1999-09-29,1999-09-29_r50_EN_MINORIA,prosecretario,Alejandro L. Colombo,masthead
1999-09-29,1999-09-29_r50_EN_MINORIA,prosecretario,Mario L. Pontaquarto,masthead
1999-09-29,1999-09-29_r50_EN_MINORIA,prosecretario,Ricardo Balestra,masthead
1999-09-29,1999-09-29_r50_EN_MINORIA,secretario,Juan Carlos Oyarzún,masthead
1999-09-29,1999-09-29_r50_EN_MINORIA,secretario,Pedro C. Maranguello,masthead
1999-09-29,1999-09-29_r50_EN_MINORIA,secretario,Víctor Eduardo Pereira,masthead
1999-10-06,1999-10-06_r51_EN_MINORIA,presidente provisional,Eduardo Menem,masthead
1999-10-06,1999-10-06_r51_EN_MINORIA,secretario,Juan Carlos Oyarzún,masthead
1999-10-06,1999-10-06_r51_EN_MINORIA,secretario,Pedro C. Maranguello,masthead
1999-10-06,1999-10-06_r51_EN_MINORIA,secretario,Víctor Eduardo Pereira,masthead
1999-10-27,1999-10-27_r52_ORDINARIA,presidente provisional,Eduardo Menem,masthead
1999-10-27,1999-10-27_r52_ORDINARIA,prosecretario,Alejandro L. Colombo,masthead
1999-10-27,1999-10-27_r52_ORDINARIA,prosecretario,Mario L. Pontaquarto,masthead
1999-10-27,1999-10-27_r52_ORDINARIA,prosecretario,Ricardo Balestra,masthead
1999-10-27,1999-10-27_r52_ORDINARIA,secretario,Juan Carlos Oyarzún,masthead
1999-10-27,1999-10-27_r52_ORDINARIA,secretario,Pedro C. Maranguello,masthead
1999-10-27,1999-10-27_r52_ORDINARIA,secretario,Víctor Eduardo Pereira,masthead
1999-10-27,1999-10-27_r52_ORDINARIA,vicepresidente,Antonio Cafiero,masthead
1999-10-27,1999-10-27_r52_ORDINARIA,vicepresidente 1°,Mario A. Losada,masthead
1999-10-27,1999-10-27_r52_ORDINARIA,vicepresidente de la nacion,Carlos F. Ruckauf,masthead
1999-11-03,1999-11-03_r53_ORDINARIA,presidente provisional,Eduardo Menem,masthead
1999-11-03,1999-11-03_r53_ORDINARIA,prosecretario,Alejandro L. Colombo,masthead
1999-11-03,1999-11-03_r53_ORDINARIA,prosecretario,Mario L. Pontaquarto,masthead
1999-11-03,1999-11-03_r53_ORDINARIA,prosecretario,Ricardo Balestra,masthead
1999-11-03,1999-11-03_r53_ORDINARIA,secretario,Juan Carlos Oyarzún,masthead
1999-11-03,1999-11-03_r53_ORDINARIA,secretario,Pedro C. Maranguello,masthead
1999-11-03,1999-11-03_r53_ORDINARIA,secretario,Víctor Eduardo Pereira,masthead
1999-11-04,1999-11-04_r55_ORDINARIA,prosecretario,Alejandro L. Colombo,masthead
1999-11-04,1999-11-04_r55_ORDINARIA,prosecretario,Mario L. Pontaquarto,masthead
1999-11-04,1999-11-04_r55_ORDINARIA,prosecretario,Ricardo Balestra,masthead
1999-11-04,1999-11-04_r55_ORDINARIA,secretario,Juan Carlos Oyarzún,masthead
1999-11-04,1999-11-04_r55_ORDINARIA,secretario,Pedro C. Maranguello,masthead
1999-11-04,1999-11-04_r55_ORDINARIA,secretario,Víctor Eduardo Pereira,masthead
1999-11-04,1999-11-04_r55_ORDINARIA,vicepresidente,Antonio Cafiero,masthead
1999-11-10,1999-11-10_r57_ORDINARIA,presidente provisional,Eduardo Menem,masthead
1999-11-10,1999-11-10_r57_ORDINARIA,prosecretario,Alejandro L. Colombo,masthead
1999-11-10,1999-11-10_r57_ORDINARIA,prosecretario,Mario L. Pontaquarto,masthead
1999-11-10,1999-11-10_r57_ORDINARIA,prosecretario,Ricardo Balestra,masthead
1999-11-10,1999-11-10_r57_ORDINARIA,secretario,Juan Carlos Oyarzún,masthead
1999-11-10,1999-11-10_r57_ORDINARIA,secretario,Pedro C. Maranguello,masthead
1999-11-10,1999-11-10_r57_ORDINARIA,secretario,Víctor Eduardo Pereira,masthead
1999-11-10,1999-11-10_r57_ORDINARIA,vicepresidente,Antonio Cafiero,masthead
1999-11-17,1999-11-17_r59_ORDINARIA,prosecretario,Alejandro L. Colombo,masthead
1999-11-17,1999-11-17_r59_ORDINARIA,prosecretario,Mario L. Pontaquarto,masthead
1999-11-17,1999-11-17_r59_ORDINARIA,prosecretario,Ricardo Balestra,masthead
1999-11-17,1999-11-17_r59_ORDINARIA,secretario,Juan Carlos Oyarzún,masthead
1999-11-17,1999-11-17_r59_ORDINARIA,secretario,Pedro C. Maranguello,masthead
1999-11-17,1999-11-17_r59_ORDINARIA,secretario,Víctor Eduardo Pereira,masthead
1999-11-17,1999-11-17_r59_ORDINARIA,vicepresidente,Antonio Cafiero,masthead
1999-11-17,1999-11-17_r59_ORDINARIA,vicepresidente 2°,Roberto A. Ulloa,masthead
1999-11-24,1999-11-24_r00_ASAMBLEA,presidente de la honorable camara de diputados,Alberto Reinaldo Pierri,masthead
1999-11-24,1999-11-24_r62_ORDINARIA,presidente provisional,Eduardo Menem,masthead
1999-11-24,1999-11-24_r62_ORDINARIA,prosecretario,Alejandro L. Colombo,masthead
1999-11-24,1999-11-24_r62_ORDINARIA,prosecretario,Mario L. Pontaquarto,masthead
1999-11-24,1999-11-24_r62_ORDINARIA,prosecretario,Ricardo Balestra,masthead
1999-11-24,1999-11-24_r00_ASAMBLEA,secretario,Esther H. Pereyra Arandía de Pérez Pardo,masthead
1999-11-24,1999-11-24_r00_ASAMBLEA,secretario,Juan Carlos Oyarzún,masthead
1999-11-24,1999-11-24_r62_ORDINARIA,secretario,Juan Carlos Oyarzún,masthead
1999-11-24,1999-11-24_r62_ORDINARIA,secretario,Pedro C. Maranguello,masthead
1999-11-24,1999-11-24_r62_ORDINARIA,secretario,Víctor Eduardo Pereira,masthead
1999-11-24,1999-11-24_r62_ORDINARIA,vicepresidente,Antonio Cafiero,masthead
1999-11-24,1999-11-24_r62_ORDINARIA,vicepresidente 1°,Mario A. Losada,masthead
1999-11-24,1999-11-24_r62_ORDINARIA,vicepresidente 2°,Roberto A. Ulloa,masthead
1999-12-01,1999-12-01_r64_ORDINARIA,presidente provisional,José Genoud,masthead
1999-12-01,1999-12-01_r63_ESPECIAL,presidente provisional,Siendo,masthead
1999-12-01,1999-12-01_r63_ESPECIAL,prosecretario,Alejandro L. Colombo,masthead
1999-12-01,1999-12-01_r64_ORDINARIA,prosecretario,Alejandro L. Colombo,masthead
1999-12-01,1999-12-01_r63_ESPECIAL,prosecretario,Mario L. Pontaquarto,masthead
1999-12-01,1999-12-01_r63_ESPECIAL,prosecretario,Ricardo Balestra,masthead
1999-12-01,1999-12-01_r64_ORDINARIA,prosecretario,Ricardo Balestra,masthead
1999-12-01,1999-12-01_r63_ESPECIAL,prosecretario,Taha Ahmad,masthead
1999-12-01,1999-12-01_r63_ESPECIAL,secretario,Doctores Víctor Eduardo Pereira,masthead
1999-12-01,1999-12-01_r64_ORDINARIA,secretario,Juan C. Oyarzún,masthead
1999-12-01,1999-12-01_r63_ESPECIAL,secretario,Juan Carlos Oyarzún,masthead
1999-12-01,1999-12-01_r63_ESPECIAL,secretario,Mario L. Pontaquarto,masthead
1999-12-01,1999-12-01_r64_ORDINARIA,secretario,Mario L. Pontaquarto,masthead
1999-12-01,1999-12-01_r63_ESPECIAL,secretario,Pedro C. Maranguello,masthead
1999-12-01,1999-12-01_r63_ESPECIAL,secretario,Ricardo Mitre,masthead
1999-12-01,1999-12-01_r64_ORDINARIA,secretario,Ricardo Mitre,masthead
1999-12-01,1999-12-01_r64_ORDINARIA,vicepresidente 2°,Roberto A. Ulloa,masthead
1999-12-07,1999-12-07_r66_EN_MINORIA,presidente provisional,José Genoud,masthead
1999-12-07,1999-12-07_r66_EN_MINORIA,prosecretario,Alejandro L. Colombo,masthead
1999-12-07,1999-12-07_r66_EN_MINORIA,prosecretario,Ricardo Balestra,masthead
1999-12-07,1999-12-07_r66_EN_MINORIA,prosecretario,Taha Ahmad,masthead
1999-12-07,1999-12-07_r66_EN_MINORIA,secretario,Juan Carlos Oyarzún,masthead
1999-12-07,1999-12-07_r66_EN_MINORIA,secretario,Mario L. Pontaquarto,masthead
1999-12-07,1999-12-07_r66_EN_MINORIA,secretario,Ricardo Mitre,masthead
1999-12-09,1999-12-09_r67_ORDINARIA,presidente provisional,José Genoud,masthead
1999-12-09,1999-12-09_r67_ORDINARIA,prosecretario,Alejandro L. Colombo,masthead
1999-12-09,1999-12-09_r67_ORDINARIA,prosecretario,Ricardo Balestra,masthead
1999-12-09,1999-12-09_r67_ORDINARIA,prosecretario,Rodolfo Bernardini,masthead
1999-12-09,1999-12-09_r67_ORDINARIA,prosecretario,Taha Ahmad,masthead
1999-12-09,1999-12-09_r67_ORDINARIA,prosecretario,Vilma L. Ibarra,masthead
1999-12-09,1999-12-09_r67_ORDINARIA,secretario,Juan Carlos Oyarzún,masthead
1999-12-09,1999-12-09_r67_ORDINARIA,secretario,Mario L. Pontaquarto,masthead
1999-12-09,1999-12-09_r67_ORDINARIA,secretario,Ricardo Mitre,masthead
1999-12-09,1999-12-09_r67_ORDINARIA,vicepresidente,Antonio Cafiero,masthead
1999-12-09,1999-12-09_r67_ORDINARIA,vicepresidente de la nacion,Carlos F. Ruckauf,masthead
1999-12-10,1999-12-10_r00_ASAMBLEA,presidente de la honorable camara de diputados,Rafael Pascual,masthead
1999-12-10,1999-12-10_r00_ASAMBLEA,secretario,Guillermo Aramburu,masthead
1999-12-10,1999-12-10_r00_ASAMBLEA,secretario,Mario L. Pontaquarto,masthead
1999-12-10,1999-12-10_r00_ASAMBLEA,vicepresidente de la nacion,Carlos F. Ruckauf,masthead
1999-12-15,1999-12-15_r68_EXTRAORDINARIA,prosecretario,Alejandro L. Colombo,masthead
1999-12-15,1999-12-15_r68_EXTRAORDINARIA,prosecretario,Rodolfo Bernardini,masthead
1999-12-15,1999-12-15_r68_EXTRAORDINARIA,prosecretario,Vilma Ibarra,masthead
1999-12-15,1999-12-15_r68_EXTRAORDINARIA,secretario,Juan Carlos Oyarzún,masthead
1999-12-15,1999-12-15_r68_EXTRAORDINARIA,secretario,Mario L. Pontaquarto,masthead
1999-12-15,1999-12-15_r68_EXTRAORDINARIA,secretario,Ricardo Mitre,masthead
1999-12-15,1999-12-15_r68_EXTRAORDINARIA,vicepresidente de la nacion,Carlos A. Álvarez,masthead
1999-12-22,1999-12-22_r69_EXTRAORDINARIA,prosecretario,Alejandro L. Colombo,masthead
1999-12-22,1999-12-22_r69_EXTRAORDINARIA,prosecretario,Rodolfo Bernardini,masthead
1999-12-22,1999-12-22_r69_EXTRAORDINARIA,prosecretario,Vilma Ibarra,masthead
1999-12-22,1999-12-22_r69_EXTRAORDINARIA,secretario,Juan Carlos Oyarzún,masthead
1999-12-22,1999-12-22_r69_EXTRAORDINARIA,secretario,Mario L. Pontaquarto,masthead
1999-12-22,1999-12-22_r69_EXTRAORDINARIA,secretario,Ricardo Mitre,masthead
1999-12-22,1999-12-22_r69_EXTRAORDINARIA,vicepresidente de la nacion,Carlos A. Álvarez,masthead
1999-12-28,1999-12-28_r70_ESPECIAL,prosecretario,Alejandro L. Colombo,masthead
1999-12-28,1999-12-28_r72_ESPECIAL,prosecretario,Alejandro L. Colombo,masthead
1999-12-28,1999-12-28_r71_ESPECIAL,prosecretario,Alejandro L. Colombo,masthead
1999-12-28,1999-12-28_r70_ESPECIAL,prosecretario,Rodolfo Bernardini,masthead
1999-12-28,1999-12-28_r71_ESPECIAL,prosecretario,Rodolfo Bernardini,masthead
1999-12-28,1999-12-28_r70_ESPECIAL,prosecretario,Vilma Ibarra,masthead
1999-12-28,1999-12-28_r72_ESPECIAL,prosecretario,Vilma Ibarra,masthead
1999-12-28,1999-12-28_r71_ESPECIAL,prosecretario,Vilma Ibarra,masthead
1999-12-28,1999-12-28_r70_ESPECIAL,secretario,Juan Carlos Oyarzún,masthead
1999-12-28,1999-12-28_r72_ESPECIAL,secretario,Juan Carlos Oyarzún,masthead
1999-12-28,1999-12-28_r71_ESPECIAL,secretario,Juan Carlos Oyarzún,masthead
1999-12-28,1999-12-28_r70_ESPECIAL,secretario,Mario L. Pontaquarto,masthead
1999-12-28,1999-12-28_r72_ESPECIAL,secretario,Mario L. Pontaquarto,masthead
1999-12-28,1999-12-28_r71_ESPECIAL,secretario,Mario L. Pontaquarto,masthead
1999-12-28,1999-12-28_r70_ESPECIAL,secretario,Ricardo Mitre,masthead
1999-12-28,1999-12-28_r72_ESPECIAL,secretario,Ricardo Mitre,masthead
1999-12-28,1999-12-28_r71_ESPECIAL,secretario,Ricardo Mitre,masthead
1999-12-28,1999-12-28_r70_ESPECIAL,vicepresidente de la nacion,Carlos A. Álvarez,masthead
1999-12-28,1999-12-28_r72_ESPECIAL,vicepresidente de la nacion,Carlos A. Álvarez,masthead
1999-12-28,1999-12-28_r71_ESPECIAL,vicepresidente de la nacion,Carlos A. Álvarez,masthead
2000-02-23,2000-02-23_r73_EXTRAORDINARIA,presidente provisional,José Genoud,masthead
2000-02-23,2000-02-23_r73_EXTRAORDINARIA,prosecretario,Alejandro L. Colombo,masthead
2000-02-23,2000-02-23_r01_PREPARATORIA,prosecretario,Alejandro L. Colombo,masthead
2000-02-23,2000-02-23_r73_EXTRAORDINARIA,prosecretario,Rodolfo Bernardini,masthead
2000-02-23,2000-02-23_r01_PREPARATORIA,prosecretario,Rodolfo Bernardini,masthead
2000-02-23,2000-02-23_r73_EXTRAORDINARIA,prosecretario,Vilma Ibarra,masthead
2000-02-23,2000-02-23_r01_PREPARATORIA,prosecretario,Vilma Ibarra,masthead
2000-02-23,2000-02-23_r73_EXTRAORDINARIA,secretario,Juan Carlos Oyarzún,masthead
2000-02-23,2000-02-23_r01_PREPARATORIA,secretario,Juan Carlos Oyarzún,masthead
2000-02-23,2000-02-23_r73_EXTRAORDINARIA,secretario,Mario L. Pontaquarto,masthead
2000-02-23,2000-02-23_r01_PREPARATORIA,secretario,Mario L. Pontaquarto,masthead
2000-02-23,2000-02-23_r73_EXTRAORDINARIA,secretario,Ricardo Mitre,masthead
2000-02-23,2000-02-23_r01_PREPARATORIA,secretario,Ricardo Mitre,masthead
2000-02-23,2000-02-23_r73_EXTRAORDINARIA,vicepresidente 2°,Roberto A. Ulloa,masthead
2000-02-23,2000-02-23_r73_EXTRAORDINARIA,vicepresidente de la nacion,Carlos A. Álvarez,masthead
2000-02-23,2000-02-23_r01_PREPARATORIA,vicepresidente de la nacion,Carlos A. Álvarez,masthead
2000-03-01,2000-03-01_r00_ASAMBLEA,presidente de la honorable camara de diputados,Rafael Pascual,masthead
2000-03-01,2000-03-01_r00_ASAMBLEA,secretario,Guillermo Aramburu,masthead
2000-03-01,2000-03-01_r00_ASAMBLEA,secretario,Mario L. Pontaquarto,masthead
2000-03-08,2000-03-08_r02_ORDINARIA,presidente provisional,José Genoud,masthead
2000-03-08,2000-03-08_r02_ORDINARIA,prosecretario,Alejandro L. Colombo,masthead
2000-03-08,2000-03-08_r02_ORDINARIA,prosecretario,Rodolfo Bernardini,masthead
2000-03-08,2000-03-08_r02_ORDINARIA,prosecretario,Vilma Ibarra,masthead
2000-03-08,2000-03-08_r02_ORDINARIA,secretario,Juan Carlos Oyarzún,masthead
2000-03-08,2000-03-08_r02_ORDINARIA,secretario,Mario L. Pontaquarto,masthead
2000-03-08,2000-03-08_r02_ORDINARIA,secretario,Ricardo Mitre,masthead
2000-03-08,2000-03-08_r02_ORDINARIA,vicepresidente,Antonio Cafiero,masthead
2000-03-08,2000-03-08_r02_ORDINARIA,vicepresidente de la nacion,Carlos A. Álvarez,masthead
2000-03-15,2000-03-15_r06_ORDINARIA,prosecretario,Alejandro L. Colombo,masthead
2000-03-15,2000-03-15_r06_ORDINARIA,prosecretario,Rodolfo Bernardini,masthead
2000-03-15,2000-03-15_r06_ORDINARIA,prosecretario,Vilma Ibarra,masthead
2000-03-15,2000-03-15_r06_ORDINARIA,secretario,Juan Carlos Oyarzún,masthead
2000-03-15,2000-03-15_r06_ORDINARIA,secretario,Mario L. Pontaquarto,masthead
2000-03-15,2000-03-15_r06_ORDINARIA,secretario,Ricardo Mitre,masthead
2000-03-15,2000-03-15_r06_ORDINARIA,vicepresidente de la nacion,Carlos A. Álvarez,masthead
2000-03-22,2000-03-22_r09_ORDINARIA,prosecretario,Alejandro L. Colombo,masthead
2000-03-22,2000-03-22_r09_ORDINARIA,prosecretario,Rodolfo Bernardini,masthead
2000-03-22,2000-03-22_r09_ORDINARIA,prosecretario,Vilma Ibarra,masthead
2000-03-22,2000-03-22_r09_ORDINARIA,secretario,Juan Carlos Oyarzún,masthead
2000-03-22,2000-03-22_r09_ORDINARIA,secretario,Mario L. Pontaquarto,masthead
2000-03-22,2000-03-22_r09_ORDINARIA,secretario,Ricardo Mitre,masthead
2000-03-22,2000-03-22_r09_ORDINARIA,vicepresidente de la nacion,Carlos A. Álvarez,masthead
2000-03-29,2000-03-29_r10_ORDINARIA,prosecretario,Alejandro L. Colombo,masthead
2000-03-29,2000-03-29_r10_ORDINARIA,prosecretario,Rodolfo Bernardini,masthead
2000-03-29,2000-03-29_r10_ORDINARIA,prosecretario,Vilma Ibarra,masthead
2000-03-29,2000-03-29_r10_ORDINARIA,secretario,Juan Carlos Oyarzún,masthead
2000-03-29,2000-03-29_r10_ORDINARIA,secretario,Mario L. Pontaquarto,masthead
2000-03-29,2000-03-29_r10_ORDINARIA,secretario,Ricardo Mitre,masthead
2000-03-29,2000-03-29_r10_ORDINARIA,vicepresidente de la nacion,Carlos A. Álvarez,masthead
2000-04-05,2000-04-05_r11_ORDINARIA,prosecretario,Alejandro L. Colombo,masthead
2000-04-05,2000-04-05_r11_ORDINARIA,prosecretario,Rodolfo Bernardini,masthead
2000-04-05,2000-04-05_r11_ORDINARIA,prosecretario,Vilma Ibarra,masthead
2000-04-05,2000-04-05_r11_ORDINARIA,secretario,Juan Carlos Oyarzún,masthead
2000-04-05,2000-04-05_r11_ORDINARIA,secretario,Mario L. Pontaquarto,masthead
2000-04-05,2000-04-05_r11_ORDINARIA,secretario,Ricardo Mitre,masthead
2000-04-05,2000-04-05_r11_ORDINARIA,vicepresidente de la nacion,Carlos A. Álvarez,masthead
2000-04-12,2000-04-12_r13_ORDINARIA,presidente provisional,José Genoud,masthead
2000-04-12,2000-04-12_r13_ORDINARIA,prosecretario,Alejandro L. Colombo,masthead
2000-04-12,2000-04-12_r13_ORDINARIA,prosecretario,Rodolfo Bernardini,masthead
2000-04-12,2000-04-12_r13_ORDINARIA,prosecretario,Vilma Ibarra,masthead
2000-04-12,2000-04-12_r13_ORDINARIA,secretario,Juan Carlos Oyarzún,masthead
2000-04-12,2000-04-12_r13_ORDINARIA,secretario,Mario L. Pontaquarto,masthead
2000-04-12,2000-04-12_r13_ORDINARIA,secretario,Ricardo Mitre,masthead
2000-04-12,2000-04-12_r13_ORDINARIA,vicepresidente 2°,Ruggero Preto,masthead
2000-04-12,2000-04-12_r13_ORDINARIA,vicepresidente de la nacion,Carlos A. Álvarez,masthead
2000-04-26,2000-04-26_r15_ESPECIAL,prosecretario,Alejandro L. Colombo,masthead
2000-04-26,2000-04-26_r15_ESPECIAL,prosecretario,Rodolfo Bernardini,masthead
2000-04-26,2000-04-26_r15_ESPECIAL,prosecretario,Vilma Ibarra,masthead
2000-04-26,2000-04-26_r15_ESPECIAL,secretario,Juan Carlos Oyarzún,masthead
2000-04-26,2000-04-26_r15_ESPECIAL,secretario,Mario L. Pontaquarto,masthead
2000-04-26,2000-04-26_r15_ESPECIAL,secretario,Ricardo Mitre,masthead
2000-04-26,2000-04-26_r15_ESPECIAL,vicepresidente de la nacion,Carlos A. Álvarez,masthead
2000-05-10,2000-05-10_r16_ORDINARIA,prosecretario,Alejandro L. Colombo,masthead
2000-05-10,2000-05-10_r16_ORDINARIA,prosecretario,Rodolfo Bernardini,masthead
2000-05-10,2000-05-10_r16_ORDINARIA,prosecretario,Vilma Ibarra,masthead
2000-05-10,2000-05-10_r16_ORDINARIA,secretario,Juan Carlos Oyarzún,masthead
2000-05-10,2000-05-10_r16_ORDINARIA,secretario,Mario L. Pontaquarto,masthead
2000-05-10,2000-05-10_r16_ORDINARIA,secretario,Ricardo Mitre,masthead
2000-05-10,2000-05-10_r16_ORDINARIA,vicepresidente de la nacion,Carlos A. Álvarez,masthead
2000-05-17,2000-05-17_r17_ORDINARIA,presidente provisional,José Genoud,masthead
2000-05-17,2000-05-17_r17_ORDINARIA,prosecretario,Alejandro L. Colombo,masthead
2000-05-17,2000-05-17_r17_ORDINARIA,prosecretario,Rodolfo Bernardini,masthead
2000-05-17,2000-05-17_r17_ORDINARIA,prosecretario,Vilma Ibarra,masthead
2000-05-17,2000-05-17_r17_ORDINARIA,secretario,Juan Carlos Oyarzún,masthead
2000-05-17,2000-05-17_r17_ORDINARIA,secretario,Mario L. Pontaquarto,masthead
2000-05-17,2000-05-17_r17_ORDINARIA,secretario,Ricardo Mitre,masthead
2000-05-17,2000-05-17_r17_ORDINARIA,vicepresidente 2°,Ruggero Preto,masthead
2000-05-18,2000-05-18_r00_ASAMBLEA,secretario,Guillermo Aramburu,masthead
2000-05-18,2000-05-18_r00_ASAMBLEA,secretario,Mario L. Pontaquarto,masthead
2000-05-18,2000-05-18_r00_ASAMBLEA,secretario,Secretariode,masthead
2000-06-07,2000-06-07_r22_ORDINARIA,prosecretario,Alejandro L. Colombo,masthead
2000-06-07,2000-06-07_r24_ESPECIAL,prosecretario,Alejandro L. Colombo,masthead
2000-06-07,2000-06-07_r22_ORDINARIA,prosecretario,Rodolfo Bernardini,masthead
2000-06-07,2000-06-07_r24_ESPECIAL,prosecretario,Rodolfo Bernardini,masthead
2000-06-07,2000-06-07_r22_ORDINARIA,prosecretario,Vilma Ibarra,masthead
2000-06-07,2000-06-07_r24_ESPECIAL,prosecretario,Vilma Ibarra,masthead
2000-06-07,2000-06-07_r22_ORDINARIA,secretario,Juan Carlos Oyarzún,masthead
2000-06-07,2000-06-07_r24_ESPECIAL,secretario,Juan Carlos Oyarzún,masthead
2000-06-07,2000-06-07_r22_ORDINARIA,secretario,Mario L. Pontaquarto,masthead
2000-06-07,2000-06-07_r24_ESPECIAL,secretario,Mario L. Pontaquarto,masthead
2000-06-07,2000-06-07_r22_ORDINARIA,secretario,Ricardo Mitre,masthead
2000-06-07,2000-06-07_r24_ESPECIAL,secretario,Ricardo Mitre,masthead
2000-06-07,2000-06-07_r22_ORDINARIA,vicepresidente de la nacion,Carlos A. Álvarez,masthead
2000-06-07,2000-06-07_r24_ESPECIAL,vicepresidente de la nacion,Carlos A. Álvarez,masthead
2000-06-14,2000-06-14_r25_ORDINARIA,presidente provisional,José Genoud,masthead
2000-06-14,2000-06-14_r25_ORDINARIA,prosecretario,Alejandro L. Colombo,masthead
2000-06-14,2000-06-14_r25_ORDINARIA,prosecretario,Miguel Augusto Fernández Alías,masthead
2000-06-14,2000-06-14_r25_ORDINARIA,prosecretario,Rodolfo Bernardini,masthead
2000-06-14,2000-06-14_r25_ORDINARIA,prosecretario,Vilma Ibarra,masthead
2000-06-14,2000-06-14_r25_ORDINARIA,secretario,Juan Carlos Oyarzún,masthead
2000-06-14,2000-06-14_r25_ORDINARIA,secretario,Mario L. Pontaquarto,masthead
2000-06-14,2000-06-14_r25_ORDINARIA,secretario,Ricardo Mitre,masthead
2000-06-14,2000-06-14_r25_ORDINARIA,vicepresidente 2°,Ruggero Preto,masthead
2000-06-21,2000-06-21_r27_ORDINARIA,presidente provisional,José Genoud,masthead
2000-06-21,2000-06-21_r27_ORDINARIA,prosecretario,Alejandro L. Colombo,masthead
2000-06-21,2000-06-21_r27_ORDINARIA,prosecretario,Miguel Augusto Fernández Alías,masthead
2000-06-21,2000-06-21_r27_ORDINARIA,prosecretario,Rodolfo Bernardini,masthead
2000-06-21,2000-06-21_r27_ORDINARIA,prosecretario,Vilma Ibarra,masthead
2000-06-21,2000-06-21_r27_ORDINARIA,secretario,Juan Carlos Oyarzún,masthead
2000-06-21,2000-06-21_r27_ORDINARIA,secretario,Mario L. Pontaquarto,masthead
2000-06-21,2000-06-21_r27_ORDINARIA,secretario,Ricardo Mitre,masthead
2000-06-21,2000-06-21_r27_ORDINARIA,vicepresidente,Antonio Cafiero,masthead
2000-06-21,2000-06-21_r27_ORDINARIA,vicepresidente 2°,Ruggero Preto,masthead
2000-06-28,2000-06-28_r31_ORDINARIA,presidente provisional,José Genoud,masthead
2000-06-28,2000-06-28_r31_ORDINARIA,prosecretario,Alejandro L. Colombo,masthead
2000-06-28,2000-06-28_r31_ORDINARIA,prosecretario,Miguel Augusto Fernández Alías,masthead
2000-06-28,2000-06-28_r31_ORDINARIA,prosecretario,Rodolfo Bernardini,masthead
2000-06-28,2000-06-28_r31_ORDINARIA,prosecretario,Vilma Ibarra,masthead
2000-06-28,2000-06-28_r31_ORDINARIA,secretario,Juan Carlos Oyarzún,masthead
2000-06-28,2000-06-28_r31_ORDINARIA,secretario,Mario L. Pontaquarto,masthead
2000-06-28,2000-06-28_r31_ORDINARIA,secretario,Ricardo Mitre,masthead
2000-07-05,2000-07-05_r33_ORDINARIA,prosecretario,Alejandro L. Colombo,masthead
2000-07-05,2000-07-05_r33_ORDINARIA,prosecretario,Miguel Augusto Fernández Alías,masthead
2000-07-05,2000-07-05_r33_ORDINARIA,prosecretario,Rodolfo Bernardini,masthead
2000-07-05,2000-07-05_r33_ORDINARIA,prosecretario,Vilma Ibarra,masthead
2000-07-05,2000-07-05_r33_ORDINARIA,secretario,Juan Carlos Oyarzún,masthead
2000-07-05,2000-07-05_r33_ORDINARIA,secretario,Mario L. Pontaquarto,masthead
2000-07-05,2000-07-05_r33_ORDINARIA,secretario,Ricardo Mitre,masthead
2000-07-05,2000-07-05_r33_ORDINARIA,vicepresidente de la nacion,Carlos A. Álvarez,masthead
2000-07-12,2000-07-12_r37_ORDINARIA,presidente provisional,José Genoud,masthead
2000-07-12,2000-07-12_r37_ORDINARIA,prosecretario,Alejandro L. Colombo,masthead
2000-07-12,2000-07-12_r37_ORDINARIA,prosecretario,Miguel Augusto Fernández Alías,masthead
2000-07-12,2000-07-12_r37_ORDINARIA,prosecretario,Rodolfo Bernardini,masthead
2000-07-12,2000-07-12_r37_ORDINARIA,prosecretario,Vilma Ibarra,masthead
2000-07-12,2000-07-12_r37_ORDINARIA,secretario,Juan Carlos Oyarzún,masthead
2000-07-12,2000-07-12_r37_ORDINARIA,secretario,Mario L. Pontaquarto,masthead
2000-07-12,2000-07-12_r37_ORDINARIA,secretario,Ricardo Mitre,masthead
2000-07-12,2000-07-12_r37_ORDINARIA,vicepresidente,Antonio Cafiero,masthead
2000-08-02,2000-08-02_r38_ORDINARIA,presidente provisional,José Genoud,masthead
2000-08-02,2000-08-02_r38_ORDINARIA,prosecretario,Alejandro L. Colombo,masthead
2000-08-02,2000-08-02_r38_ORDINARIA,prosecretario,Miguel Augusto Fernández Alías,masthead
2000-08-02,2000-08-02_r38_ORDINARIA,prosecretario,Rodolfo Bernardini,masthead
2000-08-02,2000-08-02_r38_ORDINARIA,prosecretario,Vilma Ibarra,masthead
2000-08-02,2000-08-02_r38_ORDINARIA,secretario,Juan Carlos Oyarzún,masthead
2000-08-02,2000-08-02_r38_ORDINARIA,secretario,Mario L. Pontaquarto,masthead
2000-08-02,2000-08-02_r38_ORDINARIA,secretario,Ricardo Mitre,masthead
2000-08-02,2000-08-02_r38_ORDINARIA,vicepresidente de la nacion,Carlos A. Álvarez,masthead
2000-08-09,2000-08-09_r42_ORDINARIA,presidente provisional,José Genoud,masthead
2000-08-09,2000-08-09_r42_ORDINARIA,prosecretario,Alejandro L. Colombo,masthead
2000-08-09,2000-08-09_r42_ORDINARIA,prosecretario,Miguel Augusto Fernández Alías,masthead
2000-08-09,2000-08-09_r42_ORDINARIA,prosecretario,Rodolfo Bernardini,masthead
2000-08-09,2000-08-09_r42_ORDINARIA,prosecretario,Vilma Ibarra,masthead
2000-08-09,2000-08-09_r42_ORDINARIA,prosecretario,Víctor Ramón Vannini,masthead
2000-08-09,2000-08-09_r42_ORDINARIA,secretario,Juan Carlos Oyarzún,masthead
2000-08-09,2000-08-09_r42_ORDINARIA,secretario,Mario L. Pontaquarto,masthead
2000-08-09,2000-08-09_r42_ORDINARIA,secretario,Ricardo Mitre,masthead
2000-08-09,2000-08-09_r42_ORDINARIA,vicepresidente de la nacion,Carlos A. Álvarez,masthead
2000-08-16,2000-08-16_r44_ESPECIAL,prosecretario,Alejandro L. Colombo,masthead
2000-08-16,2000-08-16_r44_ESPECIAL,prosecretario,Miguel Augusto Fernández Alías,masthead
2000-08-16,2000-08-16_r44_ESPECIAL,prosecretario,Rodolfo Bernardini,masthead
2000-08-16,2000-08-16_r44_ESPECIAL,prosecretario,Víctor Ramón Vannini,masthead
2000-08-16,2000-08-16_r44_ESPECIAL,secretario,Juan Carlos Oyarzún,masthead
2000-08-16,2000-08-16_r44_ESPECIAL,secretario,Mario L. Pontaquarto,masthead
2000-08-16,2000-08-16_r44_ESPECIAL,secretario,Ricardo Mitre,masthead
2000-08-16,2000-08-16_r44_ESPECIAL,vicepresidente de la nacion,Carlos A. Álvarez,masthead
2000-08-23,2000-08-23_r46_ORDINARIA,presidente provisional,José Genoud,masthead
2000-08-23,2000-08-23_r46_ORDINARIA,prosecretario,Alejandro L. Colombo,masthead
2000-08-23,2000-08-23_r46_ORDINARIA,prosecretario,Miguel Augusto Fernández Alías,masthead
2000-08-23,2000-08-23_r46_ORDINARIA,prosecretario,Rodolfo Bernardini,masthead
2000-08-23,2000-08-23_r46_ORDINARIA,prosecretario,Víctor Ramón Vannini,masthead
2000-08-23,2000-08-23_r46_ORDINARIA,secretario,Juan Carlos Oyarzún,masthead
2000-08-23,2000-08-23_r46_ORDINARIA,secretario,Mario L. Pontaquarto,masthead
2000-08-23,2000-08-23_r46_ORDINARIA,secretario,Ricardo Mitre,masthead
2000-08-23,2000-08-23_r46_ORDINARIA,vicepresidente 2°,Ruggero Preto,masthead
2000-08-23,2000-08-23_r46_ORDINARIA,vicepresidente de la nacion,Carlos A. Álvarez,masthead
2000-08-30,2000-08-30_r47_ORDINARIA,presidente provisional,José Genoud,masthead
2000-08-30,2000-08-30_r47_ORDINARIA,prosecretario,Alejandro L. Colombo,masthead
2000-08-30,2000-08-30_r47_ORDINARIA,prosecretario,Miguel Augusto Fernández Alías,masthead
2000-08-30,2000-08-30_r47_ORDINARIA,prosecretario,Rodolfo Bernardini,masthead
2000-08-30,2000-08-30_r47_ORDINARIA,prosecretario,Víctor Ramón Vannini,masthead
2000-08-30,2000-08-30_r47_ORDINARIA,secretario,Juan Carlos Oyarzún,masthead
2000-08-30,2000-08-30_r47_ORDINARIA,secretario,Mario L. Pontaquarto,masthead
2000-08-30,2000-08-30_r47_ORDINARIA,secretario,Ricardo Mitre,masthead
2000-09-06,2000-09-06_r49_ORDINARIA,presidente provisional,José Genoud,masthead
2000-09-06,2000-09-06_r49_ORDINARIA,prosecretario,Alejandro L. Colombo,masthead
2000-09-06,2000-09-06_r49_ORDINARIA,prosecretario,Miguel Augusto Fernández Alías,masthead
2000-09-06,2000-09-06_r49_ORDINARIA,prosecretario,Rodolfo Bernardini,masthead
2000-09-06,2000-09-06_r49_ORDINARIA,prosecretario,Víctor Ramón Vannini,masthead
2000-09-06,2000-09-06_r49_ORDINARIA,secretario,Juan Carlos Oyarzún,masthead
2000-09-06,2000-09-06_r49_ORDINARIA,secretario,Mario L. Pontaquarto,masthead
2000-09-06,2000-09-06_r49_ORDINARIA,secretario,Ricardo Mitre,masthead
2000-09-06,2000-09-06_r49_ORDINARIA,vicepresidente 2°,Ruggero Preto,masthead
2000-09-07,2000-09-07_r50_ORDINARIA,presidente provisional,José Genoud,masthead
2000-09-07,2000-09-07_r50_ORDINARIA,prosecretario,Alejandro L. Colombo,masthead
2000-09-07,2000-09-07_r50_ORDINARIA,prosecretario,Miguel Augusto Fernández Alías,masthead
2000-09-07,2000-09-07_r50_ORDINARIA,prosecretario,Rodolfo Bernardini,masthead
2000-09-07,2000-09-07_r50_ORDINARIA,prosecretario,Víctor Ramón Vannini,masthead
2000-09-07,2000-09-07_r50_ORDINARIA,secretario,Juan Carlos Oyarzún,masthead
2000-09-07,2000-09-07_r50_ORDINARIA,secretario,Mario L. Pontaquarto,masthead
2000-09-07,2000-09-07_r50_ORDINARIA,secretario,Ricardo Mitre,masthead
2000-09-07,2000-09-07_r50_ORDINARIA,vicepresidente 1°,Mario A. Losada,masthead
2000-09-13,2000-09-13_r51_ORDINARIA,presidente provisional,José Genoud,masthead
2000-09-13,2000-09-13_r51_ORDINARIA,prosecretario,Alejandro L. Colombo,masthead
2000-09-13,2000-09-13_r51_ORDINARIA,prosecretario,Miguel Augusto Fernández Alías,masthead
2000-09-13,2000-09-13_r51_ORDINARIA,prosecretario,Rodolfo Bernardini,masthead
2000-09-13,2000-09-13_r51_ORDINARIA,prosecretario,Víctor Ramón Vannini,masthead
2000-09-13,2000-09-13_r51_ORDINARIA,secretario,Juan Carlos Oyarzún,masthead
2000-09-13,2000-09-13_r51_ORDINARIA,secretario,Mario L. Pontaquarto,masthead
2000-09-13,2000-09-13_r51_ORDINARIA,secretario,Ricardo Mitre,masthead
2000-09-13,2000-09-13_r51_ORDINARIA,vicepresidente,Antonio Cafiero,masthead
2000-09-13,2000-09-13_r51_ORDINARIA,vicepresidente 2°,Ruggero Preto,masthead
2000-09-20,2000-09-20_r52_ORDINARIA,presidente provisional,José Genoud,masthead
2000-09-20,2000-09-20_r52_ORDINARIA,prosecretario,Alejandro L. Colombo,masthead
2000-09-20,2000-09-20_r52_ORDINARIA,prosecretario,Miguel Augusto Fernández Alías,masthead
2000-09-20,2000-09-20_r52_ORDINARIA,prosecretario,Rodolfo Bernardini,masthead
2000-09-20,2000-09-20_r52_ORDINARIA,prosecretario,Víctor Ramón Vannini,masthead
2000-09-20,2000-09-20_r52_ORDINARIA,secretario,Juan Carlos Oyarzún,masthead
2000-09-20,2000-09-20_r52_ORDINARIA,secretario,Mario L. Pontaquarto,masthead
2000-09-20,2000-09-20_r52_ORDINARIA,secretario,Ricardo Mitre,masthead
2000-09-27,2000-09-27_r53_ORDINARIA,presidente provisional,José Genoud,masthead
2000-09-27,2000-09-27_r53_ORDINARIA,prosecretario,Alejandro L. Colombo,masthead
2000-09-27,2000-09-27_r53_ORDINARIA,prosecretario,Miguel Augusto Fernández Alías,masthead
2000-09-27,2000-09-27_r53_ORDINARIA,prosecretario,Rodolfo Bernardini,masthead
2000-09-27,2000-09-27_r53_ORDINARIA,prosecretario,Víctor Ramón Vannini,masthead
2000-09-27,2000-09-27_r53_ORDINARIA,secretario,Juan Carlos Oyarzún,masthead
2000-09-27,2000-09-27_r53_ORDINARIA,secretario,Mario L. Pontaquarto,masthead
2000-09-27,2000-09-27_r53_ORDINARIA,secretario,Ricardo Mitre,masthead
2000-09-27,2000-09-27_r53_ORDINARIA,vicepresidente,Antonio Cafiero,masthead
2000-10-03,2000-10-03_r54_ESPECIAL,presidente provisional,José Genoud,masthead
2000-10-03,2000-10-03_r54_ESPECIAL,prosecretario,Alejandro L. Colombo,masthead
2000-10-03,2000-10-03_r54_ESPECIAL,prosecretario,Miguel Augusto Fernández Alías,masthead
2000-10-03,2000-10-03_r54_ESPECIAL,prosecretario,Rodolfo Bernardini,masthead
2000-10-03,2000-10-03_r54_ESPECIAL,prosecretario,Víctor Ramón Vannini,masthead
2000-10-03,2000-10-03_r54_ESPECIAL,secretario,Juan Carlos Oyarzún,masthead
2000-10-03,2000-10-03_r54_ESPECIAL,secretario,Mario L. Pontaquarto,masthead
2000-10-03,2000-10-03_r54_ESPECIAL,secretario,Ricardo Mitre,masthead
2000-10-04,2000-10-04_r55_ORDINARIA,presidente provisional,José Genoud,masthead
2000-10-04,2000-10-04_r55_ORDINARIA,prosecretario,Alejandro L. Colombo,masthead
2000-10-04,2000-10-04_r55_ORDINARIA,prosecretario,Miguel Augusto Fernández Alías,masthead
2000-10-04,2000-10-04_r55_ORDINARIA,prosecretario,Rodolfo Bernardini,masthead
2000-10-04,2000-10-04_r55_ORDINARIA,prosecretario,Víctor Ramón Vannini,masthead
2000-10-04,2000-10-04_r55_ORDINARIA,secretario,Juan Carlos Oyarzún,masthead
2000-10-04,2000-10-04_r55_ORDINARIA,secretario,Mario L. Pontaquarto,masthead
2000-10-04,2000-10-04_r55_ORDINARIA,secretario,Ricardo Mitre,masthead
2000-10-04,2000-10-04_r55_ORDINARIA,vicepresidente 1°,Luis A. León,masthead
2000-10-11,2000-10-11_r57_ORDINARIA,presidente provisional,Mario A. Losada,masthead
2000-10-11,2000-10-11_r56_ESPECIAL,prosecretario,Alejandro L. Colombo,masthead
2000-10-11,2000-10-11_r57_ORDINARIA,prosecretario,Alejandro L. Colombo,masthead
2000-10-11,2000-10-11_r56_ESPECIAL,prosecretario,Miguel Augusto Fernández Alías,masthead
2000-10-11,2000-10-11_r57_ORDINARIA,prosecretario,Miguel Augusto Fernández Alías,masthead
2000-10-11,2000-10-11_r56_ESPECIAL,prosecretario,Rodolfo Bernardini,masthead
2000-10-11,2000-10-11_r57_ORDINARIA,prosecretario,Rodolfo Bernardini,masthead
2000-10-11,2000-10-11_r56_ESPECIAL,prosecretario,Víctor Ramón Vannini,masthead
2000-10-11,2000-10-11_r57_ORDINARIA,prosecretario,Víctor Ramón Vannini,masthead
2000-10-11,2000-10-11_r56_ESPECIAL,secretario,Juan Carlos Oyarzún,masthead
2000-10-11,2000-10-11_r57_ORDINARIA,secretario,Juan Carlos Oyarzún,masthead
2000-10-11,2000-10-11_r56_ESPECIAL,secretario,Mario L. Pontaquarto,masthead
2000-10-11,2000-10-11_r57_ORDINARIA,secretario,Mario L. Pontaquarto,masthead
2000-10-11,2000-10-11_r56_ESPECIAL,secretario,Ricardo Mitre,masthead
2000-10-11,2000-10-11_r57_ORDINARIA,secretario,Ricardo Mitre,masthead
2000-10-11,2000-10-11_r56_ESPECIAL,vicepresidente,Antonio Cafiero,masthead
2000-10-11,2000-10-11_r57_ORDINARIA,vicepresidente,Antonio Cafiero,masthead
2000-10-12,2000-10-12_r00_REUNION_CONJ_AMBAS_CAMARAS,NONE,,
2000-10-18,2000-10-18_r58_ORDINARIA,presidente provisional,Mario A. Losada,masthead
2000-10-18,2000-10-18_r58_ORDINARIA,prosecretario,Alejandro L. Colombo,masthead
2000-10-18,2000-10-18_r58_ORDINARIA,prosecretario,Miguel Augusto Fernández Alías,masthead
2000-10-18,2000-10-18_r58_ORDINARIA,prosecretario,Rodolfo Bernardini,masthead
2000-10-18,2000-10-18_r58_ORDINARIA,prosecretario,Víctor Ramón Vannini,masthead
2000-10-18,2000-10-18_r58_ORDINARIA,secretario,Juan Carlos Oyarzún,masthead
2000-10-18,2000-10-18_r58_ORDINARIA,secretario,Mario L. Pontaquarto,masthead
2000-10-18,2000-10-18_r58_ORDINARIA,secretario,Ricardo Mitre,masthead
2000-10-25,2000-10-25_r59_ORDINARIA,prosecretario,Alejandro L. Colombo,masthead
2000-10-25,2000-10-25_r59_ORDINARIA,prosecretario,Miguel Augusto Fernández Alías,masthead
2000-10-25,2000-10-25_r59_ORDINARIA,prosecretario,Rodolfo Bernardini,masthead
2000-10-25,2000-10-25_r59_ORDINARIA,secretario,José D. Canata,masthead
2000-10-25,2000-10-25_r59_ORDINARIA,secretario,Juan C. Oyarzún,masthead
2000-10-25,2000-10-25_r59_ORDINARIA,secretario,Mario L. Pontaquarto,masthead
2000-10-25,2000-10-25_r59_ORDINARIA,vicepresidente,Antonio Cafiero,masthead
2000-11-15,2000-11-15_r60_ORDINARIA,presidente provisional,Mario A. Losada,masthead
2000-11-15,2000-11-15_r60_ORDINARIA,prosecretario,Juan J. Canals,masthead
2000-11-15,2000-11-15_r60_ORDINARIA,prosecretario,Miguel Augusto Fernández Alías,masthead
2000-11-15,2000-11-15_r60_ORDINARIA,prosecretario,Rodolfo Bernardini,masthead
2000-11-15,2000-11-15_r60_ORDINARIA,secretario,José D. Canata,masthead
2000-11-15,2000-11-15_r60_ORDINARIA,secretario,Juan Carlos Oyarzún,masthead
2000-11-15,2000-11-15_r60_ORDINARIA,secretario,Miguel J. Mamy,masthead
2000-11-15,2000-11-15_r60_ORDINARIA,vicepresidente 1°,Luis A. León,masthead
2000-11-16,2000-11-16_r62_ORDINARIA,presidente provisional,Mario A. Losada,masthead
2000-11-16,2000-11-16_r62_ORDINARIA,prosecretario,Juan J. Canals,masthead
2000-11-16,2000-11-16_r62_ORDINARIA,prosecretario,Miguel Augusto Fernández Alías,masthead
2000-11-16,2000-11-16_r62_ORDINARIA,prosecretario,Rodolfo Bernardini,masthead
2000-11-16,2000-11-16_r62_ORDINARIA,secretario,José D. Canata,masthead
2000-11-16,2000-11-16_r62_ORDINARIA,secretario,Juan Carlos Oyarzún,masthead
2000-11-16,2000-11-16_r62_ORDINARIA,secretario,Miguel J. Mamy,masthead
2000-11-22,2000-11-22_r63_ORDINARIA,presidente provisional,Mario A. Losada,masthead
2000-11-22,2000-11-22_r63_ORDINARIA,prosecretario,Juan J. Canals,masthead
2000-11-22,2000-11-22_r63_ORDINARIA,prosecretario,Miguel Augusto Fernández Alías,masthead
2000-11-22,2000-11-22_r63_ORDINARIA,prosecretario,Rodolfo Bernardini,masthead
2000-11-22,2000-11-22_r63_ORDINARIA,secretario,José D. Canata,masthead
2000-11-22,2000-11-22_r63_ORDINARIA,secretario,Juan Carlos Oyarzún,masthead
2000-11-22,2000-11-22_r63_ORDINARIA,secretario,Miguel J. Mamy,masthead
2000-11-22,2000-11-22_r63_ORDINARIA,vicepresidente 2°,Ruggero Preto,masthead
2000-11-29,2000-11-29_r66_ORDINARIA,presidente provisional,Mario A. Losada,masthead
2000-11-29,2000-11-29_r66_ORDINARIA,prosecretario,Juan J. Canals,masthead
2000-11-29,2000-11-29_r66_ORDINARIA,prosecretario,Miguel Augusto Fernández Alías,masthead
2000-11-29,2000-11-29_r66_ORDINARIA,prosecretario,Rodolfo Bernardini,masthead
2000-11-29,2000-11-29_r66_ORDINARIA,secretario,José D. Canata,masthead
2000-11-29,2000-11-29_r66_ORDINARIA,secretario,Juan Carlos Oyarzún,masthead
2000-11-29,2000-11-29_r66_ORDINARIA,secretario,Miguel J. Mamy,masthead
2000-11-29,2000-11-29_r66_ORDINARIA,vicepresidente 1°,Luis A. León,masthead
2000-11-30,2000-11-30_r67_ORDINARIA,prosecretario,Juan J. Canals,masthead
2000-11-30,2000-11-30_r67_ORDINARIA,prosecretario,Miguel Augusto Fernández Alías,masthead
2000-11-30,2000-11-30_r67_ORDINARIA,prosecretario,Rodolfo Bernardini,masthead
2000-11-30,2000-11-30_r67_ORDINARIA,secretario,José D. Canata,masthead
2000-11-30,2000-11-30_r67_ORDINARIA,secretario,Juan Carlos Oyarzún,masthead
2000-11-30,2000-11-30_r67_ORDINARIA,secretario,Miguel J. Mamy,masthead
2000-11-30,2000-11-30_r67_ORDINARIA,vicepresidente,Antonio Cafiero,masthead
2000-11-30,2000-11-30_r67_ORDINARIA,vicepresidente 2°,Ruggero Preto,masthead
2000-12-06,2000-12-06_r68_EXTRAORDINARIA,presidente provisional,Mario A. Losada,masthead
2000-12-06,2000-12-06_r68_EXTRAORDINARIA,prosecretario,Juan J. Canals,masthead
2000-12-06,2000-12-06_r68_EXTRAORDINARIA,prosecretario,Miguel Augusto Fernández Alías,masthead
2000-12-06,2000-12-06_r68_EXTRAORDINARIA,prosecretario,Rodolfo Bernardini,masthead
2000-12-06,2000-12-06_r68_EXTRAORDINARIA,secretario,José D. Canata,masthead
2000-12-06,2000-12-06_r68_EXTRAORDINARIA,secretario,Juan Carlos Oyarzún,masthead
2000-12-06,2000-12-06_r68_EXTRAORDINARIA,secretario,Miguel J. Mamy,masthead
2000-12-06,2000-12-06_r68_EXTRAORDINARIA,vicepresidente,Antonio Cafiero,masthead
2000-12-06,2000-12-06_r68_EXTRAORDINARIA,vicepresidente 1°,Luis A. León,masthead
2000-12-07,2000-12-07_r69_EXTRAORDINARIA,presidente provisional,Mario A. Losada,masthead
2000-12-07,2000-12-07_r69_EXTRAORDINARIA,prosecretario,Juan J. Canals,masthead
2000-12-07,2000-12-07_r69_EXTRAORDINARIA,prosecretario,Miguel Augusto Fernández Alías,masthead
2000-12-07,2000-12-07_r69_EXTRAORDINARIA,prosecretario,Rodolfo Bernardini,masthead
2000-12-07,2000-12-07_r69_EXTRAORDINARIA,secretario,José D. Canata,masthead
2000-12-07,2000-12-07_r69_EXTRAORDINARIA,secretario,Juan Carlos Oyarzún,masthead
2000-12-07,2000-12-07_r69_EXTRAORDINARIA,secretario,Miguel J. Mamy,masthead
2000-12-07,2000-12-07_r69_EXTRAORDINARIA,vicepresidente 1°,Luis A. León,masthead
2000-12-07,2000-12-07_r69_EXTRAORDINARIA,vicepresidente 2°,Ruggero Preto,masthead
2000-12-20,2000-12-20_r70_EXTRAORDINARIA,presidente provisional,Mario A. Losada,masthead
2000-12-20,2000-12-20_r70_EXTRAORDINARIA,prosecretario,Juan J. Canals,masthead
2000-12-20,2000-12-20_r70_EXTRAORDINARIA,prosecretario,Miguel Augusto Fernández Alías,masthead
2000-12-20,2000-12-20_r70_EXTRAORDINARIA,prosecretario,Rodolfo Bernardini,masthead
2000-12-20,2000-12-20_r70_EXTRAORDINARIA,secretario,José D. Canata,masthead
2000-12-20,2000-12-20_r70_EXTRAORDINARIA,secretario,Juan Carlos Oyarzún,masthead
2000-12-20,2000-12-20_r70_EXTRAORDINARIA,secretario,Miguel J. Mamy,masthead
2000-12-20,2000-12-20_r70_EXTRAORDINARIA,vicepresidente,Antonio Cafiero,masthead
2000-12-21,2000-12-21_r71_EXTRAORDINARIA,presidente provisional,Mario A. Losada,masthead
2000-12-21,2000-12-21_r71_EXTRAORDINARIA,prosecretario,Juan J. Canals,masthead
2000-12-21,2000-12-21_r71_EXTRAORDINARIA,prosecretario,Miguel Augusto Fernández Alías,masthead
2000-12-21,2000-12-21_r71_EXTRAORDINARIA,prosecretario,Rodolfo Bernardini,masthead
2000-12-21,2000-12-21_r71_EXTRAORDINARIA,secretario,José D. Canata,masthead
2000-12-21,2000-12-21_r71_EXTRAORDINARIA,secretario,Juan Carlos Oyarzún,masthead
2000-12-21,2000-12-21_r71_EXTRAORDINARIA,secretario,Miguel J. Mamy,masthead
2000-12-21,2000-12-21_r71_EXTRAORDINARIA,vicepresidente,Antonio Cafiero,masthead
2001-02-21,2001-02-21_r01_PREPARATORIA,presidente provisional,Mario A. Losada,masthead
2001-02-21,2001-02-21_r01_PREPARATORIA,prosecretario,Juan J. Canals,masthead
2001-02-21,2001-02-21_r01_PREPARATORIA,prosecretario,Miguel Augusto Fernández Alías,masthead
2001-02-21,2001-02-21_r01_PREPARATORIA,prosecretario,Rodolfo Bernardini,masthead
2001-02-21,2001-02-21_r01_PREPARATORIA,secretario,José D. Canata,masthead
2001-02-21,2001-02-21_r01_PREPARATORIA,secretario,Juan Carlos Oyarzún,masthead
2001-02-21,2001-02-21_r01_PREPARATORIA,secretario,Miguel J. Mamy,masthead
2001-02-21,2001-02-21_r01_PREPARATORIA,vicepresidente,Antonio Cafiero,masthead
2001-02-21,2001-02-21_r01_PREPARATORIA,vicepresidente 1°,Luis A. León,masthead
2001-02-21,2001-02-21_r01_PREPARATORIA,vicepresidente 2°,Ruggero Preto,masthead
2001-03-01,2001-03-01_r00_ASAMBLEA,presidente de la honorable camara de diputados,Rafael Pascual,masthead
2001-03-01,2001-03-01_r00_ASAMBLEA,secretario,Juan C. Oyarzún,masthead
2001-03-07,2001-03-07_r02_ORDINARIA,presidente provisional,Mario A. Losada,masthead
2001-03-07,2001-03-07_r02_ORDINARIA,prosecretario,Juan J. Canals,masthead
2001-03-07,2001-03-07_r02_ORDINARIA,prosecretario,Miguel Augusto Fernández Alías,masthead
2001-03-07,2001-03-07_r02_ORDINARIA,prosecretario,Rodolfo Bernardini,masthead
2001-03-07,2001-03-07_r02_ORDINARIA,secretario,José D. Canata,masthead
2001-03-07,2001-03-07_r02_ORDINARIA,secretario,Juan Carlos Oyarzún,masthead
2001-03-07,2001-03-07_r02_ORDINARIA,secretario,Miguel J. Mamy,masthead
2001-03-14,2001-03-14_r06_ORDINARIA,presidente provisional,Mario A. Losada,masthead
2001-03-14,2001-03-14_r06_ORDINARIA,prosecretario,Juan J. Canals,masthead
2001-03-14,2001-03-14_r06_ORDINARIA,prosecretario,Miguel Augusto Fernández Alías,masthead
2001-03-14,2001-03-14_r06_ORDINARIA,prosecretario,Rodolfo Bernardini,masthead
2001-03-14,2001-03-14_r06_ORDINARIA,secretario,José D. Canata,masthead
2001-03-14,2001-03-14_r06_ORDINARIA,secretario,Juan Carlos Oyarzún,masthead
2001-03-14,2001-03-14_r06_ORDINARIA,secretario,Miguel J. Mamy,masthead
2001-03-14,2001-03-14_r06_ORDINARIA,vicepresidente,Eduardo Menem,masthead
2001-03-14,2001-03-14_r06_ORDINARIA,vicepresidente 1°,Luis A. León,masthead
2001-03-15,2001-03-15_r00_ASAMBLEA,secretario,Guillermo Aramburu,masthead
2001-03-15,2001-03-15_r00_ASAMBLEA,secretario,Juan Carlos Oyarzún,masthead
2001-03-20,2001-03-20_r09_ESPECIAL,presidente provisional,Mario A. Losada,masthead
2001-03-20,2001-03-20_r09_ESPECIAL,prosecretario,Juan J. Canals,masthead
2001-03-20,2001-03-20_r09_ESPECIAL,prosecretario,Miguel Augusto Fernández Alías,masthead
2001-03-20,2001-03-20_r09_ESPECIAL,prosecretario,Rodolfo Bernardini,masthead
2001-03-20,2001-03-20_r09_ESPECIAL,secretario,José D. Canata,masthead
2001-03-20,2001-03-20_r09_ESPECIAL,secretario,Juan Carlos Oyarzún,masthead
2001-03-20,2001-03-20_r09_ESPECIAL,secretario,Miguel J. Mamy,masthead
2001-03-23,2001-03-23_r12_ORDINARIA,presidente provisional,Mario A. Losada,masthead
2001-03-23,2001-03-23_r12_ORDINARIA,prosecretario,Juan J. Canals,masthead
2001-03-23,2001-03-23_r12_ORDINARIA,prosecretario,Miguel Augusto Fernández Alías,masthead
2001-03-23,2001-03-23_r12_ORDINARIA,prosecretario,Rodolfo Bernardini,masthead
2001-03-23,2001-03-23_r12_ORDINARIA,secretario,José D. Canata,masthead
2001-03-23,2001-03-23_r12_ORDINARIA,secretario,Juan Carlos Oyarzún,masthead
2001-03-23,2001-03-23_r12_ORDINARIA,secretario,Miguel J. Mamy,masthead
2001-03-23,2001-03-23_r12_ORDINARIA,vicepresidente,Eduardo Menem,masthead
2001-03-23,2001-03-23_r12_ORDINARIA,vicepresidente 1,Luis A. León,masthead
2001-03-23,2001-03-23_r12_ORDINARIA,vicepresidente 2,Felipe R. Sapag,masthead
2001-03-28,2001-03-28_r13_ORDINARIA,presidente provisional,Mario A. Losada,masthead
2001-03-28,2001-03-28_r13_ORDINARIA,prosecretario,Juan J. Canals,masthead
2001-03-28,2001-03-28_r13_ORDINARIA,prosecretario,Miguel Augusto Fernández Alías,masthead
2001-03-28,2001-03-28_r13_ORDINARIA,prosecretario,Rodolfo Bernardini,masthead
2001-03-28,2001-03-28_r13_ORDINARIA,secretario,José D. Canata,masthead
2001-03-28,2001-03-28_r13_ORDINARIA,secretario,Juan Carlos Oyarzún,masthead
2001-03-28,2001-03-28_r13_ORDINARIA,secretario,Miguel J. Mamy,masthead
2001-03-28,2001-03-28_r13_ORDINARIA,vicepresidente,Eduardo Menem,masthead
2001-03-28,2001-03-28_r13_ORDINARIA,vicepresidente 1°,Luis A. León,masthead
2001-03-28,2001-03-28_r13_ORDINARIA,vicepresidente 2°,Felipe R. Sapag,masthead
2001-04-04,2001-04-04_r14_ORDINARIA,prosecretario,Juan J. Canals,masthead
2001-04-04,2001-04-04_r14_ORDINARIA,prosecretario,Miguel Augusto Fernández Alías,masthead
2001-04-04,2001-04-04_r14_ORDINARIA,prosecretario,Rodolfo Bernardini,masthead
2001-04-04,2001-04-04_r14_ORDINARIA,secretario,José D. Canata,masthead
2001-04-04,2001-04-04_r14_ORDINARIA,secretario,Juan Carlos Oyarzún,masthead
2001-04-04,2001-04-04_r14_ORDINARIA,secretario,Miguel J. Mamy,masthead
2001-04-04,2001-04-04_r14_ORDINARIA,vicepresidente 2°,Felipe R. Sapag,masthead
2001-04-18,2001-04-18_r18_ORDINARIA,presidente provisional,Mario A. Losada,masthead
2001-04-18,2001-04-18_r18_ORDINARIA,prosecretario,Juan J. Canals,masthead
2001-04-18,2001-04-18_r18_ORDINARIA,prosecretario,Miguel Augusto Fernández Alías,masthead
2001-04-18,2001-04-18_r18_ORDINARIA,prosecretario,Rodolfo Bernardini,masthead
2001-04-18,2001-04-18_r18_ORDINARIA,secretario,José D. Canata,masthead
2001-04-18,2001-04-18_r18_ORDINARIA,secretario,Juan Carlos Oyarzún,masthead
2001-04-18,2001-04-18_r18_ORDINARIA,secretario,Miguel J. Mamy,masthead
2001-04-18,2001-04-18_r18_ORDINARIA,vicepresidente,Eduardo Menem,masthead
2001-05-03,2001-05-03_r24_ORDINARIA,presidente provisional,Mario A. Losada,masthead
2001-05-03,2001-05-03_r24_ORDINARIA,prosecretario,Juan J. Canals,masthead
2001-05-03,2001-05-03_r24_ORDINARIA,prosecretario,Miguel Augusto Fernández Alías,masthead
2001-05-03,2001-05-03_r24_ORDINARIA,prosecretario,Rodolfo Bernardini,masthead
2001-05-03,2001-05-03_r24_ORDINARIA,secretario,José D. Canata,masthead
2001-05-03,2001-05-03_r24_ORDINARIA,secretario,Juan Carlos Oyarzún,masthead
2001-05-03,2001-05-03_r24_ORDINARIA,secretario,Miguel J. Mamy,masthead
2001-05-09,2001-05-09_r28_ORDINARIA,presidente provisional,Mario A. Losada,masthead
2001-05-09,2001-05-09_r32_ESPECIAL,presidente provisional,Mario A. Losada,masthead
2001-05-09,2001-05-09_r28_ORDINARIA,prosecretario,Juan J. Canals,masthead
2001-05-09,2001-05-09_r32_ESPECIAL,prosecretario,Juan J. Canals,masthead
2001-05-09,2001-05-09_r28_ORDINARIA,prosecretario,Miguel Augusto Fernández Alías,masthead
2001-05-09,2001-05-09_r32_ESPECIAL,prosecretario,Miguel Augusto Fernández Alías,masthead
2001-05-09,2001-05-09_r28_ORDINARIA,prosecretario,Rodolfo Bernardini,masthead
2001-05-09,2001-05-09_r32_ESPECIAL,prosecretario,Rodolfo Bernardini,masthead
2001-05-09,2001-05-09_r28_ORDINARIA,secretario,José D. Canata,masthead
2001-05-09,2001-05-09_r32_ESPECIAL,secretario,José D. Canata,masthead
2001-05-09,2001-05-09_r28_ORDINARIA,secretario,Juan Carlos Oyarzún,masthead
2001-05-09,2001-05-09_r32_ESPECIAL,secretario,Juan Carlos Oyarzún,masthead
2001-05-09,2001-05-09_r28_ORDINARIA,secretario,Miguel J. Mamy,masthead
2001-05-09,2001-05-09_r32_ESPECIAL,secretario,Miguel J. Mamy,masthead
2001-05-09,2001-05-09_r28_ORDINARIA,vicepresidente,Eduardo Menem,masthead
2001-05-09,2001-05-09_r32_ESPECIAL,vicepresidente,Eduardo Menem,masthead
2001-05-16,2001-05-16_r33_ORDINARIA,prosecretario,Juan J. Canals,masthead
2001-05-16,2001-05-16_r33_ORDINARIA,prosecretario,Miguel Augusto Fernández Alías,masthead
2001-05-16,2001-05-16_r33_ORDINARIA,prosecretario,Rodolfo Bernardini,masthead
2001-05-16,2001-05-16_r33_ORDINARIA,secretario,José D. Canata,masthead
2001-05-16,2001-05-16_r33_ORDINARIA,secretario,Juan Carlos Oyarzún,masthead
2001-05-16,2001-05-16_r33_ORDINARIA,secretario,Miguel J. Mamy,masthead
2001-05-16,2001-05-16_r33_ORDINARIA,vicepresidente,Eduardo Menem,masthead
2001-05-16,2001-05-16_r33_ORDINARIA,vicepresidente 2°,Felipe R. Sapag,masthead
2001-05-23,2001-05-23_r35_ORDINARIA,prosecretario,Juan J. Canals,masthead
2001-05-23,2001-05-23_r35_ORDINARIA,prosecretario,Miguel Augusto Fernández Alías,masthead
2001-05-23,2001-05-23_r35_ORDINARIA,prosecretario,Rodolfo Bernardini,masthead
2001-05-23,2001-05-23_r35_ORDINARIA,secretario,José D. Canata,masthead
2001-05-23,2001-05-23_r35_ORDINARIA,secretario,Juan Carlos Oyarzún,masthead
2001-05-23,2001-05-23_r35_ORDINARIA,secretario,Miguel J. Mamy,masthead
2001-05-23,2001-05-23_r35_ORDINARIA,vicepresidente 2°,Felipe R. Sapag,masthead
2001-05-30,2001-05-30_r36_ORDINARIA,prosecretario,Juan J. Canals,masthead
2001-05-30,2001-05-30_r36_ORDINARIA,prosecretario,Miguel Augusto Fernández Alías,masthead
2001-05-30,2001-05-30_r36_ORDINARIA,prosecretario,Rodolfo Bernardini,masthead
2001-05-30,2001-05-30_r36_ORDINARIA,secretario,José D. Canata,masthead
2001-05-30,2001-05-30_r36_ORDINARIA,secretario,Juan Carlos Oyarzún,masthead
2001-05-30,2001-05-30_r36_ORDINARIA,secretario,Miguel J. Mamy,masthead
2001-05-30,2001-05-30_r36_ORDINARIA,vicepresidente,Eduardo Menem,masthead
2001-05-30,2001-05-30_r36_ORDINARIA,vicepresidente 1°,Luis A. León,masthead
2001-06-06,2001-06-06_r37_ORDINARIA,presidente provisional,Mario A. Losada,masthead
2001-06-06,2001-06-06_r37_ORDINARIA,prosecretario,Juan J. Canals,masthead
2001-06-06,2001-06-06_r37_ORDINARIA,prosecretario,Miguel Augusto Fernández Alíasy,masthead
2001-06-06,2001-06-06_r37_ORDINARIA,secretario,José D. Canata,masthead
2001-06-06,2001-06-06_r37_ORDINARIA,secretario,Juan Carlos Oyarzún,masthead
2001-06-06,2001-06-06_r37_ORDINARIA,secretario,Miguel J. Mamy,masthead
2001-06-13,2001-06-13_r38_ORDINARIA,presidente provisional,Mario A. Losada,masthead
2001-06-13,2001-06-13_r38_ORDINARIA,prosecretario,Juan J. Canals,masthead
2001-06-13,2001-06-13_r38_ORDINARIA,prosecretario,Miguel Augusto Fernández Alías,masthead
2001-06-13,2001-06-13_r38_ORDINARIA,prosecretario,Rodolfo Bernardini,masthead
2001-06-13,2001-06-13_r38_ORDINARIA,secretario,José D. Canata,masthead
2001-06-13,2001-06-13_r38_ORDINARIA,secretario,Juan Carlos Oyarzún,masthead
2001-06-13,2001-06-13_r38_ORDINARIA,secretario,Miguel J. Mamy,masthead
2001-06-13,2001-06-13_r38_ORDINARIA,vicepresidente,Eduardo Menem,masthead
2001-06-20,2001-06-20_r41_ORDINARIA,presidente provisional,Mario A. Losada,masthead
2001-06-20,2001-06-20_r41_ORDINARIA,prosecretario,Juan J. Canals,masthead
2001-06-20,2001-06-20_r41_ORDINARIA,prosecretario,Miguel Augusto Fernández Alías,masthead
2001-06-20,2001-06-20_r41_ORDINARIA,prosecretario,Rodolfo Bernardini,masthead
2001-06-20,2001-06-20_r41_ORDINARIA,secretario,José D. Canata,masthead
2001-06-20,2001-06-20_r41_ORDINARIA,secretario,Juan Carlos Oyarzún,masthead
2001-06-20,2001-06-20_r41_ORDINARIA,secretario,Miguel J. Mamy,masthead
2001-06-20,2001-06-20_r41_ORDINARIA,vicepresidente 1°,Luis A. León,masthead
2001-06-27,2001-06-27_r43_ORDINARIA,presidente provisional,Mario A. Losada,masthead
2001-06-27,2001-06-27_r43_ORDINARIA,prosecretario,Juan J. Canals,masthead
2001-06-27,2001-06-27_r43_ORDINARIA,prosecretario,Miguel Augusto Fernández Alías,masthead
2001-06-27,2001-06-27_r43_ORDINARIA,prosecretario,Rodolfo Bernardini,masthead
2001-06-27,2001-06-27_r43_ORDINARIA,secretario,José D. Canata,masthead
2001-06-27,2001-06-27_r43_ORDINARIA,secretario,Juan Carlos Oyarzún,masthead
2001-06-27,2001-06-27_r43_ORDINARIA,secretario,Miguel J. Mamy,masthead
2001-06-27,2001-06-27_r43_ORDINARIA,vicepresidente,Eduardo Menem,masthead
2001-06-27,2001-06-27_r43_ORDINARIA,vicepresidente 1°,Luis A. León,masthead
2001-07-18,2001-07-18_r45_ORDINARIA,presidente provisional,Mario A. Losada,masthead
2001-07-18,2001-07-18_r45_ORDINARIA,prosecretario,Juan J. Canals,masthead
2001-07-18,2001-07-18_r45_ORDINARIA,prosecretario,Miguel Augusto Fernández Alías,masthead
2001-07-18,2001-07-18_r45_ORDINARIA,prosecretario,Rodolfo Bernardini,masthead
2001-07-18,2001-07-18_r45_ORDINARIA,secretario,José D. Canata,masthead
2001-07-18,2001-07-18_r45_ORDINARIA,secretario,Juan Carlos Oyarzún,masthead
2001-07-18,2001-07-18_r45_ORDINARIA,secretario,Miguel J. Mamy,masthead
2001-07-18,2001-07-18_r45_ORDINARIA,vicepresidente,Eduardo Menem,masthead
2001-07-25,2001-07-25_r48_ORDINARIA,presidente provisional,Mario A. Losada,masthead
2001-07-25,2001-07-25_r48_ORDINARIA,prosecretario,Juan J. Canals,masthead
2001-07-25,2001-07-25_r48_ORDINARIA,prosecretario,Miguel Augusto Fernández Alías,masthead
2001-07-25,2001-07-25_r48_ORDINARIA,prosecretario,Rodolfo Bernardini,masthead
2001-07-25,2001-07-25_r48_ORDINARIA,secretario,José D. Canata,masthead
2001-07-25,2001-07-25_r48_ORDINARIA,secretario,Juan Carlos Oyarzún,masthead
2001-07-25,2001-07-25_r48_ORDINARIA,secretario,Miguel J. Mamy,masthead
2001-07-29,2001-07-29_r49_ESPECIAL,presidente provisional,Mario A. Losada,masthead
2001-07-29,2001-07-29_r49_ESPECIAL,prosecretario,Juan J. Canals,masthead
2001-07-29,2001-07-29_r49_ESPECIAL,prosecretario,Miguel Augusto Fernández Alías,masthead
2001-07-29,2001-07-29_r49_ESPECIAL,prosecretario,Rodolfo Bernardini,masthead
2001-07-29,2001-07-29_r49_ESPECIAL,secretario,José D. Canata,masthead
2001-07-29,2001-07-29_r49_ESPECIAL,secretario,Juan Carlos Oyarzún,masthead
2001-07-29,2001-07-29_r49_ESPECIAL,secretario,Miguel J. Mamy,masthead
2001-07-29,2001-07-29_r49_ESPECIAL,vicepresidente,Eduardo Menem,masthead
2001-07-29,2001-07-29_r49_ESPECIAL,vicepresidente 1°,Luis León,masthead
2001-08-08,2001-08-08_r50_ORDINARIA,presidente provisional,Mario A. Losada,masthead
2001-08-08,2001-08-08_r50_ORDINARIA,prosecretario,Juan J. Canals,masthead
2001-08-08,2001-08-08_r50_ORDINARIA,prosecretario,Miguel Augusto Fernández Alías,masthead
2001-08-08,2001-08-08_r50_ORDINARIA,prosecretario,Rodolfo Bernardini,masthead
2001-08-08,2001-08-08_r50_ORDINARIA,secretario,José D. Canata,masthead
2001-08-08,2001-08-08_r50_ORDINARIA,secretario,Juan Carlos Oyarzún,masthead
2001-08-08,2001-08-08_r50_ORDINARIA,secretario,Miguel J. Mamy,masthead
2001-08-08,2001-08-08_r50_ORDINARIA,vicepresidente,Eduardo Menem,masthead
2001-08-15,2001-08-15_r54_ORDINARIA,presidente provisional,Mario A. Losada,masthead
2001-08-15,2001-08-15_r54_ORDINARIA,prosecretario,Juan J. Canals,masthead
2001-08-15,2001-08-15_r54_ORDINARIA,prosecretario,Miguel Augusto Fernández Alías,masthead
2001-08-15,2001-08-15_r54_ORDINARIA,prosecretario,Rodolfo Bernardini,masthead
2001-08-15,2001-08-15_r54_ORDINARIA,secretario,José D. Canata,masthead
2001-08-15,2001-08-15_r54_ORDINARIA,secretario,Juan Carlos Oyarzún,masthead
2001-08-15,2001-08-15_r54_ORDINARIA,secretario,Miguel J. Mamy,masthead
2001-08-15,2001-08-15_r54_ORDINARIA,vicepresidente,Eduardo Menem,masthead
2001-08-15,2001-08-15_r54_ORDINARIA,vicepresidente 1°,Luis A. León,masthead
2001-08-29,2001-08-29_r57_ORDINARIA,presidente provisional,Mario A. Losada,masthead
2001-08-29,2001-08-29_r57_ORDINARIA,prosecretario,Juan J. Canals,masthead
2001-08-29,2001-08-29_r57_ORDINARIA,prosecretario,Miguel Augusto Fernández Alías,masthead
2001-08-29,2001-08-29_r57_ORDINARIA,prosecretario,Rodolfo Bernardini,masthead
2001-08-29,2001-08-29_r57_ORDINARIA,secretario,José D. Canata,masthead
2001-08-29,2001-08-29_r57_ORDINARIA,secretario,Juan Carlos Oyarzún,masthead
2001-08-29,2001-08-29_r57_ORDINARIA,secretario,Miguel J. Mamy,masthead
2001-08-29,2001-08-29_r57_ORDINARIA,vicepresidente,Eduardo Menem,masthead
2001-08-29,2001-08-29_r57_ORDINARIA,vicepresidente 1°,Luis A. León,masthead
2001-08-29,2001-08-29_r57_ORDINARIA,vicepresidente 2°,Felipe R. Sapag,masthead
2001-09-04,2001-09-04_r60_ORDINARIA,presidente provisional,Mario A. Losada,masthead
2001-09-04,2001-09-04_r60_ORDINARIA,prosecretario,Juan J. Canals,masthead
2001-09-04,2001-09-04_r60_ORDINARIA,prosecretario,Miguel Augusto Fernández Alías,masthead
2001-09-04,2001-09-04_r60_ORDINARIA,prosecretario,Rodolfo Bernardini,masthead
2001-09-04,2001-09-04_r60_ORDINARIA,secretario,José D. Canata,masthead
2001-09-04,2001-09-04_r60_ORDINARIA,secretario,Juan Carlos Oyarzún,masthead
2001-09-04,2001-09-04_r60_ORDINARIA,secretario,Miguel J. Mamy,masthead
2001-09-11,2001-09-11_r62_ESPECIAL,presidente provisional,Mario A. Losada,masthead
2001-09-11,2001-09-11_r62_ESPECIAL,prosecretario,Juan J. Canals,masthead
2001-09-11,2001-09-11_r62_ESPECIAL,prosecretario,Miguel Augusto Fernández Alías,masthead
2001-09-11,2001-09-11_r62_ESPECIAL,prosecretario,Rodolfo Bernardini,masthead
2001-09-11,2001-09-11_r62_ESPECIAL,secretario,José D. Canata,masthead
2001-09-11,2001-09-11_r62_ESPECIAL,secretario,Juan Carlos Oyarzún,masthead
2001-09-11,2001-09-11_r62_ESPECIAL,secretario,Miguel J. Mamy,masthead
2001-09-18,2001-09-18_r64_ORDINARIA,presidente provisional,Mario A. Losada,masthead
2001-09-18,2001-09-18_r64_ORDINARIA,prosecretario,Juan J. Canals,masthead
2001-09-18,2001-09-18_r64_ORDINARIA,prosecretario,Miguel Augusto Fernández Alías,masthead
2001-09-18,2001-09-18_r64_ORDINARIA,prosecretario,Rodolfo Bernardini,masthead
2001-09-18,2001-09-18_r64_ORDINARIA,secretario,José D. Canata,masthead
2001-09-18,2001-09-18_r64_ORDINARIA,secretario,Juan Carlos Oyarzún,masthead
2001-09-18,2001-09-18_r64_ORDINARIA,secretario,Miguel J. Mamy,masthead
2001-09-18,2001-09-18_r64_ORDINARIA,vicepresidente,Eduardo Menem,masthead
2001-10-23,2001-10-23_r66_ORDINARIA,presidente provisional,Mario A. Losada,masthead
2001-10-23,2001-10-23_r66_ORDINARIA,prosecretario,Juan J. Canals,masthead
2001-10-23,2001-10-23_r66_ORDINARIA,prosecretario,Miguel Augusto Fernández Alías,masthead
2001-10-23,2001-10-23_r66_ORDINARIA,prosecretario,Rodolfo Bernardini,masthead
2001-10-23,2001-10-23_r66_ORDINARIA,secretario,José D. Canata,masthead
2001-10-23,2001-10-23_r66_ORDINARIA,secretario,Juan Carlos Oyarzún,masthead
2001-10-23,2001-10-23_r66_ORDINARIA,secretario,Miguel J. Mamy,masthead
2001-10-24,2001-10-24_r67_EN_MINORIA,presidente provisional,Mario A. Losada,masthead
2001-10-24,2001-10-24_r67_EN_MINORIA,prosecretario,Juan J. Canals,masthead
2001-10-24,2001-10-24_r67_EN_MINORIA,prosecretario,Miguel Augusto Fernández Alías,masthead
2001-10-24,2001-10-24_r67_EN_MINORIA,prosecretario,Rodolfo Bernardini,masthead
2001-10-24,2001-10-24_r67_EN_MINORIA,secretario,José D. Canata,masthead
2001-10-24,2001-10-24_r67_EN_MINORIA,secretario,Juan Carlos Oyarzún,masthead
2001-10-24,2001-10-24_r67_EN_MINORIA,secretario,Miguel J. Mamy,masthead
2001-10-31,2001-10-31_r68_EN_MINORIA,presidente provisional,Mario A. Losada,masthead
2001-10-31,2001-10-31_r68_EN_MINORIA,prosecretario,Juan J. Canals,masthead
2001-10-31,2001-10-31_r68_EN_MINORIA,prosecretario,Miguel Augusto Fernández Alías,masthead
2001-10-31,2001-10-31_r68_EN_MINORIA,prosecretario,Rodolfo Bernardini,masthead
2001-10-31,2001-10-31_r68_EN_MINORIA,secretario,José D. Canata,masthead
2001-10-31,2001-10-31_r68_EN_MINORIA,secretario,Juan Carlos Oyarzún,masthead
2001-10-31,2001-10-31_r68_EN_MINORIA,secretario,Miguel J. Mamy,masthead
2001-11-07,2001-11-07_r69_ORDINARIA,presidente provisional,Mario A. Losada,masthead
2001-11-07,2001-11-07_r69_ORDINARIA,prosecretario,Juan J. Canals,masthead
2001-11-07,2001-11-07_r69_ORDINARIA,prosecretario,Miguel Augusto Fernández Alíasy,masthead
2001-11-07,2001-11-07_r69_ORDINARIA,secretario,José D. Canata,masthead
2001-11-07,2001-11-07_r69_ORDINARIA,secretario,Juan Carlos Oyarzún,masthead
2001-11-07,2001-11-07_r69_ORDINARIA,secretario,Miguel J. Mamy,masthead
2001-11-07,2001-11-07_r69_ORDINARIA,vicepresidente,Eduardo Menem,masthead
2001-11-13,2001-11-13_r70_EN_MINORIA,prosecretario,Juan J. Canals,masthead
2001-11-13,2001-11-13_r70_EN_MINORIA,prosecretario,Miguel Augusto Fernández Alías,masthead
2001-11-13,2001-11-13_r70_EN_MINORIA,prosecretario,Rodolfo Bernardini,masthead
2001-11-13,2001-11-13_r70_EN_MINORIA,secretario,José D. Canata,masthead
2001-11-13,2001-11-13_r70_EN_MINORIA,secretario,Juan Carlos Oyarzún,masthead
2001-11-13,2001-11-13_r70_EN_MINORIA,secretario,Miguel J. Mamy,masthead
2001-11-13,2001-11-13_r70_EN_MINORIA,vicepresidente 1°,Luis A. León,masthead
2001-11-14,2001-11-14_r71_ORDINARIA,prosecretario,Juan J. Canals,masthead
2001-11-14,2001-11-14_r71_ORDINARIA,prosecretario,Miguel Augusto Fernández Alías,masthead
2001-11-14,2001-11-14_r71_ORDINARIA,prosecretario,Rodolfo Bernardini,masthead
2001-11-14,2001-11-14_r71_ORDINARIA,secretario,José D. Canata,masthead
2001-11-14,2001-11-14_r71_ORDINARIA,secretario,Juan Carlos Oyarzún,masthead
2001-11-14,2001-11-14_r71_ORDINARIA,secretario,Miguel J. Mamy,masthead
2001-11-14,2001-11-14_r71_ORDINARIA,vicepresidente,Eduardo Menem,masthead
2001-11-21,2001-11-21_r72_ORDINARIA,NONE,,
2001-11-28,2001-11-28_r73_ORDINARIA,presidente provisional,Mario A. Losada,masthead
2001-11-28,2001-11-28_r73_ORDINARIA,secretario,José D. Canata,masthead
2001-11-28,2001-11-28_r73_ORDINARIA,secretario,Juan Carlos Oyarzún,masthead
2001-11-28,2001-11-28_r73_ORDINARIA,secretario,Miguel J. Mamy,masthead
2001-11-28,2001-11-28_r73_ORDINARIA,vicepresidente,Eduardo Menem,masthead
2001-11-29,2001-11-29_r74_PREPARATORIA,prosecretario,Ademas,masthead
2001-11-29,2001-11-29_r75_EN_MINORIA,prosecretario,Juan J. Canals,masthead
2001-11-29,2001-11-29_r74_PREPARATORIA,prosecretario,Juan T. Canals Fsta Publicacion Contiene,masthead
2001-11-29,2001-11-29_r75_EN_MINORIA,prosecretario,Miguel Augusto Fernández Alías,masthead
2001-11-29,2001-11-29_r75_EN_MINORIA,prosecretario,Rodolfo Bernardini,masthead
2001-11-29,2001-11-29_r75_EN_MINORIA,secretario,José D. Canata,masthead
2001-11-29,2001-11-29_r74_PREPARATORIA,secretario,Juan C. Oyarzun,masthead
2001-11-29,2001-11-29_r75_EN_MINORIA,secretario,Juan Carlos Oyarzún,masthead
2001-11-29,2001-11-29_r75_EN_MINORIA,secretario,Miguel J. Mamy,masthead
2001-11-29,2001-11-29_r75_EN_MINORIA,vicepresidente,Eduardo Menem,masthead
2001-12-12,2001-12-12_r76_EXTRAORDINARIA,presidente provisional,Federico Ramón Puerta,masthead
2001-12-12,2001-12-12_r76_EXTRAORDINARIA,prosecretario,José D. Canata,masthead
2001-12-12,2001-12-12_r76_EXTRAORDINARIA,prosecretario,Juan J. Canals,masthead
2001-12-12,2001-12-12_r76_EXTRAORDINARIA,secretario,Juan Carlos Oyarzún,masthead
2001-12-12,2001-12-12_r76_EXTRAORDINARIA,secretario,Juan Ramón Langton,masthead
2001-12-19,2001-12-19_r77_EXTRAORDINARIA,presidente provisional,Federico Ramón Puerta,masthead
2001-12-19,2001-12-19_r77_EXTRAORDINARIA,prosecretario,José D. Canata,masthead
2001-12-19,2001-12-19_r77_EXTRAORDINARIA,prosecretario,Juan J. Canals,masthead
2001-12-19,2001-12-19_r77_EXTRAORDINARIA,secretario,Juan Carlos Oyarzún,masthead
2001-12-19,2001-12-19_r77_EXTRAORDINARIA,secretario,Juan Ramón Langton,masthead
2001-12-19,2001-12-19_r77_EXTRAORDINARIA,vicepresidente,Juan Carlos Maqueda,masthead
2001-12-19,2001-12-19_r77_EXTRAORDINARIA,vicepresidente 1°,Raúl Eduardo Baglini,masthead
2001-12-20,2001-12-20_r78_EXTRAORDINARIA,presidente provisional,Federico Ramón Puerta,masthead
2001-12-20,2001-12-20_r78_EXTRAORDINARIA,prosecretario,Alfredo A. Luques,masthead
2001-12-20,2001-12-20_r78_EXTRAORDINARIA,prosecretario,José D. Canata,masthead
2001-12-20,2001-12-20_r78_EXTRAORDINARIA,prosecretario,Juan J. Canals,masthead
2001-12-20,2001-12-20_r78_EXTRAORDINARIA,secretario,Juan Carlos Oyarzún,masthead
2001-12-20,2001-12-20_r78_EXTRAORDINARIA,secretario,Juan Ramón Langton,masthead
2001-12-21,2001-12-21_r00_ASAMBLEA,secretario,Eduardo Daniel Rollano,masthead
2001-12-21,2001-12-21_r00_ASAMBLEA,secretario,Juan Carlos Oyarzún,masthead
2001-12-22,2001-12-22_r00_ASAMBLEA,presidente de la honorable camara de diputados,Eduardo Oscar Camaño,masthead
2001-12-22,2001-12-22_r00_ASAMBLEA,secretario,Eduardo Daniel Rollano,masthead
2001-12-22,2001-12-22_r00_ASAMBLEA,secretario,Juan Carlos Oyarzún,masthead
2001-12-22,2001-12-22_r00_ASAMBLEA,vicepresidente,Juan Carlos Maqueda,masthead
2002-01-01,2002-01-01_r00_ASAMBLEA,secretario,Eduardo Daniel Rollano,masthead
2002-01-01,2002-01-01_r00_ASAMBLEA,secretario,Juan Carlos Oyarzún,masthead
2002-01-01,2002-01-01_r00_ASAMBLEA,vicepresidente,Juan Carlos Maqueda,masthead
2002-01-04,2002-01-04_r79_ORDINARIA,presidente provisional,Juan Carlos Maqueda,masthead
2002-01-04,2002-01-04_r79_ORDINARIA,prosecretario,Alfredo A. Luques,masthead
2002-01-04,2002-01-04_r79_ORDINARIA,prosecretario,José D. Canata,masthead
2002-01-04,2002-01-04_r79_ORDINARIA,prosecretario,Juan J. Canals,masthead
2002-01-04,2002-01-04_r79_ORDINARIA,secretario,Juan Carlos Oyarzún,masthead
2002-01-04,2002-01-04_r79_ORDINARIA,secretario,Juan Ramón Langton,masthead
2002-01-04,2002-01-04_r79_ORDINARIA,vicepresidente 1°,Raúl Eduardo Baglini,masthead
2002-01-06,2002-01-06_r80_ORDINARIA,presidente provisional,Juan Carlos Maqueda,masthead
2002-01-06,2002-01-06_r80_ORDINARIA,prosecretario,Alfredo A. Luques,masthead
2002-01-06,2002-01-06_r80_ORDINARIA,prosecretario,José D. Canata,masthead
2002-01-06,2002-01-06_r80_ORDINARIA,prosecretario,Juan J. Canals,masthead
2002-01-06,2002-01-06_r80_ORDINARIA,secretario,Juan Carlos Oyarzún,masthead
2002-01-06,2002-01-06_r80_ORDINARIA,secretario,Juan Ramón Langton,masthead
2002-01-06,2002-01-06_r80_ORDINARIA,vicepresidente,Marcelo Eduardo López Arias,masthead
2002-01-17,2002-01-17_r81_ORDINARIA,presidente provisional,Juan Carlos Maqueda,masthead
2002-01-17,2002-01-17_r81_ORDINARIA,prosecretario,Alfredo A. Luques,masthead
2002-01-17,2002-01-17_r81_ORDINARIA,prosecretario,José D. Canata,masthead
2002-01-17,2002-01-17_r81_ORDINARIA,prosecretario,Juan J. Canals,masthead
2002-01-17,2002-01-17_r81_ORDINARIA,secretario,Jorge Horacio Amarfil,masthead
2002-01-17,2002-01-17_r81_ORDINARIA,secretario,Juan Carlos Oyarzún,masthead
2002-01-17,2002-01-17_r81_ORDINARIA,vicepresidente 1°,Raúl Eduardo Baglini,masthead
2002-01-23,2002-01-23_r82_ORDINARIA,presidente provisional,Juan Carlos Maqueda,masthead
2002-01-23,2002-01-23_r82_ORDINARIA,prosecretario,Alfredo A. Luques,masthead
2002-01-23,2002-01-23_r82_ORDINARIA,prosecretario,José D. Canata,masthead
2002-01-23,2002-01-23_r82_ORDINARIA,prosecretario,Juan J. Canals,masthead
2002-01-23,2002-01-23_r82_ORDINARIA,secretario,Jorge Horacio Amarfil,masthead
2002-01-23,2002-01-23_r82_ORDINARIA,secretario,Juan Carlos Oyarzún,masthead
2002-01-23,2002-01-23_r82_ORDINARIA,vicepresidente,Marcelo Eduardo López Arias,masthead
2002-02-21,2002-02-21_r01_PREPARATORIA,presidente provisional,Juan Carlos Maqueda,masthead
2002-02-21,2002-02-21_r83_ORDINARIA,presidente provisional,Juan Carlos Maqueda,masthead
2002-02-21,2002-02-21_r01_PREPARATORIA,prosecretario,Alfredo A. Luques,masthead
2002-02-21,2002-02-21_r83_ORDINARIA,prosecretario,Alfredo A. Luques,masthead
2002-02-21,2002-02-21_r01_PREPARATORIA,prosecretario,José D. Canata,masthead
2002-02-21,2002-02-21_r83_ORDINARIA,prosecretario,José D. Canata,masthead
2002-02-21,2002-02-21_r01_PREPARATORIA,prosecretario,Juan J. Canals,masthead
2002-02-21,2002-02-21_r83_ORDINARIA,prosecretario,Juan J. Canals,masthead
2002-02-21,2002-02-21_r01_PREPARATORIA,secretario,Jorge Horacio Amarfil,masthead
2002-02-21,2002-02-21_r83_ORDINARIA,secretario,Jorge Horacio Amarfil,masthead
2002-02-21,2002-02-21_r01_PREPARATORIA,secretario,Juan Carlos Oyarzún,masthead
2002-02-21,2002-02-21_r83_ORDINARIA,secretario,Juan Carlos Oyarzún,masthead
2002-02-21,2002-02-21_r83_ORDINARIA,vicepresidente,Marcelo Eduardo López Arias,masthead
2002-03-01,2002-03-01_r00_ASAMBLEA,presidente de la honorable camara de diputados,Eduardo Oscar Camaño,masthead
2002-03-01,2002-03-01_r00_ASAMBLEA,secretario,Eduardo Daniel Rollano,masthead
2002-03-01,2002-03-01_r00_ASAMBLEA,secretario,Juan Carlos Oyarzún,masthead
2002-03-01,2002-03-01_r00_ASAMBLEA,vicepresidente,Juan Carlos Maqueda,masthead
2002-03-05,2002-03-05_r02_ESPECIAL,presidente provisional,Juan CarlosMaqueda,masthead
2002-03-05,2002-03-05_r02_ESPECIAL,prosecretario,Alfredo A. Luques,masthead
2002-03-05,2002-03-05_r02_ESPECIAL,prosecretario,José D. Canata,masthead
2002-03-05,2002-03-05_r02_ESPECIAL,prosecretario,Juan J. Canals,masthead
2002-03-05,2002-03-05_r02_ESPECIAL,secretario,Jorge Horacio Amarfil,masthead
2002-03-05,2002-03-05_r02_ESPECIAL,secretario,Juan Carlos Oyarzún,masthead
2002-03-05,2002-03-05_r02_ESPECIAL,vicepresidente,Marcelo Eduardo López Arias,masthead
2002-03-05,2002-03-05_r02_ESPECIAL,vicepresidente 1°,Raúl Baglini,masthead
2002-03-14,2002-03-14_r03_ORDINARIA,prosecretario,Alfredo A. Luques,masthead
2002-03-14,2002-03-14_r03_ORDINARIA,prosecretario,José D. Canata,masthead
2002-03-14,2002-03-14_r03_ORDINARIA,prosecretario,Juan J. Canals,masthead
2002-03-14,2002-03-14_r03_ORDINARIA,secretario,Jorge Horacio Amarfil,masthead
2002-03-14,2002-03-14_r03_ORDINARIA,vicepresidente,Marcelo Eduardo López Arias,masthead
2002-04-04,2002-04-04_r04_ORDINARIA,presidente provisional,Juan Carlos Maqueda,masthead
2002-04-04,2002-04-04_r04_ORDINARIA,prosecretario,Alfredo A. Luques,masthead
2002-04-04,2002-04-04_r04_ORDINARIA,prosecretario,José D. Canata,masthead
2002-04-04,2002-04-04_r04_ORDINARIA,prosecretario,Juan J. Canals,masthead
2002-04-04,2002-04-04_r04_ORDINARIA,secretario,Jorge Horacio Amarfil,masthead
2002-04-04,2002-04-04_r04_ORDINARIA,secretario,Juan Carlos Oyarzún,masthead
2002-04-04,2002-04-04_r04_ORDINARIA,vicepresidente,Marcelo Eduardo López Arias,masthead
2002-04-04,2002-04-04_r04_ORDINARIA,vicepresidente 1°,Raúl Baglini,masthead
2002-04-11,2002-04-11_r06_ORDINARIA,presidente provisional,Juan Carlos Maqueda,masthead
2002-04-11,2002-04-11_r05_ESPECIAL,presidente provisional,Juan Carlos Maqueda,masthead
2002-04-11,2002-04-11_r06_ORDINARIA,prosecretario,Alfredo A. Luques,masthead
2002-04-11,2002-04-11_r05_ESPECIAL,prosecretario,Alfredo A. Luques,masthead
2002-04-11,2002-04-11_r06_ORDINARIA,prosecretario,José D. Canata,masthead
2002-04-11,2002-04-11_r05_ESPECIAL,prosecretario,José D. Canata,masthead
2002-04-11,2002-04-11_r06_ORDINARIA,prosecretario,Juan J. Canals,masthead
2002-04-11,2002-04-11_r05_ESPECIAL,prosecretario,Juan J. Canals,masthead
2002-04-11,2002-04-11_r06_ORDINARIA,secretario,Jorge Horacio Amarfil,masthead
2002-04-11,2002-04-11_r05_ESPECIAL,secretario,Jorge Horacio Amarfil,masthead
2002-04-11,2002-04-11_r06_ORDINARIA,secretario,Juan Carlos Oyarzún,masthead
2002-04-11,2002-04-11_r05_ESPECIAL,secretario,Juan Carlos Oyarzún,masthead
2002-04-11,2002-04-11_r05_ESPECIAL,vicepresidente,Marcelo Eduardo López Arias,masthead
2002-04-24,2002-04-24_r07_ESPECIAL,presidente provisional,Juan Carlos Maqueda,masthead
2002-04-24,2002-04-24_r07_ESPECIAL,prosecretario,Alfredo A. Luques,masthead
2002-04-24,2002-04-24_r07_ESPECIAL,prosecretario,José D. Canata,masthead
2002-04-24,2002-04-24_r07_ESPECIAL,prosecretario,Juan J. Canals,masthead
2002-04-24,2002-04-24_r07_ESPECIAL,secretario,Jorge Horacio Amarfil,masthead
2002-04-24,2002-04-24_r07_ESPECIAL,secretario,Juan Carlos Oyarzún,masthead
2002-05-08,2002-05-08_r08_ORDINARIA,presidente provisional,Juan Carlos Maqueda,masthead
2002-05-08,2002-05-08_r08_ORDINARIA,prosecretario,Alfredo A. Luques,masthead
2002-05-08,2002-05-08_r08_ORDINARIA,prosecretario,José D. Canata,masthead
2002-05-08,2002-05-08_r08_ORDINARIA,prosecretario,Juan J. Canals,masthead
2002-05-08,2002-05-08_r08_ORDINARIA,secretario,Jorge Horacio Amarfil,masthead
2002-05-08,2002-05-08_r08_ORDINARIA,secretario,Juan Carlos Oyarzún,masthead
2002-05-09,2002-05-09_r09_ORDINARIA,presidente provisional,Juan Carlos Maqueda,masthead
2002-05-09,2002-05-09_r09_ORDINARIA,prosecretario,Alfredo A. Luques,masthead
2002-05-09,2002-05-09_r09_ORDINARIA,prosecretario,José D. Canata,masthead
2002-05-09,2002-05-09_r09_ORDINARIA,prosecretario,Juan J. Canals,masthead
2002-05-09,2002-05-09_r09_ORDINARIA,secretario,Jorge Horacio Amarfil,masthead
2002-05-09,2002-05-09_r09_ORDINARIA,secretario,Juan Carlos Oyarzún,masthead
2002-05-15,2002-05-15_r10_ORDINARIA,presidente provisional,Juan Carlos Maqueda,masthead
2002-05-15,2002-05-15_r10_ORDINARIA,prosecretario,Alfredo A. Luques,masthead
2002-05-15,2002-05-15_r10_ORDINARIA,prosecretario,José D. Canata,masthead
2002-05-15,2002-05-15_r10_ORDINARIA,prosecretario,Juan J. Canals,masthead
2002-05-15,2002-05-15_r10_ORDINARIA,secretario,Jorge Horacio Amarfil,masthead
2002-05-15,2002-05-15_r10_ORDINARIA,secretario,Juan Carlos Oyarzún,masthead
2002-05-15,2002-05-15_r10_ORDINARIA,vicepresidente,Marcelo Eduardo López Arias,masthead
2002-05-23,2002-05-23_r11_ORDINARIA,presidente provisional,Juan Carlos Maqueda,masthead
2002-05-23,2002-05-23_r11_ORDINARIA,prosecretario,Alfredo A. Luques,masthead
2002-05-23,2002-05-23_r11_ORDINARIA,prosecretario,José D. Canata,masthead
2002-05-23,2002-05-23_r11_ORDINARIA,prosecretario,Juan J. Canals,masthead
2002-05-23,2002-05-23_r11_ORDINARIA,secretario,Jorge Horacio Amarfil,masthead
2002-05-23,2002-05-23_r11_ORDINARIA,secretario,Juan Carlos Oyarzún,masthead
2002-05-28,2002-05-28_r12_EN_MINORIA,presidente provisional,Juan Carlos Maqueda,masthead
2002-05-28,2002-05-28_r12_EN_MINORIA,prosecretario,Alfredo A. Luques,masthead
2002-05-28,2002-05-28_r12_EN_MINORIA,prosecretario,José D. Canata,masthead
2002-05-28,2002-05-28_r12_EN_MINORIA,prosecretario,Juan J. Canals,masthead
2002-05-28,2002-05-28_r12_EN_MINORIA,secretario,Jorge Horacio Amarfil,masthead
2002-05-28,2002-05-28_r12_EN_MINORIA,secretario,Juan Carlos Oyarzún,masthead
2002-05-30,2002-05-30_r13_ORDINARIA,presidente provisional,Juan Carlos Maqueda,masthead
2002-05-30,2002-05-30_r13_ORDINARIA,prosecretario,Alfredo A. Luques,masthead
2002-05-30,2002-05-30_r13_ORDINARIA,prosecretario,José D. Canata,masthead
2002-05-30,2002-05-30_r13_ORDINARIA,prosecretario,Juan J. Canals,masthead
2002-05-30,2002-05-30_r13_ORDINARIA,secretario,Jorge Horacio Amarfil,masthead
2002-05-30,2002-05-30_r13_ORDINARIA,secretario,Juan Carlos Oyarzún,masthead
2002-06-12,2002-06-12_r14_ORDINARIA,prosecretario,Alfredo A. Luques,masthead
2002-06-12,2002-06-12_r14_ORDINARIA,prosecretario,José D. Canata,masthead
2002-06-12,2002-06-12_r14_ORDINARIA,prosecretario,Juan J. Canals,masthead
2002-06-12,2002-06-12_r14_ORDINARIA,secretario,Jorge Horacio Amarfil,masthead
2002-06-12,2002-06-12_r14_ORDINARIA,secretario,Juan Carlos Oyarzún,masthead
2002-07-03,2002-07-03_r15_ORDINARIA,presidente provisional,Juan Carlos Maqueda,masthead
2002-07-03,2002-07-03_r15_ORDINARIA,prosecretario,Alfredo A. Luques,masthead
2002-07-03,2002-07-03_r15_ORDINARIA,prosecretario,José D. Canata,masthead
2002-07-03,2002-07-03_r15_ORDINARIA,prosecretario,Juan J. Canals,masthead
2002-07-03,2002-07-03_r15_ORDINARIA,secretario,Jorge Horacio Amarfil,masthead
2002-07-03,2002-07-03_r15_ORDINARIA,secretario,Juan Carlos Oyarzún,masthead
2002-07-03,2002-07-03_r15_ORDINARIA,vicepresidente,Marcelo Eduardo López Arias,masthead
2002-07-11,2002-07-11_r16_ESPECIAL,prosecretario,Alfredo A. Luques,masthead
2002-07-11,2002-07-11_r16_ESPECIAL,prosecretario,José D. Canata,masthead
2002-07-11,2002-07-11_r16_ESPECIAL,prosecretario,Juan J. Canals,masthead
2002-07-11,2002-07-11_r16_ESPECIAL,secretario,Jorge Horacio Amarfil,masthead
2002-07-11,2002-07-11_r16_ESPECIAL,secretario,Juan Carlos Oyarzún,masthead
2002-07-11,2002-07-11_r16_ESPECIAL,vicepresidente,Marcelo Eduardo López Arias,masthead
2002-08-01,2002-08-01_r17_ORDINARIA,presidente provisional,Juan Carlos Maqueda,masthead
2002-08-01,2002-08-01_r17_ORDINARIA,prosecretario,Alfredo A. Luques,masthead
2002-08-01,2002-08-01_r17_ORDINARIA,prosecretario,José D. Canata,masthead
2002-08-01,2002-08-01_r17_ORDINARIA,prosecretario,Juan J. Canals,masthead
2002-08-01,2002-08-01_r17_ORDINARIA,secretario,Jorge Horacio Amarfil,masthead
2002-08-01,2002-08-01_r17_ORDINARIA,secretario,Juan Carlos Oyarzún,masthead
2002-08-01,2002-08-01_r17_ORDINARIA,vicepresidente,Marcelo Eduardo López Arias,masthead
2002-08-08,2002-08-08_r18_EN_MINORIA,presidente provisional,Juan Carlos Maqueda,masthead
2002-08-08,2002-08-08_r18_EN_MINORIA,prosecretario,Alfredo A. Luques,masthead
2002-08-08,2002-08-08_r18_EN_MINORIA,prosecretario,José D. Canata,masthead
2002-08-08,2002-08-08_r18_EN_MINORIA,prosecretario,Juan J. Canals,masthead
2002-08-08,2002-08-08_r18_EN_MINORIA,secretario,Jorge Horacio Amarfil,masthead
2002-08-08,2002-08-08_r18_EN_MINORIA,secretario,Juan Carlos Oyarzún,masthead
2002-08-15,2002-08-15_r19_ORDINARIA,presidente provisional,Juan Carlos Maqueda,masthead
2002-08-15,2002-08-15_r19_ORDINARIA,prosecretario,Alfredo A. Luques,masthead
2002-08-15,2002-08-15_r19_ORDINARIA,prosecretario,José D. Canata,masthead
2002-08-15,2002-08-15_r19_ORDINARIA,prosecretario,Juan J. Canals,masthead
2002-08-15,2002-08-15_r19_ORDINARIA,secretario,Jorge Horacio Amarfil,masthead
2002-08-15,2002-08-15_r19_ORDINARIA,secretario,Juan Carlos Oyarzún,masthead
2002-08-15,2002-08-15_r19_ORDINARIA,vicepresidente 1°,Raúl Baglini,masthead
2002-08-22,2002-08-22_r20_EN_MINORIA,prosecretario,Alfredo A. Luques,masthead
2002-08-22,2002-08-22_r20_EN_MINORIA,prosecretario,José D. Canata,masthead
2002-08-22,2002-08-22_r20_EN_MINORIA,prosecretario,Juan J. Canals,masthead
2002-08-22,2002-08-22_r20_EN_MINORIA,secretario,Jorge Horacio Amarfil,masthead
2002-08-22,2002-08-22_r20_EN_MINORIA,secretario,Juan Carlos Oyarzún,masthead
2002-08-22,2002-08-22_r20_EN_MINORIA,vicepresidente,Marcelo Eduardo López Arias,masthead
2002-08-28,2002-08-28_r21_ORDINARIA,prosecretario,Alfredo A. Luques,masthead
2002-08-28,2002-08-28_r21_ORDINARIA,prosecretario,José D. Canata,masthead
2002-08-28,2002-08-28_r21_ORDINARIA,prosecretario,Juan J. Canals,masthead
2002-08-28,2002-08-28_r21_ORDINARIA,secretario,Jorge Horacio Amarfil,masthead
2002-08-28,2002-08-28_r21_ORDINARIA,secretario,Juan Carlos Oyarzún,masthead
2002-08-28,2002-08-28_r21_ORDINARIA,vicepresidente,Marcelo Eduardo López Arias,masthead
2002-09-04,2002-09-04_r22_ORDINARIA,prosecretario,Alfredo A. Luques,masthead
2002-09-04,2002-09-04_r22_ORDINARIA,prosecretario,José D. Canata,masthead
2002-09-04,2002-09-04_r22_ORDINARIA,prosecretario,Juan J. Canals,masthead
2002-09-04,2002-09-04_r22_ORDINARIA,secretario,Jorge Horacio Amarfil,masthead
2002-09-04,2002-09-04_r22_ORDINARIA,secretario,Juan Carlos Oyarzún,masthead
2002-09-04,2002-09-04_r22_ORDINARIA,vicepresidente,Marcelo Eduardo López Arias,masthead
2002-09-04,2002-09-04_r22_ORDINARIA,vicepresidente 2°,Pedro Salvatori,masthead
2002-09-11,2002-09-11_r23_ORDINARIA,presidente provisional,Juan Carlos Maqueda,masthead
2002-09-11,2002-09-11_r23_ORDINARIA,prosecretario,Alfredo A. Luques,masthead
2002-09-11,2002-09-11_r23_ORDINARIA,prosecretario,José D. Canata,masthead
2002-09-11,2002-09-11_r23_ORDINARIA,prosecretario,Juan J. Canals,masthead
2002-09-11,2002-09-11_r23_ORDINARIA,secretario,Jorge Horacio Amarfil,masthead
2002-09-11,2002-09-11_r23_ORDINARIA,secretario,Juan Carlos Oyarzún,masthead
2002-09-11,2002-09-11_r23_ORDINARIA,vicepresidente,Marcelo Eduardo López Arias,masthead
2002-09-18,2002-09-18_r24_ORDINARIA,presidente provisional,Juan Carlos Maqueda,masthead
2002-09-18,2002-09-18_r24_ORDINARIA,prosecretario,Alfredo A. Luques,masthead
2002-09-18,2002-09-18_r24_ORDINARIA,prosecretario,José D. Canata,masthead
2002-09-18,2002-09-18_r24_ORDINARIA,prosecretario,Juan J. Canals,masthead
2002-09-18,2002-09-18_r24_ORDINARIA,secretario,Jorge Horacio Amarfil,masthead
2002-09-18,2002-09-18_r24_ORDINARIA,secretario,Juan Carlos Oyarzún,masthead
2002-09-18,2002-09-18_r24_ORDINARIA,vicepresidente,Marcelo Eduardo López Arias,masthead
2002-09-25,2002-09-25_r25_ORDINARIA,prosecretario,Alfredo A. Luques,masthead
2002-09-25,2002-09-25_r25_ORDINARIA,prosecretario,José D. Canata,masthead
2002-09-25,2002-09-25_r25_ORDINARIA,prosecretario,Juan J. Canals,masthead
2002-09-25,2002-09-25_r25_ORDINARIA,secretario,Jorge Horacio Amarfil,masthead
2002-09-25,2002-09-25_r25_ORDINARIA,vicepresidente,Marcelo Eduardo López Arias,masthead
2002-09-25,2002-09-25_r25_ORDINARIA,vicepresidente 1°,Raúl Baglini,masthead
2002-10-02,2002-10-02_r26_ESPECIAL,presidente provisional,Juan Carlos Maqueda,masthead
2002-10-02,2002-10-02_r26_ESPECIAL,prosecretario,Alfredo A. Luques,masthead
2002-10-02,2002-10-02_r26_ESPECIAL,prosecretario,José D. Canata,masthead
2002-10-02,2002-10-02_r26_ESPECIAL,prosecretario,Juan J. Canals,masthead
2002-10-02,2002-10-02_r26_ESPECIAL,secretario,Jorge Horacio Amarfil,masthead
2002-10-02,2002-10-02_r26_ESPECIAL,secretario,Juan Carlos Oyarzún,masthead
2002-10-02,2002-10-02_r26_ESPECIAL,vicepresidente 2°,Pedro Salvatori,masthead
2002-10-09,2002-10-09_r27_ESPECIAL,presidente provisional,Juan Carlos Maqueda,masthead
2002-10-09,2002-10-09_r27_ESPECIAL,prosecretario,Alfredo A. Luques,masthead
2002-10-09,2002-10-09_r27_ESPECIAL,prosecretario,José D. Canata,masthead
2002-10-09,2002-10-09_r27_ESPECIAL,prosecretario,Juan J. Canals,masthead
2002-10-09,2002-10-09_r27_ESPECIAL,secretario,Jorge Horacio Amarfil,masthead
2002-10-09,2002-10-09_r27_ESPECIAL,secretario,Juan Carlos Oyarzún,masthead
2002-10-09,2002-10-09_r27_ESPECIAL,vicepresidente,Marcelo E. López Árias,masthead
2002-10-09,2002-10-09_r27_ESPECIAL,vicepresidente 1°,Raúl E. Baglini,masthead
2002-10-16,2002-10-16_r28_ESPECIAL,presidente provisional,Juan Carlos Maqueda,masthead
2002-10-16,2002-10-16_r28_ESPECIAL,prosecretario,Alfredo A. Luques,masthead
2002-10-16,2002-10-16_r28_ESPECIAL,prosecretario,José D. Canata,masthead
2002-10-16,2002-10-16_r28_ESPECIAL,prosecretario,Juan J. Canals,masthead
2002-10-16,2002-10-16_r28_ESPECIAL,secretario,Jorge Horacio Amarfil,masthead
2002-10-16,2002-10-16_r28_ESPECIAL,secretario,Juan Carlos Oyarzún,masthead
2002-10-23,2002-10-23_r29_ESPECIAL,presidente provisional,Juan Carlos Maqueda,masthead
2002-10-23,2002-10-23_r30_ORDINARIA,presidente provisional,Juan Carlos Maqueda,masthead
2002-10-23,2002-10-23_r29_ESPECIAL,prosecretario,Alfredo A. Luques,masthead
2002-10-23,2002-10-23_r30_ORDINARIA,prosecretario,Alfredo A. Luques,masthead
2002-10-23,2002-10-23_r29_ESPECIAL,prosecretario,José D. Canata,masthead
2002-10-23,2002-10-23_r30_ORDINARIA,prosecretario,José D. Canata,masthead
2002-10-23,2002-10-23_r29_ESPECIAL,prosecretario,Juan J. Canals,masthead
2002-10-23,2002-10-23_r30_ORDINARIA,prosecretario,Juan J. Canals,masthead
2002-10-23,2002-10-23_r29_ESPECIAL,secretario,Jorge Horacio Amarfil,masthead
2002-10-23,2002-10-23_r30_ORDINARIA,secretario,Jorge Horacio Amarfil,masthead
2002-10-23,2002-10-23_r29_ESPECIAL,secretario,Juan Carlos Oyarzún,masthead
2002-10-23,2002-10-23_r30_ORDINARIA,secretario,Juan Carlos Oyarzún,masthead
2002-10-30,2002-10-30_r31_ORDINARIA,presidente provisional,Juan Carlos Maqueda,masthead
2002-10-30,2002-10-30_r31_ORDINARIA,prosecretario,Alfredo A. Luques,masthead
2002-10-30,2002-10-30_r31_ORDINARIA,prosecretario,José D. Canata,masthead
2002-10-30,2002-10-30_r31_ORDINARIA,prosecretario,Juan J. Canals,masthead
2002-10-30,2002-10-30_r31_ORDINARIA,secretario,Jorge Horacio Amarfil,masthead
2002-10-30,2002-10-30_r31_ORDINARIA,secretario,Juan Carlos Oyarzún,masthead
2002-10-30,2002-10-30_r31_ORDINARIA,vicepresidente,Marcelo Eduardo López Arias,masthead
2002-11-06,2002-11-06_r32_ESPECIAL,presidente provisional,Juan Carlos Maqueda,masthead
2002-11-06,2002-11-06_r33_ORDINARIA,presidente provisional,Juan Carlos Maqueda,masthead
2002-11-06,2002-11-06_r32_ESPECIAL,prosecretario,Alfredo A. Luques,masthead
2002-11-06,2002-11-06_r33_ORDINARIA,prosecretario,Alfredo A. Luques,masthead
2002-11-06,2002-11-06_r32_ESPECIAL,prosecretario,José D. Canata,masthead
2002-11-06,2002-11-06_r33_ORDINARIA,prosecretario,José D. Canata,masthead
2002-11-06,2002-11-06_r32_ESPECIAL,prosecretario,Juan J. Canals,masthead
2002-11-06,2002-11-06_r33_ORDINARIA,prosecretario,Juan J. Canals,masthead
2002-11-06,2002-11-06_r32_ESPECIAL,secretario,Jorge Horacio Amarfil,masthead
2002-11-06,2002-11-06_r33_ORDINARIA,secretario,Jorge Horacio Amarfil,masthead
2002-11-06,2002-11-06_r32_ESPECIAL,secretario,Juan Carlos Oyarzún,masthead
2002-11-06,2002-11-06_r33_ORDINARIA,secretario,Juan Carlos Oyarzún,masthead
2002-11-06,2002-11-06_r33_ORDINARIA,vicepresidente,Marcelo Eduardo López Arias,masthead
2002-11-06,2002-11-06_r33_ORDINARIA,vicepresidente 1°,Raúl Baglini,masthead
2002-11-13,2002-11-13_r34_ESPECIAL,prosecretario,Alfredo A. Luques,masthead
2002-11-13,2002-11-13_r34_ESPECIAL,prosecretario,José D. Canata,masthead
2002-11-13,2002-11-13_r34_ESPECIAL,prosecretario,Juan J. Canals,masthead
2002-11-13,2002-11-13_r34_ESPECIAL,secretario,Jorge Horacio Amarfil,masthead
2002-11-13,2002-11-13_r34_ESPECIAL,secretario,Juan Carlos Oyarzún,masthead
2002-11-13,2002-11-13_r34_ESPECIAL,vicepresidente,Marcelo Eduardo López Arias,masthead
2002-11-13,2002-11-13_r34_ESPECIAL,vicepresidente 1°,Raúl Baglini,masthead
2002-11-13,2002-11-13_r34_ESPECIAL,vicepresidente 2°,Pedro Salvatori,masthead
2002-11-21,2002-11-21_r35_ORDINARIA,presidente provisional,Juan Carlos Maqueda,masthead
2002-11-21,2002-11-21_r35_ORDINARIA,prosecretario,Alfredo A. Luques,masthead
2002-11-21,2002-11-21_r35_ORDINARIA,prosecretario,José D. Canata,masthead
2002-11-21,2002-11-21_r35_ORDINARIA,prosecretario,Juan J. Canals,masthead
2002-11-21,2002-11-21_r35_ORDINARIA,secretario,Jorge Horacio Amarfil,masthead
2002-11-21,2002-11-21_r35_ORDINARIA,secretario,Juan Carlos Oyarzún,masthead
2002-11-27,2002-11-27_r36_ORDINARIA,presidente provisional,Juan Carlos Maqueda,masthead
2002-11-27,2002-11-27_r37_ORDINARIA,presidente provisional,Juan Carlos Maqueda,masthead
2002-11-27,2002-11-27_r36_ORDINARIA,prosecretario,Alfredo A. Luques,masthead
2002-11-27,2002-11-27_r37_ORDINARIA,prosecretario,Alfredo A. Luques,masthead
2002-11-27,2002-11-27_r36_ORDINARIA,prosecretario,José D. Canata,masthead
2002-11-27,2002-11-27_r37_ORDINARIA,prosecretario,José D. Canata,masthead
2002-11-27,2002-11-27_r36_ORDINARIA,prosecretario,Juan J. Canals,masthead
2002-11-27,2002-11-27_r37_ORDINARIA,prosecretario,Juan J. Canals,masthead
2002-11-27,2002-11-27_r36_ORDINARIA,secretario,Jorge Horacio Amarfil,masthead
2002-11-27,2002-11-27_r37_ORDINARIA,secretario,Jorge Horacio Amarfil,masthead
2002-11-27,2002-11-27_r36_ORDINARIA,secretario,Juan Carlos Oyarzún,masthead
2002-11-27,2002-11-27_r37_ORDINARIA,secretario,Juan Carlos Oyarzún,masthead
2002-11-27,2002-11-27_r37_ORDINARIA,vicepresidente,Marcelo Eduardo López Arias,masthead
2002-11-27,2002-11-27_r37_ORDINARIA,vicepresidente 1°,Raúl Baglini,masthead
2002-11-28,2002-11-28_r38_ORDINARIA,presidente provisional,Juan Carlos Maqueda,masthead
2002-11-28,2002-11-28_r38_ORDINARIA,prosecretario,Alfredo A. Luques,masthead
2002-11-28,2002-11-28_r38_ORDINARIA,prosecretario,José D. Canata,masthead
2002-11-28,2002-11-28_r38_ORDINARIA,prosecretario,Juan J. Canals,masthead
2002-11-28,2002-11-28_r38_ORDINARIA,secretario,Jorge Horacio Amarfil,masthead
2002-11-28,2002-11-28_r38_ORDINARIA,secretario,Juan Carlos Oyarzún,masthead
2002-11-28,2002-11-28_r38_ORDINARIA,vicepresidente 1°,Raúl Baglini,masthead
2002-12-18,2002-12-18_r39_EXTRAORDINARIA,prosecretario,Alfredo A. Luques,masthead
2002-12-18,2002-12-18_r39_EXTRAORDINARIA,prosecretario,José D. Canata,masthead
2002-12-18,2002-12-18_r39_EXTRAORDINARIA,prosecretario,Juan J. Canals,masthead
2002-12-18,2002-12-18_r39_EXTRAORDINARIA,secretario,Jorge Horacio Amarfil,masthead
2002-12-18,2002-12-18_r39_EXTRAORDINARIA,secretario,Juan Carlos Oyarzún,masthead
2002-12-18,2002-12-18_r39_EXTRAORDINARIA,vicepresidente,Marcelo Eduardo López Arias,masthead
2002-12-26,2002-12-26_r40_EXTRAORDINARIA,presidente provisional,José Luis Gioja,masthead
2002-12-26,2002-12-26_r40_EXTRAORDINARIA,prosecretario,Alfredo A. Luques,masthead
2002-12-26,2002-12-26_r40_EXTRAORDINARIA,prosecretario,José D. Canata,masthead
2002-12-26,2002-12-26_r40_EXTRAORDINARIA,prosecretario,Juan J. Canals,masthead
2002-12-26,2002-12-26_r40_EXTRAORDINARIA,secretario,Jorge Horacio Amarfil,masthead
2002-12-26,2002-12-26_r40_EXTRAORDINARIA,secretario,Juan Carlos Oyarzún,masthead
2002-12-26,2002-12-26_r40_EXTRAORDINARIA,vicepresidente 1°,Raúl Baglini,masthead
2003-02-26,2003-02-26_r41_EXTRAORDINARIA,presidente provisional,José Luis Gioja,masthead
2003-02-26,2003-02-26_r41_EXTRAORDINARIA,prosecretario,Alfredo A. Luques,masthead
2003-02-26,2003-02-26_r41_EXTRAORDINARIA,prosecretario,José D. Canata,masthead
2003-02-26,2003-02-26_r41_EXTRAORDINARIA,prosecretario,Juan J. Canals,masthead
2003-02-26,2003-02-26_r41_EXTRAORDINARIA,secretario,Jorge Horacio Amarfil,masthead
2003-02-26,2003-02-26_r41_EXTRAORDINARIA,secretario,Juan Carlos Oyarzún,masthead
2003-02-26,2003-02-26_r41_EXTRAORDINARIA,vicepresidente,Marcelo Eduardo López Arias,masthead
2003-02-27,2003-02-27_r01_PREPARATORIA,presidente provisional,José Luis Gioja,masthead
2003-02-27,2003-02-27_r01_PREPARATORIA,prosecretario,Alfredo A. Luques,masthead
2003-02-27,2003-02-27_r01_PREPARATORIA,prosecretario,José D. Canata,masthead
2003-02-27,2003-02-27_r01_PREPARATORIA,prosecretario,Juan J. Canals,masthead
2003-02-27,2003-02-27_r01_PREPARATORIA,secretario,Jorge Horacio Amarfil,masthead
2003-02-27,2003-02-27_r01_PREPARATORIA,secretario,Juan Carlos Oyarzún,masthead
2003-02-27,2003-02-27_r01_PREPARATORIA,vicepresidente,Marcelo Eduardo López Arias,masthead
2003-03-01,2003-03-01_r00_ASAMBLEA,presidente de la honorable camara de diputados,Eduardo Oscar Camaño,masthead
2003-03-01,2003-03-01_r00_ASAMBLEA,secretario,Eduardo Daniel Rollano,masthead
2003-03-01,2003-03-01_r00_ASAMBLEA,secretario,Juan Carlos Oyarzún,masthead
2003-03-01,2003-03-01_r00_ASAMBLEA,vicepresidente de la nacion,José Luis Gioja,masthead
2003-03-06,2003-03-06_r02_ORDINARIA,presidente provisional,José Luis Gioja,masthead
2003-03-06,2003-03-06_r02_ORDINARIA,prosecretario,Alfredo A. Luques,masthead
2003-03-06,2003-03-06_r02_ORDINARIA,prosecretario,José D. Canata,masthead
2003-03-06,2003-03-06_r02_ORDINARIA,prosecretario,Juan J. Canals,masthead
2003-03-06,2003-03-06_r02_ORDINARIA,secretario,Jorge Horacio Amarfil,masthead
2003-03-06,2003-03-06_r02_ORDINARIA,secretario,Juan Carlos Oyarzún,masthead
2003-03-06,2003-03-06_r02_ORDINARIA,vicepresidente,Marcelo Eduardo López Arias,masthead
2003-03-12,2003-03-12_r03_ORDINARIA,presidente provisional,Ingeniero,masthead
2003-03-12,2003-03-12_r03_ORDINARIA,secretario,Jorge Horacio Amarfil,masthead
2003-03-12,2003-03-12_r03_ORDINARIA,secretario,Juan Carlos Oyarzún,masthead
2003-03-13,2003-03-13_r04_ORDINARIA,presidente provisional,José Luis Gioja,masthead
2003-03-13,2003-03-13_r04_ORDINARIA,prosecretario,Alfredo A. Luques,masthead
2003-03-13,2003-03-13_r04_ORDINARIA,prosecretario,José D. Canata,masthead
2003-03-13,2003-03-13_r04_ORDINARIA,prosecretario,Juan J. Canals,masthead
2003-03-13,2003-03-13_r04_ORDINARIA,secretario,Jorge Horacio Amarfil,masthead
2003-03-13,2003-03-13_r04_ORDINARIA,secretario,Juan Carlos Oyarzún,masthead
2003-03-26,2003-03-26_r05_ORDINARIA,presidente provisional,José Luis Gioja,masthead
2003-03-26,2003-03-26_r05_ORDINARIA,prosecretario,Alfredo A. Luques,masthead
2003-03-26,2003-03-26_r05_ORDINARIA,prosecretario,José D. Canata,masthead
2003-03-26,2003-03-26_r05_ORDINARIA,prosecretario,Juan J. Canals,masthead
2003-03-26,2003-03-26_r05_ORDINARIA,secretario,Jorge Horacio Amarfil,masthead
2003-03-26,2003-03-26_r05_ORDINARIA,secretario,Juan Carlos Oyarzún,masthead
2003-03-26,2003-03-26_r05_ORDINARIA,vicepresidente,Marcelo Eduardo López Arias,masthead
2003-04-09,2003-04-09_r06_ORDINARIA,prosecretario,Alfredo A. Luques,masthead
2003-04-09,2003-04-09_r06_ORDINARIA,prosecretario,José D. Canata,masthead
2003-04-09,2003-04-09_r06_ORDINARIA,prosecretario,Juan J. Canals,masthead
2003-04-09,2003-04-09_r06_ORDINARIA,secretario,Jorge Horacio Amarfil,masthead
2003-04-09,2003-04-09_r06_ORDINARIA,secretario,Juan Carlos Oyarzún,masthead
2003-04-09,2003-04-09_r06_ORDINARIA,vicepresidente,Marcelo Eduardo López Arias,masthead
2003-05-07,2003-05-07_r07_ESPECIAL,presidente provisional,José Luis Gioja,masthead
2003-05-07,2003-05-07_r08_ORDINARIA,presidente provisional,José Luis Gioja,masthead
2003-05-07,2003-05-07_r07_ESPECIAL,prosecretario,Alfredo A. Luques,masthead
2003-05-07,2003-05-07_r08_ORDINARIA,prosecretario,Alfredo A. Luques,masthead
2003-05-07,2003-05-07_r07_ESPECIAL,prosecretario,José D. Canata,masthead
2003-05-07,2003-05-07_r08_ORDINARIA,prosecretario,José D. Canata,masthead
2003-05-07,2003-05-07_r07_ESPECIAL,prosecretario,Juan J. Canals,masthead
2003-05-07,2003-05-07_r08_ORDINARIA,prosecretario,Juan J. Canals,masthead
2003-05-07,2003-05-07_r07_ESPECIAL,secretario,Jorge Horacio Amarfil,masthead
2003-05-07,2003-05-07_r08_ORDINARIA,secretario,Jorge Horacio Amarfil,masthead
2003-05-07,2003-05-07_r07_ESPECIAL,secretario,Juan Carlos Oyarzún,masthead
2003-05-07,2003-05-07_r08_ORDINARIA,secretario,Juan Carlos Oyarzún,masthead
2003-05-08,2003-05-08_r00_ASAMBLEA,presidente de la honorable camara de diputados,Eduardo Oscar Camaño,masthead
2003-05-08,2003-05-08_r00_ASAMBLEA,presidente provisional,José Luis Gioja,masthead
2003-05-08,2003-05-08_r00_ASAMBLEA,secretario,Eduardo Daniel Rollano,masthead
2003-05-08,2003-05-08_r00_ASAMBLEA,secretario,Juan Carlos Oyarzún,masthead
2003-05-25,2003-05-25_r00_ASAMBLEA,presidente de la honorable camara de diputados,Eduardo Oscar Camaño,masthead
2003-05-25,2003-05-25_r00_ASAMBLEA,secretario,Eduardo Daniel Rollano,masthead
2003-05-25,2003-05-25_r00_ASAMBLEA,secretario,Juan Carlos Oyarzún,masthead
2003-05-28,2003-05-28_r09_ORDINARIA,prosecretario,Alfredo A. Luques,masthead
2003-05-28,2003-05-28_r09_ORDINARIA,prosecretario,José D. Canata,masthead
2003-05-28,2003-05-28_r09_ORDINARIA,prosecretario,Juan J. Canals,masthead
2003-05-28,2003-05-28_r09_ORDINARIA,vicepresidente,Marcelo Eduardo López Arias,masthead
2003-05-28,2003-05-28_r09_ORDINARIA,vicepresidente de la nacion,Daniel Osvaldo Scioli,masthead
2003-06-04,2003-06-04_r10_ORDINARIA,presidente provisional,José Luis Gioja,masthead
2003-06-04,2003-06-04_r10_ORDINARIA,prosecretario,Alfredo A. Luques,masthead
2003-06-04,2003-06-04_r10_ORDINARIA,prosecretario,José D. Canata,masthead
2003-06-04,2003-06-04_r10_ORDINARIA,prosecretario,Juan J. Canals,masthead
2003-06-04,2003-06-04_r10_ORDINARIA,secretario,Carlos AlbertoMachiaroli,masthead
2003-06-04,2003-06-04_r10_ORDINARIA,secretario,JuanHéctor Estrada,masthead
2003-06-11,2003-06-11_r11_ORDINARIA,prosecretario,Alfredo A. Luques,masthead
2003-06-11,2003-06-11_r11_ORDINARIA,prosecretario,José D. Canata,masthead
2003-06-11,2003-06-11_r11_ORDINARIA,prosecretario,Juan J. Canals,masthead
2003-06-11,2003-06-11_r11_ORDINARIA,secretario,Carlos Alberto Machiaroli,masthead
2003-06-11,2003-06-11_r11_ORDINARIA,secretario,Juan Héctor Estrada,masthead
2003-06-11,2003-06-11_r11_ORDINARIA,vicepresidente,Marcelo Eduardo López Arias,masthead
2003-06-18,2003-06-18_r12_ORDINARIA,presidente provisional,José Luis Gioja,masthead
2003-06-18,2003-06-18_r12_ORDINARIA,prosecretario,Alfredo A. Luques,masthead
2003-06-18,2003-06-18_r12_ORDINARIA,prosecretario,José D. Canata,masthead
2003-06-18,2003-06-18_r12_ORDINARIA,prosecretario,Juan J. Canals,masthead
2003-06-18,2003-06-18_r12_ORDINARIA,secretario,Carlos Alberto Machiaroli,masthead
2003-06-18,2003-06-18_r12_ORDINARIA,secretario,Juan Héctor Estrada,masthead
2003-06-18,2003-06-18_r12_ORDINARIA,vicepresidente,Marcelo Eduardo López Arias,masthead
2003-06-18,2003-06-18_r12_ORDINARIA,vicepresidente de la nacion,Daniel Osvaldo Scioli,masthead
2003-06-25,2003-06-25_r13_ESPECIAL,presidente provisional,José Luis Gioja,masthead
2003-06-25,2003-06-25_r13_ESPECIAL,prosecretario,Alfredo A. Luques,masthead
2003-06-25,2003-06-25_r13_ESPECIAL,prosecretario,José D. Canata,masthead
2003-06-25,2003-06-25_r13_ESPECIAL,prosecretario,Juan J. Canals,masthead
2003-06-25,2003-06-25_r13_ESPECIAL,secretario,Carlos Alberto Machiaroli,masthead
2003-06-25,2003-06-25_r13_ESPECIAL,secretario,Juan Héctor Estrada,masthead
2003-06-25,2003-06-25_r13_ESPECIAL,vicepresidente,Marcelo Eduardo López Arias,masthead
2003-07-02,2003-07-02_r14_ORDINARIA,presidente provisional,José Luis Gioja,masthead
2003-07-02,2003-07-02_r14_ORDINARIA,prosecretario,Alfredo A. Luques,masthead
2003-07-02,2003-07-02_r14_ORDINARIA,prosecretario,José D. Canata,masthead
2003-07-02,2003-07-02_r14_ORDINARIA,prosecretario,Juan J. Canals,masthead
2003-07-02,2003-07-02_r14_ORDINARIA,secretario,Carlos AlbertoMachiaroli,masthead
2003-07-02,2003-07-02_r14_ORDINARIA,secretario,JuanHéctor Estrada,masthead
2003-07-02,2003-07-02_r14_ORDINARIA,vicepresidente,Marcelo Eduardo López Arias,masthead
2003-07-02,2003-07-02_r14_ORDINARIA,vicepresidente 2°,Pedro Salvatori,masthead
2003-07-23,2003-07-23_r15_ORDINARIA,presidente provisional,José Luis Gioja,masthead
2003-07-23,2003-07-23_r15_ORDINARIA,prosecretario,Alfredo A. Luques,masthead
2003-07-23,2003-07-23_r15_ORDINARIA,prosecretario,José D. Canata,masthead
2003-07-23,2003-07-23_r15_ORDINARIA,prosecretario,Juan J. Canals,masthead
2003-07-23,2003-07-23_r15_ORDINARIA,secretario,Carlos Alberto Machiaroli,masthead
2003-07-23,2003-07-23_r15_ORDINARIA,secretario,Juan Héctor Estrada,masthead
2003-07-23,2003-07-23_r15_ORDINARIA,vicepresidente,Marcelo Eduardo López Arias,masthead
2003-08-06,2003-08-06_r16_ORDINARIA,presidente provisional,José Luis Gioja,masthead
2003-08-06,2003-08-06_r16_ORDINARIA,prosecretario,Alfredo A. Luques,masthead
2003-08-06,2003-08-06_r16_ORDINARIA,prosecretario,José D. Canata,masthead
2003-08-06,2003-08-06_r16_ORDINARIA,prosecretario,Juan J. Canals,masthead
2003-08-06,2003-08-06_r16_ORDINARIA,secretario,Carlos Alberto Machiaroli,masthead
2003-08-06,2003-08-06_r16_ORDINARIA,secretario,Juan Héctor Estrada,masthead
2003-08-06,2003-08-06_r16_ORDINARIA,vicepresidente,Marcelo Eduardo López Arias,masthead
2003-08-06,2003-08-06_r16_ORDINARIA,vicepresidente de la nacion,Daniel Osvaldo Scioli,masthead
2003-08-20,2003-08-20_r17_ORDINARIA,presidente provisional,José Luis Gioja,masthead
2003-08-20,2003-08-20_r18_TRIBUNAL_DE_JUICIO_POLITICO,prosecretario,Alfredo A. Luques,masthead
2003-08-20,2003-08-20_r17_ORDINARIA,prosecretario,Alfredo A. Luques,masthead
2003-08-20,2003-08-20_r18_TRIBUNAL_DE_JUICIO_POLITICO,prosecretario,José D. Canata,masthead
2003-08-20,2003-08-20_r17_ORDINARIA,prosecretario,José D. Canata,masthead
2003-08-20,2003-08-20_r18_TRIBUNAL_DE_JUICIO_POLITICO,prosecretario,Juan J. Canals,masthead
2003-08-20,2003-08-20_r17_ORDINARIA,prosecretario,Juan J. Canals,masthead
2003-08-20,2003-08-20_r18_TRIBUNAL_DE_JUICIO_POLITICO,secretario,Carlos Alberto Machiaroli,masthead
2003-08-20,2003-08-20_r17_ORDINARIA,secretario,Carlos Alberto Machiaroli,masthead
2003-08-20,2003-08-20_r18_TRIBUNAL_DE_JUICIO_POLITICO,secretario,Juan Héctor Estrada,masthead
2003-08-20,2003-08-20_r17_ORDINARIA,secretario,Juan Héctor Estrada,masthead
2003-08-20,2003-08-20_r17_ORDINARIA,vicepresidente,Marcelo Eduardo López Arias,masthead
2003-08-20,2003-08-20_r18_TRIBUNAL_DE_JUICIO_POLITICO,vicepresidente de la nacion,Daniel Osvaldo Scioli,masthead
2003-08-20,2003-08-20_r17_ORDINARIA,vicepresidente de la nacion,Daniel Osvaldo Scioli,masthead
2003-08-27,2003-08-27_r19_TRIBUNAL_DE_JUICIO_POLITICO,prosecretario,Alfredo A. Luques,masthead
2003-08-27,2003-08-27_r19_TRIBUNAL_DE_JUICIO_POLITICO,prosecretario,José D. Canata,masthead
2003-08-27,2003-08-27_r19_TRIBUNAL_DE_JUICIO_POLITICO,prosecretario,Juan J. Canals,masthead
2003-08-27,2003-08-27_r19_TRIBUNAL_DE_JUICIO_POLITICO,secretario,Carlos Alberto Machiaroli,masthead
2003-08-27,2003-08-27_r19_TRIBUNAL_DE_JUICIO_POLITICO,secretario,Juan Héctor Estrada,masthead
2003-08-27,2003-08-27_r19_TRIBUNAL_DE_JUICIO_POLITICO,vicepresidente de la nacion,Daniel Osvaldo Scioli,masthead
2003-08-28,2003-08-28_r00_ASAMBLEA,secretario,Eduardo Daniel Rollano,masthead
2003-08-28,2003-08-28_r00_ASAMBLEA,secretario,Juan Estrada,masthead
2003-08-28,2003-08-28_r00_ASAMBLEA,vicepresidente de la nacion,Daniel Osvaldo Scioli,masthead
2003-09-03,2003-09-03_r20_TRIBUNAL_DE_JUICIO_POLITICO,presidente provisional,José Luis Gioja,masthead
2003-09-03,2003-09-03_r21_ORDINARIA,prosecretario,Alfredo A. Luques,masthead
2003-09-03,2003-09-03_r20_TRIBUNAL_DE_JUICIO_POLITICO,prosecretario,Alfredo A. Luques,masthead
2003-09-03,2003-09-03_r21_ORDINARIA,prosecretario,José D. Canata,masthead
2003-09-03,2003-09-03_r20_TRIBUNAL_DE_JUICIO_POLITICO,prosecretario,José D. Canata,masthead
2003-09-03,2003-09-03_r21_ORDINARIA,prosecretario,Juan J. Canals,masthead
2003-09-03,2003-09-03_r20_TRIBUNAL_DE_JUICIO_POLITICO,prosecretario,Juan J. Canals,masthead
2003-09-03,2003-09-03_r21_ORDINARIA,secretario,Carlos Alberto Machiaroli,masthead
2003-09-03,2003-09-03_r20_TRIBUNAL_DE_JUICIO_POLITICO,secretario,Carlos Alberto Machiaroli,masthead
2003-09-03,2003-09-03_r21_ORDINARIA,secretario,Juan Héctor Estrada,masthead
2003-09-03,2003-09-03_r20_TRIBUNAL_DE_JUICIO_POLITICO,secretario,Juan Héctor Estrada,masthead
2003-09-03,2003-09-03_r20_TRIBUNAL_DE_JUICIO_POLITICO,vicepresidente,Marcelo Eduardo López Arias,masthead
2003-09-03,2003-09-03_r21_ORDINARIA,vicepresidente de la nacion,Daniel Osvaldo Scioli,masthead
2003-09-03,2003-09-03_r20_TRIBUNAL_DE_JUICIO_POLITICO,vicepresidente de la nacion,Daniel Osvaldo Scioli,masthead
2003-09-17,2003-09-17_r22_ORDINARIA,presidente provisional,José Luis Gioja,masthead
2003-09-17,2003-09-17_r22_ORDINARIA,prosecretario,Alfredo A. Luques,masthead
2003-09-17,2003-09-17_r22_ORDINARIA,prosecretario,José D. Canata,masthead
2003-09-17,2003-09-17_r22_ORDINARIA,prosecretario,Juan J. Canals,masthead
2003-09-17,2003-09-17_r22_ORDINARIA,secretario,Carlos Alberto Machiaroli,masthead
2003-09-17,2003-09-17_r22_ORDINARIA,secretario,Juan Héctor Estrada,masthead
2003-10-01,2003-10-01_r24_TRIBUNAL_DE_JUICIO_POLITICO,prosecretario,Alfredo A. Luques,masthead
2003-10-01,2003-10-01_r23_ORDINARIA,prosecretario,Alfredo A. Luques,masthead
2003-10-01,2003-10-01_r24_TRIBUNAL_DE_JUICIO_POLITICO,prosecretario,José D. Canata,masthead
2003-10-01,2003-10-01_r23_ORDINARIA,prosecretario,José D. Canata,masthead
2003-10-01,2003-10-01_r24_TRIBUNAL_DE_JUICIO_POLITICO,prosecretario,Juan J. Canals,masthead
2003-10-01,2003-10-01_r23_ORDINARIA,prosecretario,Juan J. Canals,masthead
2003-10-01,2003-10-01_r24_TRIBUNAL_DE_JUICIO_POLITICO,secretario,Carlos Alberto Machiaroli,masthead
2003-10-01,2003-10-01_r23_ORDINARIA,secretario,Carlos Alberto Machiaroli,masthead
2003-10-01,2003-10-01_r24_TRIBUNAL_DE_JUICIO_POLITICO,secretario,Juan Héctor Estrada,masthead
2003-10-01,2003-10-01_r23_ORDINARIA,secretario,Juan Héctor Estrada,masthead
2003-10-01,2003-10-01_r24_TRIBUNAL_DE_JUICIO_POLITICO,vicepresidente de la nacion,Daniel Osvaldo Scioli,masthead
2003-10-01,2003-10-01_r23_ORDINARIA,vicepresidente de la nacion,Daniel Osvaldo Scioli,masthead
2003-10-08,2003-10-08_r25_TRIBUNAL_DE_JUICIO_POLITICO,prosecretario,Alfredo A. Luques,masthead
2003-10-08,2003-10-08_r25_TRIBUNAL_DE_JUICIO_POLITICO,prosecretario,José D. Canata,masthead
2003-10-08,2003-10-08_r25_TRIBUNAL_DE_JUICIO_POLITICO,prosecretario,Juan J. Canals,masthead
2003-10-08,2003-10-08_r25_TRIBUNAL_DE_JUICIO_POLITICO,secretario,Carlos Alberto Machiaroli,masthead
2003-10-08,2003-10-08_r25_TRIBUNAL_DE_JUICIO_POLITICO,secretario,Juan Héctor Estrada,masthead
2003-10-08,2003-10-08_r25_TRIBUNAL_DE_JUICIO_POLITICO,vicepresidente de la nacion,Daniel Osvaldo Scioli,masthead
2003-10-15,2003-10-15_r26_ORDINARIA,presidente provisional,José Luis Gioja,masthead
2003-10-15,2003-10-15_r26_ORDINARIA,prosecretario,Alfredo A. Luques,masthead
2003-10-15,2003-10-15_r26_ORDINARIA,prosecretario,José D. Canata,masthead
2003-10-15,2003-10-15_r26_ORDINARIA,prosecretario,Juan J. Canals,masthead
2003-10-15,2003-10-15_r26_ORDINARIA,secretario,Carlos Alberto Machiaroli,masthead
2003-10-15,2003-10-15_r26_ORDINARIA,secretario,Juan Héctor Estrada,masthead
2003-10-15,2003-10-15_r26_ORDINARIA,vicepresidente,Marcelo Eduardo López Arias,masthead
2003-10-15,2003-10-15_r26_ORDINARIA,vicepresidente de la nacion,Daniel Osvaldo Scioli,masthead
2003-10-16,2003-10-16_r00_ASAMBLEA,secretario,Eduardo Daniel Rollano,masthead
2003-10-16,2003-10-16_r00_ASAMBLEA,secretario,Juan Estrada,masthead
2003-10-16,2003-10-16_r00_ASAMBLEA,vicepresidente de la nacion,Daniel Osvaldo Scioli,masthead
2003-10-29,2003-10-29_r27_ORDINARIA,prosecretario,Alfredo A. Luques,masthead
2003-10-29,2003-10-29_r28_TRIBUNAL_DE_JUICIO_POLITICO,prosecretario,Alfredo A. Luques,masthead
2003-10-29,2003-10-29_r27_ORDINARIA,prosecretario,José D. Canata,masthead
2003-10-29,2003-10-29_r28_TRIBUNAL_DE_JUICIO_POLITICO,prosecretario,José D. Canata,masthead
2003-10-29,2003-10-29_r27_ORDINARIA,prosecretario,Juan J. Canals,masthead
2003-10-29,2003-10-29_r28_TRIBUNAL_DE_JUICIO_POLITICO,prosecretario,Juan J. Canals,masthead
2003-10-29,2003-10-29_r27_ORDINARIA,secretario,Carlos Alberto Machiaroli,masthead
2003-10-29,2003-10-29_r28_TRIBUNAL_DE_JUICIO_POLITICO,secretario,Carlos Alberto Machiaroli,masthead
2003-10-29,2003-10-29_r27_ORDINARIA,secretario,Juan Héctor Estrada,masthead
2003-10-29,2003-10-29_r28_TRIBUNAL_DE_JUICIO_POLITICO,secretario,Juan Héctor Estrada,masthead
2003-11-04,2003-11-04_r29_TRIBUNAL_DE_JUICIO_POLITICO,NONE,,
2003-11-05,2003-11-05_r30_ORDINARIA,presidente provisional,José Luis Gioja,masthead
2003-11-05,2003-11-05_r31_TRIBUNAL_DE_JUICIO_POLITICO,prosecretario,Alfredo A. Luques,masthead
2003-11-05,2003-11-05_r30_ORDINARIA,prosecretario,Alfredo A. Luques,masthead
2003-11-05,2003-11-05_r31_TRIBUNAL_DE_JUICIO_POLITICO,prosecretario,José D. Canata,masthead
2003-11-05,2003-11-05_r30_ORDINARIA,prosecretario,José D. Canata,masthead
2003-11-05,2003-11-05_r31_TRIBUNAL_DE_JUICIO_POLITICO,prosecretario,Juan J. Canals,masthead
2003-11-05,2003-11-05_r30_ORDINARIA,prosecretario,Juan J. Canals,masthead
2003-11-05,2003-11-05_r31_TRIBUNAL_DE_JUICIO_POLITICO,secretario,Carlos Alberto Machiaroli,masthead
2003-11-05,2003-11-05_r30_ORDINARIA,secretario,Carlos Alberto Machiaroli,masthead
2003-11-05,2003-11-05_r31_TRIBUNAL_DE_JUICIO_POLITICO,secretario,Juan Héctor Estrada,masthead
2003-11-05,2003-11-05_r30_ORDINARIA,secretario,Juan Héctor Estrada,masthead
2003-11-05,2003-11-05_r30_ORDINARIA,vicepresidente,Marcelo Eduardo López Arias,masthead
2003-11-05,2003-11-05_r30_ORDINARIA,vicepresidente de la nacion,Daniel Osvaldo Scioli,masthead
2003-11-11,2003-11-11_r32_TRIBUNAL_DE_JUICIO_POLITICO,NONE,,
2003-11-19,2003-11-19_r33_ORDINARIA,presidente provisional,José Luis Gioja,masthead
2003-11-19,2003-11-19_r34_TRIBUNAL_DE_JUICIO_POLITICO,prosecretario,Alfredo A. Luques,masthead
2003-11-19,2003-11-19_r33_ORDINARIA,prosecretario,Alfredo A. Luques,masthead
2003-11-19,2003-11-19_r34_TRIBUNAL_DE_JUICIO_POLITICO,prosecretario,José D. Canata,masthead
2003-11-19,2003-11-19_r33_ORDINARIA,prosecretario,José D. Canata,masthead
2003-11-19,2003-11-19_r34_TRIBUNAL_DE_JUICIO_POLITICO,prosecretario,Juan J. Canals,masthead
2003-11-19,2003-11-19_r33_ORDINARIA,prosecretario,Juan J. Canals,masthead
2003-11-19,2003-11-19_r34_TRIBUNAL_DE_JUICIO_POLITICO,secretario,Carlos Alberto Machiaroli,masthead
2003-11-19,2003-11-19_r33_ORDINARIA,secretario,Carlos Alberto Machiaroli,masthead
2003-11-19,2003-11-19_r34_TRIBUNAL_DE_JUICIO_POLITICO,secretario,Juan Héctor Estrada,masthead
2003-11-19,2003-11-19_r33_ORDINARIA,secretario,Juan Héctor Estrada,masthead
2003-11-19,2003-11-19_r33_ORDINARIA,vicepresidente,Marcelo Eduardo López Arias,masthead
2003-11-19,2003-11-19_r33_ORDINARIA,vicepresidente de la nacion,Daniel Osvaldo Scioli,masthead
2003-11-26,2003-11-26_r35_ORDINARIA,presidente provisional,José Luis Gioja,masthead
2003-11-26,2003-11-26_r36_TRIBUNAL_DE_JUICIO_POLITICO,prosecretario,Alfredo A. Luques,masthead
2003-11-26,2003-11-26_r35_ORDINARIA,prosecretario,Alfredo A. Luques,masthead
2003-11-26,2003-11-26_r36_TRIBUNAL_DE_JUICIO_POLITICO,prosecretario,José D. Canata,masthead
2003-11-26,2003-11-26_r35_ORDINARIA,prosecretario,José D. Canata,masthead
2003-11-26,2003-11-26_r36_TRIBUNAL_DE_JUICIO_POLITICO,prosecretario,Juan J. Canals,masthead
2003-11-26,2003-11-26_r35_ORDINARIA,prosecretario,Juan J. Canals,masthead
2003-11-26,2003-11-26_r36_TRIBUNAL_DE_JUICIO_POLITICO,secretario,Carlos Alberto Machiaroli,masthead
2003-11-26,2003-11-26_r35_ORDINARIA,secretario,Carlos Alberto Machiaroli,masthead
2003-11-26,2003-11-26_r36_TRIBUNAL_DE_JUICIO_POLITICO,secretario,Juan Héctor Estrada,masthead
2003-11-26,2003-11-26_r35_ORDINARIA,secretario,Juan Héctor Estrada,masthead
2003-11-26,2003-11-26_r35_ORDINARIA,vicepresidente,Marcelo Eduardo López Arias,masthead
2003-11-26,2003-11-26_r36_TRIBUNAL_DE_JUICIO_POLITICO,vicepresidente de la nacion,Daniel Osvaldo Scioli,masthead
2003-11-26,2003-11-26_r35_ORDINARIA,vicepresidente de la nacion,Daniel Osvaldo Scioli,masthead
2003-11-27,2003-11-27_r37_ESPECIAL,prosecretario,Alfredo A. Luques,masthead
2003-11-27,2003-11-27_r37_ESPECIAL,prosecretario,José D. Canata,masthead
2003-11-27,2003-11-27_r38_TRIBUNAL_DE_JUICIO_POLITICO,prosecretario,José D. Canata,masthead
2003-11-27,2003-11-27_r37_ESPECIAL,prosecretario,Juan J. Canals,masthead
2003-11-27,2003-11-27_r38_TRIBUNAL_DE_JUICIO_POLITICO,prosecretario,Juan J. Canals,masthead
2003-11-27,2003-11-27_r37_ESPECIAL,secretario,Carlos Alberto Machiaroli,masthead
2003-11-27,2003-11-27_r38_TRIBUNAL_DE_JUICIO_POLITICO,secretario,Carlos Alberto Machiaroli,masthead
2003-11-27,2003-11-27_r37_ESPECIAL,secretario,Juan Héctor Estrada,masthead
2003-11-27,2003-11-27_r38_TRIBUNAL_DE_JUICIO_POLITICO,secretario,Juan Héctor Estrada,masthead
2003-11-27,2003-11-27_r38_TRIBUNAL_DE_JUICIO_POLITICO,vicepresidente,Marcelo Eduardo López Arias,masthead
2003-11-27,2003-11-27_r37_ESPECIAL,vicepresidente de la nacion,Daniel Osvaldo Scioli,masthead
2003-11-27,2003-11-27_r38_TRIBUNAL_DE_JUICIO_POLITICO,vicepresidente de la nacion,Daniel Osvaldo Scioli,masthead
2003-12-03,2003-12-03_r39_TRIBUNAL_DE_JUICIO_POLITICO,prosecretario,Alfredo A. Luques,masthead
2003-12-03,2003-12-03_r39_TRIBUNAL_DE_JUICIO_POLITICO,prosecretario,José D. Canata,masthead
2003-12-03,2003-12-03_r39_TRIBUNAL_DE_JUICIO_POLITICO,prosecretario,Juan J. Canals,masthead
2003-12-03,2003-12-03_r39_TRIBUNAL_DE_JUICIO_POLITICO,secretario,Carlos Alberto Machiaroli,masthead
2003-12-03,2003-12-03_r39_TRIBUNAL_DE_JUICIO_POLITICO,secretario,Juan Héctor Estrada,masthead
2003-12-03,2003-12-03_r39_TRIBUNAL_DE_JUICIO_POLITICO,vicepresidente de la nacion,Daniel Osvaldo Scioli,masthead
2003-12-04,2003-12-04_r40_ORDINARIA,presidente provisional,José Luis Gioja,masthead
2003-12-04,2003-12-04_r40_ORDINARIA,prosecretario,Alfredo A. Luques,masthead
2003-12-04,2003-12-04_r40_ORDINARIA,prosecretario,José D. Canata,masthead
2003-12-04,2003-12-04_r40_ORDINARIA,prosecretario,Juan J. Canals,masthead
2003-12-04,2003-12-04_r40_ORDINARIA,secretario,Carlos Alberto Machiaroli,masthead
2003-12-04,2003-12-04_r40_ORDINARIA,secretario,Juan Héctor Estrada,masthead
2003-12-04,2003-12-04_r40_ORDINARIA,vicepresidente de la nacion,Daniel Osvaldo Scioli,masthead
2003-12-17,2003-12-17_r41_ORDINARIA,presidente provisional,Marcelo Alejandro Horacio Guinle,masthead
2003-12-17,2003-12-17_r41_ORDINARIA,prosecretario,José D. Canata,masthead
2003-12-17,2003-12-17_r41_ORDINARIA,prosecretario,Juan J. Canals,masthead
2003-12-17,2003-12-17_r41_ORDINARIA,prosecretario,Ricardo Nicanor Gutiérrez,masthead
2003-12-17,2003-12-17_r41_ORDINARIA,secretario,Carlos Alberto Machiaroli,masthead
2003-12-17,2003-12-17_r41_ORDINARIA,secretario,Juan Héctor Estrada,masthead
2003-12-17,2003-12-17_r41_ORDINARIA,vicepresidente de la nacion,Daniel Osvaldo Scioli,masthead
2004-02-24,2004-02-24_r43_EXTRAORDINARIA,presidente provisional,Marcelo Alejandro Horacio Guinle,masthead
2004-02-24,2004-02-24_r01_PREPARATORIA,prosecretario,José D. Canata,masthead
2004-02-24,2004-02-24_r43_EXTRAORDINARIA,prosecretario,José D. Canata,masthead
2004-02-24,2004-02-24_r01_PREPARATORIA,prosecretario,Juan J. Canals,masthead
2004-02-24,2004-02-24_r43_EXTRAORDINARIA,prosecretario,Juan J. Canals,masthead
2004-02-24,2004-02-24_r01_PREPARATORIA,prosecretario,Ricardo Nicanor Gutiérrez,masthead
2004-02-24,2004-02-24_r43_EXTRAORDINARIA,prosecretario,Ricardo Nicanor Gutiérrez,masthead
2004-02-24,2004-02-24_r01_PREPARATORIA,secretario,Carlos Alberto Machiaroli,masthead
2004-02-24,2004-02-24_r43_EXTRAORDINARIA,secretario,Carlos Alberto Machiaroli,masthead
2004-02-24,2004-02-24_r01_PREPARATORIA,secretario,Juan Héctor Estrada,masthead
2004-02-24,2004-02-24_r43_EXTRAORDINARIA,secretario,Juan Héctor Estrada,masthead
2004-02-24,2004-02-24_r43_EXTRAORDINARIA,vicepresidente,Marcelo Eduardo López Arias,masthead
2004-02-24,2004-02-24_r01_PREPARATORIA,vicepresidente de la nacion,Daniel Osvaldo Scioli,masthead
2004-02-24,2004-02-24_r43_EXTRAORDINARIA,vicepresidente de la nacion,Daniel Osvaldo Scioli,masthead
2004-03-01,2004-03-01_r00_ASAMBLEA,presidente de la honorable camara de diputados,Eduardo Oscar Camaño,masthead
2004-03-01,2004-03-01_r00_ASAMBLEA,secretario,Eduardo Daniel Rollano,masthead
2004-03-01,2004-03-01_r00_ASAMBLEA,secretario,Juan Héctor Estrada,masthead
2004-03-01,2004-03-01_r00_ASAMBLEA,vicepresidente,Daniel Osvaldo Scioli,masthead
2004-03-18,2004-03-18_r02_ORDINARIA,presidente provisional,Marcelo Alejandro Horacio Guinle,masthead
2004-03-18,2004-03-18_r03_ESPECIAL,prosecretario,José D. Canata,masthead
2004-03-18,2004-03-18_r02_ORDINARIA,prosecretario,José D. Canata,masthead
2004-03-18,2004-03-18_r03_ESPECIAL,prosecretario,Juan J. Canals,masthead
2004-03-18,2004-03-18_r02_ORDINARIA,prosecretario,Juan J. Canals,masthead
2004-03-18,2004-03-18_r03_ESPECIAL,prosecretario,Ricardo Nicanor Gutiérrez,masthead
2004-03-18,2004-03-18_r02_ORDINARIA,prosecretario,Ricardo Nicanor Gutiérrez,masthead
2004-03-18,2004-03-18_r03_ESPECIAL,secretario,Carlos Alberto Machiaroli,masthead
2004-03-18,2004-03-18_r02_ORDINARIA,secretario,Carlos Alberto Machiaroli,masthead
2004-03-18,2004-03-18_r03_ESPECIAL,secretario,Juan Héctor Estrada,masthead
2004-03-18,2004-03-18_r02_ORDINARIA,secretario,Juan Héctor Estrada,masthead
2004-03-18,2004-03-18_r03_ESPECIAL,vicepresidente de la nacion,Daniel Osvaldo Scioli,masthead
2004-03-18,2004-03-18_r02_ORDINARIA,vicepresidente de la nacion,Daniel Osvaldo Scioli,masthead
2004-03-31,2004-03-31_r04_ORDINARIA,presidente provisional,Marcelo Alejandro Horacio Guinle,masthead
2004-03-31,2004-03-31_r04_ORDINARIA,prosecretario,José D. Canata,masthead
2004-03-31,2004-03-31_r04_ORDINARIA,prosecretario,Juan J. Canals,masthead
2004-03-31,2004-03-31_r04_ORDINARIA,prosecretario,Ricardo Nicanor Gutiérrez,masthead
2004-03-31,2004-03-31_r04_ORDINARIA,secretario,Carlos Alberto Machiaroli,masthead
2004-03-31,2004-03-31_r04_ORDINARIA,secretario,Juan Héctor Estrada,masthead
2004-03-31,2004-03-31_r04_ORDINARIA,vicepresidente de la nacion,Daniel Osvaldo Scioli,masthead
2004-04-07,2004-04-07_r05_ORDINARIA,presidente provisional,Marcelo Alejandro Horacio Guinle,masthead
2004-04-07,2004-04-07_r05_ORDINARIA,prosecretario,José D. Canata,masthead
2004-04-07,2004-04-07_r05_ORDINARIA,prosecretario,Juan J. Canals,masthead
2004-04-07,2004-04-07_r05_ORDINARIA,prosecretario,Ricardo Nicanor Gutiérrez,masthead
2004-04-07,2004-04-07_r05_ORDINARIA,secretario,Carlos Alberto Machiaroli,masthead
2004-04-07,2004-04-07_r05_ORDINARIA,secretario,Juan Héctor Estrada,masthead
2004-04-07,2004-04-07_r05_ORDINARIA,vicepresidente de la nacion,Daniel Osvaldo Scioli,masthead
2004-04-14,2004-04-14_r06_ORDINARIA,presidente provisional,Marcelo Alejandro Horacio Guinle,masthead
2004-04-14,2004-04-14_r06_ORDINARIA,prosecretario,José D. Canata,masthead
2004-04-14,2004-04-14_r06_ORDINARIA,prosecretario,Juan J. Canals,masthead
2004-04-14,2004-04-14_r06_ORDINARIA,prosecretario,Ricardo Nicanor Gutiérrez,masthead
2004-04-14,2004-04-14_r06_ORDINARIA,secretario,Carlos Alberto Machiaroli,masthead
2004-04-14,2004-04-14_r06_ORDINARIA,secretario,Juan Héctor Estrada,masthead
2004-04-14,2004-04-14_r06_ORDINARIA,vicepresidente de la nacion,Daniel Osvaldo Scioli,masthead
2004-04-21,2004-04-21_r07_ORDINARIA,prosecretario,José D. Canata,masthead
2004-04-21,2004-04-21_r07_ORDINARIA,prosecretario,Juan J. Canals,masthead
2004-04-21,2004-04-21_r07_ORDINARIA,prosecretario,Ricardo Nicanor Gutiérrez,masthead
2004-04-21,2004-04-21_r07_ORDINARIA,secretario,Carlos Alberto Machiaroli,masthead
2004-04-21,2004-04-21_r07_ORDINARIA,secretario,Juan Héctor Estrada,masthead
2004-04-21,2004-04-21_r07_ORDINARIA,vicepresidente de la nacion,Daniel Osvaldo Scioli,masthead
2004-04-28,2004-04-28_r08_ORDINARIA,prosecretario,José D. Canata,masthead
2004-04-28,2004-04-28_r08_ORDINARIA,prosecretario,Juan J. Canals,masthead
2004-04-28,2004-04-28_r08_ORDINARIA,prosecretario,Ricardo Nicanor Gutiérrez,masthead
2004-04-28,2004-04-28_r08_ORDINARIA,secretario,Carlos Alberto Machiaroli,masthead
2004-04-28,2004-04-28_r08_ORDINARIA,secretario,Juan Héctor Estrada,masthead
2004-04-28,2004-04-28_r08_ORDINARIA,vicepresidente de la nacion,Daniel Osvaldo Scioli,masthead
2004-05-05,2004-05-05_r09_ORDINARIA,presidente provisional,Marcelo Alejandro Horacio Guinle,masthead
2004-05-05,2004-05-05_r09_ORDINARIA,prosecretario,José D. Canata,masthead
2004-05-05,2004-05-05_r09_ORDINARIA,prosecretario,Juan J. Canals,masthead
2004-05-05,2004-05-05_r09_ORDINARIA,prosecretario,Ricardo Nicanor Gutiérrez,masthead
2004-05-05,2004-05-05_r09_ORDINARIA,secretario,Carlos Alberto Machiaroli,masthead
2004-05-05,2004-05-05_r09_ORDINARIA,secretario,Juan Héctor Estrada,masthead
2004-05-05,2004-05-05_r09_ORDINARIA,vicepresidente,Marcelo Eduardo López Arias,masthead
2004-05-12,2004-05-12_r10_ORDINARIA,prosecretario,José D. Canata,masthead
2004-05-12,2004-05-12_r10_ORDINARIA,prosecretario,Juan J. Canals,masthead
2004-05-12,2004-05-12_r10_ORDINARIA,prosecretario,Ricardo Nicanor Gutiérrez,masthead
2004-05-12,2004-05-12_r10_ORDINARIA,secretario,Carlos Alberto Machiaroli,masthead
2004-05-12,2004-05-12_r10_ORDINARIA,secretario,Juan Héctor Estrada,masthead
2004-05-12,2004-05-12_r10_ORDINARIA,vicepresidenta 1°,Mirian Belén Curletti,masthead
2004-05-12,2004-05-12_r10_ORDINARIA,vicepresidente,Marcelo Eduardo López Arias,masthead
2004-05-12,2004-05-12_r10_ORDINARIA,vicepresidente de la nacion,Daniel Osvaldo Scioli,masthead
2004-05-19,2004-05-19_r11_ORDINARIA,presidente provisional,Marcelo Alejandro Horacio Guinle,masthead
2004-05-19,2004-05-19_r11_ORDINARIA,prosecretario,José D. Canata,masthead
2004-05-19,2004-05-19_r11_ORDINARIA,prosecretario,Juan J. Canals,masthead
2004-05-19,2004-05-19_r11_ORDINARIA,prosecretario,Ricardo Nicanor Gutiérrez,masthead
2004-05-19,2004-05-19_r11_ORDINARIA,secretario,Carlos Alberto Machiaroli,masthead
2004-05-19,2004-05-19_r11_ORDINARIA,secretario,Juan Héctor Estrada,masthead
2004-05-19,2004-05-19_r11_ORDINARIA,vicepresidente de la nacion,Daniel Osvaldo Scioli,masthead
2004-06-02,2004-06-02_r12_ORDINARIA,presidente provisional,Marcelo Alejandro Horacio Guinle,masthead
2004-06-02,2004-06-02_r12_ORDINARIA,prosecretario,José D. Canata,masthead
2004-06-02,2004-06-02_r12_ORDINARIA,prosecretario,Juan J. Canals,masthead
2004-06-02,2004-06-02_r12_ORDINARIA,prosecretario,Ricardo Nicanor Gutiérrez,masthead
2004-06-02,2004-06-02_r12_ORDINARIA,secretario,Carlos Alberto Machiaroli,masthead
2004-06-02,2004-06-02_r12_ORDINARIA,secretario,Juan Héctor Estrada,masthead
2004-06-02,2004-06-02_r12_ORDINARIA,vicepresidente de la nacion,Daniel Osvaldo Scioli,masthead
2004-06-09,2004-06-09_r13_ORDINARIA,presidente provisional,Marcelo Alejandro Horacio Guinle,masthead
2004-06-09,2004-06-09_r13_ORDINARIA,prosecretario,José D. Canata,masthead
2004-06-09,2004-06-09_r13_ORDINARIA,prosecretario,Juan J. Canals,masthead
2004-06-09,2004-06-09_r13_ORDINARIA,prosecretario,Ricardo Nicanor Gutiérrez,masthead
2004-06-09,2004-06-09_r13_ORDINARIA,secretario,Carlos Alberto Machiaroli,masthead
2004-06-09,2004-06-09_r13_ORDINARIA,secretario,Juan Héctor Estrada,masthead
2004-06-09,2004-06-09_r13_ORDINARIA,vicepresidente de la nacion,Daniel Osvaldo Scioli,masthead
2004-06-23,2004-06-23_r14_ORDINARIA,presidente provisional,Marcelo Alejandro Horacio Guinle,masthead
2004-06-23,2004-06-23_r14_ORDINARIA,prosecretario,José D. Canata,masthead
2004-06-23,2004-06-23_r14_ORDINARIA,prosecretario,Juan J. Canals,masthead
2004-06-23,2004-06-23_r14_ORDINARIA,prosecretario,Ricardo Nicanor Gutiérrez,masthead
2004-06-23,2004-06-23_r14_ORDINARIA,secretario,Carlos Alberto Machiaroli,masthead
2004-06-23,2004-06-23_r14_ORDINARIA,secretario,Juan Héctor Estrada,masthead
2004-06-23,2004-06-23_r14_ORDINARIA,vicepresidente de la nacion,Daniel Osvaldo Scioli,masthead
2004-06-30,2004-06-30_r15_ESPECIAL,presidente provisional,Marcelo Alejandro Horacio Guinle,masthead
2004-06-30,2004-06-30_r15_ESPECIAL,prosecretario,José D. Canata,masthead
2004-06-30,2004-06-30_r15_ESPECIAL,prosecretario,Juan J. Canals,masthead
2004-06-30,2004-06-30_r15_ESPECIAL,prosecretario,Ricardo Nicanor Gutiérrez,masthead
2004-06-30,2004-06-30_r15_ESPECIAL,secretario,Carlos Alberto Machiaroli,masthead
2004-06-30,2004-06-30_r15_ESPECIAL,secretario,Juan Héctor Estrada,masthead
2004-07-07,2004-07-07_r16_ORDINARIA,presidente provisional,Marcelo Alejandro Horacio Guinle,masthead
2004-07-07,2004-07-07_r16_ORDINARIA,prosecretario,José D. Canata,masthead
2004-07-07,2004-07-07_r16_ORDINARIA,prosecretario,Juan J. Canals,masthead
2004-07-07,2004-07-07_r16_ORDINARIA,prosecretario,Ricardo Nicanor Gutiérrez,masthead
2004-07-07,2004-07-07_r16_ORDINARIA,secretario,Carlos Alberto Machiaroli,masthead
2004-07-07,2004-07-07_r16_ORDINARIA,secretario,Juan Héctor Estrada,masthead
2004-07-07,2004-07-07_r16_ORDINARIA,vicepresidente,Marcelo Eduardo López Arias,masthead
2004-07-07,2004-07-07_r16_ORDINARIA,vicepresidente de la nacion,Daniel Osvaldo Scioli,masthead
2004-08-04,2004-08-04_r17_ORDINARIA,presidente provisional,Marcelo Alejandro Horacio Guinle,masthead
2004-08-04,2004-08-04_r17_ORDINARIA,prosecretario,José D. Canata,masthead
2004-08-04,2004-08-04_r17_ORDINARIA,prosecretario,Juan J. Canals,masthead
2004-08-04,2004-08-04_r17_ORDINARIA,prosecretario,Ricardo Nicanor Gutiérrez,masthead
2004-08-04,2004-08-04_r17_ORDINARIA,secretario,Carlos Alberto Machiaroli,masthead
2004-08-04,2004-08-04_r17_ORDINARIA,secretario,Juan Héctor Estrada,masthead
2004-08-04,2004-08-04_r17_ORDINARIA,vicepresidente de la nacion,Daniel Osvaldo Scioli,masthead
2004-08-11,2004-08-11_r18_ORDINARIA,presidente provisional,Marcelo Alejandro Horacio Guinle,masthead
2004-08-11,2004-08-11_r18_ORDINARIA,prosecretario,José D. Canata,masthead
2004-08-11,2004-08-11_r18_ORDINARIA,prosecretario,Juan J. Canals,masthead
2004-08-11,2004-08-11_r18_ORDINARIA,prosecretario,Ricardo Nicanor Gutiérrez,masthead
2004-08-11,2004-08-11_r18_ORDINARIA,secretario,Carlos Alberto Machiaroli,masthead
2004-08-11,2004-08-11_r18_ORDINARIA,secretario,Juan Héctor Estrada,masthead
2004-08-11,2004-08-11_r18_ORDINARIA,vicepresidente de la nacion,Daniel Osvaldo Scioli,masthead
2004-08-18,2004-08-18_r19_ORDINARIA,presidente provisional,Marcelo Alejandro Horacio Guinle,masthead
2004-08-18,2004-08-18_r20_TRIBUNAL_DE_JUICIO_POLITICO,prosecretario,José D. Canata,masthead
2004-08-18,2004-08-18_r19_ORDINARIA,prosecretario,José D. Canata,masthead
2004-08-18,2004-08-18_r20_TRIBUNAL_DE_JUICIO_POLITICO,prosecretario,Juan J. Canals,masthead
2004-08-18,2004-08-18_r19_ORDINARIA,prosecretario,Juan J. Canals,masthead
2004-08-18,2004-08-18_r20_TRIBUNAL_DE_JUICIO_POLITICO,prosecretario,Ricardo Nicanor Gutiérrez,masthead
2004-08-18,2004-08-18_r19_ORDINARIA,prosecretario,Ricardo Nicanor Gutiérrez,masthead
2004-08-18,2004-08-18_r20_TRIBUNAL_DE_JUICIO_POLITICO,secretario,Carlos Alberto Machiaroli,masthead
2004-08-18,2004-08-18_r19_ORDINARIA,secretario,Carlos Alberto Machiaroli,masthead
2004-08-18,2004-08-18_r20_TRIBUNAL_DE_JUICIO_POLITICO,secretario,Juan Héctor Estrada,masthead
2004-08-18,2004-08-18_r19_ORDINARIA,secretario,Juan Héctor Estrada,masthead
2004-08-18,2004-08-18_r20_TRIBUNAL_DE_JUICIO_POLITICO,vicepresidente de la nacion,Daniel Osvaldo Scioli,masthead
2004-08-18,2004-08-18_r19_ORDINARIA,vicepresidente de la nacion,Daniel Osvaldo Scioli,masthead
2004-08-25,2004-08-25_r21_ORDINARIA,presidente provisional,Marcelo Alejandro Horacio Guinle,masthead
2004-08-25,2004-08-25_r21_ORDINARIA,prosecretario,José D. Canata,masthead
2004-08-25,2004-08-25_r21_ORDINARIA,prosecretario,Juan J. Canals,masthead
2004-08-25,2004-08-25_r21_ORDINARIA,prosecretario,Ricardo Nicanor Gutiérrez,masthead
2004-08-25,2004-08-25_r21_ORDINARIA,secretario,Carlos Alberto Machiaroli,masthead
2004-08-25,2004-08-25_r21_ORDINARIA,secretario,Juan Héctor Estrada,masthead
2004-08-25,2004-08-25_r21_ORDINARIA,vicepresidente de la nacion,Daniel Osvaldo Scioli,masthead
2004-09-01,2004-09-01_r22_TRIBUNAL_DE_JUICIO_POLITICO,presidente provisional,Marcelo Alejandro Horacio Guinle,masthead
2004-09-01,2004-09-01_r23_ORDINARIA,presidente provisional,Marcelo Alejandro Horacio Guinle,masthead
2004-09-01,2004-09-01_r22_TRIBUNAL_DE_JUICIO_POLITICO,prosecretario,José D. Canata,masthead
2004-09-01,2004-09-01_r23_ORDINARIA,prosecretario,José D. Canata,masthead
2004-09-01,2004-09-01_r22_TRIBUNAL_DE_JUICIO_POLITICO,prosecretario,Juan J. Canals,masthead
2004-09-01,2004-09-01_r23_ORDINARIA,prosecretario,Juan J. Canals,masthead
2004-09-01,2004-09-01_r22_TRIBUNAL_DE_JUICIO_POLITICO,prosecretario,Ricardo Nicanor Gutiérrez,masthead
2004-09-01,2004-09-01_r23_ORDINARIA,prosecretario,Ricardo Nicanor Gutiérrez,masthead
2004-09-01,2004-09-01_r22_TRIBUNAL_DE_JUICIO_POLITICO,secretario,Carlos Alberto Machiaroli,masthead
2004-09-01,2004-09-01_r23_ORDINARIA,secretario,Carlos Alberto Machiaroli,masthead
2004-09-01,2004-09-01_r22_TRIBUNAL_DE_JUICIO_POLITICO,secretario,Juan Héctor Estrada,masthead
2004-09-01,2004-09-01_r23_ORDINARIA,secretario,Juan Héctor Estrada,masthead
2004-09-15,2004-09-15_r24_ORDINARIA,prosecretario,José D. Canata,masthead
2004-09-15,2004-09-15_r24_ORDINARIA,prosecretario,Juan J. Canals,masthead
2004-09-15,2004-09-15_r24_ORDINARIA,prosecretario,Ricardo Nicanor Gutiérrez,masthead
2004-09-15,2004-09-15_r24_ORDINARIA,secretario,Carlos Alberto Machiaroli,masthead
2004-09-15,2004-09-15_r24_ORDINARIA,secretario,Juan Héctor Estrada,masthead
2004-09-15,2004-09-15_r24_ORDINARIA,vicepresidente de la nacion,Daniel Osvaldo Scioli,masthead
2004-09-22,2004-09-22_r25_ORDINARIA,presidente provisional,Marcelo Alejandro Horacio Guinle,masthead
2004-09-22,2004-09-22_r25_ORDINARIA,prosecretario,José D. Canata,masthead
2004-09-22,2004-09-22_r25_ORDINARIA,prosecretario,Juan J. Canals,masthead
2004-09-22,2004-09-22_r25_ORDINARIA,prosecretario,Ricardo Nicanor Gutiérrez,masthead
2004-09-22,2004-09-22_r25_ORDINARIA,secretario,Carlos Alberto Machiaroli,masthead
2004-09-22,2004-09-22_r25_ORDINARIA,secretario,Juan Héctor Estrada,masthead
2004-09-29,2004-09-29_r26_EN_MINORIA,prosecretario,José D. Canata,masthead
2004-09-29,2004-09-29_r26_EN_MINORIA,prosecretario,Juan J. Canals,masthead
2004-09-29,2004-09-29_r26_EN_MINORIA,prosecretario,Ricardo Nicanor Gutiérrez,masthead
2004-09-29,2004-09-29_r26_EN_MINORIA,secretario,Carlos Alberto Machiaroli,masthead
2004-09-29,2004-09-29_r26_EN_MINORIA,secretario,Juan Héctor Estrada,masthead
2004-09-29,2004-09-29_r26_EN_MINORIA,vicepresidente de la nacion,Daniel Osvaldo Scioli,masthead
2004-10-06,2004-10-06_r27_ORDINARIA,prosecretario,José D. Canata,masthead
2004-10-06,2004-10-06_r27_ORDINARIA,prosecretario,Juan J. Canals,masthead
2004-10-06,2004-10-06_r27_ORDINARIA,prosecretario,Ricardo Nicanor Gutiérrez,masthead
2004-10-06,2004-10-06_r27_ORDINARIA,secretario,Carlos Alberto Machiaroli,masthead
2004-10-06,2004-10-06_r27_ORDINARIA,secretario,Juan Héctor Estrada,masthead
2004-10-06,2004-10-06_r27_ORDINARIA,vicepresidente de la nacion,Daniel Osvaldo Scioli,masthead
2004-10-13,2004-10-13_r28_ORDINARIA,prosecretario,José D. Canata,masthead
2004-10-13,2004-10-13_r29_ESPECIAL,prosecretario,José D. Canata,masthead
2004-10-13,2004-10-13_r28_ORDINARIA,prosecretario,Juan J. Canals,masthead
2004-10-13,2004-10-13_r29_ESPECIAL,prosecretario,Juan J. Canals,masthead
2004-10-13,2004-10-13_r28_ORDINARIA,prosecretario,Ricardo Nicanor Gutiérrez,masthead
2004-10-13,2004-10-13_r29_ESPECIAL,prosecretario,Ricardo Nicanor Gutiérrez,masthead
2004-10-13,2004-10-13_r28_ORDINARIA,secretario,Carlos Alberto Machiaroli,masthead
2004-10-13,2004-10-13_r29_ESPECIAL,secretario,Carlos Alberto Machiaroli,masthead
2004-10-13,2004-10-13_r28_ORDINARIA,secretario,Juan Héctor Estrada,masthead
2004-10-13,2004-10-13_r29_ESPECIAL,secretario,Juan Héctor Estrada,masthead
2004-10-13,2004-10-13_r28_ORDINARIA,vicepresidente de la nacion,Daniel Osvaldo Scioli,masthead
2004-10-13,2004-10-13_r29_ESPECIAL,vicepresidente de la nacion,Daniel Osvaldo Scioli,masthead
2004-10-20,2004-10-20_r30_ORDINARIA,presidente provisional,Marcelo Alejandro Horacio Guinle,masthead
2004-10-20,2004-10-20_r30_ORDINARIA,prosecretario,José D. Canata,masthead
2004-10-20,2004-10-20_r30_ORDINARIA,prosecretario,Juan J. Canals,masthead
2004-10-20,2004-10-20_r30_ORDINARIA,prosecretario,Ricardo Nicanor Gutiérrez,masthead
2004-10-20,2004-10-20_r30_ORDINARIA,secretario,Carlos Alberto Machiaroli,masthead
2004-10-20,2004-10-20_r30_ORDINARIA,secretario,Juan Héctor Estrada,masthead
2004-10-20,2004-10-20_r30_ORDINARIA,vicepresidente de la nacion,Daniel Osvaldo Scioli,masthead
2004-10-27,2004-10-27_r31_ORDINARIA,presidente provisional,Marcelo Alejandro Horacio Guinle,masthead
2004-10-27,2004-10-27_r31_ORDINARIA,prosecretario,José D. Canata,masthead
2004-10-27,2004-10-27_r31_ORDINARIA,prosecretario,Juan J. Canals,masthead
2004-10-27,2004-10-27_r31_ORDINARIA,prosecretario,Ricardo Nicanor Gutiérrez,masthead
2004-10-27,2004-10-27_r31_ORDINARIA,secretario,Carlos Alberto Machiaroli,masthead
2004-10-27,2004-10-27_r31_ORDINARIA,secretario,Juan Héctor Estrada,masthead
2004-10-27,2004-10-27_r31_ORDINARIA,vicepresidente de la nacion,Daniel Osvaldo Scioli,masthead
2004-11-10,2004-11-10_r32_ORDINARIA,presidente provisional,Marcelo Alejandro Horacio Guinle,masthead
2004-11-10,2004-11-10_r32_ORDINARIA,prosecretario,José D. Canata,masthead
2004-11-10,2004-11-10_r32_ORDINARIA,prosecretario,Juan J. Canals,masthead
2004-11-10,2004-11-10_r32_ORDINARIA,prosecretario,Ricardo Nicanor Gutiérrez,masthead
2004-11-10,2004-11-10_r32_ORDINARIA,secretario,Carlos Alberto Machiaroli,masthead
2004-11-10,2004-11-10_r32_ORDINARIA,secretario,Juan Héctor Estrada,masthead
2004-11-10,2004-11-10_r32_ORDINARIA,vicepresidente de la nacion,Daniel Osvaldo Scioli,masthead
2004-11-17,2004-11-17_r00_ASAMBLEA,presidente de la honorable camara de diputados,Eduardo Oscar Camaño,masthead
2004-11-17,2004-11-17_r33_ORDINARIA,presidente provisional,Marcelo Alejandro Horacio Guinle,masthead
2004-11-17,2004-11-17_r33_ORDINARIA,prosecretario,José D. Canata,masthead
2004-11-17,2004-11-17_r33_ORDINARIA,prosecretario,Juan J. Canals,masthead
2004-11-17,2004-11-17_r33_ORDINARIA,prosecretario,Ricardo Nicanor Gutiérrez,masthead
2004-11-17,2004-11-17_r33_ORDINARIA,secretario,Carlos Alberto Machiaroli,masthead
2004-11-17,2004-11-17_r00_ASAMBLEA,secretario,Eduardo Daniel Rollano,masthead
2004-11-17,2004-11-17_r00_ASAMBLEA,secretario,Juan Héctor Estrada,masthead
2004-11-17,2004-11-17_r33_ORDINARIA,secretario,Juan Héctor Estrada,masthead
2004-11-17,2004-11-17_r33_ORDINARIA,vicepresidente de la nacion,Daniel Osvaldo Scioli,masthead
2004-11-24,2004-11-24_r34_ORDINARIA,presidente provisional,Marcelo Alejandro Horacio Guinle,masthead
2004-11-24,2004-11-24_r34_ORDINARIA,prosecretario,José D. Canata,masthead
2004-11-24,2004-11-24_r34_ORDINARIA,prosecretario,Juan J. Canals,masthead
2004-11-24,2004-11-24_r34_ORDINARIA,prosecretario,Ricardo Nicanor Gutiérrez,masthead
2004-11-24,2004-11-24_r34_ORDINARIA,secretario,Carlos Alberto Machiaroli,masthead
2004-11-24,2004-11-24_r34_ORDINARIA,secretario,Juan Héctor Estrada,masthead
2004-11-24,2004-11-24_r34_ORDINARIA,vicepresidente,Marcelo Eduardo López Arias,masthead
2004-11-24,2004-11-24_r34_ORDINARIA,vicepresidente de la nacion,Daniel Osvaldo Scioli,masthead
2004-12-01,2004-12-01_r35_ORDINARIA,presidente provisional,Marcelo Alejandro Horacio Guinle,masthead
2004-12-01,2004-12-01_r35_ORDINARIA,prosecretario,José D. Canata,masthead
2004-12-01,2004-12-01_r35_ORDINARIA,prosecretario,Juan J. Canals,masthead
2004-12-01,2004-12-01_r35_ORDINARIA,prosecretario,Ricardo Nicanor Gutiérrez,masthead
2004-12-01,2004-12-01_r35_ORDINARIA,secretario,Carlos Alberto Machiaroli,masthead
2004-12-01,2004-12-01_r35_ORDINARIA,secretario,Juan Héctor Estrada,masthead
2004-12-01,2004-12-01_r35_ORDINARIA,vicepresidente de la nacion,Daniel Osvaldo Scioli,masthead
2004-12-16,2004-12-16_r37_ORDINARIA,presidente provisional,Marcelo Alejandro Horacio Guinle,masthead
2004-12-16,2004-12-16_r36_ORDINARIA,presidente provisional,Marcelo Alejandro Horacio Guinle,masthead
2004-12-16,2004-12-16_r36_ORDINARIA,prosecretario,José D. Canata,masthead
2004-12-16,2004-12-16_r36_ORDINARIA,prosecretario,Juan J. Canals,masthead
2004-12-16,2004-12-16_r36_ORDINARIA,prosecretario,Ricardo Nicanor Gutiérrez,masthead
2004-12-16,2004-12-16_r37_ORDINARIA,secretario,Carlos Alberto Machiaroli,masthead
2004-12-16,2004-12-16_r36_ORDINARIA,secretario,Carlos Alberto Machiaroli,masthead
2004-12-16,2004-12-16_r37_ORDINARIA,secretario,Juan Héctor Estrada,masthead
2004-12-16,2004-12-16_r36_ORDINARIA,secretario,Juan Héctor Estrada,masthead
2004-12-16,2004-12-16_r36_ORDINARIA,vicepresidente,Marcelo Eduardo López Arias,masthead
2004-12-16,2004-12-16_r36_ORDINARIA,vicepresidente de la nacion,Daniel Osvaldo Scioli,masthead
2005-02-03,2005-02-03_r38_EXTRAORDINARIA,presidente provisional,Marcelo Alejandro Horacio Guinle,masthead
2005-02-03,2005-02-03_r38_EXTRAORDINARIA,prosecretario,José D. Canata,masthead
2005-02-03,2005-02-03_r38_EXTRAORDINARIA,prosecretario,Juan J. Canals,masthead
2005-02-03,2005-02-03_r38_EXTRAORDINARIA,prosecretario,Ricardo Nicanor Gutiérrez,masthead
2005-02-03,2005-02-03_r38_EXTRAORDINARIA,secretario,Carlos Alberto Machiaroli,masthead
2005-02-03,2005-02-03_r38_EXTRAORDINARIA,secretario,Juan Héctor Estrada,masthead
2005-02-03,2005-02-03_r38_EXTRAORDINARIA,vicepresidente de la nacion,Daniel Osvaldo Scioli,masthead
2005-02-24,2005-02-24_r01_PREPARATORIA,prosecretario,José D. Canata,masthead
2005-02-24,2005-02-24_r39_EXTRAORDINARIA,prosecretario,José D. Canata,masthead
2005-02-24,2005-02-24_r01_PREPARATORIA,prosecretario,Juan J. Canals,masthead
2005-02-24,2005-02-24_r39_EXTRAORDINARIA,prosecretario,Juan J. Canals,masthead
2005-02-24,2005-02-24_r01_PREPARATORIA,prosecretario,Ricardo Nicanor Gutiérrez,masthead
2005-02-24,2005-02-24_r39_EXTRAORDINARIA,prosecretario,Ricardo Nicanor Gutiérrez,masthead
2005-02-24,2005-02-24_r01_PREPARATORIA,secretario,Carlos Alberto Machiaroli,masthead
2005-02-24,2005-02-24_r39_EXTRAORDINARIA,secretario,Carlos Alberto Machiaroli,masthead
2005-02-24,2005-02-24_r01_PREPARATORIA,secretario,Juan Héctor Estrada,masthead
2005-02-24,2005-02-24_r39_EXTRAORDINARIA,secretario,Juan Héctor Estrada,masthead
2005-02-24,2005-02-24_r01_PREPARATORIA,vicepresidente de la nacion,Daniel Osvaldo Scioli,masthead
2005-02-24,2005-02-24_r39_EXTRAORDINARIA,vicepresidente de la nacion,Daniel Osvaldo Scioli,masthead
2005-03-01,2005-03-01_r00_ASAMBLEA,presidente de la honorable camara de diputados,Eduardo Oscar Camaño,masthead
2005-03-01,2005-03-01_r00_ASAMBLEA,secretario,Eduardo Daniel Rollano,masthead
2005-03-01,2005-03-01_r00_ASAMBLEA,secretario,Juan Héctor Estrada,masthead
2005-03-01,2005-03-01_r00_ASAMBLEA,vicepresidente,Daniel Osvaldo Scioli,masthead
2005-03-02,2005-03-02_r02_ORDINARIA,prosecretario,José D. Canata,masthead
2005-03-02,2005-03-02_r02_ORDINARIA,prosecretario,Juan J. Canals,masthead
2005-03-02,2005-03-02_r02_ORDINARIA,prosecretario,Ricardo Nicanor Gutiérrez,masthead
2005-03-02,2005-03-02_r02_ORDINARIA,secretario,Carlos Alberto Machiaroli,masthead
2005-03-02,2005-03-02_r02_ORDINARIA,secretario,Juan Héctor Estrada,masthead
2005-03-02,2005-03-02_r02_ORDINARIA,vicepresidente de la nacion,Daniel Osvaldo Scioli,masthead
2005-03-09,2005-03-09_r03_ORDINARIA,presidente provisional,Marcelo Alejandro Horacio Guinle,masthead
2005-03-09,2005-03-09_r04_TRIBUNAL_DE_JUICIO_POLITICO,prosecretario,José D. Canata,masthead
2005-03-09,2005-03-09_r03_ORDINARIA,prosecretario,José D. Canata,masthead
2005-03-09,2005-03-09_r04_TRIBUNAL_DE_JUICIO_POLITICO,prosecretario,Juan J. Canals,masthead
2005-03-09,2005-03-09_r03_ORDINARIA,prosecretario,Juan J. Canals,masthead
2005-03-09,2005-03-09_r04_TRIBUNAL_DE_JUICIO_POLITICO,prosecretario,Ricardo Nicanor Gutiérrez,masthead
2005-03-09,2005-03-09_r03_ORDINARIA,prosecretario,Ricardo Nicanor Gutiérrez,masthead
2005-03-09,2005-03-09_r04_TRIBUNAL_DE_JUICIO_POLITICO,secretario,Carlos Alberto Machiaroli,masthead
2005-03-09,2005-03-09_r03_ORDINARIA,secretario,Carlos Alberto Machiaroli,masthead
2005-03-09,2005-03-09_r04_TRIBUNAL_DE_JUICIO_POLITICO,secretario,Juan Héctor Estrada,masthead
2005-03-09,2005-03-09_r03_ORDINARIA,secretario,Juan Héctor Estrada,masthead
2005-03-09,2005-03-09_r04_TRIBUNAL_DE_JUICIO_POLITICO,vicepresidente de la nacion,Daniel Osvaldo Scioli,masthead
2005-03-09,2005-03-09_r03_ORDINARIA,vicepresidente de la nacion,Daniel Osvaldo Scioli,masthead
2005-03-16,2005-03-16_r05_ORDINARIA,presidente provisional,Marcelo Alejandro Horacio Guinle,masthead
2005-03-16,2005-03-16_r05_ORDINARIA,prosecretario,José D. Canata,masthead
2005-03-16,2005-03-16_r05_ORDINARIA,prosecretario,Juan J. Canals,masthead
2005-03-16,2005-03-16_r05_ORDINARIA,prosecretario,Ricardo Nicanor Gutiérrez,masthead
2005-03-16,2005-03-16_r05_ORDINARIA,secretario,Carlos Alberto Machiaroli,masthead
2005-03-16,2005-03-16_r05_ORDINARIA,secretario,Juan Héctor Estrada,masthead
2005-03-16,2005-03-16_r05_ORDINARIA,vicepresidente de la nacion,Daniel Osvaldo Scioli,masthead
2005-04-06,2005-04-06_r06_ESPECIAL,presidente provisional,Marcelo Alejandro Horacio Guinle,masthead
2005-04-06,2005-04-06_r08_TRIBUNAL_DE_JUICIO_POLITICO,presidente provisional,Marcelo Alejandro Horacio Guinle,masthead
2005-04-06,2005-04-06_r07_ORDINARIA,presidente provisional,Marcelo Alejandro Horacio Guinle,masthead
2005-04-06,2005-04-06_r06_ESPECIAL,prosecretario,José D. Canata,masthead
2005-04-06,2005-04-06_r08_TRIBUNAL_DE_JUICIO_POLITICO,prosecretario,José D. Canata,masthead
2005-04-06,2005-04-06_r07_ORDINARIA,prosecretario,José D. Canata,masthead
2005-04-06,2005-04-06_r06_ESPECIAL,prosecretario,Juan J. Canals,masthead
2005-04-06,2005-04-06_r08_TRIBUNAL_DE_JUICIO_POLITICO,prosecretario,Juan J. Canals,masthead
2005-04-06,2005-04-06_r07_ORDINARIA,prosecretario,Juan J. Canals,masthead
2005-04-06,2005-04-06_r06_ESPECIAL,prosecretario,Ricardo Nicanor Gutiérrez,masthead
2005-04-06,2005-04-06_r08_TRIBUNAL_DE_JUICIO_POLITICO,prosecretario,Ricardo Nicanor Gutiérrez,masthead
2005-04-06,2005-04-06_r07_ORDINARIA,prosecretario,Ricardo Nicanor Gutiérrez,masthead
2005-04-06,2005-04-06_r06_ESPECIAL,secretario,Carlos Alberto Machiaroli,masthead
2005-04-06,2005-04-06_r08_TRIBUNAL_DE_JUICIO_POLITICO,secretario,Carlos Alberto Machiaroli,masthead
2005-04-06,2005-04-06_r07_ORDINARIA,secretario,Carlos Alberto Machiaroli,masthead
2005-04-06,2005-04-06_r06_ESPECIAL,secretario,Juan Héctor Estrada,masthead
2005-04-06,2005-04-06_r08_TRIBUNAL_DE_JUICIO_POLITICO,secretario,Juan Héctor Estrada,masthead
2005-04-06,2005-04-06_r07_ORDINARIA,secretario,Juan Héctor Estrada,masthead
2005-04-20,2005-04-20_r10_TRIBUNAL_DE_JUICIO_POLITICO,presidente provisional,Marcelo Alejandro Horacio Guinle,masthead
2005-04-20,2005-04-20_r09_ORDINARIA,presidente provisional,Marcelo Alejandro Horacio Guinle,masthead
2005-04-20,2005-04-20_r10_TRIBUNAL_DE_JUICIO_POLITICO,prosecretario,José D. Canata,masthead
2005-04-20,2005-04-20_r09_ORDINARIA,prosecretario,José D. Canata,masthead
2005-04-20,2005-04-20_r10_TRIBUNAL_DE_JUICIO_POLITICO,prosecretario,Juan J. Canals,masthead
2005-04-20,2005-04-20_r09_ORDINARIA,prosecretario,Juan J. Canals,masthead
2005-04-20,2005-04-20_r10_TRIBUNAL_DE_JUICIO_POLITICO,prosecretario,Ricardo Nicanor Gutiérrez,masthead
2005-04-20,2005-04-20_r09_ORDINARIA,prosecretario,Ricardo Nicanor Gutiérrez,masthead
2005-04-20,2005-04-20_r10_TRIBUNAL_DE_JUICIO_POLITICO,secretario,Carlos Alberto Machiaroli,masthead
2005-04-20,2005-04-20_r09_ORDINARIA,secretario,Carlos Alberto Machiaroli,masthead
2005-04-20,2005-04-20_r10_TRIBUNAL_DE_JUICIO_POLITICO,secretario,Juan Héctor Estrada,masthead
2005-04-20,2005-04-20_r09_ORDINARIA,secretario,Juan Héctor Estrada,masthead
2005-04-20,2005-04-20_r10_TRIBUNAL_DE_JUICIO_POLITICO,vicepresidenta 1°,Mirian Belén Curletti,masthead
2005-05-04,2005-05-04_r11_ORDINARIA,presidente provisional,Marcelo Alejandro Horacio Guinle,masthead
2005-05-04,2005-05-04_r12_TRIBUNAL_DE_JUICIO_POLITICO,prosecretario,José D. Canata,masthead
2005-05-04,2005-05-04_r11_ORDINARIA,prosecretario,José D. Canata,masthead
2005-05-04,2005-05-04_r12_TRIBUNAL_DE_JUICIO_POLITICO,prosecretario,Juan J. Canals,masthead
2005-05-04,2005-05-04_r11_ORDINARIA,prosecretario,Juan J. Canals,masthead
2005-05-04,2005-05-04_r12_TRIBUNAL_DE_JUICIO_POLITICO,prosecretario,Ricardo Nicanor Gutiérrez,masthead
2005-05-04,2005-05-04_r11_ORDINARIA,prosecretario,Ricardo Nicanor Gutiérrez,masthead
2005-05-04,2005-05-04_r12_TRIBUNAL_DE_JUICIO_POLITICO,secretario,Carlos Alberto Machiaroli,masthead
2005-05-04,2005-05-04_r11_ORDINARIA,secretario,Carlos Alberto Machiaroli,masthead
2005-05-04,2005-05-04_r12_TRIBUNAL_DE_JUICIO_POLITICO,secretario,Juan Héctor Estrada,masthead
2005-05-04,2005-05-04_r11_ORDINARIA,secretario,Juan Héctor Estrada,masthead
2005-05-04,2005-05-04_r12_TRIBUNAL_DE_JUICIO_POLITICO,vicepresidente de la nacion,Daniel Osvaldo Scioli,masthead
2005-05-04,2005-05-04_r11_ORDINARIA,vicepresidente de la nacion,Daniel Osvaldo Scioli,masthead
2005-05-11,2005-05-11_r13_ORDINARIA,prosecretario,José D. Canata,masthead
2005-05-11,2005-05-11_r13_ORDINARIA,prosecretario,Juan J. Canals,masthead
2005-05-11,2005-05-11_r13_ORDINARIA,prosecretario,Ricardo Nicanor Gutiérrez,masthead
2005-05-11,2005-05-11_r13_ORDINARIA,secretario,Carlos Alberto Machiaroli,masthead
2005-05-11,2005-05-11_r13_ORDINARIA,secretario,Juan Héctor Estrada,masthead
2005-05-11,2005-05-11_r13_ORDINARIA,vicepresidente de la nacion,Daniel Osvaldo Scioli,masthead
2005-05-18,2005-05-18_r14_ORDINARIA,prosecretario,José D. Canata,masthead
2005-05-18,2005-05-18_r14_ORDINARIA,prosecretario,Juan J. Canals,masthead
2005-05-18,2005-05-18_r14_ORDINARIA,prosecretario,Ricardo Nicanor Gutiérrez,masthead
2005-05-18,2005-05-18_r14_ORDINARIA,secretario,Carlos Alberto Machiaroli,masthead
2005-05-18,2005-05-18_r14_ORDINARIA,secretario,Juan Héctor Estrada,masthead
2005-05-18,2005-05-18_r14_ORDINARIA,vicepresidente de la nacion,Daniel Osvaldo Scioli,masthead
2005-06-01,2005-06-01_r15_ORDINARIA,presidente provisional,Marcelo Alejandro Horacio Guinle,masthead
2005-06-01,2005-06-01_r15_ORDINARIA,prosecretario,José D. Canata,masthead
2005-06-01,2005-06-01_r15_ORDINARIA,prosecretario,Juan J. Canals,masthead
2005-06-01,2005-06-01_r15_ORDINARIA,prosecretario,Ricardo Nicanor Gutiérrez,masthead
2005-06-01,2005-06-01_r15_ORDINARIA,secretario,Carlos Alberto Machiaroli,masthead
2005-06-01,2005-06-01_r15_ORDINARIA,secretario,Juan Héctor Estrada,masthead
2005-06-01,2005-06-01_r15_ORDINARIA,vicepresidente de la nacion,Daniel Osvaldo Scioli,masthead
2005-06-08,2005-06-08_r16_ORDINARIA,presidente provisional,Marcelo Alejandro Horacio Guinle,masthead
2005-06-08,2005-06-08_r17_TRIBUNAL_DE_JUICIO_POLITICO,prosecretario,José D. Canata,masthead
2005-06-08,2005-06-08_r16_ORDINARIA,prosecretario,José D. Canata,masthead
2005-06-08,2005-06-08_r17_TRIBUNAL_DE_JUICIO_POLITICO,prosecretario,Juan J. Canals,masthead
2005-06-08,2005-06-08_r16_ORDINARIA,prosecretario,Juan J. Canals,masthead
2005-06-08,2005-06-08_r17_TRIBUNAL_DE_JUICIO_POLITICO,prosecretario,Ricardo Nicanor Gutiérrez,masthead
2005-06-08,2005-06-08_r16_ORDINARIA,prosecretario,Ricardo Nicanor Gutiérrez,masthead
2005-06-08,2005-06-08_r17_TRIBUNAL_DE_JUICIO_POLITICO,secretario,Carlos Alberto Machiaroli,masthead
2005-06-08,2005-06-08_r16_ORDINARIA,secretario,Carlos Alberto Machiaroli,masthead
2005-06-08,2005-06-08_r17_TRIBUNAL_DE_JUICIO_POLITICO,secretario,Juan Héctor Estrada,masthead
2005-06-08,2005-06-08_r16_ORDINARIA,secretario,Juan Héctor Estrada,masthead
2005-06-08,2005-06-08_r17_TRIBUNAL_DE_JUICIO_POLITICO,vicepresidente de la nacion,Daniel Osvaldo Scioli,masthead
2005-06-08,2005-06-08_r16_ORDINARIA,vicepresidente de la nacion,Daniel Osvaldo Scioli,masthead
2005-06-15,2005-06-15_r18_ORDINARIA,presidente provisional,Marcelo Alejandro Horacio Guinle,masthead
2005-06-15,2005-06-15_r18_ORDINARIA,prosecretario,José D. Canata,masthead
2005-06-15,2005-06-15_r18_ORDINARIA,prosecretario,Juan J. Canals,masthead
2005-06-15,2005-06-15_r18_ORDINARIA,prosecretario,Ricardo Nicanor Gutiérrez,masthead
2005-06-15,2005-06-15_r18_ORDINARIA,secretario,Carlos Alberto Machiaroli,masthead
2005-06-15,2005-06-15_r18_ORDINARIA,secretario,Juan Héctor Estrada,masthead
2005-06-15,2005-06-15_r18_ORDINARIA,vicepresidente de la nacion,Daniel Osvaldo Scioli,masthead
2005-06-22,2005-06-22_r20_TRIBUNAL_DE_JUICIO_POLITICO,presidente provisional,Marcelo Alejandro Horacio Guinle,masthead
2005-06-22,2005-06-22_r19_ORDINARIA,prosecretario,José D. Canata,masthead
2005-06-22,2005-06-22_r20_TRIBUNAL_DE_JUICIO_POLITICO,prosecretario,José D. Canata,masthead
2005-06-22,2005-06-22_r19_ORDINARIA,prosecretario,Juan J. Canals,masthead
2005-06-22,2005-06-22_r20_TRIBUNAL_DE_JUICIO_POLITICO,prosecretario,Juan J. Canals,masthead
2005-06-22,2005-06-22_r19_ORDINARIA,prosecretario,Ricardo Nicanor Gutiérrez,masthead
2005-06-22,2005-06-22_r20_TRIBUNAL_DE_JUICIO_POLITICO,prosecretario,Ricardo Nicanor Gutiérrez,masthead
2005-06-22,2005-06-22_r19_ORDINARIA,secretario,Carlos Alberto Machiaroli,masthead
2005-06-22,2005-06-22_r20_TRIBUNAL_DE_JUICIO_POLITICO,secretario,Carlos Alberto Machiaroli,masthead
2005-06-22,2005-06-22_r19_ORDINARIA,secretario,Juan Héctor Estrada,masthead
2005-06-22,2005-06-22_r20_TRIBUNAL_DE_JUICIO_POLITICO,secretario,Juan Héctor Estrada,masthead
2005-06-22,2005-06-22_r19_ORDINARIA,vicepresidente de la nacion,Daniel Osvaldo Scioli,masthead
2005-06-22,2005-06-22_r20_TRIBUNAL_DE_JUICIO_POLITICO,vicepresidente de la nacion,Daniel Osvaldo Scioli,masthead
2005-07-27,2005-07-27_r21_ORDINARIA,presidente provisional,Marcelo Alejandro Horacio Guinle,masthead
2005-07-27,2005-07-27_r21_ORDINARIA,prosecretario,José D. Canata,masthead
2005-07-27,2005-07-27_r21_ORDINARIA,prosecretario,Juan J. Canals,masthead
2005-07-27,2005-07-27_r21_ORDINARIA,prosecretario,Ricardo Nicanor Gutiérrez,masthead
2005-07-27,2005-07-27_r21_ORDINARIA,secretario,Carlos Alberto Machiaroli,masthead
2005-07-27,2005-07-27_r21_ORDINARIA,secretario,Juan Héctor Estrada,masthead
2005-07-27,2005-07-27_r21_ORDINARIA,vicepresidenta 1°,Mirian Belén Curletti,masthead
2005-08-10,2005-08-10_r22_ORDINARIA,presidente provisional,Marcelo Alejandro Horacio Guinle,masthead
2005-08-10,2005-08-10_r23_TRIBUNAL_DE_JUICIO_POLITICO,prosecretario,José D. Canata,masthead
2005-08-10,2005-08-10_r22_ORDINARIA,prosecretario,José D. Canata,masthead
2005-08-10,2005-08-10_r23_TRIBUNAL_DE_JUICIO_POLITICO,prosecretario,Juan J. Canals,masthead
2005-08-10,2005-08-10_r22_ORDINARIA,prosecretario,Juan J. Canals,masthead
2005-08-10,2005-08-10_r23_TRIBUNAL_DE_JUICIO_POLITICO,prosecretario,Ricardo Nicanor Gutiérrez,masthead
2005-08-10,2005-08-10_r22_ORDINARIA,prosecretario,Ricardo Nicanor Gutiérrez,masthead
2005-08-10,2005-08-10_r23_TRIBUNAL_DE_JUICIO_POLITICO,secretario,Carlos Alberto Machiaroli,masthead
2005-08-10,2005-08-10_r22_ORDINARIA,secretario,Carlos Alberto Machiaroli,masthead
2005-08-10,2005-08-10_r23_TRIBUNAL_DE_JUICIO_POLITICO,secretario,Juan Héctor Estrada,masthead
2005-08-10,2005-08-10_r22_ORDINARIA,secretario,Juan Héctor Estrada,masthead
2005-08-10,2005-08-10_r23_TRIBUNAL_DE_JUICIO_POLITICO,vicepresidente de la nacion,Daniel Osvaldo Scioli,masthead
2005-08-10,2005-08-10_r22_ORDINARIA,vicepresidente de la nacion,Daniel Osvaldo Scioli,masthead
2005-08-17,2005-08-17_r24_ORDINARIA,presidente provisional,Marcelo Alejandro Horacio Guinle,masthead
2005-08-17,2005-08-17_r24_ORDINARIA,prosecretario,José D. Canata,masthead
2005-08-17,2005-08-17_r24_ORDINARIA,prosecretario,Juan J. Canals,masthead
2005-08-17,2005-08-17_r24_ORDINARIA,prosecretario,Ricardo Nicanor Gutiérrez,masthead
2005-08-17,2005-08-17_r24_ORDINARIA,secretario,Carlos Alberto Machiaroli,masthead
2005-08-17,2005-08-17_r24_ORDINARIA,secretario,Juan Héctor Estrada,masthead
2005-08-17,2005-08-17_r24_ORDINARIA,vicepresidente de la nacion,Daniel Osvaldo Scioli,masthead
2005-08-25,2005-08-25_r25_ORDINARIA,presidente provisional,Marcelo Alejandro Horacio Guinle,masthead
2005-08-25,2005-08-25_r26_TRIBUNAL_DE_JUICIO_POLITICO,prosecretario,José D. Canata,masthead
2005-08-25,2005-08-25_r25_ORDINARIA,prosecretario,José D. Canata,masthead
2005-08-25,2005-08-25_r26_TRIBUNAL_DE_JUICIO_POLITICO,prosecretario,Juan J. Canals,masthead
2005-08-25,2005-08-25_r25_ORDINARIA,prosecretario,Juan J. Canals,masthead
2005-08-25,2005-08-25_r26_TRIBUNAL_DE_JUICIO_POLITICO,prosecretario,Ricardo Nicanor Gutiérrez,masthead
2005-08-25,2005-08-25_r25_ORDINARIA,prosecretario,Ricardo Nicanor Gutiérrez,masthead
2005-08-25,2005-08-25_r26_TRIBUNAL_DE_JUICIO_POLITICO,secretario,Carlos Alberto Machiaroli,masthead
2005-08-25,2005-08-25_r25_ORDINARIA,secretario,Carlos Alberto Machiaroli,masthead
2005-08-25,2005-08-25_r26_TRIBUNAL_DE_JUICIO_POLITICO,secretario,Juan Héctor Estrada,masthead
2005-08-25,2005-08-25_r25_ORDINARIA,secretario,Juan Héctor Estrada,masthead
2005-08-25,2005-08-25_r26_TRIBUNAL_DE_JUICIO_POLITICO,vicepresidente de la nacion,Daniel Osvaldo Scioli,masthead
2005-08-25,2005-08-25_r25_ORDINARIA,vicepresidente de la nacion,Daniel Osvaldo Scioli,masthead
2005-09-07,2005-09-07_r27_ORDINARIA,presidente provisional,Marcelo Alejandro Horacio Guinle,masthead
2005-09-07,2005-09-07_r28_TRIBUNAL_DE_JUICIO_POLITICO,prosecretario,José D. Canata,masthead
2005-09-07,2005-09-07_r27_ORDINARIA,prosecretario,José D. Canata,masthead
2005-09-07,2005-09-07_r28_TRIBUNAL_DE_JUICIO_POLITICO,prosecretario,Juan J. Canals,masthead
2005-09-07,2005-09-07_r27_ORDINARIA,prosecretario,Juan J. Canals,masthead
2005-09-07,2005-09-07_r28_TRIBUNAL_DE_JUICIO_POLITICO,prosecretario,Ricardo Nicanor Gutiérrez,masthead
2005-09-07,2005-09-07_r27_ORDINARIA,prosecretario,Ricardo Nicanor Gutiérrez,masthead
2005-09-07,2005-09-07_r28_TRIBUNAL_DE_JUICIO_POLITICO,secretario,Carlos Alberto Machiaroli,masthead
2005-09-07,2005-09-07_r27_ORDINARIA,secretario,Carlos Alberto Machiaroli,masthead
2005-09-07,2005-09-07_r28_TRIBUNAL_DE_JUICIO_POLITICO,secretario,Juan Héctor Estrada,masthead
2005-09-07,2005-09-07_r27_ORDINARIA,secretario,Juan Héctor Estrada,masthead
2005-09-07,2005-09-07_r27_ORDINARIA,vicepresidente,Marcelo Eduardo López Arias,masthead
2005-09-07,2005-09-07_r28_TRIBUNAL_DE_JUICIO_POLITICO,vicepresidente de la nacion,Daniel Osvaldo Scioli,masthead
2005-09-07,2005-09-07_r27_ORDINARIA,vicepresidente de la nacion,Daniel Osvaldo Scioli,masthead
2005-09-21,2005-09-21_r29_ORDINARIA,presidente provisional,Marcelo Alejandro Horacio Guinle,masthead
2005-09-21,2005-09-21_r30_TRIBUNAL_DE_JUICIO_POLITICO,prosecretario,José D. Canata,masthead
2005-09-21,2005-09-21_r29_ORDINARIA,prosecretario,José D. Canata,masthead
2005-09-21,2005-09-21_r30_TRIBUNAL_DE_JUICIO_POLITICO,prosecretario,Juan J. Canals,masthead
2005-09-21,2005-09-21_r29_ORDINARIA,prosecretario,Juan J. Canals,masthead
2005-09-21,2005-09-21_r30_TRIBUNAL_DE_JUICIO_POLITICO,prosecretario,Ricardo Nicanor Gutiérrez,masthead
2005-09-21,2005-09-21_r29_ORDINARIA,prosecretario,Ricardo Nicanor Gutiérrez,masthead
2005-09-21,2005-09-21_r30_TRIBUNAL_DE_JUICIO_POLITICO,secretario,Carlos Alberto Machiaroli,masthead
2005-09-21,2005-09-21_r29_ORDINARIA,secretario,Carlos Alberto Machiaroli,masthead
2005-09-21,2005-09-21_r30_TRIBUNAL_DE_JUICIO_POLITICO,secretario,Juan Héctor Estrada,masthead
2005-09-21,2005-09-21_r29_ORDINARIA,secretario,Juan Héctor Estrada,masthead
2005-09-21,2005-09-21_r30_TRIBUNAL_DE_JUICIO_POLITICO,vicepresidente de la nacion,Daniel Osvaldo Scioli,masthead
2005-09-21,2005-09-21_r29_ORDINARIA,vicepresidente de la nacion,Daniel Osvaldo Scioli,masthead
2005-09-22,2005-09-22_r31_TRIBUNAL_DE_JUICIO_POLITICO,presidente provisional,Marcelo Alejandro Horacio Guinle,masthead
2005-09-22,2005-09-22_r31_TRIBUNAL_DE_JUICIO_POLITICO,prosecretario,José D. Canata,masthead
2005-09-22,2005-09-22_r31_TRIBUNAL_DE_JUICIO_POLITICO,prosecretario,Juan J. Canals,masthead
2005-09-22,2005-09-22_r31_TRIBUNAL_DE_JUICIO_POLITICO,prosecretario,Ricardo Nicanor Gutiérrez,masthead
2005-09-22,2005-09-22_r31_TRIBUNAL_DE_JUICIO_POLITICO,secretario,Carlos Alberto Machiaroli,masthead
2005-09-22,2005-09-22_r31_TRIBUNAL_DE_JUICIO_POLITICO,secretario,Juan Héctor Estrada,masthead
2005-09-22,2005-09-22_r31_TRIBUNAL_DE_JUICIO_POLITICO,vicepresidente de la nacion,Daniel Osvaldo Scioli,masthead
2005-09-28,2005-09-28_r32_ORDINARIA,presidente provisional,Marcelo Alejandro Horacio Guinle,masthead
2005-09-28,2005-09-28_r32_ORDINARIA,prosecretario,José D. Canata,masthead
2005-09-28,2005-09-28_r33_TRIBUNAL_DE_JUICIO_POLITICO,prosecretario,José D. Canata,masthead
2005-09-28,2005-09-28_r32_ORDINARIA,prosecretario,Juan J. Canals,masthead
2005-09-28,2005-09-28_r33_TRIBUNAL_DE_JUICIO_POLITICO,prosecretario,Juan J. Canals,masthead
2005-09-28,2005-09-28_r32_ORDINARIA,prosecretario,Ricardo Nicanor Gutiérrez,masthead
2005-09-28,2005-09-28_r33_TRIBUNAL_DE_JUICIO_POLITICO,prosecretario,Ricardo Nicanor Gutiérrez,masthead
2005-09-28,2005-09-28_r32_ORDINARIA,secretario,Carlos Alberto Machiaroli,masthead
2005-09-28,2005-09-28_r33_TRIBUNAL_DE_JUICIO_POLITICO,secretario,Carlos Alberto Machiaroli,masthead
2005-09-28,2005-09-28_r32_ORDINARIA,secretario,Juan Héctor Estrada,masthead
2005-09-28,2005-09-28_r33_TRIBUNAL_DE_JUICIO_POLITICO,secretario,Juan Héctor Estrada,masthead
2005-09-28,2005-09-28_r32_ORDINARIA,vicepresidente de la nacion,Daniel Osvaldo Scioli,masthead
2005-09-28,2005-09-28_r33_TRIBUNAL_DE_JUICIO_POLITICO,vicepresidente de la nacion,Daniel Osvaldo Scioli,masthead
2005-11-02,2005-11-02_r34_ORDINARIA,presidente provisional,Marcelo Alejandro Horacio Guinle,masthead
2005-11-02,2005-11-02_r34_ORDINARIA,prosecretario,José D. Canata,masthead
2005-11-02,2005-11-02_r34_ORDINARIA,prosecretario,Juan J. Canals,masthead
2005-11-02,2005-11-02_r34_ORDINARIA,prosecretario,Ricardo Nicanor Gutiérrez,masthead
2005-11-02,2005-11-02_r34_ORDINARIA,secretario,Carlos Alberto Machiaroli,masthead
2005-11-02,2005-11-02_r34_ORDINARIA,secretario,Juan Héctor Estrada,masthead
2005-11-02,2005-11-02_r34_ORDINARIA,vicepresidente de la nacion,Daniel Osvaldo Scioli,masthead
2005-11-09,2005-11-09_r36_TRIBUNAL_DE_JUICIO_POLITICO,presidente provisional,Marcelo Alejandro Horacio Guinle,masthead
2005-11-09,2005-11-09_r35_ORDINARIA,presidente provisional,Marcelo Alejandro Horacio Guinle,masthead
2005-11-09,2005-11-09_r36_TRIBUNAL_DE_JUICIO_POLITICO,prosecretario,José D. Canata,masthead
2005-11-09,2005-11-09_r35_ORDINARIA,prosecretario,José D. Canata,masthead
2005-11-09,2005-11-09_r36_TRIBUNAL_DE_JUICIO_POLITICO,prosecretario,Juan J. Canals,masthead
2005-11-09,2005-11-09_r35_ORDINARIA,prosecretario,Juan J. Canals,masthead
2005-11-09,2005-11-09_r36_TRIBUNAL_DE_JUICIO_POLITICO,prosecretario,Ricardo Nicanor Gutiérrez,masthead
2005-11-09,2005-11-09_r35_ORDINARIA,prosecretario,Ricardo Nicanor Gutiérrez,masthead
2005-11-09,2005-11-09_r36_TRIBUNAL_DE_JUICIO_POLITICO,secretario,Carlos Alberto Machiaroli,masthead
2005-11-09,2005-11-09_r35_ORDINARIA,secretario,Carlos Alberto Machiaroli,masthead
2005-11-09,2005-11-09_r36_TRIBUNAL_DE_JUICIO_POLITICO,secretario,Juan Héctor Estrada,masthead
2005-11-09,2005-11-09_r35_ORDINARIA,secretario,Juan Héctor Estrada,masthead
2005-11-09,2005-11-09_r35_ORDINARIA,vicepresidente de la nacion,Daniel Osvaldo Scioli,masthead
2005-11-16,2005-11-16_r37_ORDINARIA,prosecretario,José D. Canata,masthead
2005-11-16,2005-11-16_r37_ORDINARIA,prosecretario,Juan J. Canals,masthead
2005-11-16,2005-11-16_r37_ORDINARIA,prosecretario,Ricardo Nicanor Gutiérrez,masthead
2005-11-16,2005-11-16_r37_ORDINARIA,secretario,Carlos Alberto Machiaroli,masthead
2005-11-16,2005-11-16_r37_ORDINARIA,secretario,Juan Héctor Estrada,masthead
2005-11-16,2005-11-16_r37_ORDINARIA,vicepresidente de la nacion,Daniel Osvaldo Scioli,masthead
2005-11-23,2005-11-23_r38_ORDINARIA,presidente provisional,Marcelo Alejandro Horacio Guinle,masthead
2005-11-23,2005-11-23_r38_ORDINARIA,prosecretario,José D. Canata,masthead
2005-11-23,2005-11-23_r38_ORDINARIA,prosecretario,Juan J. Canals,masthead
2005-11-23,2005-11-23_r38_ORDINARIA,prosecretario,Ricardo Nicanor Gutiérrez,masthead
2005-11-23,2005-11-23_r38_ORDINARIA,secretario,Carlos Alberto Machiaroli,masthead
2005-11-23,2005-11-23_r38_ORDINARIA,secretario,Juan Héctor Estrada,masthead
2005-11-23,2005-11-23_r38_ORDINARIA,vicepresidente de la nacion,Daniel Osvaldo Scioli,masthead
2005-11-29,2005-11-29_r39_ESPECIAL,prosecretario,José D. Canata,masthead
2005-11-29,2005-11-29_r39_ESPECIAL,prosecretario,Juan J. Canals,masthead
2005-11-29,2005-11-29_r39_ESPECIAL,prosecretario,Ricardo Nicanor Gutiérrez,masthead
2005-11-29,2005-11-29_r39_ESPECIAL,secretario,Carlos Alberto Machiaroli,masthead
2005-11-29,2005-11-29_r39_ESPECIAL,secretario,Juan Héctor Estrada,masthead
2005-11-29,2005-11-29_r39_ESPECIAL,vicepresidente de la nacion,Daniel Osvaldo Scioli,masthead
2005-11-30,2005-11-30_r40_ORDINARIA,presidente provisional,Marcelo Alejandro Horacio Guinle,masthead
2005-11-30,2005-11-30_r40_ORDINARIA,prosecretario,José D. Canata,masthead
2005-11-30,2005-11-30_r40_ORDINARIA,prosecretario,Juan J. Canals,masthead
2005-11-30,2005-11-30_r40_ORDINARIA,prosecretario,Ricardo Nicanor Gutiérrez,masthead
2005-11-30,2005-11-30_r40_ORDINARIA,secretario,Carlos Alberto Machiaroli,masthead
2005-11-30,2005-11-30_r40_ORDINARIA,secretario,Juan Héctor Estrada,masthead
2005-11-30,2005-11-30_r40_ORDINARIA,vicepresidente de la nacion,Daniel Osvaldo Scioli,masthead
2005-12-14,2005-12-14_r41_EXTRAORDINARIA,presidente provisional,Marcelo Alejandro Horacio Guinle,masthead
2005-12-14,2005-12-14_r41_EXTRAORDINARIA,prosecretario,José D. Canata,masthead
2005-12-14,2005-12-14_r41_EXTRAORDINARIA,prosecretario,Juan J. Canals,masthead
2005-12-14,2005-12-14_r41_EXTRAORDINARIA,prosecretario,Ricardo Nicanor Gutiérrez,masthead
2005-12-14,2005-12-14_r41_EXTRAORDINARIA,secretario,Carlos Alberto Machiaroli,masthead
2005-12-14,2005-12-14_r41_EXTRAORDINARIA,secretario,Juan Héctor Estrada,masthead
2005-12-14,2005-12-14_r41_EXTRAORDINARIA,vicepresidente de la nacion,Daniel Osvaldo Scioli,masthead
2005-12-21,2005-12-21_r42_EXTRAORDINARIA,presidente provisional,Marcelo Alejandro Horacio Guinle,masthead
2005-12-21,2005-12-21_r42_EXTRAORDINARIA,prosecretario,José D. Canata,masthead
2005-12-21,2005-12-21_r42_EXTRAORDINARIA,prosecretario,Juan J. Canals,masthead
2005-12-21,2005-12-21_r42_EXTRAORDINARIA,prosecretario,Ricardo Nicanor Gutiérrez,masthead
2005-12-21,2005-12-21_r42_EXTRAORDINARIA,secretario,Carlos Alberto Machiaroli,masthead
2005-12-21,2005-12-21_r42_EXTRAORDINARIA,secretario,Juan Héctor Estrada,masthead
2005-12-21,2005-12-21_r42_EXTRAORDINARIA,vicepresidenta 1°,Mirian Belén Curletti,masthead
2005-12-21,2005-12-21_r42_EXTRAORDINARIA,vicepresidente,Marcelo Eduardo López Arias,masthead
2005-12-21,2005-12-21_r42_EXTRAORDINARIA,vicepresidente de la nacion,Daniel Osvaldo Scioli,masthead
2005-12-22,2005-12-22_r43_EXTRAORDINARIA,presidente provisional,Marcelo Alejandro Horacio Guinle,masthead
2005-12-22,2005-12-22_r43_EXTRAORDINARIA,prosecretario,José D. Canata,masthead
2005-12-22,2005-12-22_r43_EXTRAORDINARIA,prosecretario,Juan J. Canals,masthead
2005-12-22,2005-12-22_r43_EXTRAORDINARIA,prosecretario,Ricardo Nicanor Gutiérrez,masthead
2005-12-22,2005-12-22_r43_EXTRAORDINARIA,secretario,Carlos Alberto Machiaroli,masthead
2005-12-22,2005-12-22_r43_EXTRAORDINARIA,secretario,Juan Héctor Estrada,masthead
2005-12-22,2005-12-22_r43_EXTRAORDINARIA,vicepresidenta 1°,Mirian Belén Curletti,masthead
2005-12-22,2005-12-22_r43_EXTRAORDINARIA,vicepresidente,Marcelo Eduardo López Arias,masthead
2005-12-22,2005-12-22_r43_EXTRAORDINARIA,vicepresidente de la nacion,Daniel Osvaldo Scioli,masthead
2006-02-15,2006-02-15_r44_EXTRAORDINARIA,presidente provisional,Marcelo Alejandro Horacio Guinle,masthead
2006-02-15,2006-02-15_r44_EXTRAORDINARIA,prosecretario,José D. Canata,masthead
2006-02-15,2006-02-15_r44_EXTRAORDINARIA,prosecretario,Juan J. Canals,masthead
2006-02-15,2006-02-15_r44_EXTRAORDINARIA,prosecretario,Ricardo Nicanor Gutiérrez,masthead
2006-02-15,2006-02-15_r44_EXTRAORDINARIA,secretario,Carlos Alberto Machiaroli,masthead
2006-02-15,2006-02-15_r44_EXTRAORDINARIA,secretario,Juan Héctor Estrada,masthead
2006-02-15,2006-02-15_r44_EXTRAORDINARIA,vicepresidente de la nacion,Daniel Osvaldo Scioli,masthead
2006-02-22,2006-02-22_r45_EXTRAORDINARIA,presidente provisional,Marcelo Eduardo López Arias,masthead
2006-02-22,2006-02-22_r01_PREPARATORIA,prosecretario,José D. Canata,masthead
2006-02-22,2006-02-22_r01_PREPARATORIA,prosecretario,Juan J. Canals,masthead
2006-02-22,2006-02-22_r45_EXTRAORDINARIA,prosecretario,Juan J. Canals,masthead
2006-02-22,2006-02-22_r45_EXTRAORDINARIA,prosecretario,Néstor H. Righetti,masthead
2006-02-22,2006-02-22_r01_PREPARATORIA,prosecretario,Ricardo Nicanor Gutiérrez,masthead
2006-02-22,2006-02-22_r45_EXTRAORDINARIA,prosecretario,Ricardo Nicanor Gutiérrez,masthead
2006-02-22,2006-02-22_r01_PREPARATORIA,secretario,Carlos Alberto Machiaroli,masthead
2006-02-22,2006-02-22_r45_EXTRAORDINARIA,secretario,Carlos Alberto Machiaroli,masthead
2006-02-22,2006-02-22_r01_PREPARATORIA,secretario,Juan Héctor Estrada,masthead
2006-02-22,2006-02-22_r45_EXTRAORDINARIA,secretario,Juan Héctor Estrada,masthead
2006-02-22,2006-02-22_r01_PREPARATORIA,vicepresidente de la nacion,Daniel Osvaldo Scioli,masthead
2006-02-22,2006-02-22_r45_EXTRAORDINARIA,vicepresidente de la nacion,Daniel Osvaldo Scioli,masthead
2006-03-01,2006-03-01_r00_ASAMBLEA,presidente de la honorable camara de diputados,Alberto Edgardo Balestrini,masthead
2006-03-01,2006-03-01_r00_ASAMBLEA,secretario,Enrique Hidalgo,masthead
2006-03-01,2006-03-01_r00_ASAMBLEA,secretario,Juan Héctor Estrada,masthead
2006-03-01,2006-03-01_r00_ASAMBLEA,vicepresidente,Daniel Osvaldo Scioli,masthead
2006-03-08,2006-03-08_r02_ORDINARIA,presidente provisional,Marcelo Eduardo López Arias,masthead
2006-03-08,2006-03-08_r02_ORDINARIA,prosecretario,Juan J. Canals,masthead
2006-03-08,2006-03-08_r02_ORDINARIA,prosecretario,Néstor H. Righetti,masthead
2006-03-08,2006-03-08_r02_ORDINARIA,prosecretario,Ricardo Nicanor Gutiérrez,masthead
2006-03-08,2006-03-08_r02_ORDINARIA,secretario,Carlos Alberto Machiaroli,masthead
2006-03-08,2006-03-08_r02_ORDINARIA,secretario,Juan Héctor Estrada,masthead
2006-03-08,2006-03-08_r02_ORDINARIA,vicepresidenta 1°,Mirian Belén Curletti,masthead
2006-03-08,2006-03-08_r02_ORDINARIA,vicepresidente de la nacion,Daniel Osvaldo Scioli,masthead
2006-03-15,2006-03-15_r03_ORDINARIA,presidente provisional,José Juan Bautista Pampuro,masthead
2006-03-15,2006-03-15_r03_ORDINARIA,prosecretario,Juan J. Canals,masthead
2006-03-15,2006-03-15_r03_ORDINARIA,prosecretario,Néstor H. Righetti,masthead
2006-03-15,2006-03-15_r03_ORDINARIA,prosecretario,Ricardo Nicanor Gutiérrez,masthead
2006-03-15,2006-03-15_r03_ORDINARIA,secretario,Carlos Alberto Machiaroli,masthead
2006-03-15,2006-03-15_r03_ORDINARIA,secretario,Juan Héctor Estrada,masthead
2006-03-15,2006-03-15_r03_ORDINARIA,vicepresidente de la nacion,Daniel Osvaldo Scioli,masthead
2006-03-22,2006-03-22_r00_ASAMBLEA,presidente de la honorable camara de diputados,Alberto Edgardo Balestrini,masthead
2006-03-22,2006-03-22_r04_ORDINARIA,presidente provisional,José Juan Bautista Pampuro,masthead
2006-03-22,2006-03-22_r04_ORDINARIA,prosecretario,Juan J. Canals,masthead
2006-03-22,2006-03-22_r04_ORDINARIA,prosecretario,Néstor H. Righetti,masthead
2006-03-22,2006-03-22_r04_ORDINARIA,prosecretario,Ricardo Nicanor Gutiérrez,masthead
2006-03-22,2006-03-22_r04_ORDINARIA,secretario,Carlos Alberto Machiaroli,masthead
2006-03-22,2006-03-22_r00_ASAMBLEA,secretario,Enrique Hidalgo,masthead
2006-03-22,2006-03-22_r04_ORDINARIA,secretario,Juan Héctor Estrada,masthead
2006-03-22,2006-03-22_r00_ASAMBLEA,secretario,Juan Héctor Estrada,masthead
2006-03-22,2006-03-22_r00_ASAMBLEA,vicepresidente,Daniel Osvaldo Scioli,masthead
2006-03-22,2006-03-22_r04_ORDINARIA,vicepresidente de la nacion,Daniel Osvaldo Scioli,masthead
2006-04-05,2006-04-05_r05_ORDINARIA,presidente provisional,José Juan Bautista Pampuro,masthead
2006-04-05,2006-04-05_r05_ORDINARIA,prosecretario,Juan J. Canals,masthead
2006-04-05,2006-04-05_r05_ORDINARIA,prosecretario,Néstor H. Righetti,masthead
2006-04-05,2006-04-05_r05_ORDINARIA,prosecretario,Ricardo Nicanor Gutiérrez,masthead
2006-04-05,2006-04-05_r05_ORDINARIA,secretario,Carlos Alberto Machiaroli,masthead
2006-04-05,2006-04-05_r05_ORDINARIA,secretario,Juan Héctor Estrada,masthead
2006-04-05,2006-04-05_r05_ORDINARIA,vicepresidente de la nacion,Daniel Osvaldo Scioli,masthead
2006-04-19,2006-04-19_r06_ORDINARIA,prosecretario,Juan J. Canals,masthead
2006-04-19,2006-04-19_r06_ORDINARIA,prosecretario,Néstor H. Righetti,masthead
2006-04-19,2006-04-19_r06_ORDINARIA,prosecretario,Ricardo Nicanor Gutiérrez,masthead
2006-04-19,2006-04-19_r06_ORDINARIA,secretario,Carlos Alberto Machiaroli,masthead
2006-04-19,2006-04-19_r06_ORDINARIA,secretario,Juan Héctor Estrada,masthead
2006-04-19,2006-04-19_r06_ORDINARIA,vicepresidente,Marcelo Eduardo López Arias,masthead
2006-04-19,2006-04-19_r06_ORDINARIA,vicepresidente 2°,Ricardo Gómez Diez,masthead
2006-04-19,2006-04-19_r06_ORDINARIA,vicepresidente de la nacion,Daniel Osvaldo Scioli,masthead
2006-04-26,2006-04-26_r07_ORDINARIA,prosecretario,Juan J. Canals,masthead
2006-04-26,2006-04-26_r07_ORDINARIA,prosecretario,Néstor H. Righetti,masthead
2006-04-26,2006-04-26_r07_ORDINARIA,prosecretario,Ricardo Nicanor Gutiérrez,masthead
2006-04-26,2006-04-26_r07_ORDINARIA,secretario,Carlos Alberto Machiaroli,masthead
2006-04-26,2006-04-26_r07_ORDINARIA,secretario,Juan Héctor Estrada,masthead
2006-04-26,2006-04-26_r07_ORDINARIA,vicepresidente,Marcelo Eduardo López Arias,masthead
2006-04-26,2006-04-26_r07_ORDINARIA,vicepresidente de la nacion,Daniel Osvaldo Scioli,masthead
2006-05-10,2006-05-10_r08_ORDINARIA,prosecretario,Juan J. Canals,masthead
2006-05-10,2006-05-10_r08_ORDINARIA,prosecretario,Néstor H. Righetti,masthead
2006-05-10,2006-05-10_r08_ORDINARIA,prosecretario,Ricardo Nicanor Gutiérrez,masthead
2006-05-10,2006-05-10_r08_ORDINARIA,secretario,Carlos Alberto Machiaroli,masthead
2006-05-10,2006-05-10_r08_ORDINARIA,secretario,Juan Héctor Estrada,masthead
2006-05-10,2006-05-10_r08_ORDINARIA,vicepresidenta 1°,Mirian Belén Curletti,masthead
2006-05-10,2006-05-10_r08_ORDINARIA,vicepresidente,Marcelo Eduardo López Arias,masthead
2006-05-17,2006-05-17_r09_ORDINARIA,presidente provisional,José Juan Bautista Pampuro,masthead
2006-05-17,2006-05-17_r09_ORDINARIA,prosecretario,Juan J. Canals,masthead
2006-05-17,2006-05-17_r09_ORDINARIA,prosecretario,Néstor H. Righetti,masthead
2006-05-17,2006-05-17_r09_ORDINARIA,prosecretario,Ricardo Nicanor Gutiérrez,masthead
2006-05-17,2006-05-17_r09_ORDINARIA,secretario,Carlos Alberto Machiaroli,masthead
2006-05-17,2006-05-17_r09_ORDINARIA,secretario,Juan Héctor Estrada,masthead
2006-05-17,2006-05-17_r09_ORDINARIA,vicepresidente de la nacion,Daniel Osvaldo Scioli,masthead
2006-05-31,2006-05-31_r10_ORDINARIA,presidente provisional,José Juan Bautista Pampuro,masthead
2006-05-31,2006-05-31_r10_ORDINARIA,prosecretario,Juan J. Canals,masthead
2006-05-31,2006-05-31_r10_ORDINARIA,prosecretario,Néstor H. Righetti,masthead
2006-05-31,2006-05-31_r10_ORDINARIA,prosecretario,Ricardo Nicanor Gutiérrez,masthead
2006-05-31,2006-05-31_r10_ORDINARIA,secretario,Carlos Alberto Machiaroli,masthead
2006-05-31,2006-05-31_r10_ORDINARIA,secretario,Juan Héctor Estrada,masthead
2006-05-31,2006-05-31_r10_ORDINARIA,vicepresidente de la nacion,Daniel Osvaldo Scioli,masthead
2006-06-07,2006-06-07_r11_ORDINARIA,prosecretario,Juan J. Canals,masthead
2006-06-07,2006-06-07_r11_ORDINARIA,prosecretario,Néstor H. Righetti,masthead
2006-06-07,2006-06-07_r11_ORDINARIA,prosecretario,Ricardo Nicanor Gutiérrez,masthead
2006-06-07,2006-06-07_r11_ORDINARIA,secretario,Carlos Alberto Machiaroli,masthead
2006-06-07,2006-06-07_r11_ORDINARIA,secretario,Juan Héctor Estrada,masthead
2006-06-07,2006-06-07_r11_ORDINARIA,vicepresidente,Marcelo Eduardo López Arias,masthead
2006-06-07,2006-06-07_r11_ORDINARIA,vicepresidente de la nacion,Daniel Osvaldo Scioli,masthead
2006-06-14,2006-06-14_r12_ORDINARIA,presidente provisional,José Juan Bautista Pampuro,masthead
2006-06-14,2006-06-14_r12_ORDINARIA,prosecretario,Juan J. Canals,masthead
2006-06-14,2006-06-14_r12_ORDINARIA,prosecretario,Néstor H. Righetti,masthead
2006-06-14,2006-06-14_r12_ORDINARIA,prosecretario,Ricardo Nicanor Gutiérrez,masthead
2006-06-14,2006-06-14_r12_ORDINARIA,secretario,Carlos Alberto Machiaroli,masthead
2006-06-14,2006-06-14_r12_ORDINARIA,secretario,Juan Héctor Estrada,masthead
2006-06-28,2006-06-28_r13_ORDINARIA,prosecretario,Juan J. Canals,masthead
2006-06-28,2006-06-28_r13_ORDINARIA,prosecretario,Néstor H. Righetti,masthead
2006-06-28,2006-06-28_r13_ORDINARIA,prosecretario,Ricardo Nicanor Gutiérrez,masthead
2006-06-28,2006-06-28_r13_ORDINARIA,secretario,Carlos Alberto Machiaroli,masthead
2006-06-28,2006-06-28_r13_ORDINARIA,secretario,Juan Héctor Estrada,masthead
2006-06-28,2006-06-28_r13_ORDINARIA,vicepresidente,Marcelo Eduardo López Arias,masthead
2006-06-28,2006-06-28_r13_ORDINARIA,vicepresidente de la nacion,Daniel Osvaldo Scioli,masthead
2006-07-05,2006-07-05_r14_ESPECIAL,prosecretario,Juan J. Canals,masthead
2006-07-05,2006-07-05_r14_ESPECIAL,prosecretario,Néstor H. Righetti,masthead
2006-07-05,2006-07-05_r14_ESPECIAL,prosecretario,Ricardo Nicanor Gutiérrez,masthead
2006-07-05,2006-07-05_r14_ESPECIAL,secretario,Carlos Alberto Machiaroli,masthead
2006-07-05,2006-07-05_r14_ESPECIAL,secretario,Juan Héctor Estrada,masthead
2006-07-05,2006-07-05_r14_ESPECIAL,vicepresidenta 1°,Mirian Belén Curletti,masthead
2006-07-05,2006-07-05_r14_ESPECIAL,vicepresidente,Marcelo Eduardo López Arias,masthead
2006-07-06,2006-07-06_r15_ORDINARIA,presidente provisional,José Juan Bautista Pampuro,masthead
2006-07-06,2006-07-06_r15_ORDINARIA,prosecretario,Juan J. Canals,masthead
2006-07-06,2006-07-06_r15_ORDINARIA,prosecretario,Néstor H. Righetti,masthead
2006-07-06,2006-07-06_r15_ORDINARIA,prosecretario,Ricardo Nicanor Gutiérrez,masthead
2006-07-06,2006-07-06_r15_ORDINARIA,secretario,Carlos Alberto Machiaroli,masthead
2006-07-06,2006-07-06_r15_ORDINARIA,secretario,Juan Héctor Estrada,masthead
2006-07-06,2006-07-06_r15_ORDINARIA,vicepresidente de la nacion,Daniel Osvaldo Scioli,masthead
2006-07-12,2006-07-12_r16_ORDINARIA,presidente provisional,José Juan Bautista Pampuro,masthead
2006-07-12,2006-07-12_r16_ORDINARIA,prosecretario,Juan J. Canals,masthead
2006-07-12,2006-07-12_r16_ORDINARIA,prosecretario,Néstor H. Righetti,masthead
2006-07-12,2006-07-12_r16_ORDINARIA,prosecretario,Ricardo Nicanor Gutiérrez,masthead
2006-07-12,2006-07-12_r16_ORDINARIA,secretario,Carlos Alberto Machiaroli,masthead
2006-07-12,2006-07-12_r16_ORDINARIA,secretario,Juan Héctor Estrada,masthead
2006-08-02,2006-08-02_r17_ORDINARIA,prosecretario,Juan J. Canals,masthead
2006-08-02,2006-08-02_r17_ORDINARIA,prosecretario,Néstor H. Righetti,masthead
2006-08-02,2006-08-02_r17_ORDINARIA,prosecretario,Ricardo Nicanor Gutiérrez,masthead
2006-08-02,2006-08-02_r17_ORDINARIA,secretario,Carlos Alberto Machiaroli,masthead
2006-08-02,2006-08-02_r17_ORDINARIA,secretario,Juan Héctor Estrada,masthead
2006-08-02,2006-08-02_r17_ORDINARIA,vicepresidente,Marcelo Eduardo López Arias,masthead
2006-08-02,2006-08-02_r17_ORDINARIA,vicepresidente de la nacion,Daniel Osvaldo Scioli,masthead
2006-08-09,2006-08-09_r18_ORDINARIA,presidente provisional,José Juan Bautista Pampuro,masthead
2006-08-09,2006-08-09_r18_ORDINARIA,prosecretario,Juan J. Canals,masthead
2006-08-09,2006-08-09_r18_ORDINARIA,prosecretario,Néstor H. Righetti,masthead
2006-08-09,2006-08-09_r18_ORDINARIA,prosecretario,Ricardo Nicanor Gutiérrez,masthead
2006-08-09,2006-08-09_r18_ORDINARIA,secretario,Carlos Alberto Machiaroli,masthead
2006-08-09,2006-08-09_r18_ORDINARIA,secretario,Juan Héctor Estrada,masthead
2006-08-09,2006-08-09_r18_ORDINARIA,vicepresidenta 1°,Mirian Belén Curletti,masthead
2006-08-09,2006-08-09_r18_ORDINARIA,vicepresidente,Marcelo Eduardo López Arias,masthead
2006-08-09,2006-08-09_r18_ORDINARIA,vicepresidente de la nacion,Daniel Osvaldo Scioli,masthead
2006-08-16,2006-08-16_r19_ORDINARIA,presidente provisional,José Juan Bautista Pampuro,masthead
2006-08-16,2006-08-16_r19_ORDINARIA,prosecretario,Juan J. Canals,masthead
2006-08-16,2006-08-16_r19_ORDINARIA,prosecretario,Néstor H. Righetti,masthead
2006-08-16,2006-08-16_r19_ORDINARIA,prosecretario,Ricardo Nicanor Gutiérrez,masthead
2006-08-16,2006-08-16_r19_ORDINARIA,secretario,Carlos Alberto Machiaroli,masthead
2006-08-16,2006-08-16_r19_ORDINARIA,secretario,Juan Héctor Estrada,masthead
2006-08-16,2006-08-16_r19_ORDINARIA,vicepresidenta 1°,Mirian Belén Curletti,masthead
2006-08-16,2006-08-16_r19_ORDINARIA,vicepresidente,Marcelo Eduardo López Arias,masthead
2006-08-16,2006-08-16_r19_ORDINARIA,vicepresidente de la nacion,Daniel Osvaldo Scioli,masthead
2006-08-30,2006-08-30_r20_ORDINARIA,presidente provisional,José Juan Bautista Pampuro,masthead
2006-08-30,2006-08-30_r20_ORDINARIA,prosecretario,Juan J. Canals,masthead
2006-08-30,2006-08-30_r20_ORDINARIA,prosecretario,Néstor H. Righetti,masthead
2006-08-30,2006-08-30_r20_ORDINARIA,prosecretario,Ricardo Nicanor Gutiérrez,masthead
2006-08-30,2006-08-30_r20_ORDINARIA,secretario,Carlos Alberto Machiaroli,masthead
2006-08-30,2006-08-30_r20_ORDINARIA,secretario,Juan Héctor Estrada,masthead
2006-08-30,2006-08-30_r20_ORDINARIA,vicepresidenta 1°,Mirian Belén Curletti,masthead
2006-08-30,2006-08-30_r20_ORDINARIA,vicepresidente de la nacion,Daniel Osvaldo Scioli,masthead
2006-09-06,2006-09-06_r21_ORDINARIA,presidente provisional,José Juan Bautista Pampuro,masthead
2006-09-06,2006-09-06_r21_ORDINARIA,prosecretario,Juan J. Canals,masthead
2006-09-06,2006-09-06_r21_ORDINARIA,prosecretario,Néstor H. Righetti,masthead
2006-09-06,2006-09-06_r21_ORDINARIA,prosecretario,Ricardo Nicanor Gutiérrez,masthead
2006-09-06,2006-09-06_r21_ORDINARIA,secretario,Carlos Alberto Machiaroli,masthead
2006-09-06,2006-09-06_r21_ORDINARIA,secretario,Juan Héctor Estrada,masthead
2006-09-13,2006-09-13_r22_ORDINARIA,prosecretario,Juan J. Canals,masthead
2006-09-13,2006-09-13_r22_ORDINARIA,prosecretario,Néstor H. Righetti,masthead
2006-09-13,2006-09-13_r22_ORDINARIA,prosecretario,Ricardo Nicanor Gutiérrez,masthead
2006-09-13,2006-09-13_r22_ORDINARIA,secretario,Carlos Alberto Machiaroli,masthead
2006-09-13,2006-09-13_r22_ORDINARIA,secretario,Juan Héctor Estrada,masthead
2006-09-13,2006-09-13_r22_ORDINARIA,vicepresidente de la nacion,Daniel Osvaldo Scioli,masthead
2006-09-27,2006-09-27_r23_ORDINARIA,presidente provisional,José Juan Bautista Pampuro,masthead
2006-09-27,2006-09-27_r23_ORDINARIA,prosecretario,Juan J. Canals,masthead
2006-09-27,2006-09-27_r23_ORDINARIA,prosecretario,Néstor H. Righetti,masthead
2006-09-27,2006-09-27_r23_ORDINARIA,prosecretario,Ricardo Nicanor Gutiérrez,masthead
2006-09-27,2006-09-27_r23_ORDINARIA,secretario,Carlos Alberto Machiaroli,masthead
2006-09-27,2006-09-27_r23_ORDINARIA,secretario,Juan Héctor Estrada,masthead
2006-09-27,2006-09-27_r23_ORDINARIA,vicepresidente de la nacion,Daniel Osvaldo Scioli,masthead
2006-10-04,2006-10-04_r24_ORDINARIA,presidente provisional,José Juan Bautista Pampuro,masthead
2006-10-04,2006-10-04_r24_ORDINARIA,prosecretario,Juan J. Canals,masthead
2006-10-04,2006-10-04_r24_ORDINARIA,prosecretario,Néstor H. Righetti,masthead
2006-10-04,2006-10-04_r24_ORDINARIA,prosecretario,Ricardo Nicanor Gutiérrez,masthead
2006-10-04,2006-10-04_r24_ORDINARIA,secretario,Carlos Alberto Machiaroli,masthead
2006-10-04,2006-10-04_r24_ORDINARIA,secretario,Juan Héctor Estrada,masthead
2006-10-04,2006-10-04_r24_ORDINARIA,vicepresidente,Marcelo Eduardo López Arias,masthead
2006-10-04,2006-10-04_r24_ORDINARIA,vicepresidente de la nacion,Daniel Osvaldo Scioli,masthead
2006-10-11,2006-10-11_r25_ORDINARIA,presidente provisional,José Juan Bautista Pampuro,masthead
2006-10-11,2006-10-11_r25_ORDINARIA,prosecretario,Juan J. Canals,masthead
2006-10-11,2006-10-11_r25_ORDINARIA,prosecretario,Néstor H. Righetti,masthead
2006-10-11,2006-10-11_r25_ORDINARIA,prosecretario,Ricardo Nicanor Gutiérrez,masthead
2006-10-11,2006-10-11_r25_ORDINARIA,secretario,Carlos Alberto Machiaroli,masthead
2006-10-11,2006-10-11_r25_ORDINARIA,secretario,Juan Héctor Estrada,masthead
2006-10-11,2006-10-11_r25_ORDINARIA,vicepresidente,Marcelo Eduardo López Arias,masthead
2006-10-11,2006-10-11_r25_ORDINARIA,vicepresidente de la nacion,Daniel Osvaldo Scioli,masthead
2006-11-01,2006-11-01_r26_ORDINARIA,presidente provisional,José Juan Bautista Pampuro,masthead
2006-11-01,2006-11-01_r26_ORDINARIA,prosecretario,Juan J. Canals,masthead
2006-11-01,2006-11-01_r26_ORDINARIA,prosecretario,Néstor H. Righetti,masthead
2006-11-01,2006-11-01_r26_ORDINARIA,prosecretario,Ricardo Nicanor Gutiérrez,masthead
2006-11-01,2006-11-01_r26_ORDINARIA,secretario,Carlos Alberto Machiaroli,masthead
2006-11-01,2006-11-01_r26_ORDINARIA,secretario,Juan Héctor Estrada,masthead
2006-11-01,2006-11-01_r26_ORDINARIA,vicepresidente,Marcelo Eduardo López Arias,masthead
2006-11-01,2006-11-01_r26_ORDINARIA,vicepresidente de la nacion,Daniel Osvaldo Scioli,masthead
2006-11-08,2006-11-08_r27_ESPECIAL,prosecretario,Juan J. Canals,masthead
2006-11-08,2006-11-08_r27_ESPECIAL,prosecretario,Néstor H. Righetti,masthead
2006-11-08,2006-11-08_r27_ESPECIAL,prosecretario,Ricardo Nicanor Gutiérrez,masthead
2006-11-08,2006-11-08_r27_ESPECIAL,secretario,Carlos Alberto Machiaroli,masthead
2006-11-08,2006-11-08_r27_ESPECIAL,secretario,Juan Héctor Estrada,masthead
2006-11-08,2006-11-08_r27_ESPECIAL,vicepresidente de la nacion,Daniel Osvaldo Scioli,masthead
2006-11-22,2006-11-22_r28_ORDINARIA,presidente provisional,José Juan Bautista Pampuro,masthead
2006-11-22,2006-11-22_r28_ORDINARIA,prosecretario,Juan J. Canals,masthead
2006-11-22,2006-11-22_r28_ORDINARIA,prosecretario,Néstor H. Righetti,masthead
2006-11-22,2006-11-22_r28_ORDINARIA,prosecretario,Ricardo Nicanor Gutiérrez,masthead
2006-11-22,2006-11-22_r28_ORDINARIA,secretario,Carlos Alberto Machiaroli,masthead
2006-11-22,2006-11-22_r28_ORDINARIA,secretario,Juan Héctor Estrada,masthead
2006-11-22,2006-11-22_r28_ORDINARIA,vicepresidente de la nacion,Daniel Osvaldo Scioli,masthead
2006-11-29,2006-11-29_r29_ORDINARIA,presidente provisional,José Juan Bautista Pampuro,masthead
2006-11-29,2006-11-29_r29_ORDINARIA,prosecretario,Juan J. Canals,masthead
2006-11-29,2006-11-29_r29_ORDINARIA,prosecretario,Néstor H. Righetti,masthead
2006-11-29,2006-11-29_r29_ORDINARIA,prosecretario,Ricardo Nicanor Gutiérrez,masthead
2006-11-29,2006-11-29_r29_ORDINARIA,secretario,Carlos Alberto Machiaroli,masthead
2006-11-29,2006-11-29_r29_ORDINARIA,secretario,Juan Héctor Estrada,masthead
2006-11-29,2006-11-29_r29_ORDINARIA,vicepresidenta 1°,Mirian Belén Curletti,masthead
2006-11-29,2006-11-29_r29_ORDINARIA,vicepresidente,Marcelo Eduardo López Arias,masthead
2006-11-29,2006-11-29_r29_ORDINARIA,vicepresidente 2°,Ricardo Gómez Diez,masthead
2006-12-06,2006-12-06_r30_ORDINARIA,presidente provisional,José Juan Bautista Pampuro,masthead
2006-12-06,2006-12-06_r30_ORDINARIA,prosecretario,Juan J. Canals,masthead
2006-12-06,2006-12-06_r30_ORDINARIA,prosecretario,Néstor H. Righetti,masthead
2006-12-06,2006-12-06_r30_ORDINARIA,prosecretario,Ricardo Nicanor Gutiérrez,masthead
2006-12-06,2006-12-06_r30_ORDINARIA,secretario,Carlos Alberto Machiaroli,masthead
2006-12-06,2006-12-06_r30_ORDINARIA,secretario,Juan Héctor Estrada,masthead
2006-12-06,2006-12-06_r30_ORDINARIA,vicepresidenta 1°,Mirian Belén Curletti,masthead
2006-12-06,2006-12-06_r30_ORDINARIA,vicepresidente,Marcelo Eduardo López Arias,masthead
2006-12-06,2006-12-06_r30_ORDINARIA,vicepresidente de la nacion,Daniel Osvaldo Scioli,masthead
2006-12-13,2006-12-13_r31_ORDINARIA,presidente provisional,José Juan Bautista Pampuro,masthead
2006-12-13,2006-12-13_r31_ORDINARIA,prosecretario,Juan J. Canals,masthead
2006-12-13,2006-12-13_r31_ORDINARIA,prosecretario,Néstor H. Righetti,masthead
2006-12-13,2006-12-13_r31_ORDINARIA,prosecretario,Ricardo Nicanor Gutiérrez,masthead
2006-12-13,2006-12-13_r31_ORDINARIA,secretario,Carlos Alberto Machiaroli,masthead
2006-12-13,2006-12-13_r31_ORDINARIA,secretario,Juan Héctor Estrada,masthead
2006-12-13,2006-12-13_r31_ORDINARIA,vicepresidenta 1°,Mirian Belén Curletti,masthead
2006-12-13,2006-12-13_r31_ORDINARIA,vicepresidente,Marcelo Eduardo López Arias,masthead
2006-12-13,2006-12-13_r31_ORDINARIA,vicepresidente de la nacion,Daniel Osvaldo Scioli,masthead
2006-12-20,2006-12-20_r32_ORDINARIA,presidente provisional,José Juan Bautista Pampuro,masthead
2006-12-20,2006-12-20_r32_ORDINARIA,prosecretario,Juan J. Canals,masthead
2006-12-20,2006-12-20_r32_ORDINARIA,prosecretario,Néstor H. Righetti,masthead
2006-12-20,2006-12-20_r32_ORDINARIA,prosecretario,Ricardo Nicanor Gutiérrez,masthead
2006-12-20,2006-12-20_r32_ORDINARIA,secretario,Carlos Alberto Machiaroli,masthead
2006-12-20,2006-12-20_r32_ORDINARIA,secretario,Juan Héctor Estrada,masthead
2006-12-20,2006-12-20_r32_ORDINARIA,vicepresidente de la nacion,Daniel Osvaldo Scioli,masthead
2007-02-13,2007-02-13_r33_EXTRAORDINARIA,prosecretario,Juan J. Canals,masthead
2007-02-13,2007-02-13_r33_EXTRAORDINARIA,prosecretario,Néstor H. Righetti,masthead
2007-02-13,2007-02-13_r33_EXTRAORDINARIA,prosecretario,Ricardo Nicanor Gutiérrez,masthead
2007-02-13,2007-02-13_r33_EXTRAORDINARIA,secretario,Carlos Alberto Machiaroli,masthead
2007-02-13,2007-02-13_r33_EXTRAORDINARIA,secretario,Juan Héctor Estrada,masthead
2007-02-13,2007-02-13_r33_EXTRAORDINARIA,vicepresidente,Marcelo Eduardo López Arias,masthead
2007-02-13,2007-02-13_r33_EXTRAORDINARIA,vicepresidente de la nacion,Daniel Osvaldo Scioli,masthead
2007-02-28,2007-02-28_r01_PREPARATORIA,prosecretario,Juan J. Canals,masthead
2007-02-28,2007-02-28_r01_PREPARATORIA,prosecretario,Néstor H. Righetti,masthead
2007-02-28,2007-02-28_r01_PREPARATORIA,prosecretario,Ricardo Nicanor Gutiérrez,masthead
2007-02-28,2007-02-28_r01_PREPARATORIA,secretario,Carlos Alberto Machiaroli,masthead
2007-02-28,2007-02-28_r01_PREPARATORIA,secretario,Juan Héctor Estrada,masthead
2007-02-28,2007-02-28_r01_PREPARATORIA,vicepresidente de la nacion,Daniel Osvaldo Scioli,masthead
2007-03-01,2007-03-01_r00_ASAMBLEA,presidente de la honorable camara de diputados,Alberto Edgardo Balestrini,masthead
2007-03-01,2007-03-01_r00_ASAMBLEA,secretario,Enrique Hidalgo,masthead
2007-03-01,2007-03-01_r00_ASAMBLEA,secretario,Juan Héctor Estrada,masthead
2007-03-01,2007-03-01_r00_ASAMBLEA,vicepresidente,Daniel Osvaldo Scioli,masthead
2007-03-14,2007-03-14_r02_ORDINARIA,presidente provisional,José Juan Bautista Pampuro,masthead
2007-03-14,2007-03-14_r02_ORDINARIA,prosecretario,Juan J. Canals,masthead
2007-03-14,2007-03-14_r02_ORDINARIA,prosecretario,Néstor H. Righetti,masthead
2007-03-14,2007-03-14_r02_ORDINARIA,prosecretario,Roberto Vicente Maiques,masthead
2007-03-14,2007-03-14_r02_ORDINARIA,secretario,Carlos Alberto Machiaroli,masthead
2007-03-14,2007-03-14_r02_ORDINARIA,secretario,Juan Héctor Estrada,masthead
2007-03-14,2007-03-14_r02_ORDINARIA,vicepresidenta 1°,Mirian Belén Curletti,masthead
2007-03-14,2007-03-14_r02_ORDINARIA,vicepresidente de la nacion,Daniel Osvaldo Scioli,masthead
2007-03-28,2007-03-28_r03_ORDINARIA,presidente provisional,José Juan Bautista Pampuro,masthead
2007-03-28,2007-03-28_r03_ORDINARIA,prosecretario,Juan J. Canals,masthead
2007-03-28,2007-03-28_r03_ORDINARIA,prosecretario,Néstor H. Righetti,masthead
2007-03-28,2007-03-28_r03_ORDINARIA,prosecretario,Roberto Vicente Maiques,masthead
2007-03-28,2007-03-28_r03_ORDINARIA,secretario,Carlos Alberto Machiaroli,masthead
2007-03-28,2007-03-28_r03_ORDINARIA,secretario,Juan Héctor Estrada,masthead
2007-03-28,2007-03-28_r03_ORDINARIA,vicepresidente de la nacion,Daniel Osvaldo Scioli,masthead
2007-04-11,2007-04-11_r04_ORDINARIA,presidente provisional,José Juan Bautista Pampuro,masthead
2007-04-11,2007-04-11_r04_ORDINARIA,prosecretario,Juan J. Canals,masthead
2007-04-11,2007-04-11_r04_ORDINARIA,prosecretario,Néstor H. Righetti,masthead
2007-04-11,2007-04-11_r04_ORDINARIA,prosecretario,Roberto Vicente Maiques,masthead
2007-04-11,2007-04-11_r04_ORDINARIA,secretario,Carlos Alberto Machiaroli,masthead
2007-04-11,2007-04-11_r04_ORDINARIA,secretario,Juan Héctor Estrada,masthead
2007-04-11,2007-04-11_r04_ORDINARIA,vicepresidente,Marcelo Eduardo López Arias,masthead
2007-04-11,2007-04-11_r04_ORDINARIA,vicepresidente de la nacion,Daniel Osvaldo Scioli,masthead
2007-04-25,2007-04-25_r05_ORDINARIA,prosecretario,Juan J. Canals,masthead
2007-04-25,2007-04-25_r05_ORDINARIA,prosecretario,Néstor H. Righetti,masthead
2007-04-25,2007-04-25_r05_ORDINARIA,prosecretario,Roberto Vicente Maiques,masthead
2007-04-25,2007-04-25_r05_ORDINARIA,secretario,Carlos Alberto Machiaroli,masthead
2007-04-25,2007-04-25_r05_ORDINARIA,secretario,Juan Héctor Estrada,masthead
2007-04-25,2007-04-25_r05_ORDINARIA,vicepresidente,Marcelo Eduardo López Arias,masthead
2007-04-25,2007-04-25_r05_ORDINARIA,vicepresidente de la nacion,Daniel Osvaldo Scioli,masthead
2007-05-02,2007-05-02_r06_ORDINARIA,presidente provisional,José Juan Bautista Pampuro,masthead
2007-05-02,2007-05-02_r06_ORDINARIA,prosecretario,Juan J. Canals,masthead
2007-05-02,2007-05-02_r06_ORDINARIA,prosecretario,Néstor H. Righetti,masthead
2007-05-02,2007-05-02_r06_ORDINARIA,prosecretario,Roberto Vicente Maiques,masthead
2007-05-02,2007-05-02_r06_ORDINARIA,secretario,Carlos Alberto Machiaroli,masthead
2007-05-02,2007-05-02_r06_ORDINARIA,secretario,Juan Héctor Estrada,masthead
2007-05-02,2007-05-02_r06_ORDINARIA,vicepresidente 2°,Roberto Gustavo Basualdo,masthead
2007-05-02,2007-05-02_r06_ORDINARIA,vicepresidente de la nacion,Daniel Osvaldo Scioli,masthead
2007-05-23,2007-05-23_r07_ORDINARIA,presidente provisional,José Juan Bautista Pampuro,masthead
2007-05-23,2007-05-23_r07_ORDINARIA,prosecretario,Juan J. Canals,masthead
2007-05-23,2007-05-23_r07_ORDINARIA,prosecretario,Néstor H. Righetti,masthead
2007-05-23,2007-05-23_r07_ORDINARIA,prosecretario,Roberto Vicente Maiques,masthead
2007-05-23,2007-05-23_r07_ORDINARIA,secretario,Carlos Alberto Machiaroli,masthead
2007-05-23,2007-05-23_r07_ORDINARIA,secretario,Juan Héctor Estrada,masthead
2007-05-23,2007-05-23_r07_ORDINARIA,vicepresidente,Marcelo Eduardo López Arias,masthead
2007-05-23,2007-05-23_r07_ORDINARIA,vicepresidente de la nacion,Daniel Osvaldo Scioli,masthead
2007-06-06,2007-06-06_r08_ORDINARIA,prosecretario,Juan J. Canals,masthead
2007-06-06,2007-06-06_r08_ORDINARIA,prosecretario,Néstor H. Righetti,masthead
2007-06-06,2007-06-06_r08_ORDINARIA,prosecretario,Roberto Vicente Maiques,masthead
2007-06-06,2007-06-06_r08_ORDINARIA,secretario,Carlos Alberto Machiaroli,masthead
2007-06-06,2007-06-06_r08_ORDINARIA,secretario,Juan Héctor Estrada,masthead
2007-06-06,2007-06-06_r08_ORDINARIA,vicepresidente,Marcelo Eduardo López Arias,masthead
2007-06-06,2007-06-06_r08_ORDINARIA,vicepresidente de la nacion,Daniel Osvaldo Scioli,masthead
2007-06-27,2007-06-27_r09_ORDINARIA,presidente provisional,José Juan Bautista Pampuro,masthead
2007-06-27,2007-06-27_r09_ORDINARIA,prosecretario,Juan J. Canals,masthead
2007-06-27,2007-06-27_r09_ORDINARIA,prosecretario,Néstor H. Righetti,masthead
2007-06-27,2007-06-27_r09_ORDINARIA,prosecretario,Roberto Vicente Maiques,masthead
2007-06-27,2007-06-27_r09_ORDINARIA,secretario,Carlos Alberto Machiaroli,masthead
2007-06-27,2007-06-27_r09_ORDINARIA,secretario,Juan Héctor Estrada,masthead
2007-06-27,2007-06-27_r09_ORDINARIA,vicepresidente de la nacion,Daniel Osvaldo Scioli,masthead
2007-07-04,2007-07-04_r10_ORDINARIA,presidente provisional,José Juan Bautista Pampuro,masthead
2007-07-04,2007-07-04_r10_ORDINARIA,prosecretario,Juan J. Canals,masthead
2007-07-04,2007-07-04_r10_ORDINARIA,prosecretario,Néstor H. Righetti,masthead
2007-07-04,2007-07-04_r10_ORDINARIA,prosecretario,Roberto Vicente Maiques,masthead
2007-07-04,2007-07-04_r10_ORDINARIA,secretario,Carlos Alberto Machiaroli,masthead
2007-07-04,2007-07-04_r10_ORDINARIA,secretario,Juan Héctor Estrada,masthead
2007-07-04,2007-07-04_r10_ORDINARIA,vicepresidenta 1°,Mirian Belén Curletti,masthead
2007-07-04,2007-07-04_r10_ORDINARIA,vicepresidente,Marcelo Eduardo López Arias,masthead
2007-08-08,2007-08-08_r11_ORDINARIA,presidente provisional,José Juan Bautista Pampuro,masthead
2007-08-08,2007-08-08_r11_ORDINARIA,prosecretario,Juan J. Canals,masthead
2007-08-08,2007-08-08_r11_ORDINARIA,prosecretario,Néstor H. Righetti,masthead
2007-08-08,2007-08-08_r11_ORDINARIA,prosecretario,Roberto Vicente Maiques,masthead
2007-08-08,2007-08-08_r11_ORDINARIA,secretario,Carlos Alberto Machiaroli,masthead
2007-08-08,2007-08-08_r11_ORDINARIA,secretario,Juan Héctor Estrada,masthead
2007-08-08,2007-08-08_r11_ORDINARIA,vicepresidente de la nacion,Daniel Osvaldo Scioli,masthead
2007-08-22,2007-08-22_r12_ORDINARIA,prosecretario,Juan J. Canals,masthead
2007-08-22,2007-08-22_r12_ORDINARIA,prosecretario,Néstor H. Righetti,masthead
2007-08-22,2007-08-22_r12_ORDINARIA,prosecretario,Roberto Vicente Maiques,masthead
2007-08-22,2007-08-22_r12_ORDINARIA,secretario,Carlos Alberto Machiaroli,masthead
2007-08-22,2007-08-22_r12_ORDINARIA,secretario,Juan Héctor Estrada,masthead
2007-08-22,2007-08-22_r12_ORDINARIA,vicepresidente,Marcelo Eduardo López Arias,masthead
2007-08-22,2007-08-22_r12_ORDINARIA,vicepresidente de la nacion,Daniel Osvaldo Scioli,masthead
2007-11-07,2007-11-07_r13_ORDINARIA,presidente provisional,José Juan Bautista Pampuro,masthead
2007-11-07,2007-11-07_r13_ORDINARIA,prosecretario,Juan J. Canals,masthead
2007-11-07,2007-11-07_r13_ORDINARIA,prosecretario,Néstor H. Righetti,masthead
2007-11-07,2007-11-07_r13_ORDINARIA,prosecretario,Roberto Vicente Maiques,masthead
2007-11-07,2007-11-07_r13_ORDINARIA,secretario,Carlos Alberto Machiaroli,masthead
2007-11-07,2007-11-07_r13_ORDINARIA,secretario,Juan Héctor Estrada,masthead
2007-11-07,2007-11-07_r13_ORDINARIA,vicepresidente,Marcelo Eduardo López Arias,masthead
2007-11-07,2007-11-07_r13_ORDINARIA,vicepresidente de la nacion,Daniel Osvaldo Scioli,masthead
2007-11-14,2007-11-14_r14_ORDINARIA,presidente provisional,José Juan Bautista Pampuro,masthead
2007-11-14,2007-11-14_r14_ORDINARIA,prosecretario,Juan J. Canals,masthead
2007-11-14,2007-11-14_r14_ORDINARIA,prosecretario,Néstor H. Righetti,masthead
2007-11-14,2007-11-14_r14_ORDINARIA,prosecretario,Roberto Vicente Maiques,masthead
2007-11-14,2007-11-14_r14_ORDINARIA,secretario,Carlos Alberto Machiaroli,masthead
2007-11-14,2007-11-14_r14_ORDINARIA,secretario,Juan Héctor Estrada,masthead
2007-11-14,2007-11-14_r14_ORDINARIA,vicepresidenta 1°,Mirian Belén Curletti,masthead
2007-11-14,2007-11-14_r14_ORDINARIA,vicepresidente de la nacion,Daniel Osvaldo Scioli,masthead
2007-11-21,2007-11-21_r00_ASAMBLEA,presidente de la honorable camara de diputados,Alberto Edgardo Balestrini,masthead
2007-11-21,2007-11-21_r15_ORDINARIA,presidente provisional,José Juan Bautista Pampuro,masthead
2007-11-21,2007-11-21_r15_ORDINARIA,prosecretario,Juan J. Canals,masthead
2007-11-21,2007-11-21_r15_ORDINARIA,prosecretario,Néstor H. Righetti,masthead
2007-11-21,2007-11-21_r15_ORDINARIA,prosecretario,Roberto Vicente Maiques,masthead
2007-11-21,2007-11-21_r15_ORDINARIA,secretario,Carlos Alberto Machiaroli,masthead
2007-11-21,2007-11-21_r00_ASAMBLEA,secretario,Enrique Hidalgo,masthead
2007-11-21,2007-11-21_r00_ASAMBLEA,secretario,Juan Héctor Estrada,masthead
2007-11-21,2007-11-21_r15_ORDINARIA,secretario,Juan Héctor Estrada,masthead
2007-11-21,2007-11-21_r15_ORDINARIA,vicepresidente,Marcelo Eduardo López Arias,masthead
2007-11-21,2007-11-21_r15_ORDINARIA,vicepresidente 2°,Roberto Gustavo Basualdo,masthead
2007-11-21,2007-11-21_r00_ASAMBLEA,vicepresidente de la nacion,Daniel Osvaldo Scioli,masthead
2007-11-28,2007-11-28_r18_ORDINARIA,presidente provisional,José Juan Bautista Pampuro,masthead
2007-11-28,2007-11-28_r16_ORDINARIA,prosecretario,Juan J. Canals,masthead
2007-11-28,2007-11-28_r17_ESPECIAL,prosecretario,Juan J. Canals,masthead
2007-11-28,2007-11-28_r18_ORDINARIA,prosecretario,Juan J. Canals,masthead
2007-11-28,2007-11-28_r16_ORDINARIA,prosecretario,Néstor Carlos Kirchner,masthead
2007-11-28,2007-11-28_r16_ORDINARIA,prosecretario,Néstor H. Righetti,masthead
2007-11-28,2007-11-28_r17_ESPECIAL,prosecretario,Néstor H. Righetti,masthead
2007-11-28,2007-11-28_r18_ORDINARIA,prosecretario,Néstor H. Righetti,masthead
2007-11-28,2007-11-28_r17_ESPECIAL,prosecretario,Roberto Vicente Maiques,masthead
2007-11-28,2007-11-28_r18_ORDINARIA,prosecretario,Roberto Vicente Maiques,masthead
2007-11-28,2007-11-28_r16_ORDINARIA,prosecretario,Roberto Vicente Maiques Presencia,masthead
2007-11-28,2007-11-28_r16_ORDINARIA,secretario,Carlos Alberto Machiaroli,masthead
2007-11-28,2007-11-28_r17_ESPECIAL,secretario,Carlos Alberto Machiaroli,masthead
2007-11-28,2007-11-28_r18_ORDINARIA,secretario,Carlos Alberto Machiaroli,masthead
2007-11-28,2007-11-28_r16_ORDINARIA,secretario,Juan Héctor Estrada,masthead
2007-11-28,2007-11-28_r17_ESPECIAL,secretario,Juan Héctor Estrada,masthead
2007-11-28,2007-11-28_r18_ORDINARIA,secretario,Juan Héctor Estrada,masthead
2007-11-28,2007-11-28_r18_ORDINARIA,vicepresidente,Marcelo Eduardo López Arias,masthead
2007-11-28,2007-11-28_r16_ORDINARIA,vicepresidente de la nacion,Daniel Osvaldo Scioli,masthead
2007-11-28,2007-11-28_r17_ESPECIAL,vicepresidente de la nacion,Daniel Osvaldo Scioli,masthead
2007-12-05,2007-12-05_r19_ORDINARIA,presidente provisional,José Juan Bautista Pampuro,masthead
2007-12-05,2007-12-05_r19_ORDINARIA,prosecretario,Juan J. Canals,masthead
2007-12-05,2007-12-05_r19_ORDINARIA,prosecretario,Néstor H. Righetti,masthead
2007-12-05,2007-12-05_r19_ORDINARIA,prosecretario,Roberto Vicente Maiques,masthead
2007-12-05,2007-12-05_r19_ORDINARIA,secretario,Carlos Alberto Machiaroli,masthead
2007-12-05,2007-12-05_r19_ORDINARIA,secretario,Juan Héctor Estrada,masthead
2007-12-05,2007-12-05_r19_ORDINARIA,vicepresidente,Marcelo Eduardo López Arias,masthead
2007-12-05,2007-12-05_r19_ORDINARIA,vicepresidente de la nacion,Daniel Osvaldo Scioli,masthead
2007-12-10,2007-12-10_r00_ASAMBLEA,presidente de la honorable camara de diputados,Alberto Edgardo Balestrini,masthead
2007-12-10,2007-12-10_r00_ASAMBLEA,secretario,Enrique Hidalgo,masthead
2007-12-10,2007-12-10_r00_ASAMBLEA,secretario,Juan Héctor Estrada,masthead
2007-12-10,2007-12-10_r00_ASAMBLEA,vicepresidente de la nacion,Daniel Osvaldo Scioli,masthead
2007-12-10,2007-12-10_r00_ASAMBLEA,vicepresidente de la nacion,Julio César Cleto Cobos,masthead
2007-12-12,2007-12-12_r20_ORDINARIA,presidente provisional,José Juan Bautista Pampuro,masthead
2007-12-12,2007-12-12_r20_ORDINARIA,prosecretario,Juan J. Canals,masthead
2007-12-12,2007-12-12_r20_ORDINARIA,prosecretario,Mario Daniele,masthead
2007-12-12,2007-12-12_r20_ORDINARIA,prosecretario,Roberto Vicente Maiques,masthead
2007-12-12,2007-12-12_r20_ORDINARIA,secretario,Juan Héctor Estrada,masthead
2007-12-12,2007-12-12_r20_ORDINARIA,secretario,Luis Alberto Tieppo,masthead
2007-12-12,2007-12-12_r20_ORDINARIA,vicepresidente,Juan Carlos Romero,masthead
2007-12-12,2007-12-12_r20_ORDINARIA,vicepresidente de la nacion,Julio César Cleto Cobos,masthead
2007-12-19,2007-12-19_r21_ORDINARIA,presidente provisional,José Juan Bautista Pampuro,masthead
2007-12-19,2007-12-19_r21_ORDINARIA,prosecretario,Juan J. Canals,masthead
2007-12-19,2007-12-19_r21_ORDINARIA,prosecretario,Mario Daniele,masthead
2007-12-19,2007-12-19_r21_ORDINARIA,prosecretario,Roberto Vicente Maiques,masthead
2007-12-19,2007-12-19_r21_ORDINARIA,secretario,Juan Héctor Estrada,masthead
2007-12-19,2007-12-19_r21_ORDINARIA,secretario,Luis Alberto Tieppo,masthead
2007-12-19,2007-12-19_r21_ORDINARIA,vicepresidente 1°,Juan Carlos Marino,masthead
2007-12-19,2007-12-19_r21_ORDINARIA,vicepresidente de la nacion,Julio César Cleto Cobos,masthead
2007-12-26,2007-12-26_r22_ORDINARIA,presidente provisional,José Juan Bautista Pampuro,masthead
2007-12-26,2007-12-26_r22_ORDINARIA,prosecretario,Juan J. Canals,masthead
2007-12-26,2007-12-26_r22_ORDINARIA,prosecretario,Mario Daniele,masthead
2007-12-26,2007-12-26_r22_ORDINARIA,prosecretario,Roberto Vicente Maiques,masthead
2007-12-26,2007-12-26_r22_ORDINARIA,secretario,Juan Héctor Estrada,masthead
2007-12-26,2007-12-26_r22_ORDINARIA,secretario,Luis Alberto Tieppo,masthead
2007-12-26,2007-12-26_r22_ORDINARIA,vicepresidente de la nacion,Julio César Cleto Cobos,masthead
2008-02-13,2008-02-13_r23_EXTRAORDINARIA,prosecretario,Juan J. Canals,masthead
2008-02-13,2008-02-13_r23_EXTRAORDINARIA,prosecretario,Mario Daniele,masthead
2008-02-13,2008-02-13_r23_EXTRAORDINARIA,prosecretario,Roberto Vicente Maiques,masthead
2008-02-13,2008-02-13_r23_EXTRAORDINARIA,secretario,Juan Héctor Estrada,masthead
2008-02-13,2008-02-13_r23_EXTRAORDINARIA,secretario,Luis Alberto Tieppo,masthead
2008-02-13,2008-02-13_r23_EXTRAORDINARIA,vicepresidente 1°,Juan Carlos Marino,masthead
2008-02-13,2008-02-13_r23_EXTRAORDINARIA,vicepresidente de la nacion,Julio César Cleto Cobos,masthead
2008-02-22,2008-02-22_r00_ASAMBLEA,secretario,Enrique Hidalgo,masthead
2008-02-22,2008-02-22_r00_ASAMBLEA,secretario,Juan Héctor Estrada,masthead
2008-02-22,2008-02-22_r00_ASAMBLEA,vicepresidente de la nacion,Julio César Cleto Cobos,masthead
2008-02-27,2008-02-27_r01_PREPARATORIA,prosecretario,Gustavo Carlos Vélez,masthead
2008-02-27,2008-02-27_r24_EXTRAORDINARIA,prosecretario,Gustavo Carlos Vélez,masthead
2008-02-27,2008-02-27_r01_PREPARATORIA,prosecretario,Juan J. Canals,masthead
2008-02-27,2008-02-27_r24_EXTRAORDINARIA,prosecretario,Juan J. Canals,masthead
2008-02-27,2008-02-27_r01_PREPARATORIA,prosecretario,Mario Daniele,masthead
2008-02-27,2008-02-27_r24_EXTRAORDINARIA,prosecretario,Mario Daniele,masthead
2008-02-27,2008-02-27_r01_PREPARATORIA,secretario,Juan Héctor Estrada,masthead
2008-02-27,2008-02-27_r24_EXTRAORDINARIA,secretario,Juan Héctor Estrada,masthead
2008-02-27,2008-02-27_r01_PREPARATORIA,secretario,Luis Alberto Tieppo,masthead
2008-02-27,2008-02-27_r24_EXTRAORDINARIA,secretario,Luis Alberto Tieppo,masthead
2008-02-27,2008-02-27_r01_PREPARATORIA,vicepresidente de la nacion,Julio César Cleto Cobos,masthead
2008-02-27,2008-02-27_r24_EXTRAORDINARIA,vicepresidente de la nacion,Julio César Cleto Cobos,masthead
2008-03-01,2008-03-01_r00_ASAMBLEA,secretario,Enrique Hidalgo,masthead
2008-03-01,2008-03-01_r00_ASAMBLEA,secretario,Juan Héctor Estrada,masthead
2008-03-01,2008-03-01_r00_ASAMBLEA,vicepresidente de la nacion,Julio César Cleto Cobos,masthead
2008-03-12,2008-03-12_r02_ORDINARIA,prosecretario,Gustavo Carlos Vélez PINCHETTI,masthead
2008-03-12,2008-03-12_r02_ORDINARIA,prosecretario,Juan J. Canals,masthead
2008-03-12,2008-03-12_r02_ORDINARIA,prosecretario,Mario Daniele,masthead
2008-03-12,2008-03-12_r02_ORDINARIA,secretario,Juan Héctor Estrada,masthead
2008-03-12,2008-03-12_r02_ORDINARIA,secretario,Luis Alberto Tieppo,masthead
2008-03-12,2008-03-12_r02_ORDINARIA,vicepresidenta 2°,Da. Liliana Teresita Negre de Alonso,masthead
2008-03-12,2008-03-12_r02_ORDINARIA,vicepresidente 1°,Juan Carlos Marino,masthead
2008-03-12,2008-03-12_r02_ORDINARIA,vicepresidente de la nacion,Julio César Cleto Cobos,masthead
2008-03-26,2008-03-26_r03_ORDINARIA,presidente provisional,José Juan Bautista Pampuro,masthead
2008-03-26,2008-03-26_r03_ORDINARIA,prosecretario,Gustavo Carlos Vélez,masthead
2008-03-26,2008-03-26_r03_ORDINARIA,prosecretario,Juan J. Canals,masthead
2008-03-26,2008-03-26_r03_ORDINARIA,prosecretario,Mario Daniele,masthead
2008-03-26,2008-03-26_r03_ORDINARIA,secretario,Juan Héctor Estrada,masthead
2008-03-26,2008-03-26_r03_ORDINARIA,secretario,Luis Alberto Tieppo,masthead
2008-03-26,2008-03-26_r03_ORDINARIA,vicepresidente 1°,Juan Carlos Marino,masthead
2008-03-26,2008-03-26_r03_ORDINARIA,vicepresidente de la nacion,Julio César Cleto Cobos,masthead
2008-04-09,2008-04-09_r04_ORDINARIA,presidente provisional,José Juan Bautista Pampuro,masthead
2008-04-09,2008-04-09_r04_ORDINARIA,prosecretario,Gustavo Carlos Vélez PINCHETTI,masthead
2008-04-09,2008-04-09_r04_ORDINARIA,prosecretario,Juan J. Canals,masthead
2008-04-09,2008-04-09_r04_ORDINARIA,prosecretario,Mario Daniele,masthead
2008-04-09,2008-04-09_r04_ORDINARIA,secretario,Juan Héctor Estrada,masthead
2008-04-09,2008-04-09_r04_ORDINARIA,secretario,Luis Alberto Tieppo,masthead
2008-04-09,2008-04-09_r04_ORDINARIA,vicepresidente,Juan Carlos Romero,masthead
2008-04-09,2008-04-09_r04_ORDINARIA,vicepresidente de la nacion,Julio César Cleto Cobos,masthead
2008-04-16,2008-04-16_r05_ORDINARIA,prosecretario,Gustavo Carlos Vélez,masthead
2008-04-16,2008-04-16_r05_ORDINARIA,prosecretario,Juan J. Canals,masthead
2008-04-16,2008-04-16_r05_ORDINARIA,prosecretario,Mario Daniele,masthead
2008-04-16,2008-04-16_r05_ORDINARIA,secretario,Juan Héctor Estrada,masthead
2008-04-16,2008-04-16_r05_ORDINARIA,secretario,Luis Alberto Tieppo,masthead
2008-04-16,2008-04-16_r05_ORDINARIA,vicepresidente de la nacion,Julio César Cleto Cobos,masthead
2008-04-30,2008-04-30_r06_INFORMATIVA_ESPECIAL,presidente provisional,José Juan Bautista Pampuro,masthead
2008-04-30,2008-04-30_r06_INFORMATIVA_ESPECIAL,prosecretario,Gustavo Carlos Vélez,masthead
2008-04-30,2008-04-30_r06_INFORMATIVA_ESPECIAL,prosecretario,Juan J. Canals,masthead
2008-04-30,2008-04-30_r06_INFORMATIVA_ESPECIAL,prosecretario,Mario Daniele,masthead
2008-04-30,2008-04-30_r06_INFORMATIVA_ESPECIAL,secretario,Juan Héctor Estrada,masthead
2008-04-30,2008-04-30_r06_INFORMATIVA_ESPECIAL,secretario,Luis Alberto Tieppo,masthead
2008-04-30,2008-04-30_r06_INFORMATIVA_ESPECIAL,vicepresidente de la nacion,Julio César Cleto Cobos,masthead
2008-05-14,2008-05-14_r07_ORDINARIA,prosecretario,Gustavo Carlos Vélez,masthead
2008-05-14,2008-05-14_r07_ORDINARIA,prosecretario,Juan J. Canals,masthead
2008-05-14,2008-05-14_r07_ORDINARIA,prosecretario,Mario Daniele,masthead
2008-05-14,2008-05-14_r07_ORDINARIA,secretario,Juan Héctor Estrada,masthead
2008-05-14,2008-05-14_r07_ORDINARIA,secretario,Luis Alberto Tieppo,masthead
2008-05-14,2008-05-14_r07_ORDINARIA,vicepresidente de la nacion,Julio César Cleto Cobos,masthead
2008-05-21,2008-05-21_r08_ORDINARIA,prosecretario,Gustavo Carlos Vélez,masthead
2008-05-21,2008-05-21_r08_ORDINARIA,prosecretario,Juan J. Canals,masthead
2008-05-21,2008-05-21_r08_ORDINARIA,prosecretario,Mario Daniele,masthead
2008-05-21,2008-05-21_r08_ORDINARIA,secretario,Juan Héctor Estrada,masthead
2008-05-21,2008-05-21_r08_ORDINARIA,secretario,Luis Alberto Tieppo,masthead
2008-05-21,2008-05-21_r08_ORDINARIA,vicepresidente,Juan Carlos Romero,masthead
2008-05-21,2008-05-21_r08_ORDINARIA,vicepresidente de la nacion,Julio César Cleto Cobos,masthead
2008-05-28,2008-05-28_r09_ORDINARIA,prosecretario,Gustavo Carlos Vélez,masthead
2008-05-28,2008-05-28_r09_ORDINARIA,prosecretario,Juan J. Canals,masthead
2008-05-28,2008-05-28_r09_ORDINARIA,prosecretario,Mario Daniele,masthead
2008-05-28,2008-05-28_r09_ORDINARIA,secretario,Juan Héctor Estrada,masthead
2008-05-28,2008-05-28_r09_ORDINARIA,secretario,Luis Alberto Tieppo,masthead
2008-05-28,2008-05-28_r09_ORDINARIA,vicepresidente de la nacion,Julio César Cleto Cobos,masthead
2008-06-25,2008-06-25_r10_ORDINARIA,prosecretario,Gustavo Carlos Vélez,masthead
2008-06-25,2008-06-25_r10_ORDINARIA,prosecretario,Juan J. Canals,masthead
2008-06-25,2008-06-25_r10_ORDINARIA,prosecretario,Mario Daniele,masthead
2008-06-25,2008-06-25_r10_ORDINARIA,secretario,Juan Héctor Estrada,masthead
2008-06-25,2008-06-25_r10_ORDINARIA,secretario,Luis Alberto Tieppo,masthead
2008-06-25,2008-06-25_r10_ORDINARIA,vicepresidente de la nacion,Julio César Cleto Cobos,masthead
2008-07-16,2008-07-16_r11_ORDINARIA,presidente provisional,José Juan Bautista Pampuro,masthead
2008-07-16,2008-07-16_r11_ORDINARIA,prosecretario,Gustavo Carlos Vélez,masthead
2008-07-16,2008-07-16_r11_ORDINARIA,prosecretario,Juan J. Canals,masthead
2008-07-16,2008-07-16_r11_ORDINARIA,prosecretario,Mario Daniele,masthead
2008-07-16,2008-07-16_r11_ORDINARIA,secretario,Jorge Luis Alberto Tieppo,masthead
2008-07-16,2008-07-16_r11_ORDINARIA,secretario,Juan Héctor Estrada,masthead
2008-07-16,2008-07-16_r11_ORDINARIA,vicepresidente,Juan Carlos Romero,masthead
2008-07-16,2008-07-16_r11_ORDINARIA,vicepresidente 1°,Juan Carlos Marino,masthead
2008-07-16,2008-07-16_r11_ORDINARIA,vicepresidente de la nacion,Julio César Cleto Cobos,masthead
2008-08-06,2008-08-06_r12_ORDINARIA,prosecretario,Gustavo Carlos Vélez,masthead
2008-08-06,2008-08-06_r12_ORDINARIA,prosecretario,Juan J. Canals,masthead
2008-08-06,2008-08-06_r12_ORDINARIA,prosecretario,Mario Daniele,masthead
2008-08-06,2008-08-06_r12_ORDINARIA,secretario,Jorge Luis Alberto Tieppo,masthead
2008-08-06,2008-08-06_r12_ORDINARIA,secretario,Juan Héctor Estrada,masthead
2008-08-06,2008-08-06_r12_ORDINARIA,vicepresidenta 2ª,Liliana Teresita Negre de Alonso,masthead
2008-08-06,2008-08-06_r12_ORDINARIA,vicepresidente de la nacion,Julio César Cleto Cobos,masthead
2008-08-13,2008-08-13_r13_ORDINARIA,prosecretario,Gustavo Carlos Vélez,masthead
2008-08-13,2008-08-13_r13_ORDINARIA,prosecretario,Juan J. Canals,masthead
2008-08-13,2008-08-13_r13_ORDINARIA,prosecretario,Mario Daniele,masthead
2008-08-13,2008-08-13_r13_ORDINARIA,secretario,Jorge Luis Alberto Tieppo,masthead
2008-08-13,2008-08-13_r13_ORDINARIA,secretario,Juan Héctor Estrada,masthead
2008-08-13,2008-08-13_r13_ORDINARIA,vicepresidenta 2°,Da. Liliana Teresita Negre de Alonso,masthead
2008-08-13,2008-08-13_r13_ORDINARIA,vicepresidente 1°,Juan Carlos Marino,masthead
2008-08-13,2008-08-13_r13_ORDINARIA,vicepresidente de la nacion,Julio César Cleto Cobos,masthead
2008-09-03,2008-09-03_r14_ORDINARIA,presidente provisional,José Juan Bautista Pampuro,masthead
2008-09-03,2008-09-03_r14_ORDINARIA,prosecretario,Gustavo Carlos Vélez,masthead
2008-09-03,2008-09-03_r14_ORDINARIA,prosecretario,Juan J. Canals,masthead
2008-09-03,2008-09-03_r14_ORDINARIA,prosecretario,Mario Daniele,masthead
2008-09-03,2008-09-03_r14_ORDINARIA,secretario,Jorge Luis Alberto Tieppo,masthead
2008-09-03,2008-09-03_r14_ORDINARIA,secretario,Juan Héctor Estrada,masthead
2008-09-03,2008-09-03_r14_ORDINARIA,vicepresidenta 2°,Da. Liliana Teresita Negre de Alonso,masthead
2008-09-03,2008-09-03_r14_ORDINARIA,vicepresidente 1°,Juan Carlos Marino,masthead
2008-09-03,2008-09-03_r14_ORDINARIA,vicepresidente de la nacion,Julio César Cleto Cobos,masthead
2008-09-10,2008-09-10_r15_ORDINARIA,prosecretario,Gustavo Carlos Vélez,masthead
2008-09-10,2008-09-10_r15_ORDINARIA,prosecretario,Juan J. Canals,masthead
2008-09-10,2008-09-10_r15_ORDINARIA,prosecretario,Mario Daniele,masthead
2008-09-10,2008-09-10_r15_ORDINARIA,secretario,Jorge Luis Alberto Tieppo,masthead
2008-09-10,2008-09-10_r15_ORDINARIA,secretario,Juan Héctor Estrada,masthead
2008-09-10,2008-09-10_r15_ORDINARIA,vicepresidente de la nacion,Julio César Cleto Cobos,masthead
2008-09-24,2008-09-24_r16_ORDINARIA,prosecretario,Gustavo Carlos Vélez,masthead
2008-09-24,2008-09-24_r16_ORDINARIA,prosecretario,Juan J. Canals,masthead
2008-09-24,2008-09-24_r16_ORDINARIA,prosecretario,Mario Daniele,masthead
2008-09-24,2008-09-24_r16_ORDINARIA,secretario,Jorge Luis Alberto Tieppo,masthead
2008-09-24,2008-09-24_r16_ORDINARIA,secretario,Juan Héctor Estrada,masthead
2008-09-24,2008-09-24_r16_ORDINARIA,vicepresidente de la nacion,José Juan Bautista Pampuro,masthead
2008-10-01,2008-10-01_r17_ORDINARIA,presidente provisional,José Juan Bautista Pampuro,masthead
2008-10-01,2008-10-01_r17_ORDINARIA,prosecretario,Gustavo Carlos Vélez,masthead
2008-10-01,2008-10-01_r17_ORDINARIA,prosecretario,Juan J. Canals,masthead
2008-10-01,2008-10-01_r17_ORDINARIA,prosecretario,Mario Daniele,masthead
2008-10-01,2008-10-01_r17_ORDINARIA,secretario,Jorge Luis Alberto Tieppo,masthead
2008-10-01,2008-10-01_r17_ORDINARIA,secretario,Juan Héctor Estrada,masthead
2008-10-01,2008-10-01_r17_ORDINARIA,vicepresidente,Juan Carlos Romero,masthead
2008-10-01,2008-10-01_r17_ORDINARIA,vicepresidente de la nacion,Julio César Cleto Cobos,masthead
2008-10-22,2008-10-22_r18_ORDINARIA,prosecretario,Gustavo Carlos Vélez,masthead
2008-10-22,2008-10-22_r18_ORDINARIA,prosecretario,Juan J. Canals,masthead
2008-10-22,2008-10-22_r18_ORDINARIA,prosecretario,Mario Daniele,masthead
2008-10-22,2008-10-22_r18_ORDINARIA,secretario,Jorge Luis Alberto Tieppo,masthead
2008-10-22,2008-10-22_r18_ORDINARIA,secretario,Juan Héctor Estrada,masthead
2008-10-22,2008-10-22_r18_ORDINARIA,vicepresidente 1°,Juan Carlos Marino,masthead
2008-10-22,2008-10-22_r18_ORDINARIA,vicepresidente de la nacion,Julio César Cleto Cobos,masthead
2008-11-05,2008-11-05_r19_ORDINARIA,presidente provisional,José Juan Bautista Pampuro,masthead
2008-11-05,2008-11-05_r19_ORDINARIA,prosecretario,Gustavo Carlos Vélez,masthead
2008-11-05,2008-11-05_r19_ORDINARIA,prosecretario,Juan J. Canals,masthead
2008-11-05,2008-11-05_r19_ORDINARIA,prosecretario,Mario Daniele,masthead
2008-11-05,2008-11-05_r19_ORDINARIA,secretario,Jorge Luis Alberto Tieppo,masthead
2008-11-05,2008-11-05_r19_ORDINARIA,secretario,Juan Héctor Estrada,masthead
2008-11-05,2008-11-05_r19_ORDINARIA,vicepresidente,Juan Carlos Romero,masthead
2008-11-05,2008-11-05_r19_ORDINARIA,vicepresidente 1°,Juan Carlos Marino,masthead
2008-11-05,2008-11-05_r19_ORDINARIA,vicepresidente de la nacion,Julio César Cleto Cobos,masthead
2008-11-20,2008-11-20_r20_ORDINARIA,presidente provisional,José Juan Bautista Pampuro,masthead
2008-11-20,2008-11-20_r20_ORDINARIA,prosecretario,Gustavo Carlos Vélez,masthead
2008-11-20,2008-11-20_r20_ORDINARIA,prosecretario,Juan J. Canals,masthead
2008-11-20,2008-11-20_r20_ORDINARIA,prosecretario,Mario Daniele,masthead
2008-11-20,2008-11-20_r20_ORDINARIA,secretario,Jorge Luis Alberto Tieppo,masthead
2008-11-20,2008-11-20_r20_ORDINARIA,secretario,Juan Héctor Estrada,masthead
2008-11-20,2008-11-20_r20_ORDINARIA,vicepresidente 1°,Juan Carlos Marino,masthead
2008-11-25,2008-11-25_r00_ASAMBLEA,presidente de la honorable camara de diputados,Eduardo Alfredo Fellner,masthead
2008-11-25,2008-11-25_r00_ASAMBLEA,secretario,Enrique Hidalgo,masthead
2008-11-25,2008-11-25_r00_ASAMBLEA,secretario,Juan Héctor Estrada,masthead
2008-11-25,2008-11-25_r00_ASAMBLEA,vicepresidente de la nacion,Julio César Cleto Cobos,masthead
2008-11-26,2008-11-26_r21_ORDINARIA,prosecretario,Gustavo Carlos Vélez,masthead
2008-11-26,2008-11-26_r21_ORDINARIA,prosecretario,Juan J. Canals,masthead
2008-11-26,2008-11-26_r21_ORDINARIA,prosecretario,Mario Daniele,masthead
2008-11-26,2008-11-26_r21_ORDINARIA,secretario,Jorge Luis Alberto Tieppo,masthead
2008-11-26,2008-11-26_r21_ORDINARIA,secretario,Juan Héctor Estrada,masthead
2008-11-26,2008-11-26_r21_ORDINARIA,vicepresidente,Juan Carlos Romero,masthead
2008-11-26,2008-11-26_r21_ORDINARIA,vicepresidente de la nacion,Julio César Cleto Cobos,masthead
2008-12-10,2008-12-10_r22_ORDINARIA,presidente provisional,José Juan Bautista Pampuro,masthead
2008-12-10,2008-12-10_r22_ORDINARIA,prosecretario,Gustavo Carlos Vélez,masthead
2008-12-10,2008-12-10_r22_ORDINARIA,prosecretario,Juan J. Canals,masthead
2008-12-10,2008-12-10_r22_ORDINARIA,prosecretario,Mario Daniele,masthead
2008-12-10,2008-12-10_r22_ORDINARIA,secretario,Jorge Luis Alberto Tieppo,masthead
2008-12-10,2008-12-10_r22_ORDINARIA,secretario,Juan Héctor Estrada,masthead
2008-12-10,2008-12-10_r22_ORDINARIA,vicepresidenta 2°,Liliana Teresita Negre de Alonso,masthead
2008-12-10,2008-12-10_r22_ORDINARIA,vicepresidente 1°,Juan Carlos Marino,masthead
2008-12-17,2008-12-17_r23_ORDINARIA,presidente provisional,José Juan Bautista Pampuro,masthead
2008-12-17,2008-12-17_r23_ORDINARIA,prosecretario,Gustavo Carlos Vélez,masthead
2008-12-17,2008-12-17_r23_ORDINARIA,prosecretario,Juan J. Canals,masthead
2008-12-17,2008-12-17_r23_ORDINARIA,prosecretario,Mario Daniele,masthead
2008-12-17,2008-12-17_r23_ORDINARIA,secretario,Juan Héctor Estrada,masthead
2008-12-17,2008-12-17_r23_ORDINARIA,secretario,Luis Alberto Tieppo,masthead
2008-12-17,2008-12-17_r23_ORDINARIA,vicepresidente 1°,Juan Carlos Marino,masthead
2008-12-18,2008-12-18_r24_ORDINARIA,presidente provisional,José Juan Bautista Pampuro,masthead
2008-12-18,2008-12-18_r24_ORDINARIA,prosecretario,Gustavo Carlos Vélez,masthead
2008-12-18,2008-12-18_r24_ORDINARIA,prosecretario,Juan J. Canals,masthead
2008-12-18,2008-12-18_r24_ORDINARIA,prosecretario,Mario Daniele,masthead
2008-12-18,2008-12-18_r24_ORDINARIA,secretario,Jorge Luis Alberto Tieppo,masthead
2008-12-18,2008-12-18_r24_ORDINARIA,secretario,Juan Héctor Estrada,masthead
2008-12-18,2008-12-18_r24_ORDINARIA,vicepresidenta 2°,Liliana Teresita Negre de Alonso,masthead
2008-12-18,2008-12-18_r24_ORDINARIA,vicepresidente 1°,Juan Carlos Marino,masthead
2008-12-18,2008-12-18_r24_ORDINARIA,vicepresidente de la nacion,Julio César Cleto Cobos,masthead
2009-02-27,2009-02-27_r01_PREPARATORIA,prosecretario,Gustavo Carlos Vélez,masthead
2009-02-27,2009-02-27_r01_PREPARATORIA,prosecretario,Juan J. Canals,masthead
2009-02-27,2009-02-27_r01_PREPARATORIA,prosecretario,Mario Daniele,masthead
2009-02-27,2009-02-27_r01_PREPARATORIA,secretario,Jorge Luis Alberto Tieppo,masthead
2009-02-27,2009-02-27_r01_PREPARATORIA,secretario,Juan Héctor Estrada,masthead
2009-02-27,2009-02-27_r01_PREPARATORIA,vicepresidente de la nacion,Julio César Cleto Cobos,masthead
2009-03-01,2009-03-01_r00_ASAMBLEA,presidente de la honorable camara de diputados,Eduardo Alfredo Fellner,masthead
2009-03-01,2009-03-01_r00_ASAMBLEA,secretario,Enrique Hidalgo,masthead
2009-03-01,2009-03-01_r00_ASAMBLEA,secretario,Juan Héctor Estrada,masthead
2009-03-01,2009-03-01_r00_ASAMBLEA,vicepresidente de la nacion,Julio César Cleto Cobos,masthead
2009-03-04,2009-03-04_r02_ORDINARIA,prosecretario,Gustavo Carlos Vélez,masthead
2009-03-04,2009-03-04_r02_ORDINARIA,prosecretario,Juan J. Canals,masthead
2009-03-04,2009-03-04_r02_ORDINARIA,prosecretario,Mario Daniele,masthead
2009-03-04,2009-03-04_r02_ORDINARIA,secretario,Jorge Luis Alberto Tieppo,masthead
2009-03-04,2009-03-04_r02_ORDINARIA,secretario,Juan Héctor Estrada,masthead
2009-03-04,2009-03-04_r02_ORDINARIA,vicepresidente,Rubén Hugo Marín,masthead
2009-03-04,2009-03-04_r02_ORDINARIA,vicepresidente de la nacion,Julio César Cleto Cobos,masthead
2009-03-26,2009-03-26_r03_ORDINARIA,presidente provisional,José Juan Bautista Pampuro,masthead
2009-03-26,2009-03-26_r03_ORDINARIA,prosecretario,Gustavo Carlos Vélez,masthead
2009-03-26,2009-03-26_r03_ORDINARIA,prosecretario,Juan J. Canals,masthead
2009-03-26,2009-03-26_r03_ORDINARIA,prosecretario,Mario Daniele,masthead
2009-03-26,2009-03-26_r03_ORDINARIA,secretario,Jorge Luis Alberto Tieppo,masthead
2009-03-26,2009-03-26_r03_ORDINARIA,secretario,Juan Héctor Estrada,masthead
2009-03-26,2009-03-26_r03_ORDINARIA,vicepresidente,Rubén Hugo Marín,masthead
2009-03-26,2009-03-26_r03_ORDINARIA,vicepresidente de la nacion,Julio César Cleto Cobos,masthead
2009-04-15,2009-04-15_r04_ORDINARIA,prosecretario,Gustavo Carlos Vélez,masthead
2009-04-15,2009-04-15_r04_ORDINARIA,prosecretario,Juan J. Canals,masthead
2009-04-15,2009-04-15_r04_ORDINARIA,prosecretario,Mario Daniele,masthead
2009-04-15,2009-04-15_r04_ORDINARIA,secretario,Jorge Luis Alberto Tieppo,masthead
2009-04-15,2009-04-15_r04_ORDINARIA,secretario,Juan Héctor Estrada,masthead
2009-04-15,2009-04-15_r04_ORDINARIA,vicepresidente,Rubén Hugo Marín,masthead
2009-04-15,2009-04-15_r04_ORDINARIA,vicepresidente de la nacion,Julio César Cleto Cobos,masthead
2009-05-13,2009-05-13_r05_ORDINARIA,prosecretario,Gustavo Carlos Vélez,masthead
2009-05-13,2009-05-13_r05_ORDINARIA,prosecretario,Juan J. Canals,masthead
2009-05-13,2009-05-13_r05_ORDINARIA,prosecretario,Mario Daniele,masthead
2009-05-13,2009-05-13_r05_ORDINARIA,secretario,Jorge Luis Alberto Tieppo,masthead
2009-05-13,2009-05-13_r05_ORDINARIA,secretario,Juan Héctor Estrada,masthead
2009-05-13,2009-05-13_r05_ORDINARIA,vicepresidente,Rubén Hugo Marín,masthead
2009-05-13,2009-05-13_r05_ORDINARIA,vicepresidente de la nacion,Julio César Cleto Cobos,masthead
2009-07-08,2009-07-08_r06_ORDINARIA,prosecretario,Gustavo Carlos Vélez,masthead
2009-07-08,2009-07-08_r06_ORDINARIA,prosecretario,Juan J. Canals,masthead
2009-07-08,2009-07-08_r06_ORDINARIA,prosecretario,Mario Daniele,masthead
2009-07-08,2009-07-08_r06_ORDINARIA,secretario,Jorge Luis Alberto Tieppo,masthead
2009-07-08,2009-07-08_r06_ORDINARIA,secretario,Juan Héctor Estrada,masthead
2009-07-08,2009-07-08_r06_ORDINARIA,vicepresidente 1°,Juan Carlos Marino,masthead
2009-07-08,2009-07-08_r06_ORDINARIA,vicepresidente de la nacion,Julio César Cleto Cobos,masthead
2009-08-05,2009-08-05_r07_ORDINARIA,presidente provisional,José Juan Bautista Pampuro,masthead
2009-08-05,2009-08-05_r07_ORDINARIA,prosecretario,Gustavo Carlos Vélez,masthead
2009-08-05,2009-08-05_r07_ORDINARIA,prosecretario,Juan J. Canals,masthead
2009-08-05,2009-08-05_r07_ORDINARIA,prosecretario,Mario Daniele,masthead
2009-08-05,2009-08-05_r07_ORDINARIA,secretario,Jorge Luis Alberto Tieppo,masthead
2009-08-05,2009-08-05_r07_ORDINARIA,secretario,Juan Héctor Estrada,masthead
2009-08-05,2009-08-05_r07_ORDINARIA,vicepresidente,Rubén Hugo Marín,masthead
2009-08-05,2009-08-05_r07_ORDINARIA,vicepresidente de la nacion,Julio César Cleto Cobos,masthead
2009-08-20,2009-08-20_r08_ORDINARIA,presidente provisional,José Juan Bautista Pampuro,masthead
2009-08-20,2009-08-20_r08_ORDINARIA,prosecretario,Gustavo Carlos Vélez,masthead
2009-08-20,2009-08-20_r08_ORDINARIA,prosecretario,Juan J. Canals,masthead
2009-08-20,2009-08-20_r08_ORDINARIA,prosecretario,Mario Daniele,masthead
2009-08-20,2009-08-20_r08_ORDINARIA,secretario,Jorge Luis Alberto Tieppo,masthead
2009-08-20,2009-08-20_r08_ORDINARIA,secretario,Juan Héctor Estrada,masthead
2009-08-20,2009-08-20_r08_ORDINARIA,vicepresidente,Rubén Hugo Marín,masthead
2009-08-20,2009-08-20_r08_ORDINARIA,vicepresidente 1°,Juan Carlos Marino,masthead
2009-08-20,2009-08-20_r08_ORDINARIA,vicepresidente de la nacion,Julio César Cleto Cobos,masthead
2009-09-02,2009-09-02_r09_EN_MINORIA,prosecretario,Gustavo Carlos Vélez,masthead
2009-09-02,2009-09-02_r09_EN_MINORIA,prosecretario,Juan J. Canals,masthead
2009-09-02,2009-09-02_r09_EN_MINORIA,prosecretario,Mario Daniele,masthead
2009-09-02,2009-09-02_r09_EN_MINORIA,secretario,Jorge Luis Alberto Tieppo,masthead
2009-09-02,2009-09-02_r09_EN_MINORIA,secretario,Juan Héctor Estrada,masthead
2009-09-02,2009-09-02_r09_EN_MINORIA,vicepresidente de la nacion,Julio César Cleto Cobos,masthead
2009-09-09,2009-09-09_r10_ORDINARIA,prosecretario,Gustavo Carlos Vélez,masthead
2009-09-09,2009-09-09_r11_INFORMATIVA_ESPECIAL,prosecretario,Gustavo Carlos Vélez,masthead
2009-09-09,2009-09-09_r10_ORDINARIA,prosecretario,Juan J. Canals,masthead
2009-09-09,2009-09-09_r11_INFORMATIVA_ESPECIAL,prosecretario,Juan J. Canals,masthead
2009-09-09,2009-09-09_r10_ORDINARIA,prosecretario,Mario Daniele,masthead
2009-09-09,2009-09-09_r11_INFORMATIVA_ESPECIAL,prosecretario,Mario Daniele,masthead
2009-09-09,2009-09-09_r10_ORDINARIA,secretario,Jorge Luis Alberto Tieppo,masthead
2009-09-09,2009-09-09_r11_INFORMATIVA_ESPECIAL,secretario,Jorge Luis Alberto Tieppo,masthead
2009-09-09,2009-09-09_r10_ORDINARIA,secretario,Juan Héctor Estrada,masthead
2009-09-09,2009-09-09_r11_INFORMATIVA_ESPECIAL,secretario,Juan Héctor Estrada,masthead
2009-09-09,2009-09-09_r11_INFORMATIVA_ESPECIAL,vicepresidente,Rubén Hugo Marín,masthead
2009-09-09,2009-09-09_r11_INFORMATIVA_ESPECIAL,vicepresidente 1º,Juan Carlos Marino,masthead
2009-09-09,2009-09-09_r10_ORDINARIA,vicepresidente de la nacion,Julio César Cleto Cobos,masthead
2009-09-09,2009-09-09_r11_INFORMATIVA_ESPECIAL,vicepresidente de la nacion,Julio César Cleto Cobos,masthead
2009-09-23,2009-09-23_r12_ORDINARIA,presidente provisional,José Juan Bautista Pampuro,masthead
2009-09-23,2009-09-23_r12_ORDINARIA,prosecretario,Gustavo Carlos Vélez,masthead
2009-09-23,2009-09-23_r12_ORDINARIA,prosecretario,Juan J. Canals,masthead
2009-09-23,2009-09-23_r12_ORDINARIA,prosecretario,Mario Daniele,masthead
2009-09-23,2009-09-23_r12_ORDINARIA,secretario,Jorge Luis Alberto Tieppo,masthead
2009-09-23,2009-09-23_r12_ORDINARIA,secretario,Juan Héctor Estrada,masthead
2009-10-09,2009-10-09_r13_ESPECIAL,presidente provisional,José Juan Bautista Pampuro,masthead
2009-10-09,2009-10-09_r13_ESPECIAL,prosecretario,Gustavo Carlos Vélez,masthead
2009-10-09,2009-10-09_r13_ESPECIAL,prosecretario,Juan J. Canals,masthead
2009-10-09,2009-10-09_r13_ESPECIAL,prosecretario,Mario Daniele,masthead
2009-10-09,2009-10-09_r13_ESPECIAL,secretario,Jorge Luis Alberto Tieppo,masthead
2009-10-09,2009-10-09_r13_ESPECIAL,secretario,Juan Héctor Estrada,masthead
2009-10-09,2009-10-09_r13_ESPECIAL,vicepresidente de la nacion,Julio César Cleto Cobos,masthead
2009-10-21,2009-10-21_r14_ORDINARIA,presidente provisional,José Juan Bautista Pampuro,masthead
2009-10-21,2009-10-21_r14_ORDINARIA,prosecretario,Gustavo Carlos Vélez,masthead
2009-10-21,2009-10-21_r14_ORDINARIA,prosecretario,Juan J. Canals,masthead
2009-10-21,2009-10-21_r14_ORDINARIA,prosecretario,Mario Daniele,masthead
2009-10-21,2009-10-21_r14_ORDINARIA,secretario,Jorge Luis Alberto Tieppo,masthead
2009-10-21,2009-10-21_r14_ORDINARIA,secretario,Juan Héctor Estrada,masthead
2009-10-21,2009-10-21_r14_ORDINARIA,vicepresidente de la nacion,Julio César Cleto Cobos,masthead
2009-10-28,2009-10-28_r15_ORDINARIA,presidente provisional,José Juan Bautista Pampuro,masthead
2009-10-28,2009-10-28_r15_ORDINARIA,prosecretario,Gustavo Carlos Vélez,masthead
2009-10-28,2009-10-28_r15_ORDINARIA,prosecretario,Juan J. Canals,masthead
2009-10-28,2009-10-28_r15_ORDINARIA,prosecretario,Mario Daniele,masthead
2009-10-28,2009-10-28_r15_ORDINARIA,secretario,Jorge Luis Alberto Tieppo,masthead
2009-10-28,2009-10-28_r15_ORDINARIA,secretario,Juan Héctor Estrada,masthead
2009-10-28,2009-10-28_r15_ORDINARIA,vicepresidenta 2°,Senadora. Liliana Teresita Negre de Alonso,masthead
2009-10-28,2009-10-28_r15_ORDINARIA,vicepresidente,Rubén Hugo Marín,masthead
2009-10-28,2009-10-28_r15_ORDINARIA,vicepresidente 1°,Juan Carlos Marino,masthead
2009-11-11,2009-11-11_r16_ORDINARIA,presidente provisional,José Juan Bautista Pampuro,masthead
2009-11-11,2009-11-11_r16_ORDINARIA,prosecretario,Gustavo Carlos Vélez,masthead
2009-11-11,2009-11-11_r16_ORDINARIA,prosecretario,Juan J. Canals,masthead
2009-11-11,2009-11-11_r16_ORDINARIA,prosecretario,Mario Daniele,masthead
2009-11-11,2009-11-11_r16_ORDINARIA,secretario,Jorge Luis Alberto Tieppo,masthead
2009-11-11,2009-11-11_r16_ORDINARIA,secretario,Juan Héctor Estrada,masthead
2009-11-11,2009-11-11_r16_ORDINARIA,vicepresidente,Rubén Hugo Marín,masthead
2009-11-11,2009-11-11_r16_ORDINARIA,vicepresidente 1°,Juan Carlos Marino,masthead
2009-11-11,2009-11-11_r16_ORDINARIA,vicepresidente de la nacion,Julio César Cleto Cobos,masthead
2009-11-18,2009-11-18_r17_ORDINARIA,presidente provisional,José Juan Bautista Pampuro,masthead
2009-11-18,2009-11-18_r17_ORDINARIA,prosecretario,Gustavo Carlos Vélez,masthead
2009-11-18,2009-11-18_r17_ORDINARIA,prosecretario,Juan J. Canals,masthead
2009-11-18,2009-11-18_r17_ORDINARIA,prosecretario,Mario Daniele,masthead
2009-11-18,2009-11-18_r17_ORDINARIA,secretario,Jorge Luis Alberto Tieppo,masthead
2009-11-18,2009-11-18_r17_ORDINARIA,secretario,Juan Héctor Estrada,masthead
2009-11-18,2009-11-18_r17_ORDINARIA,vicepresidente 1°,Juan Carlos Marino,masthead
2009-11-25,2009-11-25_r18_ORDINARIA,presidente provisional,José Juan Bautista Pampuro,masthead
2009-11-25,2009-11-25_r18_ORDINARIA,vicepresidente de la nacion,Julio César Cleto Cobos,masthead
2009-11-26,2009-11-26_r19_ESPECIAL,prosecretario,Gustavo Carlos Vélez,masthead
2009-11-26,2009-11-26_r19_ESPECIAL,prosecretario,Juan J. Canals,masthead
2009-11-26,2009-11-26_r19_ESPECIAL,prosecretario,Mario Daniele,masthead
2009-11-26,2009-11-26_r19_ESPECIAL,secretario,Jorge Luis Alberto Tieppo,masthead
2009-11-26,2009-11-26_r19_ESPECIAL,secretario,Juan Héctor Estrada,masthead
2009-11-26,2009-11-26_r19_ESPECIAL,vicepresidente de la nacion,Julio César Cleto Cobos,masthead
2009-12-02,2009-12-02_r20_ORDINARIA,presidente provisional,José Juan Bautista Pampuro,masthead
2009-12-02,2009-12-02_r20_ORDINARIA,prosecretario,Gustavo Carlos Vélez,masthead
2009-12-02,2009-12-02_r20_ORDINARIA,prosecretario,Juan J. Canals,masthead
2009-12-02,2009-12-02_r20_ORDINARIA,prosecretario,Mario Daniele,masthead
2009-12-02,2009-12-02_r20_ORDINARIA,secretario,Jorge Luis Alberto Tieppo,masthead
2009-12-02,2009-12-02_r20_ORDINARIA,secretario,Juan Héctor Estrada,masthead
2009-12-02,2009-12-02_r20_ORDINARIA,vicepresidenta 2°,Liliana Teresita Negre de Alonso,masthead
2009-12-02,2009-12-02_r20_ORDINARIA,vicepresidente,Rubén Hugo Marín,masthead
2009-12-02,2009-12-02_r20_ORDINARIA,vicepresidente 1°,Juan Carlos Marino,masthead
2009-12-02,2009-12-02_r20_ORDINARIA,vicepresidente de la nacion,Julio César Cleto Cobos,masthead
2010-02-24,2010-02-24_r01_PREPARATORIA,presidente provisional,José Juan Bautista Pampuro,masthead
2010-02-24,2010-02-24_r01_PREPARATORIA,prosecretario,Gustavo Carlos Vélez,masthead
2010-02-24,2010-02-24_r01_PREPARATORIA,prosecretario,Juan J. Canals,masthead
2010-02-24,2010-02-24_r01_PREPARATORIA,prosecretario,Mario Daniele,masthead
2010-02-24,2010-02-24_r01_PREPARATORIA,secretario,Antonio Benigno Rins,masthead
2010-02-24,2010-02-24_r01_PREPARATORIA,secretario,Juan Héctor Estrada,masthead
2010-02-24,2010-02-24_r01_PREPARATORIA,vicepresidente,Juan Carlos Marino,masthead
2010-02-24,2010-02-24_r01_PREPARATORIA,vicepresidente de la nacion,Julio César Cleto Cobos,masthead
2010-03-01,2010-03-01_r00_ASAMBLEA,presidente de la honorable camara de diputados,Eduardo Alfredo Fellner,masthead
2010-03-01,2010-03-01_r00_ASAMBLEA,secretario,Enrique Hidalgo,masthead
2010-03-01,2010-03-01_r00_ASAMBLEA,secretario,Juan Héctor Estrada,masthead
2010-03-03,2010-03-03_r02_ORDINARIA,prosecretario,Gustavo Carlos Vélez,masthead
2010-03-03,2010-03-03_r02_ORDINARIA,prosecretario,Juan J. Canals,masthead
2010-03-03,2010-03-03_r02_ORDINARIA,prosecretario,Mario Daniele,masthead
2010-03-03,2010-03-03_r02_ORDINARIA,secretario,Antonio Benigno Rins,masthead
2010-03-03,2010-03-03_r02_ORDINARIA,secretario,Juan Héctor Estrada,masthead
2010-03-03,2010-03-03_r02_ORDINARIA,vicepresidente de la nacion,Julio César Cleto Cobos,masthead
2010-03-11,2010-03-11_r03_EN_MINORIA,presidente provisional,José Juan Bautista Pampuro,masthead
2010-03-11,2010-03-11_r03_EN_MINORIA,prosecretario,Juan J. Canals,masthead
2010-03-11,2010-03-11_r03_EN_MINORIA,prosecretario,Mario Daniele,masthead
2010-03-11,2010-03-11_r03_EN_MINORIA,secretario,Antonio Benigno Rins,masthead
2010-03-11,2010-03-11_r03_EN_MINORIA,secretario,Juan Héctor Estrada,masthead
2010-03-17,2010-03-17_r04_EN_MINORIA,prosecretario,Juan J. Canals,masthead
2010-03-17,2010-03-17_r04_EN_MINORIA,prosecretario,Mario Daniele,masthead
2010-03-17,2010-03-17_r04_EN_MINORIA,secretario,Antonio Benigno Rins,masthead
2010-03-17,2010-03-17_r04_EN_MINORIA,secretario,Juan Héctor Estrada,masthead
2010-03-17,2010-03-17_r04_EN_MINORIA,vicepresidente de la nacion,Julio César Cleto Cobos,masthead
2010-04-07,2010-04-07_r05_EN_MINORIA,prosecretario,Juan J. Canals,masthead
2010-04-07,2010-04-07_r05_EN_MINORIA,prosecretario,Mario Daniele,masthead
2010-04-07,2010-04-07_r05_EN_MINORIA,secretario,Antonio Benigno Rins,masthead
2010-04-07,2010-04-07_r05_EN_MINORIA,secretario,Juan Héctor Estrada,masthead
2010-04-07,2010-04-07_r05_EN_MINORIA,vicepresidente de la nacion,Julio César Cleto Cobos,masthead
2010-04-14,2010-04-14_r06_ORDINARIA,presidente provisional,José Juan Bautista Pampuro,masthead
2010-04-14,2010-04-14_r06_ORDINARIA,prosecretario,Gustavo Carlos Vélez,masthead
2010-04-14,2010-04-14_r06_ORDINARIA,prosecretario,Juan J. Canals,masthead
2010-04-14,2010-04-14_r06_ORDINARIA,prosecretario,Mario Daniele,masthead
2010-04-14,2010-04-14_r06_ORDINARIA,secretario,Antonio Benigno Rins,masthead
2010-04-14,2010-04-14_r06_ORDINARIA,secretario,Juan Héctor Estrada,masthead
2010-04-14,2010-04-14_r06_ORDINARIA,vicepresidente,Juan Carlos Marino,masthead
2010-04-14,2010-04-14_r06_ORDINARIA,vicepresidente de la nacion,Julio César Cleto Cobos,masthead
2010-04-28,2010-04-28_r07_ORDINARIA,prosecretario,Gustavo Carlos Vélez,masthead
2010-04-28,2010-04-28_r07_ORDINARIA,prosecretario,Juan J. Canals,masthead
2010-04-28,2010-04-28_r07_ORDINARIA,prosecretario,Mario Daniele,masthead
2010-04-28,2010-04-28_r07_ORDINARIA,secretario,Antonio Benigno Rins,masthead
2010-04-28,2010-04-28_r07_ORDINARIA,secretario,Juan Héctor Estrada,masthead
2010-04-28,2010-04-28_r07_ORDINARIA,vicepresidente,Juan Carlos Marino,masthead
2010-04-28,2010-04-28_r07_ORDINARIA,vicepresidente 1°,Juan Carlos Romero,masthead
2010-04-28,2010-04-28_r07_ORDINARIA,vicepresidente de la nacion,Julio César Cleto Cobos,masthead
2010-05-05,2010-05-05_r08_ORDINARIA,presidente provisional,José Juan Bautista Pampuro,masthead
2010-05-05,2010-05-05_r08_ORDINARIA,prosecretario,Gustavo Carlos Vélez,masthead
2010-05-05,2010-05-05_r08_ORDINARIA,prosecretario,Juan J. Canals,masthead
2010-05-05,2010-05-05_r08_ORDINARIA,prosecretario,Mario Daniele,masthead
2010-05-05,2010-05-05_r08_ORDINARIA,secretario,Antonio Benigno Rins,masthead
2010-05-05,2010-05-05_r08_ORDINARIA,secretario,Juan Héctor Estrada,masthead
2010-05-05,2010-05-05_r08_ORDINARIA,vicepresidente,Juan Carlos Marino,masthead
2010-05-05,2010-05-05_r08_ORDINARIA,vicepresidente 2°,Roberto Gustavo Basualdo,masthead
2010-05-05,2010-05-05_r08_ORDINARIA,vicepresidente de la nacion,Julio César Cleto Cobos,masthead
2010-05-19,2010-05-19_r09_ORDINARIA,presidente provisional,José Juan Bautista Pampuro,masthead
2010-05-19,2010-05-19_r09_ORDINARIA,prosecretario,Gustavo Carlos Vélez,masthead
2010-05-19,2010-05-19_r09_ORDINARIA,prosecretario,Juan J. Canals,masthead
2010-05-19,2010-05-19_r09_ORDINARIA,prosecretario,Mario Daniele,masthead
2010-05-19,2010-05-19_r09_ORDINARIA,secretario,Antonio Benigno Rins,masthead
2010-05-19,2010-05-19_r09_ORDINARIA,secretario,Juan Héctor Estrada,masthead
2010-05-19,2010-05-19_r09_ORDINARIA,vicepresidente 1°,Juan Carlos Romero,masthead
2010-05-19,2010-05-19_r09_ORDINARIA,vicepresidente 2°,Roberto Gustavo Basualdo,masthead
2010-06-02,2010-06-02_r10_ORDINARIA,presidente provisional,José Juan Bautista Pampuro,masthead
2010-06-02,2010-06-02_r11_INFORMATIVA_ESPECIAL,presidente provisional,José Juan Bautista Pampuro,masthead
2010-06-02,2010-06-02_r10_ORDINARIA,prosecretario,Gustavo Carlos Vélez,masthead
2010-06-02,2010-06-02_r11_INFORMATIVA_ESPECIAL,prosecretario,Gustavo Carlos Vélez,masthead
2010-06-02,2010-06-02_r10_ORDINARIA,prosecretario,Juan J. Canals,masthead
2010-06-02,2010-06-02_r11_INFORMATIVA_ESPECIAL,prosecretario,Juan J. Canals,masthead
2010-06-02,2010-06-02_r10_ORDINARIA,prosecretario,Mario Daniele,masthead
2010-06-02,2010-06-02_r11_INFORMATIVA_ESPECIAL,prosecretario,Mario Daniele,masthead
2010-06-02,2010-06-02_r10_ORDINARIA,secretario,Antonio Benigno Rins,masthead
2010-06-02,2010-06-02_r11_INFORMATIVA_ESPECIAL,secretario,Antonio Benigno Rins,masthead
2010-06-02,2010-06-02_r10_ORDINARIA,secretario,Juan Héctor Estrada,masthead
2010-06-02,2010-06-02_r11_INFORMATIVA_ESPECIAL,secretario,Juan Héctor Estrada,masthead
2010-06-02,2010-06-02_r11_INFORMATIVA_ESPECIAL,vicepresidente de la nacion,Julio César Cleto Cobos,masthead
2010-06-09,2010-06-09_r12_ORDINARIA,presidente provisional,José Juan Bautista Pampuro,masthead
2010-06-09,2010-06-09_r12_ORDINARIA,prosecretario,Gustavo Carlos Vélez,masthead
2010-06-09,2010-06-09_r12_ORDINARIA,prosecretario,Juan J. Canals,masthead
2010-06-09,2010-06-09_r12_ORDINARIA,prosecretario,Mario Daniele,masthead
2010-06-09,2010-06-09_r12_ORDINARIA,secretario,Antonio Benigno Rins,masthead
2010-06-09,2010-06-09_r12_ORDINARIA,secretario,Juan Héctor Estrada,masthead
2010-06-09,2010-06-09_r12_ORDINARIA,vicepresidente de la nacion,Julio César Cleto Cobos,masthead
2010-06-30,2010-06-30_r13_ORDINARIA,presidente provisional,José Juan Bautista Pampuro,masthead
2010-06-30,2010-06-30_r13_ORDINARIA,prosecretario,Gustavo Carlos Vélez,masthead
2010-06-30,2010-06-30_r13_ORDINARIA,prosecretario,Juan J. Canals,masthead
2010-06-30,2010-06-30_r13_ORDINARIA,prosecretario,Mario Daniele,masthead
2010-06-30,2010-06-30_r13_ORDINARIA,secretario,Antonio Benigno Rins,masthead
2010-06-30,2010-06-30_r13_ORDINARIA,secretario,Juan Héctor Estrada,masthead
2010-06-30,2010-06-30_r13_ORDINARIA,vicepresidente de la nacion,Julio César Cleto Cobos,masthead
2010-07-14,2010-07-14_r14_ORDINARIA,presidente provisional,José Juan Bautista Pampuro,masthead
2010-07-14,2010-07-14_r14_ORDINARIA,prosecretario,Gustavo Carlos Vélez,masthead
2010-07-14,2010-07-14_r14_ORDINARIA,prosecretario,Juan J. Canals,masthead
2010-07-14,2010-07-14_r14_ORDINARIA,prosecretario,Mario Daniele,masthead
2010-07-14,2010-07-14_r14_ORDINARIA,secretario,Antonio Benigno Rins,masthead
2010-07-14,2010-07-14_r14_ORDINARIA,vicepresidente,Juan Carlos Marino,masthead
2010-07-14,2010-07-14_r14_ORDINARIA,vicepresidente 1°,Juan Carlos Romero,masthead
2010-08-11,2010-08-11_r15_ORDINARIA,prosecretario,Gustavo Carlos Vélez,masthead
2010-08-11,2010-08-11_r15_ORDINARIA,prosecretario,Juan J. Canals,masthead
2010-08-11,2010-08-11_r15_ORDINARIA,prosecretario,Mario Daniele,masthead
2010-08-11,2010-08-11_r15_ORDINARIA,secretario,Antonio Benigno Rins,masthead
2010-08-11,2010-08-11_r15_ORDINARIA,secretario,Juan Héctor Estrada,masthead
2010-08-11,2010-08-11_r15_ORDINARIA,vicepresidente,Juan Carlos Marino,masthead
2010-08-11,2010-08-11_r15_ORDINARIA,vicepresidente de la nacion,Julio César Cleto Cobos,masthead
2010-08-25,2010-08-25_r16_ORDINARIA,prosecretario,Gustavo Carlos Vélez,masthead
2010-08-25,2010-08-25_r16_ORDINARIA,prosecretario,Juan J. Canals,masthead
2010-08-25,2010-08-25_r16_ORDINARIA,prosecretario,Mario Daniele,masthead
2010-08-25,2010-08-25_r16_ORDINARIA,secretario,Antonio Benigno Rins,masthead
2010-08-25,2010-08-25_r16_ORDINARIA,secretario,Juan Héctor Estrada,masthead
2010-08-25,2010-08-25_r16_ORDINARIA,vicepresidente 1°,Juan Carlos Romero,masthead
2010-08-25,2010-08-25_r16_ORDINARIA,vicepresidente de la nacion,Julio César Cleto Cobos,masthead
2010-09-08,2010-09-08_r17_ORDINARIA,presidente provisional,José Juan Bautista Pampuro,masthead
2010-09-08,2010-09-08_r17_ORDINARIA,prosecretario,Gustavo Carlos Vélez,masthead
2010-09-08,2010-09-08_r17_ORDINARIA,prosecretario,Juan J. Canals,masthead
2010-09-08,2010-09-08_r17_ORDINARIA,prosecretario,Mario Daniele,masthead
2010-09-08,2010-09-08_r17_ORDINARIA,secretario,Antonio Benigno Rins,masthead
2010-09-08,2010-09-08_r17_ORDINARIA,secretario,Juan Héctor Estrada,masthead
2010-09-08,2010-09-08_r17_ORDINARIA,vicepresidente,Juan Carlos Marino,masthead
2010-09-08,2010-09-08_r17_ORDINARIA,vicepresidente 2°,Roberto Gustavo Basualdo,masthead
2010-09-08,2010-09-08_r17_ORDINARIA,vicepresidente de la nacion,Julio César Cleto Cobos,masthead
2010-09-29,2010-09-29_r18_ORDINARIA,presidente provisional,José Juan Bautista Pampuro,masthead
2010-09-29,2010-09-29_r18_ORDINARIA,prosecretario,Gustavo Carlos Vélez,masthead
2010-09-29,2010-09-29_r18_ORDINARIA,prosecretario,Juan J. Canals,masthead
2010-09-29,2010-09-29_r18_ORDINARIA,prosecretario,Mario Daniele,masthead
2010-09-29,2010-09-29_r18_ORDINARIA,secretario,Antonio Benigno Rins,masthead
2010-09-29,2010-09-29_r18_ORDINARIA,secretario,Juan Héctor Estrada,masthead
2010-09-29,2010-09-29_r18_ORDINARIA,vicepresidente,Juan Carlos Marino,masthead
2010-09-29,2010-09-29_r18_ORDINARIA,vicepresidente 2°,Roberto Gustavo Basualdo,masthead
2010-09-29,2010-09-29_r18_ORDINARIA,vicepresidente de la nacion,Julio César Cleto Cobos,masthead
2010-10-13,2010-10-13_r19_ORDINARIA,presidente provisional,José Juan Bautista Pampuro,masthead
2010-10-13,2010-10-13_r19_ORDINARIA,prosecretario,Gustavo Carlos Vélez,masthead
2010-10-13,2010-10-13_r19_ORDINARIA,prosecretario,Juan J. Canals,masthead
2010-10-13,2010-10-13_r19_ORDINARIA,prosecretario,Mario Daniele,masthead
2010-10-13,2010-10-13_r19_ORDINARIA,secretario,Antonio Benigno Rins,masthead
2010-10-13,2010-10-13_r19_ORDINARIA,secretario,Juan Héctor Estrada,masthead
2010-10-13,2010-10-13_r19_ORDINARIA,vicepresidente,Juan Carlos Marino,masthead
2010-10-13,2010-10-13_r19_ORDINARIA,vicepresidente de la nacion,Julio César Cleto Cobos,masthead
2010-10-20,2010-10-20_r20_ORDINARIA,prosecretario,Gustavo Carlos Vélez,masthead
2010-10-20,2010-10-20_r20_ORDINARIA,prosecretario,Juan J. Canals,masthead
2010-10-20,2010-10-20_r20_ORDINARIA,prosecretario,Mario Daniele,masthead
2010-10-20,2010-10-20_r20_ORDINARIA,secretario,Antonio Benigno Rins,masthead
2010-10-20,2010-10-20_r20_ORDINARIA,secretario,Juan Héctor Estrada,masthead
2010-10-20,2010-10-20_r20_ORDINARIA,vicepresidente,Juan Carlos Marino,masthead
2010-10-20,2010-10-20_r20_ORDINARIA,vicepresidente 1°,Juan Carlos Romero,masthead
2010-10-20,2010-10-20_r20_ORDINARIA,vicepresidente de la nacion,Julio César Cleto Cobos,masthead
2010-11-03,2010-11-03_r21_ORDINARIA,presidente provisional,José Juan Bautista Pampuro,masthead
2010-11-03,2010-11-03_r21_ORDINARIA,prosecretario,Gustavo Carlos Vélez,masthead
2010-11-03,2010-11-03_r21_ORDINARIA,prosecretario,Juan J. Canals,masthead
2010-11-03,2010-11-03_r21_ORDINARIA,prosecretario,Mario Daniele,masthead
2010-11-03,2010-11-03_r21_ORDINARIA,secretario,Antonio Benigno Rins,masthead
2010-11-03,2010-11-03_r21_ORDINARIA,secretario,Juan Héctor Estrada,masthead
2010-11-03,2010-11-03_r21_ORDINARIA,vicepresidente 1°,Juan Carlos Romero,masthead
2010-11-03,2010-11-03_r21_ORDINARIA,vicepresidente de la nacion,Julio César Cleto Cobos,masthead
2010-11-10,2010-11-10_r22_EN_MINORIA,presidente provisional,José Juan Bautista Pampuro,masthead
2010-11-10,2010-11-10_r22_EN_MINORIA,prosecretario,Juan J. Canals,masthead
2010-11-10,2010-11-10_r22_EN_MINORIA,prosecretario,Mario Daniele,masthead
2010-11-10,2010-11-10_r22_EN_MINORIA,secretario,Antonio Benigno Rins,masthead
2010-11-10,2010-11-10_r22_EN_MINORIA,secretario,Juan Héctor Estrada,masthead
2010-11-24,2010-11-24_r23_ORDINARIA,presidente provisional,José Juan Bautista Pampuro,masthead
2010-11-24,2010-11-24_r23_ORDINARIA,prosecretario,Gustavo Carlos Vélez,masthead
2010-11-24,2010-11-24_r23_ORDINARIA,prosecretario,Juan J. Canals,masthead
2010-11-24,2010-11-24_r23_ORDINARIA,prosecretario,Mario Daniele,masthead
2010-11-24,2010-11-24_r23_ORDINARIA,secretario,Antonio Benigno Rins,masthead
2010-11-24,2010-11-24_r23_ORDINARIA,secretario,Juan Héctor Estrada,masthead
2010-11-24,2010-11-24_r23_ORDINARIA,vicepresidente,Juan Carlos Marino,masthead
2010-11-24,2010-11-24_r23_ORDINARIA,vicepresidente 1°,Juan Carlos Romero,masthead
2010-11-24,2010-11-24_r23_ORDINARIA,vicepresidente de la nacion,Julio César Cleto Cobos,masthead
2010-12-15,2010-12-15_r24_EXTRAORDINARIA,presidente provisional,José Juan Bautista Pampuro,masthead
2010-12-15,2010-12-15_r24_EXTRAORDINARIA,prosecretario,Gustavo Carlos Vélez,masthead
2010-12-15,2010-12-15_r24_EXTRAORDINARIA,prosecretario,Juan J. Canals,masthead
2010-12-15,2010-12-15_r24_EXTRAORDINARIA,prosecretario,Mario Daniele,masthead
2010-12-15,2010-12-15_r24_EXTRAORDINARIA,secretario,Antonio Benigno Rins,masthead
2010-12-15,2010-12-15_r24_EXTRAORDINARIA,secretario,Juan Héctor Estrada,masthead
2010-12-15,2010-12-15_r24_EXTRAORDINARIA,vicepresidente 1°,Juan Carlos Romero,masthead
2010-12-15,2010-12-15_r24_EXTRAORDINARIA,vicepresidente de la nacion,Julio César Cleto Cobos,masthead
2010-12-22,2010-12-22_r25_ESPECIAL,presidente provisional,José Juan Bautista Pampuro,masthead
2010-12-22,2010-12-22_r25_ESPECIAL,prosecretario,Gustavo Carlos Vélez,masthead
2010-12-22,2010-12-22_r25_ESPECIAL,prosecretario,Juan J. Canals,masthead
2010-12-22,2010-12-22_r25_ESPECIAL,prosecretario,Mario Daniele,masthead
2010-12-22,2010-12-22_r25_ESPECIAL,secretario,Antonio Benigno Rins,masthead
2010-12-22,2010-12-22_r25_ESPECIAL,secretario,Juan Héctor Estrada,masthead
2010-12-22,2010-12-22_r25_ESPECIAL,vicepresidente de la nacion,Julio César Cleto Cobos,masthead
2011-02-28,2011-02-28_r01_PREPARATORIA,prosecretario,Gustavo Carlos Vélez,masthead
2011-02-28,2011-02-28_r01_PREPARATORIA,prosecretario,Juan J. Canals,masthead
2011-02-28,2011-02-28_r01_PREPARATORIA,prosecretario,Mario Daniele,masthead
2011-02-28,2011-02-28_r01_PREPARATORIA,secretario,Antonio Benigno Rins,masthead
2011-02-28,2011-02-28_r01_PREPARATORIA,secretario,Juan Héctor Estrada,masthead
2011-02-28,2011-02-28_r01_PREPARATORIA,vicepresidente de la nacion,Julio César Cleto Cobos,masthead
2011-03-01,2011-03-01_r00_ASAMBLEA,presidente de la honorable camara de diputados,Eduardo Alfredo Fellner,masthead
2011-03-01,2011-03-01_r00_ASAMBLEA,secretario,Enrique Hidalgo,masthead
2011-03-01,2011-03-01_r00_ASAMBLEA,secretario,Juan Héctor Estrada,masthead
2011-03-16,2011-03-16_r02_ORDINARIA,presidente provisional,José Juan Bautista Pampuro,masthead
2011-03-16,2011-03-16_r02_ORDINARIA,prosecretario,Gustavo Carlos Vélez,masthead
2011-03-16,2011-03-16_r02_ORDINARIA,prosecretario,Mario Daniele,masthead
2011-03-16,2011-03-16_r02_ORDINARIA,secretario,Antonio Benigno Rins,masthead
2011-03-16,2011-03-16_r02_ORDINARIA,secretario,Juan Héctor Estrada,masthead
2011-03-16,2011-03-16_r02_ORDINARIA,vicepresidente,Juan Carlos Marino,masthead
2011-03-16,2011-03-16_r02_ORDINARIA,vicepresidente de la nacion,Julio César Cleto Cobos,masthead
2011-03-30,2011-03-30_r03_ORDINARIA,presidente provisional,José Juan Bautista Pampuro,masthead
2011-03-30,2011-03-30_r03_ORDINARIA,prosecretario,Gustavo Carlos Vélez,masthead
2011-03-30,2011-03-30_r03_ORDINARIA,prosecretario,Mario Daniele,masthead
2011-03-30,2011-03-30_r03_ORDINARIA,secretario,Antonio Benigno Rins,masthead
2011-03-30,2011-03-30_r03_ORDINARIA,secretario,Juan Héctor Estrada,masthead
2011-03-30,2011-03-30_r03_ORDINARIA,vicepresidente de la nacion,Julio César Cleto Cobos,masthead
2011-04-13,2011-04-13_r04_ORDINARIA,presidente provisional,José Juan Bautista Pampuro,masthead
2011-04-13,2011-04-13_r04_ORDINARIA,prosecretario,Gustavo Carlos Vélez,masthead
2011-04-13,2011-04-13_r04_ORDINARIA,prosecretario,Luis Gustavo Borsani,masthead
2011-04-13,2011-04-13_r04_ORDINARIA,prosecretario,Mario Daniele,masthead
2011-04-13,2011-04-13_r04_ORDINARIA,secretario,Antonio Benigno Rins,masthead
2011-04-13,2011-04-13_r04_ORDINARIA,secretario,Juan Héctor Estrada,masthead
2011-04-13,2011-04-13_r04_ORDINARIA,vicepresidente,Juan Carlos Marino,masthead
2011-04-13,2011-04-13_r04_ORDINARIA,vicepresidente de la nacion,Julio César Cleto Cobos,masthead
2011-05-04,2011-05-04_r05_ORDINARIA,prosecretario,Gustavo Carlos Vélez,masthead
2011-05-04,2011-05-04_r05_ORDINARIA,prosecretario,Luis Gustavo Borsani,masthead
2011-05-04,2011-05-04_r05_ORDINARIA,prosecretario,Mario Daniele,masthead
2011-05-04,2011-05-04_r05_ORDINARIA,secretario,Antonio Benigno Rins,masthead
2011-05-04,2011-05-04_r05_ORDINARIA,secretario,Juan Héctor Estrada,masthead
2011-05-04,2011-05-04_r05_ORDINARIA,vicepresidente,Juan Carlos Marino,masthead
2011-05-04,2011-05-04_r05_ORDINARIA,vicepresidente de la nacion,Julio César Cleto Cobos,masthead
2011-05-11,2011-05-11_r06_INFORMATIVA_ESPECIAL,prosecretario,Gustavo Carlos Vélez,masthead
2011-05-11,2011-05-11_r06_INFORMATIVA_ESPECIAL,prosecretario,Luis Gustavo Borsani,masthead
2011-05-11,2011-05-11_r06_INFORMATIVA_ESPECIAL,prosecretario,Mario Daniele,masthead
2011-05-11,2011-05-11_r06_INFORMATIVA_ESPECIAL,secretario,Antonio Benigno Rins,masthead
2011-05-11,2011-05-11_r06_INFORMATIVA_ESPECIAL,secretario,Juan Héctor Estrada,masthead
2011-05-11,2011-05-11_r06_INFORMATIVA_ESPECIAL,vicepresidente de la nacion,Julio César Cleto Cobos,masthead
2011-06-01,2011-06-01_r07_ORDINARIA,presidente provisional,José Juan Bautista Pampuro,masthead
2011-06-01,2011-06-01_r07_ORDINARIA,prosecretario,Gustavo Carlos Vélez,masthead
2011-06-01,2011-06-01_r07_ORDINARIA,prosecretario,Luis Gustavo Borsani,masthead
2011-06-01,2011-06-01_r07_ORDINARIA,prosecretario,Mario Daniele,masthead
2011-06-01,2011-06-01_r07_ORDINARIA,secretario,Antonio Benigno Rins,masthead
2011-06-01,2011-06-01_r07_ORDINARIA,secretario,Juan Héctor Estrada,masthead
2011-06-01,2011-06-01_r07_ORDINARIA,vicepresidente,Juan Carlos Marino,masthead
2011-06-29,2011-06-29_r08_ORDINARIA,prosecretario,Gustavo Carlos Vélez,masthead
2011-06-29,2011-06-29_r08_ORDINARIA,prosecretario,Luis Gustavo Borsani,masthead
2011-06-29,2011-06-29_r08_ORDINARIA,prosecretario,Mario Daniele,masthead
2011-06-29,2011-06-29_r08_ORDINARIA,secretario,Antonio Benigno Rins,masthead
2011-06-29,2011-06-29_r08_ORDINARIA,secretario,Juan Héctor Estrada,masthead
2011-06-29,2011-06-29_r08_ORDINARIA,vicepresidente de la nacion,Julio César Cleto Cobos,masthead
2011-07-27,2011-07-27_r09_ORDINARIA,prosecretario,Gustavo Carlos Vélez,masthead
2011-07-27,2011-07-27_r09_ORDINARIA,prosecretario,Luis Gustavo Borsani,masthead
2011-07-27,2011-07-27_r09_ORDINARIA,prosecretario,Mario Daniele,masthead
2011-07-27,2011-07-27_r09_ORDINARIA,secretario,Antonio Benigno Rins,masthead
2011-07-27,2011-07-27_r09_ORDINARIA,secretario,Juan Héctor Estrada,masthead
2011-07-27,2011-07-27_r09_ORDINARIA,vicepresidente,Juan Carlos Marino,masthead
2011-07-27,2011-07-27_r09_ORDINARIA,vicepresidente de la nacion,Julio César Cleto Cobos,masthead
2011-08-31,2011-08-31_r10_ORDINARIA,prosecretario,Gustavo Carlos Vélez,masthead
2011-08-31,2011-08-31_r10_ORDINARIA,prosecretario,Luis Gustavo Borsani,masthead
2011-08-31,2011-08-31_r10_ORDINARIA,prosecretario,Mario Daniele,masthead
2011-08-31,2011-08-31_r10_ORDINARIA,secretario,Antonio Benigno Rins,masthead
2011-08-31,2011-08-31_r10_ORDINARIA,secretario,Juan Héctor Estrada,masthead
2011-08-31,2011-08-31_r10_ORDINARIA,vicepresidente 2°,Roberto Gustavo Basualdo,masthead
2011-08-31,2011-08-31_r10_ORDINARIA,vicepresidente de la nacion,Julio César Cleto Cobos,masthead
2011-09-28,2011-09-28_r11_EN_MINORIA,prosecretario,Luis Gustavo Borsani,masthead
2011-09-28,2011-09-28_r11_EN_MINORIA,prosecretario,Mario Daniele,masthead
2011-09-28,2011-09-28_r11_EN_MINORIA,secretario,Antonio Benigno Rins,masthead
2011-09-28,2011-09-28_r11_EN_MINORIA,secretario,Juan Héctor Estrada,masthead
2011-09-28,2011-09-28_r11_EN_MINORIA,vicepresidente de la nacion,Julio César Cleto Cobos,masthead
2011-11-02,2011-11-02_r12_ORDINARIA,prosecretario,Gustavo Carlos Vélez,masthead
2011-11-02,2011-11-02_r12_ORDINARIA,prosecretario,Luis Gustavo Borsani,masthead
2011-11-02,2011-11-02_r12_ORDINARIA,prosecretario,Mario Daniele,masthead
2011-11-02,2011-11-02_r12_ORDINARIA,secretario,Antonio Benigno Rins,masthead
2011-11-02,2011-11-02_r12_ORDINARIA,secretario,Juan Héctor Estrada,masthead
2011-11-02,2011-11-02_r12_ORDINARIA,vicepresidente,Juan Carlos Marino,masthead
2011-11-02,2011-11-02_r12_ORDINARIA,vicepresidente 2°,Roberto Gustavo Basualdo,masthead
2011-11-30,2011-11-30_r13_ESPECIAL,prosecretario,Gustavo Carlos Vélez,masthead
2011-11-30,2011-11-30_r14_ORDINARIA,prosecretario,Gustavo Carlos Vélez,masthead
2011-11-30,2011-11-30_r13_ESPECIAL,prosecretario,Luis Gustavo Borsani,masthead
2011-11-30,2011-11-30_r14_ORDINARIA,prosecretario,Luis Gustavo Borsani,masthead
2011-11-30,2011-11-30_r13_ESPECIAL,prosecretario,Mario Daniele,masthead
2011-11-30,2011-11-30_r14_ORDINARIA,prosecretario,Mario Daniele,masthead
2011-11-30,2011-11-30_r13_ESPECIAL,secretario,Antonio Benigno Rins,masthead
2011-11-30,2011-11-30_r14_ORDINARIA,secretario,Antonio Benigno Rins,masthead
2011-11-30,2011-11-30_r13_ESPECIAL,secretario,Juan Héctor Estrada,masthead
2011-11-30,2011-11-30_r14_ORDINARIA,secretario,Juan Héctor Estrada,masthead
2011-11-30,2011-11-30_r13_ESPECIAL,vicepresidente de la nacion,Julio César Cleto Cobos,masthead
2011-11-30,2011-11-30_r14_ORDINARIA,vicepresidente de la nacion,Julio César Cleto Cobos,masthead
2011-12-01,2011-12-01_r00_ASAMBLEA,presidente de la honorable camara de diputados,Eduardo Alfredo Fellner,masthead
2011-12-01,2011-12-01_r00_ASAMBLEA,secretario,Enrique Hidalgo,masthead
2011-12-01,2011-12-01_r00_ASAMBLEA,secretario,Juan Héctor Estrada,masthead
2011-12-10,2011-12-10_r00_ASAMBLEA,presidente de la honorable camara de diputados,Julián Andrés Domínguez,masthead
2011-12-10,2011-12-10_r00_ASAMBLEA,secretario,Gervasio Bozzano,masthead
2011-12-10,2011-12-10_r00_ASAMBLEA,secretario,Juan Héctor Estrada,masthead
2011-12-10,2011-12-10_r00_ASAMBLEA,vicepresidente de la nacion,Julio César Cleto Cobos,masthead
2011-12-14,2011-12-14_r15_EXTRAORDINARIA,prosecretario,Gustavo Carlos Vélez,masthead
2011-12-14,2011-12-14_r15_EXTRAORDINARIA,prosecretario,Luis Borsani,masthead
2011-12-14,2011-12-14_r15_EXTRAORDINARIA,prosecretario,Mario Daniele,masthead
2011-12-14,2011-12-14_r15_EXTRAORDINARIA,secretario,Juan Horacio Zabaleta,masthead
2011-12-14,2011-12-14_r15_EXTRAORDINARIA,secretario,Juan Héctor Estrada,masthead
2011-12-14,2011-12-14_r15_EXTRAORDINARIA,vicepresidente de la nacion,Amado Boudou,masthead
2011-12-21,2011-12-21_r16_EXTRAORDINARIA,presidenta provisional,Beatriz Rojkés de Alperovich,masthead
2011-12-21,2011-12-21_r16_EXTRAORDINARIA,prosecretario,Gustavo Carlos Vélez,masthead
2011-12-21,2011-12-21_r16_EXTRAORDINARIA,prosecretario,Luis Borsani,masthead
2011-12-21,2011-12-21_r16_EXTRAORDINARIA,prosecretario,Mario Daniele,masthead
2011-12-21,2011-12-21_r16_EXTRAORDINARIA,secretario,Juan Horacio Zabaleta,masthead
2011-12-21,2011-12-21_r16_EXTRAORDINARIA,secretario,Juan Héctor Estrada,masthead
2011-12-21,2011-12-21_r16_EXTRAORDINARIA,vicepresidente,Gerardo Rubén Morales,masthead
2011-12-21,2011-12-21_r16_EXTRAORDINARIA,vicepresidente de la nacion,Amado Boudou,masthead
2011-12-22,2011-12-22_r17_EXTRAORDINARIA,presidenta provisional,Beatriz Rojkés de Alperovich,masthead
2011-12-22,2011-12-22_r17_EXTRAORDINARIA,prosecretario,Gustavo Carlos Vélez,masthead
2011-12-22,2011-12-22_r17_EXTRAORDINARIA,prosecretario,Luis Borsani,masthead
2011-12-22,2011-12-22_r17_EXTRAORDINARIA,prosecretario,Mario Daniele,masthead
2011-12-22,2011-12-22_r17_EXTRAORDINARIA,secretario,Juan Horacio Zabaleta,masthead
2011-12-22,2011-12-22_r17_EXTRAORDINARIA,secretario,Juan Héctor Estrada,masthead
2011-12-22,2011-12-22_r17_EXTRAORDINARIA,vicepresidente de la nacion,Amado Boudou,masthead
2012-02-29,2012-02-29_r01_PREPARATORIA,prosecretario,Luis Borsani,masthead
2012-02-29,2012-02-29_r01_PREPARATORIA,prosecretario,Mario Daniele,masthead
2012-02-29,2012-02-29_r01_PREPARATORIA,prosecretario,Santiago Eduardo Révora,masthead
2012-02-29,2012-02-29_r01_PREPARATORIA,secretario,Juan Horacio Zabaleta,masthead
2012-02-29,2012-02-29_r01_PREPARATORIA,secretario,Juan Héctor Estrada,masthead
2012-02-29,2012-02-29_r01_PREPARATORIA,vicepresidente de la nacion,Amado Boudou,masthead
2012-03-01,2012-03-01_r00_ASAMBLEA,presidente de la honorable camara de diputados,Julián Andrés Domínguez,masthead
2012-03-01,2012-03-01_r00_ASAMBLEA,secretario,Gervasio Bozzano,masthead
2012-03-01,2012-03-01_r00_ASAMBLEA,secretario,Juan Héctor Estrada,masthead
2012-03-14,2012-03-14_r02_ORDINARIA,presidenta provisional,Beatriz Rojkés de Alperovich,masthead
2012-03-14,2012-03-14_r02_ORDINARIA,prosecretario,Luis Borsani,masthead
2012-03-14,2012-03-14_r02_ORDINARIA,prosecretario,Mario Daniele,masthead
2012-03-14,2012-03-14_r02_ORDINARIA,prosecretario,Santiago Eduardo Révora,masthead
2012-03-14,2012-03-14_r02_ORDINARIA,secretario,Juan Horacio Zabaleta,masthead
2012-03-14,2012-03-14_r02_ORDINARIA,secretario,Juan Héctor Estrada,masthead
2012-03-14,2012-03-14_r02_ORDINARIA,vicepresidente de la nacion,Amado Boudou,masthead
2012-03-21,2012-03-21_r03_ORDINARIA,presidenta provisional,Beatriz Rojkés de Alperovich,masthead
2012-03-21,2012-03-21_r03_ORDINARIA,prosecretario,Luis Borsani,masthead
2012-03-21,2012-03-21_r03_ORDINARIA,prosecretario,Mario Daniele,masthead
2012-03-21,2012-03-21_r03_ORDINARIA,prosecretario,Santiago Eduardo Révora,masthead
2012-03-21,2012-03-21_r03_ORDINARIA,secretario,Juan Horacio Zabaleta,masthead
2012-03-21,2012-03-21_r03_ORDINARIA,secretario,Juan Héctor Estrada,masthead
2012-03-21,2012-03-21_r03_ORDINARIA,vicepresidente,Gerardo Rubén Morales,masthead
2012-03-21,2012-03-21_r03_ORDINARIA,vicepresidente 1°,Luis Juez,masthead
2012-03-21,2012-03-21_r03_ORDINARIA,vicepresidente de la nacion,Amado Boudou,masthead
2012-04-25,2012-04-25_r04_ESPECIAL,presidenta provisional,Beatriz Rojkés de Alperovich,masthead
2012-04-25,2012-04-25_r04_ESPECIAL,prosecretario,Luis Borsani,masthead
2012-04-25,2012-04-25_r04_ESPECIAL,prosecretario,Mario Daniele,masthead
2012-04-25,2012-04-25_r04_ESPECIAL,prosecretario,Santiago Eduardo Révora,masthead
2012-04-25,2012-04-25_r04_ESPECIAL,secretario,Juan Horacio Zabaleta,masthead
2012-04-25,2012-04-25_r04_ESPECIAL,secretario,Juan Héctor Estrada,masthead
2012-04-25,2012-04-25_r04_ESPECIAL,vicepresidente,Gerardo Rubén Morales,masthead
2012-04-25,2012-04-25_r04_ESPECIAL,vicepresidente de la nacion,Amado Boudou,masthead
2012-05-09,2012-05-09_r05_ORDINARIA,presidenta provisional,Beatriz Rojkés de Alperovich,masthead
2012-05-09,2012-05-09_r05_ORDINARIA,prosecretario,Luis Borsani,masthead
2012-05-09,2012-05-09_r05_ORDINARIA,prosecretario,Mario Daniele,masthead
2012-05-09,2012-05-09_r05_ORDINARIA,prosecretario,Santiago Eduardo Révora,masthead
2012-05-09,2012-05-09_r05_ORDINARIA,secretario,Juan Horacio Zabaleta,masthead
2012-05-09,2012-05-09_r05_ORDINARIA,secretario,Juan Héctor Estrada,masthead
2012-05-09,2012-05-09_r05_ORDINARIA,vicepresidente de la nacion,Amado Boudou,masthead
2012-05-16,2012-05-16_r06_ORDINARIA,presidenta provisional,Beatriz Rojkés de Alperovich,masthead
2012-05-16,2012-05-16_r06_ORDINARIA,prosecretario,Luis Borsani,masthead
2012-05-16,2012-05-16_r06_ORDINARIA,prosecretario,Mario Daniele,masthead
2012-05-16,2012-05-16_r06_ORDINARIA,prosecretario,Santiago Eduardo Révora,masthead
2012-05-16,2012-05-16_r06_ORDINARIA,secretario,Juan Horacio Zabaleta,masthead
2012-05-16,2012-05-16_r06_ORDINARIA,secretario,Juan Héctor Estrada,masthead
2012-05-16,2012-05-16_r06_ORDINARIA,vicepresidente,Gerardo Rubén Morales,masthead
2012-05-30,2012-05-30_r08_INFORMATIVA_ESPECIAL,presidenta provisional,Beatriz Rojkés de Alperovich,masthead
2012-05-30,2012-05-30_r07_ORDINARIA,prosecretario,Luis Borsani,masthead
2012-05-30,2012-05-30_r08_INFORMATIVA_ESPECIAL,prosecretario,Luis Borsani,masthead
2012-05-30,2012-05-30_r07_ORDINARIA,prosecretario,Mario Daniele,masthead
2012-05-30,2012-05-30_r08_INFORMATIVA_ESPECIAL,prosecretario,Mario Daniele,masthead
2012-05-30,2012-05-30_r07_ORDINARIA,prosecretario,Santiago Eduardo Révora,masthead
2012-05-30,2012-05-30_r08_INFORMATIVA_ESPECIAL,prosecretario,Santiago Eduardo Révora,masthead
2012-05-30,2012-05-30_r07_ORDINARIA,secretario,Juan Horacio Zabaleta,masthead
2012-05-30,2012-05-30_r08_INFORMATIVA_ESPECIAL,secretario,Juan Horacio Zabaleta,masthead
2012-05-30,2012-05-30_r07_ORDINARIA,secretario,Juan Héctor Estrada,masthead
2012-05-30,2012-05-30_r08_INFORMATIVA_ESPECIAL,secretario,Juan Héctor Estrada,masthead
2012-05-30,2012-05-30_r07_ORDINARIA,vicepresidente de la nacion,Amado Boudou,masthead
2012-05-30,2012-05-30_r08_INFORMATIVA_ESPECIAL,vicepresidente de la nacion,Amado Boudou,masthead
2012-06-25,2012-06-25_r09_ESPECIAL,prosecretario,Luis Borsani,masthead
2012-06-25,2012-06-25_r09_ESPECIAL,prosecretario,Mario Daniele,masthead
2012-06-25,2012-06-25_r09_ESPECIAL,prosecretario,Santiago Eduardo Révora,masthead
2012-06-25,2012-06-25_r09_ESPECIAL,secretario,Juan Horacio Zabaleta,masthead
2012-06-25,2012-06-25_r09_ESPECIAL,secretario,Juan Héctor Estrada,masthead
2012-06-25,2012-06-25_r09_ESPECIAL,vicepresidente de la nacion,Amado Boudou,masthead
2012-07-04,2012-07-04_r10_ORDINARIA,presidenta provisional,Beatriz Rojkés de Alperovich,masthead
2012-07-04,2012-07-04_r10_ORDINARIA,prosecretario,Luis Borsani,masthead
2012-07-04,2012-07-04_r10_ORDINARIA,prosecretario,Mario Daniele,masthead
2012-07-04,2012-07-04_r10_ORDINARIA,prosecretario,Santiago Eduardo Révora,masthead
2012-07-04,2012-07-04_r10_ORDINARIA,secretario,Juan Horacio Zabaleta,masthead
2012-07-04,2012-07-04_r10_ORDINARIA,secretario,Juan Héctor Estrada,masthead
2012-07-04,2012-07-04_r10_ORDINARIA,vicepresidente de la nacion,Amado Boudou,masthead
2012-07-11,2012-07-11_r11_ORDINARIA,prosecretario,Luis Borsani,masthead
2012-07-11,2012-07-11_r11_ORDINARIA,prosecretario,Mario Daniele,masthead
2012-07-11,2012-07-11_r11_ORDINARIA,prosecretario,Santiago Eduardo Révora,masthead
2012-07-11,2012-07-11_r11_ORDINARIA,secretario,Juan Horacio Zabaleta,masthead
2012-07-11,2012-07-11_r11_ORDINARIA,secretario,Juan Héctor Estrada,masthead
2012-07-11,2012-07-11_r11_ORDINARIA,vicepresidente de la nacion,Amado Boudou,masthead
2012-08-15,2012-08-15_r12_ORDINARIA,presidenta provisional,Beatriz Rojkés de Alperovich,masthead
2012-08-15,2012-08-15_r12_ORDINARIA,prosecretario,Luis Borsani,masthead
2012-08-15,2012-08-15_r12_ORDINARIA,prosecretario,Mario Daniele,masthead
2012-08-15,2012-08-15_r12_ORDINARIA,prosecretario,Santiago Eduardo Révora,masthead
2012-08-15,2012-08-15_r12_ORDINARIA,secretario,Juan Horacio Zabaleta,masthead
2012-08-15,2012-08-15_r12_ORDINARIA,secretario,Juan Héctor Estrada,masthead
2012-08-15,2012-08-15_r12_ORDINARIA,vicepresidente de la nacion,Amado Boudou,masthead
2012-08-16,2012-08-16_r13_ESPECIAL,presidenta provisional,Beatriz Rojkés de Alperovich,masthead
2012-08-16,2012-08-16_r13_ESPECIAL,prosecretario,Luis Borsani,masthead
2012-08-16,2012-08-16_r13_ESPECIAL,prosecretario,Mario Daniele,masthead
2012-08-16,2012-08-16_r13_ESPECIAL,secretario,Juan Horacio Zabaleta,masthead
2012-08-16,2012-08-16_r13_ESPECIAL,secretario,Juan Héctor Estrada,masthead
2012-08-16,2012-08-16_r13_ESPECIAL,vicepresidente de la nacion,Amado Boudou,masthead
2012-09-05,2012-09-05_r14_ORDINARIA,presidenta provisional,Beatriz Rojkés de Alperovich,masthead
2012-09-05,2012-09-05_r14_ORDINARIA,prosecretario,Luis Borsani,masthead
2012-09-05,2012-09-05_r14_ORDINARIA,prosecretario,Mario Daniele,masthead
2012-09-05,2012-09-05_r14_ORDINARIA,prosecretario,Santiago Eduardo Révora,masthead
2012-09-05,2012-09-05_r14_ORDINARIA,secretario,Juan Horacio Zabaleta,masthead
2012-09-05,2012-09-05_r14_ORDINARIA,secretario,Juan Héctor Estrada,masthead
2012-09-05,2012-09-05_r14_ORDINARIA,vicepresidente,Gerardo Rubén Morales,masthead
2012-09-05,2012-09-05_r14_ORDINARIA,vicepresidente de la nacion,Amado Boudou,masthead
2012-09-12,2012-09-12_r15_ORDINARIA,presidenta provisional,Beatriz Rojkés de Alperovich,masthead
2012-09-12,2012-09-12_r15_ORDINARIA,prosecretario,Luis Borsani,masthead
2012-09-12,2012-09-12_r15_ORDINARIA,prosecretario,Mario Daniele,masthead
2012-09-12,2012-09-12_r15_ORDINARIA,prosecretario,Santiago Eduardo Révora,masthead
2012-09-12,2012-09-12_r15_ORDINARIA,secretario,Juan Horacio Zabaleta,masthead
2012-09-12,2012-09-12_r15_ORDINARIA,secretario,Juan Héctor Estrada,masthead
2012-09-12,2012-09-12_r15_ORDINARIA,vicepresidente,Gerardo Rubén Morales,masthead
2012-09-12,2012-09-12_r15_ORDINARIA,vicepresidente de la nacion,Amado Boudou,masthead
2012-10-03,2012-10-03_r16_ORDINARIA,prosecretario,Luis Borsani,masthead
2012-10-03,2012-10-03_r16_ORDINARIA,prosecretario,Mario Daniele,masthead
2012-10-03,2012-10-03_r16_ORDINARIA,prosecretario,Santiago Eduardo Révora,masthead
2012-10-03,2012-10-03_r16_ORDINARIA,secretario,Juan Horacio Zabaleta,masthead
2012-10-03,2012-10-03_r16_ORDINARIA,secretario,Juan Héctor Estrada,masthead
2012-10-03,2012-10-03_r16_ORDINARIA,vicepresidente de la nacion,Amado Boudou,masthead
2012-10-17,2012-10-17_r17_ORDINARIA,presidenta provisional,Beatriz Rojkés de Alperovich,masthead
2012-10-17,2012-10-17_r17_ORDINARIA,prosecretario,Luis Borsani,masthead
2012-10-17,2012-10-17_r17_ORDINARIA,prosecretario,Mario Daniele,masthead
2012-10-17,2012-10-17_r17_ORDINARIA,prosecretario,Santiago Eduardo Révora,masthead
2012-10-17,2012-10-17_r17_ORDINARIA,secretario,Juan Horacio Zabaleta,masthead
2012-10-17,2012-10-17_r17_ORDINARIA,secretario,Juan Héctor Estrada,masthead
2012-10-17,2012-10-17_r17_ORDINARIA,vicepresidente,Gerardo Rubén Morales,masthead
2012-10-17,2012-10-17_r17_ORDINARIA,vicepresidente de la nacion,Amado Boudou,masthead
2012-10-25,2012-10-25_r18_ESPECIAL,prosecretario,Luis Borsani,masthead
2012-10-25,2012-10-25_r18_ESPECIAL,prosecretario,Mario Daniele,masthead
2012-10-25,2012-10-25_r18_ESPECIAL,prosecretario,Santiago Eduardo Révora,masthead
2012-10-25,2012-10-25_r18_ESPECIAL,secretario,Juan Horacio Zabaleta,masthead
2012-10-25,2012-10-25_r18_ESPECIAL,secretario,Juan Héctor Estrada,masthead
2012-10-25,2012-10-25_r18_ESPECIAL,vicepresidente de la nacion,Amado Boudou,masthead
2012-10-31,2012-10-31_r19_ORDINARIA,prosecretario,Luis Borsani,masthead
2012-10-31,2012-10-31_r19_ORDINARIA,prosecretario,Mario Daniele,masthead
2012-10-31,2012-10-31_r19_ORDINARIA,prosecretario,Santiago Eduardo Révora,masthead
2012-10-31,2012-10-31_r19_ORDINARIA,secretario,Juan Horacio Zabaleta,masthead
2012-10-31,2012-10-31_r19_ORDINARIA,secretario,Juan Héctor Estrada,masthead
2012-10-31,2012-10-31_r19_ORDINARIA,vicepresidente,Gerardo Rubén Morales,masthead
2012-10-31,2012-10-31_r19_ORDINARIA,vicepresidente de la nacion,Amado Boudou,masthead
2012-11-14,2012-11-14_r20_ORDINARIA,prosecretario,Luis Borsani,masthead
2012-11-14,2012-11-14_r20_ORDINARIA,prosecretario,Mario Daniele,masthead
2012-11-14,2012-11-14_r20_ORDINARIA,prosecretario,Santiago Eduardo Révora,masthead
2012-11-14,2012-11-14_r20_ORDINARIA,secretario,Juan Horacio Zabaleta,masthead
2012-11-14,2012-11-14_r20_ORDINARIA,secretario,Juan Héctor Estrada,masthead
2012-11-14,2012-11-14_r20_ORDINARIA,vicepresidente,Gerardo Rubén Morales,masthead
2012-11-27,2012-11-27_r00_ASAMBLEA,secretario,Gervasio Bozzano,masthead
2012-11-27,2012-11-27_r00_ASAMBLEA,secretario,Juan Héctor Estrada,masthead
2012-11-28,2012-11-28_r21_ORDINARIA,prosecretario,Luis Borsani,masthead
2012-11-28,2012-11-28_r21_ORDINARIA,prosecretario,Mario Daniele,masthead
2012-11-28,2012-11-28_r21_ORDINARIA,prosecretario,Santiago Eduardo Révora,masthead
2012-11-28,2012-11-28_r21_ORDINARIA,secretario,Juan Horacio Zabaleta,masthead
2012-11-28,2012-11-28_r21_ORDINARIA,secretario,Juan Héctor Estrada,masthead
2012-11-28,2012-11-28_r21_ORDINARIA,vicepresidente de la nacion,Amado Boudou,masthead
2012-11-29,2012-11-29_r22_ORDINARIA,prosecretario,Luis Borsani,masthead
2012-11-29,2012-11-29_r22_ORDINARIA,prosecretario,Mario Daniele,masthead
2012-11-29,2012-11-29_r22_ORDINARIA,prosecretario,Santiago Eduardo Révora,masthead
2012-11-29,2012-11-29_r22_ORDINARIA,secretario,Juan Horacio Zabaleta,masthead
2012-11-29,2012-11-29_r22_ORDINARIA,secretario,Juan Héctor Estrada,masthead
2012-11-29,2012-11-29_r22_ORDINARIA,vicepresidente de la nacion,Amado Boudou,masthead
2012-12-19,2012-12-19_r23_EXTRAORDINARIA,prosecretario,Luis Borsani,masthead
2012-12-19,2012-12-19_r23_EXTRAORDINARIA,prosecretario,Mario Daniele,masthead
2012-12-19,2012-12-19_r23_EXTRAORDINARIA,prosecretario,Santiago Eduardo Révora,masthead
2012-12-19,2012-12-19_r23_EXTRAORDINARIA,secretario,Juan Horacio Zabaleta,masthead
2012-12-19,2012-12-19_r23_EXTRAORDINARIA,secretario,Juan Héctor Estrada,masthead
2012-12-19,2012-12-19_r23_EXTRAORDINARIA,vicepresidente de la nacion,Amado Boudou,masthead
2013-02-21,2013-02-21_r24_EXTRAORDINARIA,prosecretario,Luis Borsani,masthead
2013-02-21,2013-02-21_r24_EXTRAORDINARIA,prosecretario,Mario Daniele,masthead
2013-02-21,2013-02-21_r24_EXTRAORDINARIA,prosecretario,Santiago Eduardo Révora,masthead
2013-02-21,2013-02-21_r24_EXTRAORDINARIA,secretario,Juan Horacio Zabaleta,masthead
2013-02-21,2013-02-21_r24_EXTRAORDINARIA,secretario,Juan Héctor Estrada,masthead
2013-02-21,2013-02-21_r24_EXTRAORDINARIA,vicepresidente de la nacion,Amado Boudou,masthead
2013-02-28,2013-02-28_r01_PREPARATORIA,prosecretario,Luis Borsani,masthead
2013-02-28,2013-02-28_r01_PREPARATORIA,prosecretario,Mario Daniele,masthead
2013-02-28,2013-02-28_r01_PREPARATORIA,prosecretario,Santiago Eduardo Révora,masthead
2013-02-28,2013-02-28_r01_PREPARATORIA,secretario,Juan Horacio Zabaleta,masthead
2013-02-28,2013-02-28_r01_PREPARATORIA,secretario,Juan Héctor Estrada,masthead
2013-02-28,2013-02-28_r01_PREPARATORIA,vicepresidente de la nacion,Amado Boudou,masthead
2013-03-01,2013-03-01_r00_ASAMBLEA,presidente de la honorable camara de diputados,Julián Andrés Domínguez,masthead
2013-03-01,2013-03-01_r00_ASAMBLEA,secretario,Gervasio Bozzano,masthead
2013-03-01,2013-03-01_r00_ASAMBLEA,secretario,Juan Héctor Estrada,masthead
2013-03-13,2013-03-13_r02_ESPECIAL,prosecretario,Luis Borsani,masthead
2013-03-13,2013-03-13_r02_ESPECIAL,prosecretario,Mario Daniele,masthead
2013-03-13,2013-03-13_r02_ESPECIAL,prosecretario,Santiago Eduardo Révora,masthead
2013-03-13,2013-03-13_r02_ESPECIAL,secretario,Juan Horacio Zabaleta,masthead
2013-03-13,2013-03-13_r02_ESPECIAL,secretario,Juan Héctor Estrada,masthead
2013-03-13,2013-03-13_r02_ESPECIAL,vicepresidente de la nacion,Amado Boudou,masthead
2013-03-20,2013-03-20_r03_ORDINARIA,presidenta provisional,Beatriz Rojkés de Alperovich,masthead
2013-03-20,2013-03-20_r03_ORDINARIA,prosecretario,Luis Borsani,masthead
2013-03-20,2013-03-20_r03_ORDINARIA,prosecretario,Mario Daniele,masthead
2013-03-20,2013-03-20_r03_ORDINARIA,prosecretario,Santiago Eduardo Révora,masthead
2013-03-20,2013-03-20_r03_ORDINARIA,secretario,Juan Horacio Zabaleta,masthead
2013-03-20,2013-03-20_r03_ORDINARIA,secretario,Juan Héctor Estrada,masthead
2013-03-20,2013-03-20_r03_ORDINARIA,vicepresidente de la nacion,Amado Boudou,masthead
2013-04-17,2013-04-17_r04_ESPECIAL,presidenta provisional,Beatriz Rojkés de Alperovich,masthead
2013-04-17,2013-04-17_r04_ESPECIAL,prosecretario,Luis Borsani,masthead
2013-04-17,2013-04-17_r04_ESPECIAL,prosecretario,Mario Daniele,masthead
2013-04-17,2013-04-17_r04_ESPECIAL,prosecretario,Santiago Eduardo Révora,masthead
2013-04-17,2013-04-17_r04_ESPECIAL,secretario,Juan Horacio Zabaleta,masthead
2013-04-17,2013-04-17_r04_ESPECIAL,secretario,Juan Héctor Estrada,masthead
2013-04-17,2013-04-17_r04_ESPECIAL,vicepresidente,Juan Carlos Marino,masthead
2013-04-17,2013-04-17_r04_ESPECIAL,vicepresidente de la nacion,Amado Boudou,masthead
2013-04-18,2013-04-18_r05_ESPECIAL,presidenta provisional,Beatriz Rojkés de Alperovich,masthead
2013-04-18,2013-04-18_r05_ESPECIAL,prosecretario,Luis Borsani,masthead
2013-04-18,2013-04-18_r05_ESPECIAL,prosecretario,Mario Daniele,masthead
2013-04-18,2013-04-18_r05_ESPECIAL,prosecretario,Santiago Eduardo Révora,masthead
2013-04-18,2013-04-18_r05_ESPECIAL,secretario,Juan Horacio Zabaleta,masthead
2013-04-18,2013-04-18_r05_ESPECIAL,secretario,Juan Héctor Estrada,masthead
2013-04-18,2013-04-18_r05_ESPECIAL,vicepresidente de la nacion,Amado Boudou,masthead
2013-04-24,2013-04-24_r06_ORDINARIA,presidenta provisional,Beatriz Rojkés de Alperovich,masthead
2013-04-24,2013-04-24_r06_ORDINARIA,prosecretario,Luis Borsani,masthead
2013-04-24,2013-04-24_r06_ORDINARIA,prosecretario,Mario Daniele,masthead
2013-04-24,2013-04-24_r06_ORDINARIA,prosecretario,Santiago Eduardo Révora,masthead
2013-04-24,2013-04-24_r06_ORDINARIA,secretario,Juan Horacio Zabaleta,masthead
2013-04-24,2013-04-24_r06_ORDINARIA,secretario,Juan Héctor Estrada,masthead
2013-04-24,2013-04-24_r06_ORDINARIA,vicepresidente de la nacion,Amado Boudou,masthead
2013-05-08,2013-05-08_r07_ESPECIAL,presidenta provisional,Beatriz Rojkés de Alperovich,masthead
2013-05-08,2013-05-08_r07_ESPECIAL,prosecretario,Luis Borsani,masthead
2013-05-08,2013-05-08_r07_ESPECIAL,prosecretario,Mario Daniele,masthead
2013-05-08,2013-05-08_r07_ESPECIAL,prosecretario,Santiago Eduardo Révora,masthead
2013-05-08,2013-05-08_r07_ESPECIAL,secretario,Juan Horacio Zabaleta,masthead
2013-05-08,2013-05-08_r07_ESPECIAL,secretario,Juan Héctor Estrada,masthead
2013-05-08,2013-05-08_r07_ESPECIAL,vicepresidente de la nacion,Amado Boudou,masthead
2013-05-22,2013-05-22_r08_ORDINARIA,presidenta provisional,Beatriz L. Rojkés de Alperovich,masthead
2013-05-22,2013-05-22_r08_ORDINARIA,prosecretario,Luis Borsani,masthead
2013-05-22,2013-05-22_r08_ORDINARIA,prosecretario,Mario Daniele,masthead
2013-05-22,2013-05-22_r08_ORDINARIA,prosecretario,Santiago Eduardo Révora,masthead
2013-05-22,2013-05-22_r08_ORDINARIA,secretario,Juan Horacio Zabaleta,masthead
2013-05-22,2013-05-22_r08_ORDINARIA,secretario,Juan Héctor Estrada,masthead
2013-05-22,2013-05-22_r08_ORDINARIA,vicepresidente de la nacion,Amado Boudou,masthead
2013-06-05,2013-06-05_r10_INFORMATIVA_ESPECIAL,presidenta provisional,Beatriz Rojkés de Alperovich,masthead
2013-06-05,2013-06-05_r09_ORDINARIA,prosecretario,Luis Borsani,masthead
2013-06-05,2013-06-05_r10_INFORMATIVA_ESPECIAL,prosecretario,Luis Borsani,masthead
2013-06-05,2013-06-05_r09_ORDINARIA,prosecretario,Mario Daniele,masthead
2013-06-05,2013-06-05_r10_INFORMATIVA_ESPECIAL,prosecretario,Mario Daniele,masthead
2013-06-05,2013-06-05_r09_ORDINARIA,prosecretario,Santiago Eduardo Révora,masthead
2013-06-05,2013-06-05_r10_INFORMATIVA_ESPECIAL,prosecretario,Santiago Eduardo Révora,masthead
2013-06-05,2013-06-05_r09_ORDINARIA,secretario,Juan Horacio Zabaleta,masthead
2013-06-05,2013-06-05_r10_INFORMATIVA_ESPECIAL,secretario,Juan Horacio Zabaleta,masthead
2013-06-05,2013-06-05_r09_ORDINARIA,secretario,Juan Héctor Estrada,masthead
2013-06-05,2013-06-05_r10_INFORMATIVA_ESPECIAL,secretario,Juan Héctor Estrada,masthead
2013-06-05,2013-06-05_r09_ORDINARIA,vicepresidente de la nacion,Amado Boudou,masthead
2013-06-05,2013-06-05_r10_INFORMATIVA_ESPECIAL,vicepresidente de la nacion,Amado Boudou,masthead
2013-06-26,2013-06-26_r11_ORDINARIA,prosecretario,Luis Borsani,masthead
2013-06-26,2013-06-26_r11_ORDINARIA,prosecretario,Mario Daniele,masthead
2013-06-26,2013-06-26_r11_ORDINARIA,prosecretario,Santiago Eduardo Révora,masthead
2013-06-26,2013-06-26_r11_ORDINARIA,secretario,Juan Horacio Zabaleta,masthead
2013-06-26,2013-06-26_r11_ORDINARIA,secretario,Juan Héctor Estrada,masthead
2013-06-26,2013-06-26_r11_ORDINARIA,vicepresidente de la nacion,Amado Boudou,masthead
2013-07-03,2013-07-03_r12_ORDINARIA,presidenta provisional,Beatriz Rojkés de Alperovich,masthead
2013-07-03,2013-07-03_r12_ORDINARIA,prosecretario,Luis Borsani,masthead
2013-07-03,2013-07-03_r12_ORDINARIA,prosecretario,Mario Daniele,masthead
2013-07-03,2013-07-03_r12_ORDINARIA,prosecretario,Santiago Eduardo Révora,masthead
2013-07-03,2013-07-03_r12_ORDINARIA,secretario,Juan Horacio Zabaleta,masthead
2013-07-03,2013-07-03_r12_ORDINARIA,secretario,Juan Héctor Estrada,masthead
2013-07-03,2013-07-03_r12_ORDINARIA,vicepresidente de la nacion,Amado Boudou,masthead
2013-07-31,2013-07-31_r13_ESPECIAL,prosecretario,Luis Borsani,masthead
2013-07-31,2013-07-31_r13_ESPECIAL,prosecretario,Mario Daniele,masthead
2013-07-31,2013-07-31_r13_ESPECIAL,prosecretario,Santiago Eduardo Révora,masthead
2013-07-31,2013-07-31_r13_ESPECIAL,secretario,Juan Horacio Zabaleta,masthead
2013-07-31,2013-07-31_r13_ESPECIAL,secretario,Juan Héctor Estrada,masthead
2013-07-31,2013-07-31_r13_ESPECIAL,vicepresidente de la nacion,Amado Boudou,masthead
2013-09-04,2013-09-04_r14_ORDINARIA,presidenta provisional,Beatriz Rojkés de Alperovich,masthead
2013-09-04,2013-09-04_r14_ORDINARIA,prosecretario,Luis Borsani,masthead
2013-09-04,2013-09-04_r14_ORDINARIA,prosecretario,Mario Daniele,masthead
2013-09-04,2013-09-04_r14_ORDINARIA,prosecretario,Santiago Eduardo Révora,masthead
2013-09-04,2013-09-04_r14_ORDINARIA,secretario,Juan Horacio Zabaleta,masthead
2013-09-04,2013-09-04_r14_ORDINARIA,secretario,Juan Héctor Estrada,masthead
2013-09-04,2013-09-04_r14_ORDINARIA,vicepresidente,Juan Carlos Marino,masthead
2013-09-12,2013-09-12_r15_ORDINARIA,presidenta provisional,Beatriz Rojkés de Alperovich,masthead
2013-09-12,2013-09-12_r15_ORDINARIA,prosecretario,Luis Borsani,masthead
2013-09-12,2013-09-12_r15_ORDINARIA,prosecretario,Mario Daniele,masthead
2013-09-12,2013-09-12_r15_ORDINARIA,prosecretario,Santiago Eduardo Révora,masthead
2013-09-12,2013-09-12_r15_ORDINARIA,secretario,Juan Horacio Zabaleta,masthead
2013-09-12,2013-09-12_r15_ORDINARIA,secretario,Juan Héctor Estrada,masthead
2013-09-12,2013-09-12_r15_ORDINARIA,vicepresidente de la nacion,Amado Boudou,masthead
2013-10-09,2013-10-09_r16_ESPECIAL,presidenta provisional,Beatriz Rojkés de Alperovich,masthead
2013-10-09,2013-10-09_r16_ESPECIAL,prosecretario,Luis Borsani,masthead
2013-10-09,2013-10-09_r16_ESPECIAL,prosecretario,Mario Daniele,masthead
2013-10-09,2013-10-09_r16_ESPECIAL,prosecretario,Santiago Eduardo Révora,masthead
2013-10-09,2013-10-09_r16_ESPECIAL,secretario,Juan Horacio Zabaleta,masthead
2013-10-09,2013-10-09_r16_ESPECIAL,secretario,Juan Héctor Estrada,masthead
2013-10-09,2013-10-09_r16_ESPECIAL,vicepresidente,Juan Carlos Marino,masthead
2013-11-13,2013-11-13_r17_ORDINARIA,presidenta provisional,Beatriz Rojkés de Alperovich,masthead
2013-11-13,2013-11-13_r17_ORDINARIA,prosecretario,Luis Borsani,masthead
2013-11-13,2013-11-13_r17_ORDINARIA,prosecretario,Mario Daniele,masthead
2013-11-13,2013-11-13_r17_ORDINARIA,prosecretario,Santiago Eduardo Révora,masthead
2013-11-13,2013-11-13_r17_ORDINARIA,secretario,Juan Horacio Zabaleta,masthead
2013-11-13,2013-11-13_r17_ORDINARIA,secretario,Juan Héctor Estrada,masthead
2013-11-13,2013-11-13_r17_ORDINARIA,vicepresidente,Juan Carlos Marino,masthead
2013-11-27,2013-11-27_r19_ESPECIAL,presidenta provisional,Beatriz Rojkés de Alperovich,masthead
2013-11-27,2013-11-27_r18_ESPECIAL,prosecretario,Luis Borsani,masthead
2013-11-27,2013-11-27_r19_ESPECIAL,prosecretario,Luis Borsani,masthead
2013-11-27,2013-11-27_r18_ESPECIAL,prosecretario,Mario Daniele,masthead
2013-11-27,2013-11-27_r19_ESPECIAL,prosecretario,Mario Daniele,masthead
2013-11-27,2013-11-27_r18_ESPECIAL,prosecretario,Santiago Eduardo Révora,masthead
2013-11-27,2013-11-27_r19_ESPECIAL,prosecretario,Santiago Eduardo Révora,masthead
2013-11-27,2013-11-27_r18_ESPECIAL,secretario,Juan Horacio Zabaleta,masthead
2013-11-27,2013-11-27_r19_ESPECIAL,secretario,Juan Horacio Zabaleta,masthead
2013-11-27,2013-11-27_r18_ESPECIAL,secretario,Juan Héctor Estrada,masthead
2013-11-27,2013-11-27_r19_ESPECIAL,secretario,Juan Héctor Estrada,masthead
2013-11-27,2013-11-27_r18_ESPECIAL,vicepresidente de la nacion,Amado Boudou,masthead
2013-11-27,2013-11-27_r19_ESPECIAL,vicepresidente de la nacion,Amado Boudou,masthead
2013-12-04,2013-12-04_r20_ORDINARIA,presidenta provisional,Beatriz Rojkés de Alperovich,masthead
2013-12-04,2013-12-04_r20_ORDINARIA,prosecretario,Luis Borsani,masthead
2013-12-04,2013-12-04_r20_ORDINARIA,prosecretario,Mario Daniele,masthead
2013-12-04,2013-12-04_r20_ORDINARIA,prosecretario,Santiago Eduardo Révora,masthead
2013-12-04,2013-12-04_r20_ORDINARIA,secretario,Juan Horacio Zabaleta,masthead
2013-12-04,2013-12-04_r20_ORDINARIA,secretario,Juan Héctor Estrada,masthead
2013-12-04,2013-12-04_r20_ORDINARIA,vicepresidente de la nacion,Amado Boudou,masthead
2013-12-18,2013-12-18_r21_EXTRAORDINARIA,presidenta provisional,Beatriz Rojkés de Alperovich,masthead
2013-12-18,2013-12-18_r21_EXTRAORDINARIA,prosecretario,Luis Borsani,masthead
2013-12-18,2013-12-18_r21_EXTRAORDINARIA,prosecretario,Mario Daniele,masthead
2013-12-18,2013-12-18_r21_EXTRAORDINARIA,prosecretario,Santiago Eduardo Révora,masthead
2013-12-18,2013-12-18_r21_EXTRAORDINARIA,secretario,Juan Horacio Zabaleta,masthead
2013-12-18,2013-12-18_r21_EXTRAORDINARIA,secretario,Juan Héctor Estrada,masthead
2013-12-18,2013-12-18_r21_EXTRAORDINARIA,vicepresidente de la nacion,Amado Boudou,masthead
2014-02-28,2014-02-28_r01_PREPARATORIA,prosecretario,Luis Borsani,masthead
2014-02-28,2014-02-28_r01_PREPARATORIA,prosecretario,Mario Daniele,masthead
2014-02-28,2014-02-28_r01_PREPARATORIA,prosecretario,Santiago Eduardo Révora,masthead
2014-02-28,2014-02-28_r01_PREPARATORIA,secretario,Juan Horacio Zabaleta,masthead
2014-02-28,2014-02-28_r01_PREPARATORIA,secretario,Juan Héctor Estrada,masthead
2014-02-28,2014-02-28_r01_PREPARATORIA,vicepresidente de la nacion,Amado Boudou,masthead
2014-03-01,2014-03-01_r00_ASAMBLEA,presidente de la honorable camara de diputados,Julián Andrés Domínguez,masthead
2014-03-01,2014-03-01_r00_ASAMBLEA,secretario,Juan Héctor Estrada,masthead
2014-03-01,2014-03-01_r00_ASAMBLEA,secretario,Lucas Chedrese,masthead
2014-03-12,2014-03-12_r03_INFORMATIVA_ESPECIAL,presidente provisional,Gerardo Zamora,masthead
2014-03-12,2014-03-12_r02_ORDINARIA,prosecretario,D.José Lepere,masthead
2014-03-12,2014-03-12_r03_INFORMATIVA_ESPECIAL,prosecretario,José Lepere,masthead
2014-03-12,2014-03-12_r02_ORDINARIA,prosecretario,Luis Borsani,masthead
2014-03-12,2014-03-12_r03_INFORMATIVA_ESPECIAL,prosecretario,Luis Borsani,masthead
2014-03-12,2014-03-12_r02_ORDINARIA,prosecretario,Mario Daniele,masthead
2014-03-12,2014-03-12_r03_INFORMATIVA_ESPECIAL,prosecretario,Mario Daniele,masthead
2014-03-12,2014-03-12_r02_ORDINARIA,secretario,Juan Horacio Zabaleta,masthead
2014-03-12,2014-03-12_r03_INFORMATIVA_ESPECIAL,secretario,Juan Horacio Zabaleta,masthead
2014-03-12,2014-03-12_r03_INFORMATIVA_ESPECIAL,secretario,Juan Héctor Estrada,masthead
2014-03-12,2014-03-12_r02_ORDINARIA,secretario,JuanHéctorEstrada,masthead
2014-03-12,2014-03-12_r03_INFORMATIVA_ESPECIAL,vicepresidente,Juan Carlos Marino,masthead
2014-03-12,2014-03-12_r02_ORDINARIA,vicepresidente de la nacion,Amado Boudou,masthead
2014-03-12,2014-03-12_r03_INFORMATIVA_ESPECIAL,vicepresidente de la nacion,Amado Boudou,masthead
2014-03-26,2014-03-26_r04_ESPECIAL,presidente provisional,Gerardo Zamora,masthead
2014-03-26,2014-03-26_r04_ESPECIAL,prosecretario,José Lepere,masthead
2014-03-26,2014-03-26_r04_ESPECIAL,prosecretario,Luis Borsani,masthead
2014-03-26,2014-03-26_r04_ESPECIAL,prosecretario,Mario Daniele,masthead
2014-03-26,2014-03-26_r04_ESPECIAL,secretario,Juan Horacio Zabaleta,masthead
2014-03-26,2014-03-26_r04_ESPECIAL,secretario,Juan Héctor Estrada,masthead
2014-03-26,2014-03-26_r04_ESPECIAL,vicepresidente,Juan Carlos Marino,masthead
2014-03-26,2014-03-26_r04_ESPECIAL,vicepresidente de la nacion,Amado Boudou,masthead
2014-04-09,2014-04-09_r05_ORDINARIA,prosecretario,José Lepere,masthead
2014-04-09,2014-04-09_r05_ORDINARIA,prosecretario,Luis Borsani,masthead
2014-04-09,2014-04-09_r05_ORDINARIA,prosecretario,Mario Daniele,masthead
2014-04-09,2014-04-09_r05_ORDINARIA,secretario,Juan Horacio Zabaleta,masthead
2014-04-09,2014-04-09_r05_ORDINARIA,secretario,Juan Héctor Estrada,masthead
2014-04-09,2014-04-09_r05_ORDINARIA,vicepresidente,Juan Carlos Marino,masthead
2014-04-09,2014-04-09_r05_ORDINARIA,vicepresidente de la nacion,Amado Boudou,masthead
2014-04-30,2014-04-30_r06_ORDINARIA,prosecretario,José Lepere,masthead
2014-04-30,2014-04-30_r06_ORDINARIA,prosecretario,Luis Borsani,masthead
2014-04-30,2014-04-30_r06_ORDINARIA,prosecretario,Mario Daniele,masthead
2014-04-30,2014-04-30_r06_ORDINARIA,secretario,Juan Horacio Zabaleta,masthead
2014-04-30,2014-04-30_r06_ORDINARIA,secretario,Juan Héctor Estrada,masthead
2014-04-30,2014-04-30_r06_ORDINARIA,vicepresidente de la nacion,Amado Boudou,masthead
2014-05-07,2014-05-07_r07_INFORMATIVA_ESPECIAL,presidente provisional,Gerardo Zamora,masthead
2014-05-07,2014-05-07_r07_INFORMATIVA_ESPECIAL,prosecretario,José Lepere,masthead
2014-05-07,2014-05-07_r07_INFORMATIVA_ESPECIAL,prosecretario,Luis Borsani,masthead
2014-05-07,2014-05-07_r07_INFORMATIVA_ESPECIAL,prosecretario,Mario Daniele,masthead
2014-05-07,2014-05-07_r07_INFORMATIVA_ESPECIAL,secretario,Juan Horacio Zabaleta,masthead
2014-05-07,2014-05-07_r07_INFORMATIVA_ESPECIAL,secretario,Juan Héctor Estrada,masthead
2014-05-07,2014-05-07_r07_INFORMATIVA_ESPECIAL,vicepresidente,Juan Carlos Marino,masthead
2014-05-07,2014-05-07_r07_INFORMATIVA_ESPECIAL,vicepresidente 2º,Juan Carlos Romero,masthead
2014-05-12,2014-05-12_r00_REUNION_CONJ_AMBAS_CAMARAS,presidente provisional,Gerardo Zamora,masthead
2014-05-12,2014-05-12_r00_REUNION_CONJ_AMBAS_CAMARAS,prosecretario,José Lepere,masthead
2014-05-12,2014-05-12_r00_REUNION_CONJ_AMBAS_CAMARAS,prosecretario,Luis Borsani,masthead
2014-05-12,2014-05-12_r00_REUNION_CONJ_AMBAS_CAMARAS,prosecretario,Mario Daniele,masthead
2014-05-12,2014-05-12_r00_REUNION_CONJ_AMBAS_CAMARAS,secretario,Juan Horacio Zabaleta,masthead
2014-05-12,2014-05-12_r00_REUNION_CONJ_AMBAS_CAMARAS,secretario,Juan Héctor Estrada,masthead
2014-05-21,2014-05-21_r08_ORDINARIA,prosecretario,José Lepere,masthead
2014-05-21,2014-05-21_r08_ORDINARIA,prosecretario,Luis Borsani,masthead
2014-05-21,2014-05-21_r08_ORDINARIA,prosecretario,Mario Daniele,masthead
2014-05-21,2014-05-21_r08_ORDINARIA,secretario,Juan Horacio Zabaleta,masthead
2014-05-21,2014-05-21_r08_ORDINARIA,secretario,Juan Héctor Estrada,masthead
2014-05-21,2014-05-21_r08_ORDINARIA,vicepresidente,Juan Carlos Marino,masthead
2014-05-21,2014-05-21_r08_ORDINARIA,vicepresidente de la nacion,Amado Boudou,masthead
2014-05-28,2014-05-28_r09_ORDINARIA,presidente provisional,Gerardo Zamora,masthead
2014-05-28,2014-05-28_r09_ORDINARIA,prosecretario,José Lepere,masthead
2014-05-28,2014-05-28_r09_ORDINARIA,prosecretario,Luis Borsani,masthead
2014-05-28,2014-05-28_r09_ORDINARIA,prosecretario,Mario Daniele,masthead
2014-05-28,2014-05-28_r09_ORDINARIA,secretario,Juan Horacio Zabaleta,masthead
2014-05-28,2014-05-28_r09_ORDINARIA,secretario,Juan Héctor Estrada,masthead
2014-05-28,2014-05-28_r09_ORDINARIA,vicepresidente,Juan Carlos Marino,masthead
2014-05-28,2014-05-28_r09_ORDINARIA,vicepresidente de la nacion,Amado Boudou,masthead
2014-07-02,2014-07-02_r10_ORDINARIA,presidente provisional,Gerardo Zamora,masthead
2014-07-02,2014-07-02_r10_ORDINARIA,prosecretario,José Lepere,masthead
2014-07-02,2014-07-02_r10_ORDINARIA,prosecretario,Luis Borsani,masthead
2014-07-02,2014-07-02_r10_ORDINARIA,prosecretario,Mario Daniele,masthead
2014-07-02,2014-07-02_r10_ORDINARIA,secretario,Juan Horacio Zabaleta,masthead
2014-07-02,2014-07-02_r10_ORDINARIA,secretario,Juan Héctor Estrada,masthead
2014-07-02,2014-07-02_r10_ORDINARIA,vicepresidente,Juan Carlos Marino,masthead
2014-07-10,2014-07-10_r11_ESPECIAL,prosecretario,José Lepere,masthead
2014-07-10,2014-07-10_r11_ESPECIAL,prosecretario,Luis Borsani,masthead
2014-07-10,2014-07-10_r11_ESPECIAL,prosecretario,Mario Daniele,masthead
2014-07-10,2014-07-10_r11_ESPECIAL,secretario,Juan Horacio Zabaleta,masthead
2014-07-10,2014-07-10_r11_ESPECIAL,secretario,Juan Héctor Estrada,masthead
2014-08-06,2014-08-06_r12_INFORMATIVA_ESPECIAL,prosecretario,José Lepere,masthead
2014-08-06,2014-08-06_r12_INFORMATIVA_ESPECIAL,prosecretario,Luis Borsani,masthead
2014-08-06,2014-08-06_r12_INFORMATIVA_ESPECIAL,prosecretario,Mario Daniele,masthead
2014-08-06,2014-08-06_r12_INFORMATIVA_ESPECIAL,secretario,Juan Horacio Zabaleta,masthead
2014-08-06,2014-08-06_r12_INFORMATIVA_ESPECIAL,secretario,Juan Héctor Estrada,masthead
2014-08-06,2014-08-06_r12_INFORMATIVA_ESPECIAL,vicepresidente de la nacion,Amado Boudou,masthead
2014-09-03,2014-09-03_r13_ESPECIAL,presidente provisional,Gerardo Zamora,masthead
2014-09-03,2014-09-03_r13_ESPECIAL,prosecretario,José Lepere,masthead
2014-09-03,2014-09-03_r13_ESPECIAL,prosecretario,Luis Borsani,masthead
2014-09-03,2014-09-03_r13_ESPECIAL,prosecretario,Mario Daniele,masthead
2014-09-03,2014-09-03_r13_ESPECIAL,secretario,Juan Horacio Zabaleta,masthead
2014-09-03,2014-09-03_r13_ESPECIAL,secretario,Juan Héctor Estrada,masthead
2014-09-03,2014-09-03_r13_ESPECIAL,vicepresidente de la nacion,Amado Boudou,masthead
2014-09-17,2014-09-17_r14_ORDINARIA,presidente provisional,Gerardo Zamora,masthead
2014-09-17,2014-09-17_r14_ORDINARIA,prosecretario,José Lepere,masthead
2014-09-17,2014-09-17_r14_ORDINARIA,prosecretario,Luis Borsani,masthead
2014-09-17,2014-09-17_r14_ORDINARIA,prosecretario,Mario Daniele,masthead
2014-09-17,2014-09-17_r14_ORDINARIA,secretario,Juan Horacio Zabaleta,masthead
2014-09-17,2014-09-17_r14_ORDINARIA,secretario,Juan Héctor Estrada,masthead
2014-09-17,2014-09-17_r14_ORDINARIA,vicepresidente de la nacion,Amado Boudou,masthead
2014-10-08,2014-10-08_r15_ESPECIAL,prosecretario,José Lepere,masthead
2014-10-08,2014-10-08_r15_ESPECIAL,prosecretario,Luis Borsani,masthead
2014-10-08,2014-10-08_r15_ESPECIAL,prosecretario,Mario Daniele,masthead
2014-10-08,2014-10-08_r15_ESPECIAL,secretario,Juan Horacio Zabaleta,masthead
2014-10-08,2014-10-08_r15_ESPECIAL,secretario,Juan Héctor Estrada,masthead
2014-10-08,2014-10-08_r15_ESPECIAL,vicepresidente de la nacion,Amado Boudou,masthead
2014-10-22,2014-10-22_r16_ORDINARIA,prosecretario,José Lepere,masthead
2014-10-22,2014-10-22_r17_INFORMATIVA_ESPECIAL,prosecretario,José Lepere,masthead
2014-10-22,2014-10-22_r16_ORDINARIA,prosecretario,Luis Borsani,masthead
2014-10-22,2014-10-22_r17_INFORMATIVA_ESPECIAL,prosecretario,Luis Borsani,masthead
2014-10-22,2014-10-22_r16_ORDINARIA,prosecretario,Mario Daniele,masthead
2014-10-22,2014-10-22_r17_INFORMATIVA_ESPECIAL,prosecretario,Mario Daniele,masthead
2014-10-22,2014-10-22_r16_ORDINARIA,secretario,Juan Horacio Zabaleta,masthead
2014-10-22,2014-10-22_r17_INFORMATIVA_ESPECIAL,secretario,Juan Horacio Zabaleta,masthead
2014-10-22,2014-10-22_r16_ORDINARIA,secretario,Juan Héctor Estrada,masthead
2014-10-22,2014-10-22_r17_INFORMATIVA_ESPECIAL,secretario,Juan Héctor Estrada,masthead
2014-10-22,2014-10-22_r16_ORDINARIA,vicepresidente de la nacion,Amado Boudou,masthead
2014-10-22,2014-10-22_r17_INFORMATIVA_ESPECIAL,vicepresidente de la nacion,Amado Boudou,masthead
2014-10-29,2014-10-29_r18_ORDINARIA,presidente provisional,Gerardo Zamora,masthead
2014-10-29,2014-10-29_r18_ORDINARIA,prosecretario,José Lepere,masthead
2014-10-29,2014-10-29_r18_ORDINARIA,prosecretario,Luis Borsani,masthead
2014-10-29,2014-10-29_r18_ORDINARIA,prosecretario,Mario Daniele,masthead
2014-10-29,2014-10-29_r18_ORDINARIA,secretario,Juan Horacio Zabaleta,masthead
2014-10-29,2014-10-29_r18_ORDINARIA,secretario,Juan Héctor Estrada,masthead
2014-10-29,2014-10-29_r18_ORDINARIA,vicepresidente de la nacion,Amado Boudou,masthead
2014-11-19,2014-11-19_r19_ESPECIAL,presidente provisional,Gerardo Zamora,masthead
2014-11-19,2014-11-19_r19_ESPECIAL,prosecretario,José Lepere,masthead
2014-11-19,2014-11-19_r19_ESPECIAL,prosecretario,Luis Borsani,masthead
2014-11-19,2014-11-19_r19_ESPECIAL,prosecretario,Mario Daniele,masthead
2014-11-19,2014-11-19_r19_ESPECIAL,secretario,Juan Horacio Zabaleta,masthead
2014-11-19,2014-11-19_r19_ESPECIAL,secretario,Juan Héctor Estrada,masthead
2014-11-19,2014-11-19_r19_ESPECIAL,vicepresidente de la nacion,Amado Boudou,masthead
2014-12-03,2014-12-03_r20_ORDINARIA,prosecretario,José Lepere,masthead
2014-12-03,2014-12-03_r20_ORDINARIA,prosecretario,Luis Borsani,masthead
2014-12-03,2014-12-03_r20_ORDINARIA,prosecretario,Mario Daniele,masthead
2014-12-03,2014-12-03_r20_ORDINARIA,secretario,Juan Horacio Zabaleta,masthead
2014-12-03,2014-12-03_r20_ORDINARIA,secretario,Juan Héctor Estrada,masthead
2014-12-03,2014-12-03_r20_ORDINARIA,vicepresidente de la nacion,Amado Boudou,masthead
2014-12-10,2014-12-10_r21_ORDINARIA,presidente provisional,Gerardo Zamora,masthead
2014-12-10,2014-12-10_r21_ORDINARIA,prosecretario,José Lepere,masthead
2014-12-10,2014-12-10_r21_ORDINARIA,prosecretario,Luis Borsani,masthead
2014-12-10,2014-12-10_r21_ORDINARIA,prosecretario,Mario Daniele,masthead
2014-12-10,2014-12-10_r21_ORDINARIA,secretario,Juan Horacio Zabaleta,masthead
2014-12-10,2014-12-10_r21_ORDINARIA,secretario,Juan Héctor Estrada,masthead
2014-12-10,2014-12-10_r21_ORDINARIA,vicepresidente,Juan Carlos Marino,masthead
2014-12-17,2014-12-17_r22_ORDINARIA,presidente provisional,Gerardo Zamora,masthead
2014-12-17,2014-12-17_r22_ORDINARIA,prosecretario,José Lepere,masthead
2014-12-17,2014-12-17_r22_ORDINARIA,prosecretario,Luis Borsani,masthead
2014-12-17,2014-12-17_r22_ORDINARIA,prosecretario,Mario Daniele,masthead
2014-12-17,2014-12-17_r22_ORDINARIA,secretario,Juan Horacio Zabaleta,masthead
2014-12-17,2014-12-17_r22_ORDINARIA,secretario,Juan Héctor Estrada,masthead
2014-12-17,2014-12-17_r22_ORDINARIA,vicepresidente de la nacion,Amado Boudou,masthead
2014-12-29,2014-12-29_r23_ESPECIAL,prosecretario,José Lepere,masthead
2014-12-29,2014-12-29_r23_ESPECIAL,prosecretario,Luis Borsani,masthead
2014-12-29,2014-12-29_r23_ESPECIAL,prosecretario,Mario Daniele,masthead
2014-12-29,2014-12-29_r23_ESPECIAL,secretario,Juan Horacio Zabaleta,masthead
2014-12-29,2014-12-29_r23_ESPECIAL,secretario,Juan Héctor Estrada,masthead
2014-12-29,2014-12-29_r23_ESPECIAL,vicepresidente de la nacion,Amado Boudou,masthead
2015-02-12,2015-02-12_r24_ESPECIAL,prosecretario,José Lepere,masthead
2015-02-12,2015-02-12_r24_ESPECIAL,prosecretario,Luis Borsani,masthead
2015-02-12,2015-02-12_r24_ESPECIAL,prosecretario,Mario Daniele,masthead
2015-02-12,2015-02-12_r24_ESPECIAL,secretario,Juan Horacio Zabaleta,masthead
2015-02-12,2015-02-12_r24_ESPECIAL,secretario,Juan Héctor Estrada,masthead
2015-02-12,2015-02-12_r24_ESPECIAL,vicepresidente de la nacion,Amado Boudou,masthead
2015-02-27,2015-02-27_r01_PREPARATORIA,prosecretario,José Lepere,masthead
2015-02-27,2015-02-27_r01_PREPARATORIA,prosecretario,Luis Borsani,masthead
2015-02-27,2015-02-27_r01_PREPARATORIA,prosecretario,Mario Daniele,masthead
2015-02-27,2015-02-27_r01_PREPARATORIA,secretario,Juan Horacio Zabaleta,masthead
2015-02-27,2015-02-27_r01_PREPARATORIA,secretario,Juan Héctor Estrada,masthead
2015-02-27,2015-02-27_r01_PREPARATORIA,vicepresidente de la nacion,Amado Boudou,masthead
2015-03-01,2015-03-01_r00_ASAMBLEA,presidente de la honorable camara de diputados,Julián Andrés Domínguez,masthead
2015-03-01,2015-03-01_r00_ASAMBLEA,secretario,Juan Héctor Estrada,masthead
2015-03-01,2015-03-01_r00_ASAMBLEA,secretario,Lucas Chedrese,masthead
2015-03-11,2015-03-11_r02_ORDINARIA,prosecretario,Luis Borsani,masthead
2015-03-11,2015-03-11_r02_ORDINARIA,prosecretario,Mario Daniele,masthead
2015-03-11,2015-03-11_r02_ORDINARIA,secretario,Juan Horacio Zabaleta,masthead
2015-03-11,2015-03-11_r02_ORDINARIA,secretario,Juan Héctor Estrada,masthead
2015-03-11,2015-03-11_r02_ORDINARIA,vicepresidente de la nacion,Amado Boudou,masthead
2015-04-15,2015-04-15_r03_ORDINARIA,prosecretario,Luis Borsani,masthead
2015-04-15,2015-04-15_r03_ORDINARIA,prosecretario,Mario Daniele,masthead
2015-04-15,2015-04-15_r03_ORDINARIA,secretario,Juan Horacio Zabaleta,masthead
2015-04-15,2015-04-15_r03_ORDINARIA,secretario,Juan Héctor Estrada,masthead
2015-04-15,2015-04-15_r03_ORDINARIA,vicepresidente de la nacion,Amado Boudou,masthead
2015-05-27,2015-05-27_r04_ORDINARIA,prosecretario,Luis Borsani,masthead
2015-05-27,2015-05-27_r04_ORDINARIA,prosecretario,Mario Daniele,masthead
2015-05-27,2015-05-27_r04_ORDINARIA,prosecretario,Raúl Oscar Sánchez,masthead
2015-05-27,2015-05-27_r04_ORDINARIA,secretario,Juan Horacio Zabaleta,masthead
2015-05-27,2015-05-27_r04_ORDINARIA,secretario,Juan Héctor Estrada,masthead
2015-05-27,2015-05-27_r04_ORDINARIA,vicepresidente,Juan Carlos Marino,masthead
2015-05-27,2015-05-27_r04_ORDINARIA,vicepresidente de la nacion,Amado Boudou,masthead
2015-07-01,2015-07-01_r05_ORDINARIA,presidente provisional,Gerardo Zamora,masthead
2015-07-01,2015-07-01_r05_ORDINARIA,prosecretario,Luis Borsani,masthead
2015-07-01,2015-07-01_r05_ORDINARIA,prosecretario,Mario Daniele,masthead
2015-07-01,2015-07-01_r05_ORDINARIA,prosecretario,Raúl Oscar Sánchez,masthead
2015-07-01,2015-07-01_r05_ORDINARIA,secretario,Juan Horacio Zabaleta,masthead
2015-07-01,2015-07-01_r05_ORDINARIA,secretario,Juan Héctor Estrada,masthead
2015-07-01,2015-07-01_r05_ORDINARIA,vicepresidente de la nacion,Amado Boudou,masthead
2015-07-16,2015-07-16_r00_REUNION_CONJ_AMBAS_CAMARAS,prosecretario,Luis Borsani,masthead
2015-07-16,2015-07-16_r00_REUNION_CONJ_AMBAS_CAMARAS,prosecretario,Mario Daniele,masthead
2015-07-16,2015-07-16_r00_REUNION_CONJ_AMBAS_CAMARAS,prosecretario,Raúl Oscar Sánchez,masthead
2015-07-16,2015-07-16_r00_REUNION_CONJ_AMBAS_CAMARAS,secretario,Juan Horacio Zabaleta,masthead
2015-07-16,2015-07-16_r00_REUNION_CONJ_AMBAS_CAMARAS,secretario,Juan Héctor Estrada,masthead
2015-07-16,2015-07-16_r00_REUNION_CONJ_AMBAS_CAMARAS,vicepresidente de la nacion,Amado Boudou,masthead
2015-07-29,2015-07-29_r06_ORDINARIA,prosecretario,Luis Borsani,masthead
2015-07-29,2015-07-29_r06_ORDINARIA,prosecretario,Mario Daniele,masthead
2015-07-29,2015-07-29_r06_ORDINARIA,prosecretario,Raúl Oscar Sánchez,masthead
2015-07-29,2015-07-29_r06_ORDINARIA,secretario,Juan H. Estrada,masthead
2015-07-29,2015-07-29_r06_ORDINARIA,secretario,Juan H. Zabaleta,masthead
2015-07-29,2015-07-29_r06_ORDINARIA,vicepresidente de la nacion,Amado Boudou,masthead
2015-08-26,2015-08-26_r07_ORDINARIA,presidente provisional,Gerardo Zamora,masthead
2015-08-26,2015-08-26_r07_ORDINARIA,prosecretario,Luis Borsani,masthead
2015-08-26,2015-08-26_r07_ORDINARIA,prosecretario,Mario Daniele,masthead
2015-08-26,2015-08-26_r07_ORDINARIA,prosecretario,Raúl Oscar Sánchez,masthead
2015-08-26,2015-08-26_r07_ORDINARIA,secretario,Juan Horacio Zabaleta,masthead
2015-08-26,2015-08-26_r07_ORDINARIA,secretario,Juan Héctor Estrada,masthead
2015-08-26,2015-08-26_r07_ORDINARIA,vicepresidente de la nacion,Amado Boudou,masthead
2015-09-16,2015-09-16_r08_ORDINARIA,presidente provisional,Gerardo Zamora,masthead
2015-09-16,2015-09-16_r08_ORDINARIA,prosecretario,Luis Borsani,masthead
2015-09-16,2015-09-16_r08_ORDINARIA,prosecretario,Mario Daniele,masthead
2015-09-16,2015-09-16_r08_ORDINARIA,prosecretario,Raúl Oscar Sánchez,masthead
2015-09-16,2015-09-16_r08_ORDINARIA,secretario,Juan Horacio Zabaleta,masthead
2015-09-16,2015-09-16_r08_ORDINARIA,secretario,Juan Héctor Estrada,masthead
2015-09-16,2015-09-16_r08_ORDINARIA,vicepresidente de la nacion,Amado Boudou,masthead
2015-10-07,2015-10-07_r09_ORDINARIA,prosecretario,Luis Borsani,masthead
2015-10-07,2015-10-07_r09_ORDINARIA,prosecretario,Mario Daniele,masthead
2015-10-07,2015-10-07_r09_ORDINARIA,prosecretario,Raúl Oscar Sánchez,masthead
2015-10-07,2015-10-07_r09_ORDINARIA,secretario,Juan Horacio Zabaleta,masthead
2015-10-07,2015-10-07_r09_ORDINARIA,secretario,Juan Héctor Estrada,masthead
2015-10-07,2015-10-07_r09_ORDINARIA,vicepresidente 1º,Roberto Basualdo,masthead
2015-10-07,2015-10-07_r09_ORDINARIA,vicepresidente de la nacion,Amado Boudou,masthead
2015-10-28,2015-10-28_r10_ORDINARIA,presidente provisional,Gerardo Zamora,masthead
2015-10-28,2015-10-28_r10_ORDINARIA,prosecretario,Luis Borsani,masthead
2015-10-28,2015-10-28_r10_ORDINARIA,prosecretario,Mario Daniele,masthead
2015-10-28,2015-10-28_r10_ORDINARIA,prosecretario,Raúl Oscar Sánchez,masthead
2015-10-28,2015-10-28_r10_ORDINARIA,secretario,Juan Horacio Zabaleta,masthead
2015-10-28,2015-10-28_r10_ORDINARIA,secretario,Juan Héctor Estrada,masthead
2015-10-28,2015-10-28_r10_ORDINARIA,vicepresidente de la nacion,Amado Boudou,masthead
2015-11-04,2015-11-04_r00_ASAMBLEA,presidente de la honorable camara de diputados,Julián Andrés Domínguez,masthead
2015-11-04,2015-11-04_r00_ASAMBLEA,secretario,Juan Héctor Estrada,masthead
2015-11-04,2015-11-04_r00_ASAMBLEA,secretario,Lucas Chedrese,masthead
2015-11-25,2015-11-25_r11_ORDINARIA,prosecretario,Luis Borsani,masthead
2015-11-25,2015-11-25_r11_ORDINARIA,prosecretario,Mario Daniele,masthead
2015-11-25,2015-11-25_r11_ORDINARIA,prosecretario,Raúl Oscar Sánchez,masthead
2015-11-25,2015-11-25_r11_ORDINARIA,secretario,Juan Horacio Zabaleta,masthead
2015-11-25,2015-11-25_r11_ORDINARIA,secretario,Juan Héctor Estrada,masthead
2015-12-03,2015-12-03_r12_ESPECIAL,prosecretario,Luis Borsani,masthead
2015-12-03,2015-12-03_r12_ESPECIAL,prosecretario,Mario Daniele,masthead
2015-12-03,2015-12-03_r12_ESPECIAL,prosecretario,Raúl Oscar Sánchez,masthead
2015-12-03,2015-12-03_r12_ESPECIAL,secretario,Juan Horacio Zabaleta,masthead
2015-12-03,2015-12-03_r12_ESPECIAL,secretario,Juan Héctor Estrada,masthead
2015-12-03,2015-12-03_r12_ESPECIAL,vicepresidente de la nacion,Amado Boudou,masthead
2015-12-04,2015-12-04_r00_ASAMBLEA,presidente de la honorable camara de diputados,Julián Andrés Domínguez,masthead
2015-12-04,2015-12-04_r00_ASAMBLEA,secretario,Juan Héctor Estrada,masthead
2015-12-04,2015-12-04_r00_ASAMBLEA,secretario,Lucas Chedrese,masthead
2015-12-09,2015-12-09_r13_EN_MINORIA,prosecretario,Luis Borsani,masthead
2015-12-09,2015-12-09_r13_EN_MINORIA,prosecretario,Mario Daniele,masthead
2015-12-09,2015-12-09_r13_EN_MINORIA,secretario,Juan Horacio Zabaleta,masthead
2015-12-09,2015-12-09_r13_EN_MINORIA,secretario,Juan Héctor Estrada,masthead
2015-12-09,2015-12-09_r13_EN_MINORIA,vicepresidente de la nacion,Amado Boudou,masthead
2015-12-10,2015-12-10_r00_ASAMBLEA,presidente de la honorable camara de diputados,Emilio Monzó,masthead
2015-12-10,2015-12-10_r00_ASAMBLEA,secretario,Eugenio Inchausti,masthead
2015-12-10,2015-12-10_r00_ASAMBLEA,secretario,Juan Pedro Tunessi,masthead
2016-02-11,2016-02-11_r14_EXTRAORDINARIA,prosecretario,Juan H. Estrada,masthead
2016-02-11,2016-02-11_r14_EXTRAORDINARIA,prosecretario,Mario Daniele,masthead
2016-02-11,2016-02-11_r14_EXTRAORDINARIA,prosecretario,Ángel Torres,masthead
2016-02-11,2016-02-11_r14_EXTRAORDINARIA,secretario,Helio Rebot,masthead
2016-02-11,2016-02-11_r14_EXTRAORDINARIA,secretario,Juan Pedro Tunessi,masthead
2016-02-11,2016-02-11_r14_EXTRAORDINARIA,vicepresidente de la nacion,Dña. Marta Gabriela Michetti,masthead
2016-02-23,2016-02-23_r01_PREPARATORIA,presidente provisional,Federico Pinedo,masthead
2016-02-23,2016-02-23_r15_EXTRAORDINARIA,presidente provisional,Federico Pinedo,masthead
2016-02-23,2016-02-23_r01_PREPARATORIA,prosecretario,Eric Calcagno,masthead
2016-02-23,2016-02-23_r15_EXTRAORDINARIA,prosecretario,Eric Calcagno,masthead
2016-02-23,2016-02-23_r01_PREPARATORIA,prosecretario,Juan H. Estrada,masthead
2016-02-23,2016-02-23_r01_PREPARATORIA,prosecretario,Mario Daniele,masthead
2016-02-23,2016-02-23_r15_EXTRAORDINARIA,prosecretario,Mario Daniele,masthead
2016-02-23,2016-02-23_r01_PREPARATORIA,prosecretario,Ángel Torres,masthead
2016-02-23,2016-02-23_r15_EXTRAORDINARIA,prosecretario,Ángel Torres,masthead
2016-02-23,2016-02-23_r01_PREPARATORIA,secretario,Helio Rebot,masthead
2016-02-23,2016-02-23_r15_EXTRAORDINARIA,secretario,Helio Rebot,masthead
2016-02-23,2016-02-23_r01_PREPARATORIA,secretario,Juan Pedro Tunessi,masthead
2016-02-23,2016-02-23_r15_EXTRAORDINARIA,secretario,Juan Pedro Tunessi,masthead
2016-03-01,2016-03-01_r00_ASAMBLEA,presidente de la honorable camara de diputados,Emilio Monzó,masthead
2016-03-01,2016-03-01_r00_ASAMBLEA,secretario,Eugenio Inchausti,masthead
2016-03-01,2016-03-01_r00_ASAMBLEA,secretario,Juan Pedro Tunessi,masthead
2016-03-09,2016-03-09_r02_ORDINARIA,presidente provisional,Federico Pinedo,masthead
2016-03-09,2016-03-09_r02_ORDINARIA,prosecretario,Eric Calcagno,masthead
2016-03-09,2016-03-09_r02_ORDINARIA,prosecretario,Mario Daniele,masthead
2016-03-09,2016-03-09_r02_ORDINARIA,prosecretario,Ángel Torres,masthead
2016-03-09,2016-03-09_r02_ORDINARIA,secretario,Helio Rebot,masthead
2016-03-09,2016-03-09_r02_ORDINARIA,secretario,Juan Pedro Tunessi,masthead
2016-03-09,2016-03-09_r02_ORDINARIA,vicepresidente,Gerardo Zamora,masthead
2016-03-30,2016-03-30_r03_ESPECIAL,presidente provisional,Federico Pinedo,masthead
2016-03-30,2016-03-30_r03_ESPECIAL,prosecretario,Eric Calcagno,masthead
2016-03-30,2016-03-30_r03_ESPECIAL,prosecretario,Mario Daniele,masthead
2016-03-30,2016-03-30_r03_ESPECIAL,prosecretario,Ángel Torres,masthead
2016-03-30,2016-03-30_r03_ESPECIAL,secretario,Helio Rebot,masthead
2016-03-30,2016-03-30_r03_ESPECIAL,secretario,Juan Pedro Tunessi,masthead
2016-03-30,2016-03-30_r03_ESPECIAL,vicepresidente 1º,Juan Carlos Marino,masthead
2016-03-30,2016-03-30_r03_ESPECIAL,vicepresidente de la nacion,Marta Gabriela Michetti,masthead
2016-04-27,2016-04-27_r04_ESPECIAL,presidente provisional,Federico Pinedo,masthead
2016-04-27,2016-04-27_r04_ESPECIAL,prosecretario,Eric Calcagno,masthead
2016-04-27,2016-04-27_r04_ESPECIAL,prosecretario,Mario Daniele,masthead
2016-04-27,2016-04-27_r04_ESPECIAL,prosecretario,Ángel Torres,masthead
2016-04-27,2016-04-27_r04_ESPECIAL,secretario,Helio Rebot,masthead
2016-04-27,2016-04-27_r04_ESPECIAL,secretario,Juan Pedro Tunessi,masthead
2016-04-27,2016-04-27_r04_ESPECIAL,vicepresidente,Gerardo Zamora,masthead
2016-05-18,2016-05-18_r05_ESPECIAL,prosecretario,Eric Calcagno,masthead
2016-05-18,2016-05-18_r05_ESPECIAL,prosecretario,Mario Daniele,masthead
2016-05-18,2016-05-18_r05_ESPECIAL,secretario,Helio Rebot,masthead
2016-05-18,2016-05-18_r05_ESPECIAL,secretario,Juan Pedro Tunessi,masthead
2016-06-01,2016-06-01_r06_ESPECIAL,prosecretario,Eric Calcagno,masthead
2016-06-01,2016-06-01_r07_INFORMATIVA_ESPECIAL,prosecretario,Eric Calcagno,masthead
2016-06-01,2016-06-01_r06_ESPECIAL,prosecretario,Mario Daniele,masthead
2016-06-01,2016-06-01_r07_INFORMATIVA_ESPECIAL,prosecretario,Mario Daniele,masthead
2016-06-01,2016-06-01_r06_ESPECIAL,prosecretario,Ángel Torres,masthead
2016-06-01,2016-06-01_r07_INFORMATIVA_ESPECIAL,prosecretario,Ángel Torres,masthead
2016-06-01,2016-06-01_r06_ESPECIAL,secretario,Helio Rebot,masthead
2016-06-01,2016-06-01_r07_INFORMATIVA_ESPECIAL,secretario,Helio Rebot,masthead
2016-06-01,2016-06-01_r06_ESPECIAL,secretario,Juan Pedro Tunessi,masthead
2016-06-01,2016-06-01_r07_INFORMATIVA_ESPECIAL,secretario,Juan Pedro Tunessi,masthead
2016-06-08,2016-06-08_r08_ORDINARIA,prosecretario,Eric Calcagno,masthead
2016-06-08,2016-06-08_r08_ORDINARIA,prosecretario,Mario Daniele,masthead
2016-06-08,2016-06-08_r08_ORDINARIA,prosecretario,Ángel Torres,masthead
2016-06-08,2016-06-08_r08_ORDINARIA,secretario,Helio Rebot,masthead
2016-06-08,2016-06-08_r08_ORDINARIA,secretario,Juan Pedro Tunessi,masthead
2016-06-08,2016-06-08_r08_ORDINARIA,vicepresidente de la nacion,Marta Gabriela Michetti,masthead
2016-06-15,2016-06-15_r09_ESPECIAL,prosecretario,Eric Calcagno,masthead
2016-06-15,2016-06-15_r09_ESPECIAL,prosecretario,Mario Daniele,masthead
2016-06-15,2016-06-15_r09_ESPECIAL,prosecretario,Ángel Torres,masthead
2016-06-15,2016-06-15_r09_ESPECIAL,secretario,Helio Rebot,masthead
2016-06-15,2016-06-15_r09_ESPECIAL,secretario,Juan Pedro Tunessi,masthead
2016-06-29,2016-06-29_r10_ESPECIAL,prosecretario,Eric Calcagno,masthead
2016-06-29,2016-06-29_r10_ESPECIAL,prosecretario,Mario Daniele,masthead
2016-06-29,2016-06-29_r10_ESPECIAL,prosecretario,Ángel Torres,masthead
2016-06-29,2016-06-29_r10_ESPECIAL,secretario,Helio Rebot,masthead
2016-06-29,2016-06-29_r10_ESPECIAL,secretario,Juan Pedro Tunessi,masthead
2016-06-29,2016-06-29_r10_ESPECIAL,vicepresidente de la nacion,Marta Gabriela Michetti,masthead
2016-07-13,2016-07-13_r11_ORDINARIA,prosecretario,Eric Calcagno,masthead
2016-07-13,2016-07-13_r11_ORDINARIA,prosecretario,Mario Daniele,masthead
2016-07-13,2016-07-13_r11_ORDINARIA,prosecretario,Ángel Torres,masthead
2016-07-13,2016-07-13_r11_ORDINARIA,secretario,Helio Rebot,masthead
2016-07-13,2016-07-13_r11_ORDINARIA,secretario,Juan Pedro Tunessi,masthead
2016-07-13,2016-07-13_r11_ORDINARIA,vicepresidente 1º,Juan Carlos Marino,masthead
2016-07-13,2016-07-13_r11_ORDINARIA,vicepresidente de la nacion,Marta Gabriela Michetti,masthead
2016-08-10,2016-08-10_r12_ORDINARIA,presidente provisional,Federico Pinedo,masthead
2016-08-10,2016-08-10_r12_ORDINARIA,prosecretario,Eric Calcagno,masthead
2016-08-10,2016-08-10_r12_ORDINARIA,prosecretario,Mario Daniele,masthead
2016-08-10,2016-08-10_r12_ORDINARIA,prosecretario,Ángel Torres,masthead
2016-08-10,2016-08-10_r12_ORDINARIA,secretario,Helio Rebot,masthead
2016-08-10,2016-08-10_r12_ORDINARIA,secretario,Juan Pedro Tunessi,masthead
2016-08-10,2016-08-10_r12_ORDINARIA,vicepresidente,Gerardo Zamora,masthead
2016-08-10,2016-08-10_r12_ORDINARIA,vicepresidente de la nacion,Marta Gabriela Michetti,masthead
2016-09-07,2016-09-07_r13_ORDINARIA,presidente provisional,Federico Pinedo,masthead
2016-09-07,2016-09-07_r13_ORDINARIA,prosecretario,Eric Calcagno,masthead
2016-09-07,2016-09-07_r13_ORDINARIA,prosecretario,Mario Daniele,masthead
2016-09-07,2016-09-07_r13_ORDINARIA,prosecretario,Ángel Torres,masthead
2016-09-07,2016-09-07_r13_ORDINARIA,secretario,Helio Rebot,masthead
2016-09-07,2016-09-07_r13_ORDINARIA,secretario,Juan Pedro Tunessi,masthead
2016-09-07,2016-09-07_r13_ORDINARIA,vicepresidente de la nacion,Marta Gabriela Michetti,masthead
2016-09-21,2016-09-21_r14_ESPECIAL,presidente provisional,Federico Pinedo,masthead
2016-09-21,2016-09-21_r14_ESPECIAL,prosecretario,Eric Calcagno,masthead
2016-09-21,2016-09-21_r14_ESPECIAL,prosecretario,Mario Daniele,masthead
2016-09-21,2016-09-21_r14_ESPECIAL,prosecretario,Ángel Torres,masthead
2016-09-21,2016-09-21_r14_ESPECIAL,secretario,Helio Rebot,masthead
2016-09-21,2016-09-21_r14_ESPECIAL,secretario,Juan Pedro Tunessi,masthead
2016-09-28,2016-09-28_r15_INFORMATIVA_ESPECIAL,presidente provisional,Federico Pinedo,masthead
2016-09-28,2016-09-28_r15_INFORMATIVA_ESPECIAL,prosecretario,Eric Calcagno,masthead
2016-09-28,2016-09-28_r15_INFORMATIVA_ESPECIAL,prosecretario,Mario Daniele,masthead
2016-09-28,2016-09-28_r15_INFORMATIVA_ESPECIAL,prosecretario,Ángel Torres,masthead
2016-09-28,2016-09-28_r15_INFORMATIVA_ESPECIAL,secretario,Helio Rebot,masthead
2016-09-28,2016-09-28_r15_INFORMATIVA_ESPECIAL,secretario,Juan Pedro Tunessi,masthead
2016-10-19,2016-10-19_r16_ORDINARIA,presidente provisional,Federico Pinedo,masthead
2016-10-19,2016-10-19_r16_ORDINARIA,prosecretario,Eric Calcagno,masthead
2016-10-19,2016-10-19_r16_ORDINARIA,prosecretario,Mario Daniele,masthead
2016-10-19,2016-10-19_r16_ORDINARIA,prosecretario,Ángel Torres,masthead
2016-10-19,2016-10-19_r16_ORDINARIA,secretario,Helio Rebot,masthead
2016-10-19,2016-10-19_r16_ORDINARIA,secretario,Juan Pedro Tunessi,masthead
2016-10-19,2016-10-19_r16_ORDINARIA,vicepresidente 1º,Juan Carlos Marino,masthead
2016-11-02,2016-11-02_r17_ORDINARIA,presidente provisional,Federico Pinedo,masthead
2016-11-02,2016-11-02_r17_ORDINARIA,prosecretario,Eric Calcagno,masthead
2016-11-02,2016-11-02_r17_ORDINARIA,prosecretario,Mario Daniele,masthead
2016-11-02,2016-11-02_r17_ORDINARIA,prosecretario,Ángel Torres,masthead
2016-11-02,2016-11-02_r17_ORDINARIA,secretario,Helio Rebot,masthead
2016-11-02,2016-11-02_r17_ORDINARIA,secretario,Juan Pedro Tunessi,masthead
2016-11-02,2016-11-02_r17_ORDINARIA,vicepresidente 1º,Juan Carlos Marino,masthead
2016-11-16,2016-11-16_r18_ORDINARIA,presidente provisional,Federico Pinedo,masthead
2016-11-16,2016-11-16_r18_ORDINARIA,prosecretario,Eric Calcagno,masthead
2016-11-16,2016-11-16_r18_ORDINARIA,prosecretario,Mario Daniele,masthead
2016-11-16,2016-11-16_r18_ORDINARIA,prosecretario,Ángel Torres,masthead
2016-11-16,2016-11-16_r18_ORDINARIA,secretario,Helio Rebot,masthead
2016-11-16,2016-11-16_r18_ORDINARIA,secretario,Juan Pedro Tunessi,masthead
2016-11-23,2016-11-23_r19_ORDINARIA,presidente provisional,Federico Pinedo,masthead
2016-11-23,2016-11-23_r19_ORDINARIA,prosecretario,Eric Calcagno,masthead
2016-11-23,2016-11-23_r19_ORDINARIA,prosecretario,Mario Daniele,masthead
2016-11-23,2016-11-23_r19_ORDINARIA,prosecretario,Ángel Torres,masthead
2016-11-23,2016-11-23_r19_ORDINARIA,secretario,Helio Rebot,masthead
2016-11-23,2016-11-23_r19_ORDINARIA,secretario,Juan Pedro Tunessi,masthead
2016-11-23,2016-11-23_r19_ORDINARIA,vicepresidente 1º,Juan Carlos Marino,masthead
2016-11-23,2016-11-23_r19_ORDINARIA,vicepresidente de la nacion,Marta Gabriela Michetti,masthead
2016-11-30,2016-11-30_r20_ORDINARIA,presidente provisional,Federico Pinedo,masthead
2016-11-30,2016-11-30_r20_ORDINARIA,prosecretario,Eric Calcagno,masthead
2016-11-30,2016-11-30_r20_ORDINARIA,prosecretario,Mario Daniele,masthead
2016-11-30,2016-11-30_r20_ORDINARIA,prosecretario,Ángel Torres,masthead
2016-11-30,2016-11-30_r20_ORDINARIA,secretario,Helio Rebot,masthead
2016-11-30,2016-11-30_r20_ORDINARIA,secretario,Juan Pedro Tunessi,masthead
2016-11-30,2016-11-30_r20_ORDINARIA,vicepresidente 1º,Juan Carlos Marino,masthead
2016-11-30,2016-11-30_r20_ORDINARIA,vicepresidente de la nacion,Marta Gabriela Michetti,masthead
2016-12-14,2016-12-14_r21_EXTRAORDINARIA,prosecretario,Eric Calcagno,masthead
2016-12-14,2016-12-14_r21_EXTRAORDINARIA,prosecretario,Mario Daniele,masthead
2016-12-14,2016-12-14_r21_EXTRAORDINARIA,prosecretario,Ángel Torres,masthead
2016-12-14,2016-12-14_r21_EXTRAORDINARIA,secretario,Helio Rebot,masthead
2016-12-14,2016-12-14_r21_EXTRAORDINARIA,secretario,Juan Pedro Tunessi,masthead
2016-12-14,2016-12-14_r21_EXTRAORDINARIA,vicepresidente de la nacion,Marta Gabriela Michetti,masthead
2016-12-21,2016-12-21_r22_EXTRAORDINARIA,prosecretario,Eric Calcagno,masthead
2016-12-21,2016-12-21_r22_EXTRAORDINARIA,prosecretario,Mario Daniele,masthead
2016-12-21,2016-12-21_r22_EXTRAORDINARIA,prosecretario,Ángel Torres,masthead
2016-12-21,2016-12-21_r22_EXTRAORDINARIA,secretario,Helio Rebot,masthead
2016-12-21,2016-12-21_r22_EXTRAORDINARIA,secretario,Juan Pedro Tunessi,masthead
2016-12-21,2016-12-21_r22_EXTRAORDINARIA,vicepresidente de la nacion,Marta Gabriela Michetti,masthead
2017-02-21,2017-02-21_r01_PREPARATORIA,presidente provisional,Federico Pinedo,masthead
2017-02-21,2017-02-21_r01_PREPARATORIA,prosecretario,Eric Calcagno,masthead
2017-02-21,2017-02-21_r01_PREPARATORIA,prosecretario,Mario Daniele,masthead
2017-02-21,2017-02-21_r01_PREPARATORIA,prosecretario,Ángel Torres,masthead
2017-02-21,2017-02-21_r01_PREPARATORIA,secretario,Helio Rebot,masthead
2017-02-21,2017-02-21_r01_PREPARATORIA,secretario,Juan Pedro Tunessi,masthead
2017-03-01,2017-03-01_r00_ASAMBLEA,presidente de la honorable camara de diputados,Emilio Monzó,masthead
2017-03-01,2017-03-01_r00_ASAMBLEA,secretario,Eugenio Inchausti,masthead
2017-03-01,2017-03-01_r00_ASAMBLEA,secretario,Juan Pedro Tunessi,masthead
2017-03-29,2017-03-29_r02_ORDINARIA,presidente provisional,Federico Pinedo,masthead
2017-03-29,2017-03-29_r02_ORDINARIA,prosecretario,Eric Calcagno,masthead
2017-03-29,2017-03-29_r02_ORDINARIA,prosecretario,Mario Daniele,masthead
2017-03-29,2017-03-29_r02_ORDINARIA,prosecretario,Ángel Torres,masthead
2017-03-29,2017-03-29_r02_ORDINARIA,secretario,Helio Rebot,masthead
2017-03-29,2017-03-29_r02_ORDINARIA,secretario,Juan Pedro Tunessi,masthead
2017-03-29,2017-03-29_r02_ORDINARIA,vicepresidente 1º,Juan Carlos Marino,masthead
2017-03-29,2017-03-29_r02_ORDINARIA,vicepresidente de la nacion,Marta Gabriela Michetti,masthead
2017-04-25,2017-04-25_r04_INFORMATIVA_ESPECIAL,presidente provisional,Federico Pinedo,masthead
2017-04-25,2017-04-25_r03_ESPECIAL,presidente provisional,Federico Pinedo,masthead
2017-04-25,2017-04-25_r04_INFORMATIVA_ESPECIAL,prosecretario,Eric Calcagno,masthead
2017-04-25,2017-04-25_r03_ESPECIAL,prosecretario,Eric Calcagno,masthead
2017-04-25,2017-04-25_r04_INFORMATIVA_ESPECIAL,prosecretario,Mario Daniele,masthead
2017-04-25,2017-04-25_r03_ESPECIAL,prosecretario,Mario Daniele,masthead
2017-04-25,2017-04-25_r04_INFORMATIVA_ESPECIAL,prosecretario,Ángel Torres,masthead
2017-04-25,2017-04-25_r03_ESPECIAL,prosecretario,Ángel Torres,masthead
2017-04-25,2017-04-25_r04_INFORMATIVA_ESPECIAL,secretario,Helio Rebot,masthead
2017-04-25,2017-04-25_r03_ESPECIAL,secretario,Helio Rebot,masthead
2017-04-25,2017-04-25_r04_INFORMATIVA_ESPECIAL,secretario,Juan Pedro Tunessi,masthead
2017-04-25,2017-04-25_r03_ESPECIAL,secretario,Juan Pedro Tunessi,masthead
2017-04-25,2017-04-25_r04_INFORMATIVA_ESPECIAL,vicepresidente de la nacion,Marta Gabriela Michetti,masthead
2017-04-26,2017-04-26_r05_ESPECIAL,presidente provisional,Federico Pinedo,masthead
2017-04-26,2017-04-26_r05_ESPECIAL,prosecretario,Eric Calcagno,masthead
2017-04-26,2017-04-26_r05_ESPECIAL,prosecretario,Mario Daniele,masthead
2017-04-26,2017-04-26_r05_ESPECIAL,prosecretario,Ángel Torres,masthead
2017-04-26,2017-04-26_r05_ESPECIAL,secretario,Helio Rebot,masthead
2017-04-26,2017-04-26_r05_ESPECIAL,secretario,Juan Pedro Tunessi,masthead
2017-04-26,2017-04-26_r05_ESPECIAL,vicepresidente,Gerardo Zamora,masthead
2017-04-26,2017-04-26_r05_ESPECIAL,vicepresidente 1º,Juan Carlos Marino,masthead
2017-05-09,2017-05-09_r00_REUNION_CONJ_AMBAS_CAMARAS,secretario,Eugenio Inchausti,masthead
2017-05-09,2017-05-09_r00_REUNION_CONJ_AMBAS_CAMARAS,secretario,Juan Pedro Tunessi,masthead
2017-05-09,2017-05-09_r00_REUNION_CONJ_AMBAS_CAMARAS,vicepresidente de la nacion,Marta Gabriela Michetti,masthead
2017-05-10,2017-05-10_r06_ESPECIAL,presidente provisional,Federico Pinedo,masthead
2017-05-10,2017-05-10_r06_ESPECIAL,prosecretario,Eric Calcagno,masthead
2017-05-10,2017-05-10_r06_ESPECIAL,prosecretario,Mario Daniele,masthead
2017-05-10,2017-05-10_r06_ESPECIAL,prosecretario,Ángel Torres,masthead
2017-05-10,2017-05-10_r06_ESPECIAL,secretario,Helio Rebot,masthead
2017-05-10,2017-05-10_r06_ESPECIAL,secretario,Juan Pedro Tunessi,masthead
2017-05-10,2017-05-10_r06_ESPECIAL,vicepresidente,Gerardo Zamora,masthead
2017-05-10,2017-05-10_r06_ESPECIAL,vicepresidente de la nacion,Marta Gabriela Michetti,masthead
2017-05-31,2017-05-31_r07_ORDINARIA,presidente provisional,Federico Pinedo,masthead
2017-05-31,2017-05-31_r07_ORDINARIA,prosecretario,Eric Calcagno,masthead
2017-05-31,2017-05-31_r07_ORDINARIA,prosecretario,Mario Daniele,masthead
2017-05-31,2017-05-31_r07_ORDINARIA,prosecretario,Ángel Torres,masthead
2017-05-31,2017-05-31_r07_ORDINARIA,secretario,Helio Rebot,masthead
2017-05-31,2017-05-31_r07_ORDINARIA,secretario,Juan Pedro Tunessi,masthead
2017-05-31,2017-05-31_r07_ORDINARIA,vicepresidente de la nacion,Marta Gabriela Michetti,masthead
2017-06-28,2017-06-28_r08_INFORMATIVA_ESPECIAL,presidente provisional,Federico Pinedo,masthead
2017-06-28,2017-06-28_r08_INFORMATIVA_ESPECIAL,prosecretario,Eric Calcagno,masthead
2017-06-28,2017-06-28_r08_INFORMATIVA_ESPECIAL,prosecretario,Mario Daniele,masthead
2017-06-28,2017-06-28_r08_INFORMATIVA_ESPECIAL,prosecretario,Ángel Torres,masthead
2017-06-28,2017-06-28_r08_INFORMATIVA_ESPECIAL,secretario,Helio Rebot,masthead
2017-06-28,2017-06-28_r08_INFORMATIVA_ESPECIAL,secretario,Juan Pedro Tunessi,masthead
2017-06-28,2017-06-28_r08_INFORMATIVA_ESPECIAL,vicepresidente de la nacion,Marta Gabriela Michetti,masthead
2017-07-12,2017-07-12_r09_ESPECIAL,presidente provisional,Federico Pinedo,masthead
2017-07-12,2017-07-12_r09_ESPECIAL,prosecretario,Eric Calcagno,masthead
2017-07-12,2017-07-12_r09_ESPECIAL,prosecretario,Mario Daniele,masthead
2017-07-12,2017-07-12_r09_ESPECIAL,prosecretario,Ángel Torres,masthead
2017-07-12,2017-07-12_r09_ESPECIAL,secretario,Helio Rebot,masthead
2017-07-12,2017-07-12_r09_ESPECIAL,secretario,Juan Pedro Tunessi,masthead
2017-07-12,2017-07-12_r09_ESPECIAL,vicepresidente 1º,Juan Carlos Marino,masthead
2017-08-23,2017-08-23_r10_ORDINARIA,prosecretario,Eric Calcagno,masthead
2017-08-23,2017-08-23_r10_ORDINARIA,prosecretario,Mario Daniele,masthead
2017-08-23,2017-08-23_r10_ORDINARIA,prosecretario,Ángel Torres,masthead
2017-08-23,2017-08-23_r10_ORDINARIA,secretario,Helio Rebot,masthead
2017-08-23,2017-08-23_r10_ORDINARIA,secretario,Juan Pedro Tunessi,masthead
2017-08-23,2017-08-23_r10_ORDINARIA,vicepresidente de la nacion,Marta Gabriela Michetti,masthead
2017-09-06,2017-09-06_r11_INFORMATIVA_ESPECIAL,presidente provisional,Federico Pinedo,masthead
2017-09-06,2017-09-06_r11_INFORMATIVA_ESPECIAL,prosecretario,Eric Calcagno,masthead
2017-09-06,2017-09-06_r11_INFORMATIVA_ESPECIAL,prosecretario,Mario Daniele,masthead
2017-09-06,2017-09-06_r11_INFORMATIVA_ESPECIAL,prosecretario,Ángel Torres,masthead
2017-09-06,2017-09-06_r11_INFORMATIVA_ESPECIAL,secretario,Helio Rebot,masthead
2017-09-06,2017-09-06_r11_INFORMATIVA_ESPECIAL,secretario,Juan Pedro Tunessi,masthead
2017-09-06,2017-09-06_r11_INFORMATIVA_ESPECIAL,vicepresidente de la nacion,Marta Gabriela Michetti,masthead
2017-09-07,2017-09-07_r12_ORDINARIA,presidente provisional,Federico Pinedo,masthead
2017-09-07,2017-09-07_r12_ORDINARIA,prosecretario,Eric Calcagno,masthead
2017-09-07,2017-09-07_r12_ORDINARIA,prosecretario,Mario Daniele,masthead
2017-09-07,2017-09-07_r12_ORDINARIA,prosecretario,Ángel Torres,masthead
2017-09-07,2017-09-07_r12_ORDINARIA,secretario,Helio Rebot,masthead
2017-09-07,2017-09-07_r12_ORDINARIA,secretario,Juan Pedro Tunessi,masthead
2017-09-07,2017-09-07_r12_ORDINARIA,vicepresidente de la nacion,Marta Gabriela Michetti,masthead
2017-09-27,2017-09-27_r13_ESPECIAL,presidente provisional,Federico Pinedo,masthead
2017-09-27,2017-09-27_r13_ESPECIAL,prosecretario,Eric Calcagno,masthead
2017-09-27,2017-09-27_r13_ESPECIAL,prosecretario,Mario Daniele,masthead
2017-09-27,2017-09-27_r13_ESPECIAL,prosecretario,Ángel Torres,masthead
2017-09-27,2017-09-27_r13_ESPECIAL,secretario,Helio Rebot,masthead
2017-09-27,2017-09-27_r13_ESPECIAL,secretario,Juan Pedro Tunessi,masthead
2017-11-01,2017-11-01_r14_ESPECIAL,presidente provisional,Federico Pinedo,masthead
2017-11-01,2017-11-01_r15_INFORMATIVA_ESPECIAL,presidente provisional,Federico Pinedo,masthead
2017-11-01,2017-11-01_r14_ESPECIAL,prosecretario,Eric Calcagno,masthead
2017-11-01,2017-11-01_r15_INFORMATIVA_ESPECIAL,prosecretario,Eric Calcagno,masthead
2017-11-01,2017-11-01_r14_ESPECIAL,prosecretario,Mario Daniele,masthead
2017-11-01,2017-11-01_r15_INFORMATIVA_ESPECIAL,prosecretario,Mario Daniele,masthead
2017-11-01,2017-11-01_r14_ESPECIAL,prosecretario,Ángel Torres,masthead
2017-11-01,2017-11-01_r15_INFORMATIVA_ESPECIAL,prosecretario,Ángel Torres,masthead
2017-11-01,2017-11-01_r14_ESPECIAL,secretario,Helio Rebot,masthead
2017-11-01,2017-11-01_r15_INFORMATIVA_ESPECIAL,secretario,Helio Rebot,masthead
2017-11-01,2017-11-01_r14_ESPECIAL,secretario,Juan Pedro Tunessi,masthead
2017-11-01,2017-11-01_r15_INFORMATIVA_ESPECIAL,secretario,Juan Pedro Tunessi,masthead
2017-11-01,2017-11-01_r15_INFORMATIVA_ESPECIAL,vicepresidente 1º,Juan Carlos Marino,masthead
2017-11-22,2017-11-22_r16_ESPECIAL_EN_MINORIA,presidente provisional,Federico Pinedo,masthead
2017-11-22,2017-11-22_r16_ESPECIAL_EN_MINORIA,prosecretario,Eric Calcagno,masthead
2017-11-22,2017-11-22_r16_ESPECIAL_EN_MINORIA,prosecretario,Mario Daniele,masthead
2017-11-22,2017-11-22_r16_ESPECIAL_EN_MINORIA,secretario,Helio Rebot,masthead
2017-11-22,2017-11-22_r16_ESPECIAL_EN_MINORIA,secretario,Juan Pedro Tunessi,masthead
2017-11-29,2017-11-29_r18_ORDINARIA,presidente provisional,Federico Pinedo,masthead
2017-11-29,2017-11-29_r17_ESPECIAL,prosecretario,Eric Calcagno,masthead
2017-11-29,2017-11-29_r18_ORDINARIA,prosecretario,Eric Calcagno,masthead
2017-11-29,2017-11-29_r17_ESPECIAL,prosecretario,Mario Daniele,masthead
2017-11-29,2017-11-29_r18_ORDINARIA,prosecretario,Mario Daniele,masthead
2017-11-29,2017-11-29_r17_ESPECIAL,prosecretario,Ángel Torres,masthead
2017-11-29,2017-11-29_r18_ORDINARIA,prosecretario,Ángel Torres,masthead
2017-11-29,2017-11-29_r17_ESPECIAL,secretario,Helio Rebot,masthead
2017-11-29,2017-11-29_r18_ORDINARIA,secretario,Helio Rebot,masthead
2017-11-29,2017-11-29_r17_ESPECIAL,secretario,Juan Pedro Tunessi,masthead
2017-11-29,2017-11-29_r18_ORDINARIA,secretario,Juan Pedro Tunessi,masthead
2017-11-29,2017-11-29_r18_ORDINARIA,vicepresidente 1º,Juan Carlos Marino,masthead
2017-11-29,2017-11-29_r18_ORDINARIA,vicepresidente 2º,Adolfo Rodríguez Saá,masthead
2017-11-29,2017-11-29_r17_ESPECIAL,vicepresidente de la nacion,Marta Gabriela Michetti,masthead
2017-11-29,2017-11-29_r18_ORDINARIA,vicepresidente de la nacion,Marta Gabriela Michetti,masthead
2017-12-27,2017-12-27_r19_EXTRAORDINARIA,presidente provisional,Federico Pinedo,masthead
2017-12-27,2017-12-27_r19_EXTRAORDINARIA,prosecretario,Eric Calcagno,masthead
2017-12-27,2017-12-27_r19_EXTRAORDINARIA,prosecretario,Mario Daniele,masthead
2017-12-27,2017-12-27_r19_EXTRAORDINARIA,prosecretario,Ángel Torres,masthead
2017-12-27,2017-12-27_r19_EXTRAORDINARIA,secretario,Helio Rebot,masthead
2017-12-27,2017-12-27_r19_EXTRAORDINARIA,secretario,Juan Pedro Tunessi,masthead
2017-12-27,2017-12-27_r19_EXTRAORDINARIA,vicepresidente 1º,Juan Carlos Marino,masthead
2017-12-27,2017-12-27_r19_EXTRAORDINARIA,vicepresidente de la nacion,Marta Gabriela Michetti,masthead
2018-02-28,2018-02-28_r01_PREPARATORIA,prosecretario,Eric Calcagno,masthead
2018-02-28,2018-02-28_r01_PREPARATORIA,prosecretario,Mario Daniele,masthead
2018-02-28,2018-02-28_r01_PREPARATORIA,prosecretario,Ángel Torres,masthead
2018-02-28,2018-02-28_r01_PREPARATORIA,secretario,Helio Rebot,masthead
2018-02-28,2018-02-28_r01_PREPARATORIA,secretario,Juan Pedro Tunessi,masthead
2018-02-28,2018-02-28_r01_PREPARATORIA,vicepresidente de la nacion,Marta Gabriela Michetti,masthead
2018-03-01,2018-03-01_r00_ASAMBLEA,presidente de la honorable camara de diputados,Emilio Monzó,masthead
2018-03-21,2018-03-21_r02_ORDINARIA,presidente provisional,Federico Pinedo,masthead
2018-03-21,2018-03-21_r02_ORDINARIA,prosecretario,Eric Calcagno,masthead
2018-03-21,2018-03-21_r02_ORDINARIA,prosecretario,Mario Daniele,masthead
2018-03-21,2018-03-21_r02_ORDINARIA,secretario,Juan Pedro Tunessi,masthead
2018-03-21,2018-03-21_r02_ORDINARIA,vicepresidente,Omar Ángel Perotti,masthead
2018-03-21,2018-03-21_r02_ORDINARIA,vicepresidente de la nacion,Marta Gabriela Michetti,masthead
2018-04-18,2018-04-18_r03_ORDINARIA,presidente provisional,Federico Pinedo,masthead
2018-04-18,2018-04-18_r03_ORDINARIA,prosecretario,Eric Calcagno,masthead
2018-04-18,2018-04-18_r03_ORDINARIA,prosecretario,Mario Daniele,masthead
2018-04-18,2018-04-18_r03_ORDINARIA,secretario,Juan Pedro Tunessi,masthead
2018-04-18,2018-04-18_r03_ORDINARIA,vicepresidente de la nacion,Marta Gabriela Michetti,masthead
2018-04-25,2018-04-25_r04_ESPECIAL,presidente provisional,Federico Pinedo,masthead
2018-04-25,2018-04-25_r05_INFORMATIVA_ESPECIAL,prosecretario,Eric Calcagno,masthead
2018-04-25,2018-04-25_r04_ESPECIAL,prosecretario,Eric Calcagno,masthead
2018-04-25,2018-04-25_r05_INFORMATIVA_ESPECIAL,prosecretario,Mario Daniele,masthead
2018-04-25,2018-04-25_r04_ESPECIAL,prosecretario,Mario Daniele,masthead
2018-04-25,2018-04-25_r05_INFORMATIVA_ESPECIAL,secretario,Juan Pedro Tunessi,masthead
2018-04-25,2018-04-25_r04_ESPECIAL,secretario,Juan Pedro Tunessi,masthead
2018-04-25,2018-04-25_r04_ESPECIAL,vicepresidente,Omar Ángel Perotti,masthead
2018-04-25,2018-04-25_r05_INFORMATIVA_ESPECIAL,vicepresidente de la nacion,Marta Gabriela Michetti,masthead
2018-04-25,2018-04-25_r04_ESPECIAL,vicepresidente de la nacion,Marta Gabriela Michetti,masthead
2018-05-30,2018-05-30_r06_ESPECIAL,presidente provisional,Federico Pinedo,masthead
2018-05-30,2018-05-30_r06_ESPECIAL,prosecretario,Eric Calcagno,masthead
2018-05-30,2018-05-30_r06_ESPECIAL,prosecretario,Mario Daniele,masthead
2018-05-30,2018-05-30_r06_ESPECIAL,secretario,Juan Pedro Tunessi,masthead
2018-05-30,2018-05-30_r06_ESPECIAL,vicepresidente,Omar Ángel Perotti,masthead
2018-05-30,2018-05-30_r06_ESPECIAL,vicepresidente 1º,Juan Carlos Marino,masthead
2018-05-30,2018-05-30_r06_ESPECIAL,vicepresidente de la nacion,Marta Gabriela Michetti,masthead
2018-06-27,2018-06-27_r08_INFORMATIVA_ESPECIAL,presidente provisional,Federico Pinedo,masthead
2018-06-27,2018-06-27_r07_ORDINARIA,prosecretario,Eric Calcagno,masthead
2018-06-27,2018-06-27_r08_INFORMATIVA_ESPECIAL,prosecretario,Eric Calcagno,masthead
2018-06-27,2018-06-27_r07_ORDINARIA,prosecretario,Mario Daniele,masthead
2018-06-27,2018-06-27_r08_INFORMATIVA_ESPECIAL,prosecretario,Mario Daniele,masthead
2018-06-27,2018-06-27_r07_ORDINARIA,secretario,Juan Pedro Tunessi,masthead
2018-06-27,2018-06-27_r08_INFORMATIVA_ESPECIAL,secretario,Juan Pedro Tunessi,masthead
2018-06-27,2018-06-27_r08_INFORMATIVA_ESPECIAL,vicepresidente 1º,Juan Carlos Marino,masthead
2018-06-27,2018-06-27_r07_ORDINARIA,vicepresidente de la nacion,Marta Gabriela Michetti,masthead
2018-06-27,2018-06-27_r08_INFORMATIVA_ESPECIAL,vicepresidente de la nacion,Marta Gabriela Michetti,masthead
2018-07-04,2018-07-04_r09_ORDINARIA,prosecretario,Eric Calcagno,masthead
2018-07-04,2018-07-04_r09_ORDINARIA,prosecretario,Mario Daniele,masthead
2018-07-04,2018-07-04_r09_ORDINARIA,secretario,Juan Pedro Tunessi,masthead
2018-07-04,2018-07-04_r09_ORDINARIA,vicepresidente de la nacion,Marta Gabriela Michetti,masthead
2018-08-08,2018-08-08_r10_ESPECIAL,prosecretario,Eric Calcagno,masthead
2018-08-08,2018-08-08_r10_ESPECIAL,prosecretario,Mario Daniele,masthead
2018-08-08,2018-08-08_r10_ESPECIAL,secretario,Juan Pedro Tunessi,masthead
2018-08-09,2018-08-09_r11_ESPECIAL_EN_MINORIA,prosecretario,Eric Calcagno,masthead
2018-08-09,2018-08-09_r11_ESPECIAL_EN_MINORIA,prosecretario,Mario Daniele,masthead
2018-08-09,2018-08-09_r11_ESPECIAL_EN_MINORIA,secretario,Juan Pedro Tunessi,masthead
2018-08-09,2018-08-09_r11_ESPECIAL_EN_MINORIA,vicepresidente de la nacion,Marta Gabriela Michetti,masthead
2018-08-15,2018-08-15_r12_ESPECIAL_EN_MINORIA,prosecretario,Eric Calcagno,masthead
2018-08-15,2018-08-15_r12_ESPECIAL_EN_MINORIA,prosecretario,Mario Daniele,masthead
2018-08-15,2018-08-15_r12_ESPECIAL_EN_MINORIA,secretario,Juan Pedro Tunessi,masthead
2018-08-15,2018-08-15_r12_ESPECIAL_EN_MINORIA,vicepresidente de la nacion,Marta Gabriela Michetti,masthead
2018-08-22,2018-08-22_r13_ESPECIAL,presidente provisional,Federico Pinedo,masthead
2018-08-22,2018-08-22_r13_ESPECIAL,prosecretario,Eric Calcagno,masthead
2018-08-22,2018-08-22_r13_ESPECIAL,prosecretario,Mario Daniele,masthead
2018-08-22,2018-08-22_r13_ESPECIAL,secretario,Juan Pedro Tunessi,masthead
2018-08-22,2018-08-22_r13_ESPECIAL,vicepresidente,Omar Ángel Perotti,masthead
2018-08-22,2018-08-22_r13_ESPECIAL,vicepresidente 1º,Juan Carlos Marino,masthead
2018-08-22,2018-08-22_r13_ESPECIAL,vicepresidente de la nacion,Marta Gabriela Michetti,masthead
2018-08-29,2018-08-29_r14_ESPECIAL_EN_MINORIA,presidente provisional,Federico Pinedo,masthead
2018-08-29,2018-08-29_r14_ESPECIAL_EN_MINORIA,prosecretario,Eric Calcagno,masthead
2018-08-29,2018-08-29_r14_ESPECIAL_EN_MINORIA,prosecretario,Mario Daniele,masthead
2018-08-29,2018-08-29_r14_ESPECIAL_EN_MINORIA,secretario,Juan Pedro Tunessi,masthead
2018-09-05,2018-09-05_r15_ESPECIAL_EN_MINORIA,presidente provisional,Federico Pinedo,masthead
2018-09-05,2018-09-05_r15_ESPECIAL_EN_MINORIA,prosecretario,Eric Calcagno,masthead
2018-09-05,2018-09-05_r15_ESPECIAL_EN_MINORIA,prosecretario,Mario Daniele,masthead
2018-09-05,2018-09-05_r15_ESPECIAL_EN_MINORIA,secretario,Juan Pedro Tunessi,masthead
2018-10-10,2018-10-10_r16_ORDINARIA,presidente provisional,Federico Pinedo,masthead
2018-10-10,2018-10-10_r16_ORDINARIA,prosecretario,Eric Calcagno,masthead
2018-10-10,2018-10-10_r16_ORDINARIA,prosecretario,Mario Daniele,masthead
2018-10-10,2018-10-10_r16_ORDINARIA,secretario,Juan Pedro Tunessi,masthead
2018-10-10,2018-10-10_r16_ORDINARIA,vicepresidente,Omar Ángel Perotti,masthead
2018-11-14,2018-11-14_r17_ESPECIAL,presidente provisional,Federico Pinedo,masthead
2018-11-14,2018-11-14_r17_ESPECIAL,prosecretario,Eric Calcagno,masthead
2018-11-14,2018-11-14_r17_ESPECIAL,prosecretario,Mario Daniele,masthead
2018-11-14,2018-11-14_r17_ESPECIAL,secretario,Juan Pedro Tunessi,masthead
2018-11-14,2018-11-14_r17_ESPECIAL,vicepresidente,Omar Ángel Perotti,masthead
2018-11-14,2018-11-14_r17_ESPECIAL,vicepresidente 1º,Juan Carlos Marino,masthead
2018-11-14,2018-11-14_r17_ESPECIAL,vicepresidente 2º,Dña. María Inés Pilatti Vergara,masthead
2018-11-20,2018-11-20_r18_ESPECIAL_EN_MINORIA,presidente provisional,Federico Pinedo,masthead
2018-11-20,2018-11-20_r18_ESPECIAL_EN_MINORIA,prosecretario,Eric Calcagno,masthead
2018-11-20,2018-11-20_r18_ESPECIAL_EN_MINORIA,prosecretario,Mario Daniele,masthead
2018-11-20,2018-11-20_r18_ESPECIAL_EN_MINORIA,secretario,Juan Pedro Tunessi,masthead
2018-11-20,2018-11-20_r18_ESPECIAL_EN_MINORIA,vicepresidente 1º,Juan Carlos Marino,masthead
2018-12-12,2018-12-12_r19_EXTRAORDINARIA,presidente provisional,Federico Pinedo,masthead
2018-12-12,2018-12-12_r19_EXTRAORDINARIA,prosecretario,Eric Calcagno,masthead
2018-12-12,2018-12-12_r19_EXTRAORDINARIA,prosecretario,Mario Daniele,masthead
2018-12-12,2018-12-12_r19_EXTRAORDINARIA,secretario,Juan Pedro Tunessi,masthead
2018-12-12,2018-12-12_r19_EXTRAORDINARIA,vicepresidente de la nacion,Marta Gabriela Michetti,masthead
2018-12-19,2018-12-19_r20_EXTRAORDINARIA,presidente provisional,Federico Pinedo,masthead
2018-12-19,2018-12-19_r20_EXTRAORDINARIA,prosecretario,Eric Calcagno,masthead
2018-12-19,2018-12-19_r20_EXTRAORDINARIA,prosecretario,Mario Daniele,masthead
2018-12-19,2018-12-19_r20_EXTRAORDINARIA,secretario,Juan Pedro Tunessi,masthead
2018-12-19,2018-12-19_r20_EXTRAORDINARIA,vicepresidente de la nacion,Marta Gabriela Michetti,masthead
2019-02-27,2019-02-27_r01_PREPARATORIA,prosecretario,Eric Calcagno,masthead
2019-02-27,2019-02-27_r01_PREPARATORIA,prosecretario,Mario Daniele,masthead
2019-02-27,2019-02-27_r01_PREPARATORIA,secretario,Juan Pedro Tunessi,masthead
2019-02-27,2019-02-27_r01_PREPARATORIA,vicepresidente de la nacion,Marta Gabriela Michetti,masthead
2019-03-01,2019-03-01_r00_ASAMBLEA,presidente de la honorable camara de diputados,Emilio Monzó,masthead
2019-03-01,2019-03-01_r00_ASAMBLEA,secretario,Juan Pedro Tunessi,masthead
2019-03-20,2019-03-20_r02_ORDINARIA,presidente provisional,Federico Pinedo,masthead
2019-03-20,2019-03-20_r02_ORDINARIA,prosecretario,Eric Calcagno,masthead
2019-03-20,2019-03-20_r02_ORDINARIA,prosecretario,Mario Daniele,masthead
2019-03-20,2019-03-20_r02_ORDINARIA,secretario,Juan Pedro Tunessi,masthead
2019-03-27,2019-03-27_r03_ORDINARIA_CONTINUACION,presidente provisional,Federico Pinedo,masthead
2019-03-27,2019-03-27_r04_INFORMATIVA_ESPECIAL,presidente provisional,Federico Pinedo,masthead
2019-03-27,2019-03-27_r03_ORDINARIA_CONTINUACION,prosecretario,Eric Calcagno,masthead
2019-03-27,2019-03-27_r04_INFORMATIVA_ESPECIAL,prosecretario,Eric Calcagno,masthead
2019-03-27,2019-03-27_r03_ORDINARIA_CONTINUACION,prosecretario,Mario Daniele,masthead
2019-03-27,2019-03-27_r04_INFORMATIVA_ESPECIAL,prosecretario,Mario Daniele,masthead
2019-03-27,2019-03-27_r03_ORDINARIA_CONTINUACION,secretario,Juan Pedro Tunessi,masthead
2019-03-27,2019-03-27_r04_INFORMATIVA_ESPECIAL,secretario,Juan Pedro Tunessi,masthead
2019-04-16,2019-04-16_r05_ESPECIAL,presidente provisional,Federico Pinedo,masthead
2019-04-16,2019-04-16_r05_ESPECIAL,prosecretario,Eric Calcagno,masthead
2019-04-16,2019-04-16_r05_ESPECIAL,prosecretario,Mario Daniele,masthead
2019-04-16,2019-04-16_r05_ESPECIAL,secretario,Juan Pedro Tunessi,masthead
2019-04-16,2019-04-16_r05_ESPECIAL,vicepresidente de la nacion,Marta Gabriela Michetti,masthead
2019-05-22,2019-05-22_r06_ESPECIAL,presidente provisional,Federico Pinedo,masthead
2019-05-22,2019-05-22_r06_ESPECIAL,prosecretario,Eric Calcagno,masthead
2019-05-22,2019-05-22_r06_ESPECIAL,prosecretario,Mario Daniele,masthead
2019-05-22,2019-05-22_r06_ESPECIAL,secretario,Juan Pedro Tunessi,masthead
2019-05-22,2019-05-22_r06_ESPECIAL,vicepresidente de la nacion,Marta Gabriela Michetti,masthead
2019-07-17,2019-07-17_r07_ORDINARIA,presidente provisional,Federico Pinedo,masthead
2019-07-17,2019-07-17_r07_ORDINARIA,prosecretario,Eric Calcagno,masthead
2019-07-17,2019-07-17_r07_ORDINARIA,prosecretario,Mario Daniele,masthead
2019-07-17,2019-07-17_r07_ORDINARIA,secretario,Juan Pedro Tunessi,masthead
2019-07-17,2019-07-17_r07_ORDINARIA,vicepresidente,Omar Ángel Perotti,masthead
2019-09-18,2019-09-18_r08_ESPECIAL,presidente provisional,Federico Pinedo,masthead
2019-09-18,2019-09-18_r08_ESPECIAL,prosecretario,Eric Calcagno,masthead
2019-09-18,2019-09-18_r08_ESPECIAL,prosecretario,Mario Daniele,masthead
2019-09-18,2019-09-18_r08_ESPECIAL,secretario,Juan Pedro Tunessi,masthead
2019-09-18,2019-09-18_r08_ESPECIAL,vicepresidente de la nacion,Marta Gabriela Michetti,masthead
2019-11-13,2019-11-13_r00_ASAMBLEA,presidente de la honorable camara de diputados,Emilio Monzó,masthead
2019-11-13,2019-11-13_r09_ESPECIAL,presidente provisional,Federico Pinedo,masthead
2019-11-13,2019-11-13_r09_ESPECIAL,prosecretario,Eric Calcagno,masthead
2019-11-13,2019-11-13_r09_ESPECIAL,prosecretario,Mario Daniele,masthead
2019-11-13,2019-11-13_r00_ASAMBLEA,secretario,Juan Pedro Tunessi,masthead
2019-11-13,2019-11-13_r09_ESPECIAL,secretario,Juan Pedro Tunessi,masthead
2019-11-13,2019-11-13_r09_ESPECIAL,vicepresidente de la nacion,Marta Gabriela Michetti,masthead
2019-11-27,2019-11-27_r10_ESPECIAL,prosecretario,Eric Calcagno,masthead
2019-11-27,2019-11-27_r10_ESPECIAL,prosecretario,Mario Daniele,masthead
2019-11-27,2019-11-27_r10_ESPECIAL,secretario,Juan Pedro Tunessi,masthead
2019-11-27,2019-11-27_r10_ESPECIAL,vicepresidente de la nacion,Marta Gabriela Michetti,masthead
2019-12-10,2019-12-10_r00_ASAMBLEA,presidente de la honorable camara de diputados,Sergio Tomás Massa,masthead
2019-12-10,2019-12-10_r00_ASAMBLEA,secretario,Marcelo Jorge Fuentes,masthead
2019-12-10,2019-12-10_r00_ASAMBLEA,vicepresidente de la nacion,Marta Gabriela Michetti,masthead
2019-12-20,2019-12-20_r11_EXTRAORDINARIA,presidenta provisional,Claudia Ledesma Abdala,masthead
2019-12-20,2019-12-20_r11_EXTRAORDINARIA,prosecretario,Juan Pedro Tunessi,masthead
2019-12-20,2019-12-20_r11_EXTRAORDINARIA,prosecretario,Mariano Ramiro Cabral,masthead
2019-12-20,2019-12-20_r11_EXTRAORDINARIA,secretario,Marcelo Jorge Fuentes,masthead
2019-12-20,2019-12-20_r11_EXTRAORDINARIA,vicepresidenta de la nacion,Cristina Fernandez de Kirchner,masthead
2020-02-05,05-02-2020_ESPECIAL_EXTRAORDINARIA,presidenta provisional,Claudia Ledesma Abdala,masthead
2020-02-05,05-02-2020_ESPECIAL_EXTRAORDINARIA,prosecretario,Juan Pedro Tunessi,masthead
2020-02-05,05-02-2020_ESPECIAL_EXTRAORDINARIA,prosecretario,Mariano Ramiro Cabral,masthead
2020-02-05,05-02-2020_ESPECIAL_EXTRAORDINARIA,secretario,Marcelo Jorge Fuentes,masthead
2020-02-05,05-02-2020_ESPECIAL_EXTRAORDINARIA,vicepresidente 1º,Maurice Fabián Closs,masthead
2020-02-20,20-02-2020_EXTRAORDINARIA,prosecretario,Juan Pedro Tunessi,masthead
2020-02-20,20-02-2020_PREPARATORIA,prosecretario,Juan Pedro Tunessi,masthead
2020-02-20,20-02-2020_EXTRAORDINARIA,prosecretario,Mariano Ramiro Cabral,masthead
2020-02-20,20-02-2020_PREPARATORIA,prosecretario,Mariano Ramiro Cabral,masthead
2020-02-20,20-02-2020_EXTRAORDINARIA,secretario,Marcelo Jorge Fuentes,masthead
2020-02-20,20-02-2020_PREPARATORIA,secretario,Marcelo Jorge Fuentes,masthead
2020-02-20,20-02-2020_EXTRAORDINARIA,vicepresidenta de la nacion,Cristina Fernandez de Kirchner,masthead
2020-02-20,20-02-2020_PREPARATORIA,vicepresidenta de la nacion,Cristina Fernandez de Kirchner,masthead
2020-02-28,28-02-2020_EXTRAORDINARIA,presidenta provisional,Claudia Ledesma Abdala,masthead
2020-02-28,28-02-2020_EXTRAORDINARIA,prosecretario,Juan Pedro Tunessi,masthead
2020-02-28,28-02-2020_EXTRAORDINARIA,prosecretario,Mariano Ramiro Cabral,masthead
2020-02-28,28-02-2020_EXTRAORDINARIA,secretario,Marcelo Jorge Fuentes,masthead
2020-02-28,28-02-2020_EXTRAORDINARIA,vicepresidenta de la nacion,Cristina Fernandez de Kirchner,masthead
2020-03-01,01-03-2020_ASAMBLEA,presidente de la honorable camara de diputados,Sergio Tomás Massa,masthead
2020-03-01,01-03-2020_ASAMBLEA,secretario,Marcelo Jorge Fuentes,masthead
2020-03-12,12-03-2020_ESPECIAL,presidenta provisional,Claudia Ledesma Abdala,masthead
2020-03-12,12-03-2020_ESPECIAL,prosecretario,Juan Pedro Tunessi,masthead
2020-03-12,12-03-2020_ESPECIAL,prosecretario,Mariano Ramiro Cabral,masthead
2020-03-12,12-03-2020_ESPECIAL,secretario,Marcelo Jorge Fuentes,masthead
2020-03-12,12-03-2020_ESPECIAL,vicepresidenta de la nacion,Cristina Fernandez de Kirchner,masthead
2020-03-12,12-03-2020_ESPECIAL,vicepresidente,Martín Lousteau,masthead
2020-05-13,13-05-2020_ESPECIAL,presidenta provisional,Claudia Ledesma Abdala,masthead
2020-05-13,13-05-2020_ESPECIAL,prosecretario,Juan Pedro Tunessi,masthead
2020-05-13,13-05-2020_ESPECIAL,prosecretario,Mariano Ramiro Cabral,masthead
2020-05-13,13-05-2020_ESPECIAL,secretario,Marcelo Jorge Fuentes,masthead
2020-05-13,13-05-2020_ESPECIAL,vicepresidenta de la nacion,Cristina Fernandez de Kirchner,masthead
2020-05-13,13-05-2020_ESPECIAL,vicepresidente,Martín Lousteau,masthead
2020-05-21,21-05-2020_ESPECIAL,prosecretario,Juan Pedro Tunessi,masthead
2020-05-21,21-05-2020_ESPECIAL,prosecretario,Mariano Ramiro Cabral,masthead
2020-05-21,21-05-2020_ESPECIAL,secretario,Donmarcelo Jorge Fuentes,masthead
2020-05-21,21-05-2020_ESPECIAL,vicepresidenta de la nacion,Cristina Fernandez de Kirchnery Dela,masthead
2020-06-04,04-06-2020_ESPECIAL,presidenta provisional,Claudia Ledesma Abdala,masthead
2020-06-04,04-06-2020_ESPECIAL,prosecretario,Juan Pedro Tunessi,masthead
2020-06-04,04-06-2020_ESPECIAL,prosecretario,Mariano Ramiro Cabral,masthead
2020-06-04,04-06-2020_ESPECIAL,secretario,Marcelo Jorge Fuentes,masthead
2020-06-04,04-06-2020_ESPECIAL,vicepresidenta de la nacion,Cristina Fernandez de Kirchner,masthead
2020-06-11,11-06-2020_ESPECIAL,presidenta provisional,Claudia Ledesma Abdala,masthead
2020-06-11,11-06-2020_ESPECIAL,prosecretario,Juan Pedro Tunessi,masthead
2020-06-11,11-06-2020_ESPECIAL,prosecretario,Mariano Ramiro Cabral,masthead
2020-06-11,11-06-2020_ESPECIAL,secretario,Marcelo Jorge Fuentes,masthead
2020-06-11,11-06-2020_ESPECIAL,vicepresidenta de la nacion,Cristina Fernandez de Kirchner,masthead
2020-06-18,18-06-2020_INFORMATIVA_ESPECIAL,presidenta provisional,Claudia Ledesma Abdalay,masthead
2020-06-18,18-06-2020_INFORMATIVA_ESPECIAL,prosecretario,Juan Pedro Tunessi,masthead
2020-06-18,18-06-2020_INFORMATIVA_ESPECIAL,prosecretario,Mariano Ramiro Cabral,masthead
2020-06-18,18-06-2020_INFORMATIVA_ESPECIAL,secretario,Donmarcelo Jorge Fuentes,masthead
2020-06-18,18-06-2020_INFORMATIVA_ESPECIAL,vicepresidenta de la nacion,Cristina Fernandez de Kirchner,masthead
2020-06-24,24-06-2020_ESPECIAL,prosecretario,Juan Pedro Tunessi,masthead
2020-06-24,24-06-2020_ESPECIAL,prosecretario,Mariano Ramiro Cabral,masthead
2020-06-24,24-06-2020_ESPECIAL,secretario,Marcelo Jorge Fuentes,masthead
2020-07-23,23-07-2020_ESPECIAL,prosecretario,Juan Pedro Tunessi,masthead
2020-07-23,23-07-2020_ESPECIAL,prosecretario,Mariano Ramiro Cabral,masthead
2020-07-23,23-07-2020_ESPECIAL,secretario,Marcelo Jorge Fuentes,masthead
2020-07-30,30-07-2020_ESPECIAL,prosecretario,Juan Pedro Tunessi,masthead
2020-07-30,30-07-2020_ESPECIAL,prosecretario,Mariano Ramiro Cabral,masthead
2020-07-30,30-07-2020_ESPECIAL,secretario,Marcelo Jorge Fuentes,masthead
2020-08-13,13-08-2020_ESPECIAL,prosecretario,Juan Pedro Tunessi,masthead
2020-08-13,13-08-2020_ESPECIAL,prosecretario,Mariano Ramiro Cabral,masthead
2020-08-13,13-08-2020_ESPECIAL,secretario,Marcelo Jorge Fuentes,masthead
2020-08-27,27-08-2020_ESPECIAL,prosecretario,Juan Pedro Tunessi,masthead
2020-08-27,27-08-2020_ESPECIAL,prosecretario,Mariano Ramiro Cabral,masthead
2020-08-27,27-08-2020_ESPECIAL,secretario,Marcelo Jorge Fuentes,masthead
2020-09-03,03-09-2020_ESPECIAL,prosecretario,Juan Pedro Tunessi,masthead
2020-09-03,03-09-2020_ESPECIAL,prosecretario,Mariano Ramiro Cabral,masthead
2020-09-03,03-09-2020_ESPECIAL,secretario,Marcelo Jorge Fuentes,masthead
2020-09-16,16-09-2020_ESPECIAL,prosecretario,Juan Pedro Tunessi,masthead
2020-09-16,16-09-2020_ESPECIAL,prosecretario,Mariano Ramiro Cabral,masthead
2020-09-16,16-09-2020_ESPECIAL,secretario,Marcelo Jorge Fuentes,masthead
2020-10-02,02-10-2020_ESPECIAL,prosecretario,Juan Pedro Tunessi,masthead
2020-10-02,02-10-2020_ESPECIAL,prosecretario,Mariano Ramiro Cabral,masthead
2020-10-02,02-10-2020_ESPECIAL,secretario,Marcelo Jorge Fuentes,masthead
2020-10-07,07-10-2020_INFORMATIVA_ESPECIAL,prosecretario,Juan Pedro Tunessi,masthead
2020-10-07,07-10-2020_INFORMATIVA_ESPECIAL,prosecretario,Mariano Ramiro Cabral,masthead
2020-10-07,07-10-2020_INFORMATIVA_ESPECIAL,secretario,Marcelo Jorge Fuentes,masthead
2020-10-08,08-10-2020_ESPECIAL,prosecretario,Juan Pedro Tunessi,masthead
2020-10-08,08-10-2020_ESPECIAL,prosecretario,Mariano Ramiro Cabral,masthead
2020-10-08,08-10-2020_ESPECIAL,secretario,Marcelo Jorge Fuentes,masthead
2020-10-15,15-10-2020_ORDINARIA,prosecretario,Juan Pedro Tunessi,masthead
2020-10-15,15-10-2020_ORDINARIA,prosecretario,Mariano Ramiro Cabral,masthead
2020-10-15,15-10-2020_ORDINARIA,secretario,Marcelo Jorge Fuentes,masthead
2020-10-29,29-10-2020_ORDINARIA,prosecretario,Juan Pedro Tunessi,masthead
2020-10-29,29-10-2020_ORDINARIA,prosecretario,Mariano Ramiro Cabral,masthead
2020-10-29,29-10-2020_ORDINARIA,secretario,Marcelo Jorge Fuentes,masthead
2020-10-30,30-10-2020_ESPECIAL,prosecretario,Juan Pedro Tunessi,masthead
2020-10-30,30-10-2020_ESPECIAL,prosecretario,Mariano Ramiro Cabral,masthead
2020-10-30,30-10-2020_ESPECIAL,secretario,Marcelo Jorge Fuentes,masthead
2020-11-05,05-11-2020_ESPECIAL,prosecretario,Juan Pedro Tunessi,masthead
2020-11-05,05-11-2020_ESPECIAL,prosecretario,Mariano Ramiro Cabral,masthead
2020-11-05,05-11-2020_ESPECIAL,secretario,Marcelo Jorge Fuentes,masthead
2020-11-12,12-11-2020_ESPECIAL,prosecretario,Juan Pedro Tunessi,masthead
2020-11-12,12-11-2020_ESPECIAL,prosecretario,Mariano Ramiro Cabral,masthead
2020-11-12,12-11-2020_ESPECIAL,secretario,Marcelo Jorge Fuentes,masthead
2020-11-26,26-11-2020_ORDINARIA,prosecretario,Juan Pedro Tunessi,masthead
2020-11-26,26-11-2020_ORDINARIA,prosecretario,Mariano Ramiro Cabral,masthead
2020-11-26,26-11-2020_ORDINARIA,secretario,Marcelo Jorge Fuentes,masthead
2020-11-27,27-11-2020_ESPECIAL,prosecretario,Juan Pedro Tunessi,masthead
2020-11-27,27-11-2020_ESPECIAL,prosecretario,Mariano Ramiro Cabral,masthead
2020-11-27,27-11-2020_ESPECIAL,secretario,Marcelo Jorge Fuentes,masthead
2020-11-30,30-11-2020_ORDINARIA_CONTINUACIÓN,prosecretario,Juan Pedro Tunessi,masthead
2020-11-30,30-11-2020_ORDINARIA_CONTINUACIÓN,prosecretario,Mariano Ramiro Cabral,masthead
2020-11-30,30-11-2020_ORDINARIA_CONTINUACIÓN,secretario,Marcelo Jorge Fuentes,masthead
2020-12-04,04-12-2020_ESPECIAL,prosecretario,Juan Pedro Tunessi,masthead
2020-12-04,04-12-2020_ESPECIAL,prosecretario,Mariano Ramiro Cabral,masthead
2020-12-04,04-12-2020_ESPECIAL,secretario,Marcelo Jorge Fuentes,masthead
2020-12-10,10-12-2020_ESPECIAL,prosecretario,Juan Pedro Tunessi,masthead
2020-12-10,10-12-2020_ESPECIAL,prosecretario,Mariano Ramiro Cabral,masthead
2020-12-10,10-12-2020_ESPECIAL,secretario,Marcelo Jorge Fuentes,masthead
2020-12-29,29-12-2020_ESPECIAL,prosecretario,Juan Pedro Tunessi,masthead
2020-12-29,29-12-2020_ESPECIAL,prosecretario,Mariano Ramiro Cabral,masthead
2020-12-29,29-12-2020_ESPECIAL,secretario,Marcelo Jorge Fuentes,masthead
2021-02-04,04-02-2021_EXTRAORDINARIA,prosecretario,Juan Pedro Tunessi,masthead
2021-02-04,04-02-2021_EXTRAORDINARIA,prosecretario,Mariano Ramiro Cabral,masthead
2021-02-04,04-02-2021_EXTRAORDINARIA,secretario,Marcelo Jorge Fuentes,masthead
2021-02-24,24-02-2021_PREPARATORIA,prosecretario,Juan Pedro Tunessi,masthead
2021-02-24,24-02-2021_EXTRAORDINARIA,prosecretario,Juan Pedro Tunessi,masthead
2021-02-24,24-02-2021_PREPARATORIA,prosecretario,Mariano Ramiro Cabral,masthead
2021-02-24,24-02-2021_EXTRAORDINARIA,prosecretario,Mariano Ramiro Cabral,masthead
2021-02-24,24-02-2021_PREPARATORIA,secretario,Marcelo Jorge Fuentes,masthead
2021-02-24,24-02-2021_EXTRAORDINARIA,secretario,Marcelo Jorge Fuentes,masthead
2021-03-01,01-03-2021_ASAMBLEA,presidente de la honorable camara de diputados,Sergio Tomás Massa,masthead
2021-03-01,01-03-2021_ASAMBLEA,secretario,Marcelo Jorge Fuentes,masthead
2021-03-11,11-03-2021_ESPECIAL,prosecretario,Juan Pedro Tunessi,masthead
2021-03-11,11-03-2021_ESPECIAL,prosecretario,Mariano Ramiro Cabral,masthead
2021-03-11,11-03-2021_ESPECIAL,secretario,Marcelo Jorge Fuentes,masthead
2021-03-25,25-03-2021_ESPECIAL,prosecretario,Juan Pedro Tunessi,masthead
2021-03-25,25-03-2021_ESPECIAL,prosecretario,Mariano Ramiro Cabral,masthead
2021-03-25,25-03-2021_ESPECIAL,secretario,Marcelo Jorge Fuentes,masthead
2021-04-08,08-04-2021_ESPECIAL,prosecretario,Juan Pedro Tunessi,masthead
2021-04-08,08-04-2021_ESPECIAL,prosecretario,Mariano Ramiro Cabral,masthead
2021-04-08,08-04-2021_ESPECIAL,secretario,Marcelo Jorge Fuentes,masthead
2021-05-13,13-05-2021_ESPECIAL,prosecretario,Juan Pedro Tunessi,masthead
2021-05-13,13-05-2021_ESPECIAL,prosecretario,Mariano Ramiro Cabral,masthead
2021-05-13,13-05-2021_ESPECIAL,secretario,Marcelo Jorge Fuentes,masthead
2021-05-20,20-05-2021_ESPECIAL,prosecretario,Juan Pedro Tunessi,masthead
2021-05-20,20-05-2021_ESPECIAL,prosecretario,Mariano Ramiro Cabral,masthead
2021-05-20,20-05-2021_ESPECIAL,secretario,Marcelo Jorge Fuentes,masthead
2021-06-02,02-06-2021_ESPECIAL,prosecretario,Juan Pedro Tunessi,masthead
2021-06-02,02-06-2021_ESPECIAL,prosecretario,Mariano Ramiro Cabral,masthead
2021-06-02,02-06-2021_ESPECIAL,secretario,Marcelo Jorge Fuentes,masthead
2021-06-03,03-06-2021_INFORMATIVA_ESPECIAL,prosecretario,Juan Pedro Tunessi,masthead
2021-06-03,03-06-2021_INFORMATIVA_ESPECIAL,prosecretario,Mariano Ramiro Cabral,masthead
2021-06-03,03-06-2021_INFORMATIVA_ESPECIAL,secretario,Marcelo Jorge Fuentes,masthead
2021-06-24,24-06-2021_ESPECIAL,prosecretario,Juan Pedro Tunessi,masthead
2021-06-24,24-06-2021_ESPECIAL,prosecretario,Mariano Ramiro Cabral,masthead
2021-06-24,24-06-2021_ESPECIAL,secretario,Marcelo Jorge Fuentes,masthead
2021-07-15,15-07-2021_ESPECIAL,prosecretario,Juan Pedro Tunessi,masthead
2021-07-15,15-07-2021_ESPECIAL,prosecretario,Mariano Ramiro Cabral,masthead
2021-07-15,15-07-2021_ESPECIAL,secretario,Marcelo Jorge Fuentes,masthead
2021-08-19,19-08-2021_ESPECIAL,prosecretario,Juan Pedro Tunessi,masthead
2021-08-19,19-08-2021_ESPECIAL,prosecretario,Mariano Ramiro Cabral,masthead
2021-08-19,19-08-2021_ESPECIAL,secretario,Marcelo Jorge Fuentes,masthead
2021-10-06,06-10-2021_ESPECIAL,prosecretario,Juan Pedro Tunessi,masthead
2021-10-06,06-10-2021_ESPECIAL,prosecretario,Mariano Ramiro Cabral,masthead
2021-10-06,06-10-2021_ESPECIAL,secretario,Marcelo Jorge Fuentes,masthead
2021-10-28,28-10-2021_ORDINARIA,prosecretario,Juan Pedro Tunessi,masthead
2021-10-28,28-10-2021_ORDINARIA,prosecretario,Mariano Ramiro Cabral,masthead
2021-10-28,28-10-2021_ORDINARIA,secretario,Marcelo Jorge Fuentes,masthead
2021-12-09,09-12-2021_ESPECIAL,prosecretario,Juan Pedro Tunessi,masthead
2021-12-09,09-12-2021_ORDINARIA,prosecretario,Juan Pedro Tunessi,masthead
2021-12-09,09-12-2021_ESPECIAL,prosecretario,Mariano Ramiro Cabral,masthead
2021-12-09,09-12-2021_ORDINARIA,prosecretario,Mariano Ramiro Cabral,masthead
2021-12-09,09-12-2021_ESPECIAL,secretario,Marcelo Jorge Fuentes,masthead
2021-12-09,09-12-2021_ORDINARIA,secretario,Marcelo Jorge Fuentes,masthead
2021-12-29,29-12-2021_ESPECIAL,prosecretario,Juan Pedro Tunessi,masthead
2021-12-29,29-12-2021_ESPECIAL,prosecretario,Mariano Ramiro Cabral,masthead
2021-12-29,29-12-2021_ESPECIAL,secretario,Marcelo Jorge Fuentes,masthead
2022-02-24,24-02-2022_PREPARATORIA,prosecretario,Juan Pedro Tunessi,masthead
2022-02-24,24-02-2022_PREPARATORIA,prosecretario,Mariano Ramiro Cabral,masthead
2022-02-24,24-02-2022_PREPARATORIA,secretario,Marcelo Jorge Fuentes,masthead
2022-03-01,01-03-2022_ASAMBLEA,presidente de la honorable camara de diputados,Sergio Tomás Massa,masthead
2022-03-01,01-03-2022_ASAMBLEA,secretario,Marcelo Jorge Fuentes,masthead
2022-03-17,17-03-2022_ESPECIAL,prosecretario,Juan Pedro Tunessi,masthead
2022-03-17,17-03-2022_ESPECIAL,prosecretario,Mariano Ramiro Cabral,masthead
2022-03-17,17-03-2022_ESPECIAL,secretario,Marcelo Jorge Fuentes,masthead
2022-04-07,07-04-2022_ESPECIAL,prosecretario,Juan Pedro Tunessi,masthead
2022-04-07,07-04-2022_ESPECIAL,prosecretario,Mariano Ramiro Cabral,masthead
2022-04-07,07-04-2022_ESPECIAL,secretario,Marcelo Jorge Fuentes,masthead
2022-05-12,12-05-2022_ESPECIAL,prosecretario,Juan Pedro Tunessi,masthead
2022-05-12,12-05-2022_ESPECIAL,prosecretario,Mariano Ramiro Cabral,masthead
2022-05-12,12-05-2022_ESPECIAL,secretario,Marcelo Jorge Fuentes,masthead
2022-06-02,02-06-2022_ESPECIAL,prosecretario,Juan Pedro Tunessi,masthead
2022-06-02,02-06-2022_INFORMATIVA_ESPECIAL,prosecretario,Juan Pedro Tunessi,masthead
2022-06-02,02-06-2022_ESPECIAL,prosecretario,Mariano Ramiro Cabral,masthead
2022-06-02,02-06-2022_INFORMATIVA_ESPECIAL,prosecretario,Mariano Ramiro Cabral,masthead
2022-06-02,02-06-2022_ESPECIAL,secretario,Marcelo Jorge Fuentes,masthead
2022-06-02,02-06-2022_INFORMATIVA_ESPECIAL,secretario,Marcelo Jorge Fuentes,masthead
2022-06-30,30-06-2022_ORDINARIA,prosecretario,Juan Pedro Tunessi,masthead
2022-06-30,30-06-2022_ORDINARIA,prosecretario,Mariano Ramiro Cabral,masthead
2022-06-30,30-06-2022_ORDINARIA,secretario,Marcelo Jorge Fuentes,masthead
2022-08-10,10-08-2022_ESPECIAL,prosecretario,Juan Pedro Tunessi,masthead
2022-08-10,10-08-2022_ESPECIAL,prosecretario,Mariano Ramiro Cabral,masthead
2022-08-10,10-08-2022_ESPECIAL,secretario,Marcelo Jorge Fuentes,masthead
2022-09-01,01-09-2022_ESPECIAL,prosecretario,Juan Pedro Tunessi,masthead
2022-09-01,01-09-2022_ESPECIAL,prosecretario,Mariano Ramiro Cabral,masthead
2022-09-01,01-09-2022_ESPECIAL,secretario,Marcelo Jorge Fuentes,masthead
2022-09-08,08-09-2022_ESPECIAL,prosecretario,Juan Pedro Tunessi,masthead
2022-09-08,08-09-2022_ESPECIAL,prosecretario,Mariano Ramiro Cabral,masthead
2022-09-08,08-09-2022_ESPECIAL,secretario,Marcelo Jorge Fuentes,masthead
2022-09-22,22-09-2022_ESPECIAL,prosecretario,Juan Pedro Tunessi,masthead
2022-09-22,22-09-2022_ESPECIAL,prosecretario,Mariano Ramiro Cabral,masthead
2022-09-22,22-09-2022_ESPECIAL,secretario,Marcelo Jorge Fuentes,masthead
2022-10-27,27-10-2022_ESPECIAL,prosecretario,Juan Pedro Tunessi,masthead
2022-10-27,27-10-2022_ESPECIAL,prosecretario,Mariano Ramiro Cabral,masthead
2022-10-27,27-10-2022_ESPECIAL,secretario,Marcelo Jorge Fuentes,masthead
2022-11-16,16-11-2022_ESPECIAL,prosecretario,Juan Pedro Tunessi,masthead
2022-11-16,16-11-2022_ESPECIAL,prosecretario,Mariano Ramiro Cabral,masthead
2022-11-16,16-11-2022_ESPECIAL,secretario,Marcelo Jorge Fuentes,masthead
2023-02-23,23-02-2023_PREPARATORIA,prosecretario,Juan Pedro Tunessi,masthead
2023-02-23,23-02-2023_PREPARATORIA,prosecretario,Mariano Ramiro Cabral,masthead
2023-02-23,23-02-2023_PREPARATORIA,secretario,Marcelo Jorge Fuentes,masthead
2023-03-01,01-03-2023_ASAMBLEA,presidenta de la honorable camara de diputados,Cecilia Moreau,masthead
2023-03-01,01-03-2023_ASAMBLEA,secretario,Marcelo Jorge Fuentes,masthead
2023-03-30,30-03-2023_ESPECIAL,prosecretario,Juan Pedro Tunessi,masthead
2023-03-30,30-03-2023_ESPECIAL,prosecretario,Mariano Ramiro Cabral,masthead
2023-03-30,30-03-2023_ESPECIAL,secretario,Marcelo Jorge Fuentes,masthead
2023-04-13,13-04-2023_ORDINARIA,prosecretario,Juan Pedro Tunessi,masthead
2023-04-13,13-04-2023_ORDINARIA,prosecretario,Mariano Ramiro Cabral,masthead
2023-04-13,13-04-2023_ORDINARIA,secretario,Marcelo Jorge Fuentes,masthead
2023-05-11,11-05-2023_INFORMATIVA_ESPECIAL,prosecretario,Juan Pedro Tunessi,masthead
2023-05-11,11-05-2023_INFORMATIVA_ESPECIAL,prosecretario,Mariano Ramiro Cabral,masthead
2023-05-11,11-05-2023_INFORMATIVA_ESPECIAL,secretario,Marcelo Jorge Fuentes,masthead
2023-07-12,12-07-2023_EN_MINORÍA,prosecretario,Juan Pedro Tunessi,masthead
2023-07-12,12-07-2023_EN_MINORÍA,prosecretario,Mariano Ramiro Cabral,masthead
2023-07-12,12-07-2023_EN_MINORÍA,secretario,Marcelo Jorge Fuentes,masthead
2023-09-28,28-09-2023_ESPECIAL,prosecretario,Juan Pedro Tunessi,masthead
2023-09-28,28-09-2023_ESPECIAL,prosecretario,Mariano Ramiro Cabral,masthead
2023-09-28,28-09-2023_ESPECIAL,secretario,Marcelo Jorge Fuentes,masthead
2023-11-02,02-11-2023_ASAMBLEA,presidenta de la honorable camara de diputados,Cecilia Moreau,masthead
2023-11-02,02-11-2023_ASAMBLEA,secretario,Marcelo Jorge Fuentes,masthead
2023-11-29,29-11-2023_ASAMBLEA,presidenta de la honorable camara de diputados,Cecilia Moreau,masthead
2023-11-29,29-11-2023_ASAMBLEA,secretario,Marcelo Jorge Fuentes,masthead
2023-12-07,07-12-2023_ESPECIAL,prosecretario,Juan Pedro Tunessi,masthead
2023-12-07,07-12-2023_ESPECIAL,prosecretario,Mariano Ramiro Cabral,masthead
2023-12-07,07-12-2023_ESPECIAL,secretario,Marcelo Jorge Fuentes,masthead
2023-12-10,10-12-2023_ASAMBLEA,presidente de la honorable camara de diputados,Martín Menem,masthead
2023-12-10,10-12-2023_ASAMBLEA,secretario,Marcelo Jorge Fuentes,masthead
2023-12-10,10-12-2023_ASAMBLEA,vicepresidenta de la nacion,Cristina Fernández de Kirchner,masthead
2023-12-13,13-12-2023_ESPECIAL,presidencia del senado (vicepresidencia de la nacion),Victoria Villarruel,roster
2023-12-13,13-12-2023_ESPECIAL,prosecretaria parlamentaria,Juan Pedro Tunessi,roster
2023-12-13,13-12-2023_ESPECIAL,vicepresidencia,Carolina Losada,roster
2023-12-13,13-12-2023_ESPECIAL,vicepresidencia segunda,Guadalupe Tagliaferri,roster
2024-02-23,23-02-2024_PREPARATORIA,presidencia del senado (vicepresidencia de la nacion),Victoria Villarruel,roster
2024-02-23,23-02-2024_PREPARATORIA,presidencia provisional,Bartolomé Esteban Abdala,roster
2024-02-23,23-02-2024_PREPARATORIA,prosecretaria administrativa,Lucas Clark,roster
2024-02-23,23-02-2024_PREPARATORIA,prosecretaria de coordinacion operativa,Manuel Ignacio Chavarría,roster
2024-02-23,23-02-2024_PREPARATORIA,prosecretaria parlamentaria,Dolores Martínez,roster
2024-02-23,23-02-2024_PREPARATORIA,secretaria administrativa,María Laura Izzo,roster
2024-02-23,23-02-2024_PREPARATORIA,secretaria parlamentaria,Agustín Wenceslao Giustinian,roster
2024-02-23,23-02-2024_PREPARATORIA,vicepresidencia,Silvia Sapag,roster
2024-02-23,23-02-2024_PREPARATORIA,vicepresidencia primera,Carolina Losada,roster
2024-02-23,23-02-2024_PREPARATORIA,vicepresidencia segunda,Alejandra María Vigo,roster
2024-03-01,01-03-2024_ASAMBLEA,vicepresidente de la nacion,Victoria Villarruel,masthead
2024-03-14,14-03-2024_ESPECIAL,presidencia del senado (vicepresidencia de la nacion),Victoria Villarruel,roster
2024-03-14,14-03-2024_ESPECIAL,presidencia provisional,Bartolomé Esteban Abdala,roster
2024-03-14,14-03-2024_ESPECIAL,prosecretaria administrativa,Lucas Clark,roster
2024-03-14,14-03-2024_ESPECIAL,prosecretaria de coordinacion operativa,Manuel Ignacio Chavarría,roster
2024-03-14,14-03-2024_ESPECIAL,prosecretaria parlamentaria,Dolores Martínez,roster
2024-03-14,14-03-2024_ESPECIAL,secretaria administrativa,María Laura Izzo,roster
2024-03-14,14-03-2024_ESPECIAL,secretaria parlamentaria,Agustín Wenceslao Giustinian,roster
2024-03-14,14-03-2024_ESPECIAL,vicepresidencia,Silvia Sapag,roster
2024-03-14,14-03-2024_ESPECIAL,vicepresidencia primera,Carolina Losada,roster
2024-03-14,14-03-2024_ESPECIAL,vicepresidencia segunda,Alejandra María Vigo,roster
2024-04-18,18-04-2024_ORDINARIA,presidencia del senado (vicepresidencia de la nacion),Victoria Villarruel,roster
2024-04-18,18-04-2024_ORDINARIA,presidencia provisional,Bartolomé Esteban Abdala,roster
2024-04-18,18-04-2024_ORDINARIA,prosecretaria administrativa,Lucas Clark,roster
2024-04-18,18-04-2024_ORDINARIA,prosecretaria de coordinacion operativa,Manuel Ignacio Chavarría,roster
2024-04-18,18-04-2024_ORDINARIA,prosecretaria parlamentaria,Dolores Martínez,roster
2024-04-18,18-04-2024_ORDINARIA,secretaria administrativa,María Laura Izzo,roster
2024-04-18,18-04-2024_ORDINARIA,secretaria parlamentaria,Agustín Wenceslao Giustinian,roster
2024-04-18,18-04-2024_ORDINARIA,vicepresidencia,Silvia Sapag,roster
2024-04-18,18-04-2024_ORDINARIA,vicepresidencia primera,Carolina Losada,roster
2024-04-18,18-04-2024_ORDINARIA,vicepresidencia segunda,Alejandra María Vigo,roster
2024-05-15,15-05-2024_INFORMATIVA_ESPECIAL,presidencia del senado (vicepresidencia de la nacion),Victoria Villarruel,roster
2024-05-15,15-05-2024_INFORMATIVA_ESPECIAL,presidencia provisional,Bartolomé Esteban Abdala,roster
2024-05-15,15-05-2024_INFORMATIVA_ESPECIAL,prosecretaria administrativa,Lucas Clark,roster
2024-05-15,15-05-2024_INFORMATIVA_ESPECIAL,prosecretaria de coordinacion operativa,Manuel Ignacio Chavarría,roster
2024-05-15,15-05-2024_INFORMATIVA_ESPECIAL,prosecretaria parlamentaria,Dolores Martínez,roster
2024-05-15,15-05-2024_INFORMATIVA_ESPECIAL,secretaria administrativa,María Laura Izzo,roster
2024-05-15,15-05-2024_INFORMATIVA_ESPECIAL,secretaria parlamentaria,Agustín Wenceslao Giustinian,roster
2024-05-15,15-05-2024_INFORMATIVA_ESPECIAL,vicepresidencia,Silvia Sapag,roster
2024-05-15,15-05-2024_INFORMATIVA_ESPECIAL,vicepresidencia primera,Carolina Losada,roster
2024-05-15,15-05-2024_INFORMATIVA_ESPECIAL,vicepresidencia segunda,Alejandra María Vigo,roster
2024-06-12,12-06-2024_ESPECIAL,presidencia del senado (vicepresidencia de la nacion),Victoria Villarruel,roster
2024-06-12,12-06-2024_ESPECIAL,presidencia provisional,Bartolomé Esteban Abdala,roster
2024-06-12,12-06-2024_ESPECIAL,prosecretaria administrativa,Lucas Clark,roster
2024-06-12,12-06-2024_ESPECIAL,prosecretaria de coordinacion operativa,Manuel Ignacio Chavarría,roster
2024-06-12,12-06-2024_ESPECIAL,prosecretaria parlamentaria,Dolores Martínez,roster
2024-06-12,12-06-2024_ESPECIAL,secretaria administrativa,María Laura Izzo,roster
2024-06-12,12-06-2024_ESPECIAL,secretaria parlamentaria,Agustín Wenceslao Giustinian,roster
2024-06-12,12-06-2024_ESPECIAL,vicepresidencia,Silvia Sapag,roster
2024-06-12,12-06-2024_ESPECIAL,vicepresidencia primera,Carolina Losada,roster
2024-06-12,12-06-2024_ESPECIAL,vicepresidencia segunda,Alejandra María Vigo,roster
2024-07-04,04-07-2024_ESPECIAL,presidencia del senado (vicepresidencia de la nacion),Victoria Villarruel,roster
2024-07-04,04-07-2024_ESPECIAL,presidencia provisional,Bartolomé Esteban Abdala,roster
2024-07-04,04-07-2024_ESPECIAL,prosecretaria administrativa,Lucas Clark,roster
2024-07-04,04-07-2024_ESPECIAL,prosecretaria de coordinacion operativa,Manuel Ignacio Chavarría,roster
2024-07-04,04-07-2024_ESPECIAL,prosecretaria parlamentaria,Dolores Martínez,roster
2024-07-04,04-07-2024_ESPECIAL,secretaria administrativa,María Laura Izzo,roster
2024-07-04,04-07-2024_ESPECIAL,secretaria parlamentaria,Agustín Wenceslao Giustinian,roster
2024-07-04,04-07-2024_ESPECIAL,vicepresidencia,Silvia Sapag,roster
2024-07-04,04-07-2024_ESPECIAL,vicepresidencia primera,Carolina Losada,roster
2024-07-04,04-07-2024_ESPECIAL,vicepresidencia segunda,Alejandra María Vigo,roster
2024-08-22,22-08-2024_ESPECIAL,presidencia del senado (vicepresidencia de la nacion),Victoria Villarruel,roster
2024-08-22,22-08-2024_ORDINARIA,presidencia del senado (vicepresidencia de la nacion),Victoria Villarruel,roster
2024-08-22,22-08-2024_ESPECIAL,presidencia provisional,Bartolomé Esteban Abdala,roster
2024-08-22,22-08-2024_ORDINARIA,presidencia provisional,Bartolomé Esteban Abdala,roster
2024-08-22,22-08-2024_ESPECIAL,prosecretaria administrativa,Lucas Clark,roster
2024-08-22,22-08-2024_ORDINARIA,prosecretaria administrativa,Lucas Clark,roster
2024-08-22,22-08-2024_ESPECIAL,prosecretaria de coordinacion operativa,Manuel Ignacio Chavarría,roster
2024-08-22,22-08-2024_ORDINARIA,prosecretaria de coordinacion operativa,Manuel Ignacio Chavarría,roster
2024-08-22,22-08-2024_ESPECIAL,prosecretaria parlamentaria,Dolores Martínez,roster
2024-08-22,22-08-2024_ORDINARIA,prosecretaria parlamentaria,Dolores Martínez,roster
2024-08-22,22-08-2024_ESPECIAL,secretaria administrativa,María Laura Izzo,roster
2024-08-22,22-08-2024_ORDINARIA,secretaria administrativa,María Laura Izzo,roster
2024-08-22,22-08-2024_ESPECIAL,secretaria parlamentaria,Agustín Wenceslao Giustinian,roster
2024-08-22,22-08-2024_ORDINARIA,secretaria parlamentaria,Agustín Wenceslao Giustinian,roster
2024-08-22,22-08-2024_ESPECIAL,vicepresidencia,Silvia Sapag,roster
2024-08-22,22-08-2024_ORDINARIA,vicepresidencia,Silvia Sapag,roster
2024-08-22,22-08-2024_ESPECIAL,vicepresidencia primera,Carolina Losada,roster
2024-08-22,22-08-2024_ORDINARIA,vicepresidencia primera,Carolina Losada,roster
2024-08-22,22-08-2024_ESPECIAL,vicepresidencia segunda,Alejandra María Vigo,roster
2024-08-22,22-08-2024_ORDINARIA,vicepresidencia segunda,Alejandra María Vigo,roster
2024-09-12,12-09-2024_ORDINARIA,presidencia del senado (vicepresidencia de la nacion),Victoria Villarruel,roster
2024-09-12,12-09-2024_ORDINARIA,presidencia provisional,Bartolomé Esteban Abdala,roster
2024-09-12,12-09-2024_ORDINARIA,prosecretaria administrativa,Lucas Clark,roster
2024-09-12,12-09-2024_ORDINARIA,prosecretaria de coordinacion operativa,Manuel Ignacio Chavarría,roster
2024-09-12,12-09-2024_ORDINARIA,prosecretaria parlamentaria,Dolores Martínez,roster
2024-09-12,12-09-2024_ORDINARIA,secretaria administrativa,María Laura Izzo,roster
2024-09-12,12-09-2024_ORDINARIA,secretaria parlamentaria,Agustín Wenceslao Giustinian,roster
2024-09-12,12-09-2024_ORDINARIA,vicepresidencia,Silvia Sapag,roster
2024-09-12,12-09-2024_ORDINARIA,vicepresidencia primera,Carolina Losada,roster
2024-09-12,12-09-2024_ORDINARIA,vicepresidencia segunda,Alejandra María Vigo,roster
2024-09-26,26-09-2024_ORDINARIA,presidencia del senado (vicepresidencia de la nacion),Victoria Villarruel,roster
2024-09-26,26-09-2024_ORDINARIA,presidencia provisional,Bartolomé Esteban Abdala,roster
2024-09-26,26-09-2024_ORDINARIA,prosecretaria administrativa,Lucas Clark,roster
2024-09-26,26-09-2024_ORDINARIA,prosecretaria de coordinacion operativa,Manuel Ignacio Chavarría,roster
2024-09-26,26-09-2024_ORDINARIA,prosecretaria parlamentaria,Dolores Martínez,roster
2024-09-26,26-09-2024_ORDINARIA,secretaria administrativa,María Laura Izzo,roster
2024-09-26,26-09-2024_ORDINARIA,secretaria parlamentaria,Agustín Wenceslao Giustinian,roster
2024-09-26,26-09-2024_ORDINARIA,vicepresidencia,Silvia Sapag,roster
2024-09-26,26-09-2024_ORDINARIA,vicepresidencia primera,Carolina Losada,roster
2024-09-26,26-09-2024_ORDINARIA,vicepresidencia segunda,Alejandra María Vigo,roster
2024-11-27,27-11-2024_INFORMATIVA_ESPECIAL,presidencia del senado (vicepresidencia de la nacion),Victoria Villarruel,roster
2024-11-27,27-11-2024_INFORMATIVA_ESPECIAL,presidencia provisional,Bartolomé Esteban Abdala,roster
2024-11-27,27-11-2024_INFORMATIVA_ESPECIAL,prosecretaria administrativa,Lucas Clark,roster
2024-11-27,27-11-2024_INFORMATIVA_ESPECIAL,prosecretaria de coordinacion operativa,Manuel Ignacio Chavarría,roster
2024-11-27,27-11-2024_INFORMATIVA_ESPECIAL,prosecretaria parlamentaria,Dolores Martínez,roster
2024-11-27,27-11-2024_INFORMATIVA_ESPECIAL,secretaria administrativa,María Laura Izzo,roster
2024-11-27,27-11-2024_INFORMATIVA_ESPECIAL,secretaria parlamentaria,Agustín Wenceslao Giustinian,roster
2024-11-27,27-11-2024_INFORMATIVA_ESPECIAL,vicepresidencia,Silvia Sapag,roster
2024-11-27,27-11-2024_INFORMATIVA_ESPECIAL,vicepresidencia primera,Carolina Losada,roster
2024-11-27,27-11-2024_INFORMATIVA_ESPECIAL,vicepresidencia segunda,Alejandra María Vigo,roster
2024-12-12,12-12-2024_ESPECIAL,presidencia del senado (vicepresidencia de la nacion),Victoria Villarruel,roster
2024-12-12,12-12-2024_ESPECIAL,presidencia provisional,Bartolomé Esteban Abdala,roster
2024-12-12,12-12-2024_ESPECIAL,prosecretaria administrativa,Lucas Clark,roster
2024-12-12,12-12-2024_ESPECIAL,prosecretaria de coordinacion operativa,Manuel Ignacio Chavarría,roster
2024-12-12,12-12-2024_ESPECIAL,prosecretaria parlamentaria,Dolores Martínez,roster
2024-12-12,12-12-2024_ESPECIAL,secretaria administrativa,María Laura Izzo,roster
2024-12-12,12-12-2024_ESPECIAL,secretaria parlamentaria,Agustín Giustinian,roster
2024-12-12,12-12-2024_ESPECIAL,vicepresidencia,Silvia Sapag,roster
2024-12-12,12-12-2024_ESPECIAL,vicepresidencia primera,Carolina Losada,roster
2024-12-12,12-12-2024_ESPECIAL,vicepresidencia segunda,Alejandra María Vigo,roster
2025-02-20,2025-02-20_r13_EXTRAORDINARIA,presidencia del senado (vicepresidencia de la nacion),Victoria Villarruel,roster
2025-02-20,2025-02-20_r13_EXTRAORDINARIA,presidencia provisional,Bartolomé Esteban Abdala,roster
2025-02-20,2025-02-20_r13_EXTRAORDINARIA,prosecretaria administrativa,Lucas Clark,roster
2025-02-20,2025-02-20_r13_EXTRAORDINARIA,prosecretaria de coordinacion operativa,Manuel Ignacio Chavarría,roster
2025-02-20,2025-02-20_r13_EXTRAORDINARIA,prosecretaria parlamentaria,Dolores Martínez,roster
2025-02-20,2025-02-20_r13_EXTRAORDINARIA,secretaria administrativa,María Laura Izzo,roster
2025-02-20,2025-02-20_r13_EXTRAORDINARIA,secretaria parlamentaria,Agustín Wenceslao Giustinian,roster
2025-02-20,2025-02-20_r13_EXTRAORDINARIA,vicepresidencia,Silvia Sapag,roster
2025-02-20,2025-02-20_r13_EXTRAORDINARIA,vicepresidencia primera,Carolina Losada,roster
2025-02-20,2025-02-20_r13_EXTRAORDINARIA,vicepresidencia segunda,Alejandra María Vigo,roster
2025-02-24,2025-02-24_r01_EN_MINORIA,presidencia del senado (vicepresidencia de la nacion),Victoria Villarruel,roster
2025-02-24,2025-02-24_r01_EN_MINORIA,presidencia provisional,Bartolomé Esteban Abdala,roster
2025-02-24,2025-02-24_r01_EN_MINORIA,prosecretaria administrativa,Lucas Clark,roster
2025-02-24,2025-02-24_r01_EN_MINORIA,prosecretaria de coordinacion operativa,Manuel Ignacio Chavarría,roster
2025-02-24,2025-02-24_r01_EN_MINORIA,prosecretaria parlamentaria,Dolores Martínez,roster
2025-02-24,2025-02-24_r01_EN_MINORIA,secretaria administrativa,María Laura Izzo,roster
2025-02-24,2025-02-24_r01_EN_MINORIA,secretaria parlamentaria,Agustín Wenceslao Giustinian,roster
2025-02-24,2025-02-24_r01_EN_MINORIA,vicepresidencia,Silvia Sapag,roster
2025-02-24,2025-02-24_r01_EN_MINORIA,vicepresidencia primera,Carolina Losada,roster
2025-02-24,2025-02-24_r01_EN_MINORIA,vicepresidencia segunda,Alejandra María Vigo,roster
2025-03-01,2025-03-01_r00_ASAMBLEA,vicepresidente de la nacion,Victoria Villarruel,masthead
2025-04-03,2025-04-03_r02_ESPECIAL,presidencia del senado (vicepresidencia de la nacion),Victoria Villarruel,roster
2025-04-03,2025-04-03_r02_ESPECIAL,presidencia provisional,Bartolomé Esteban Abdala,roster
2025-04-03,2025-04-03_r02_ESPECIAL,prosecretaria administrativa,Lucas Clark,roster
2025-04-03,2025-04-03_r02_ESPECIAL,prosecretaria de coordinacion operativa,Manuel Ignacio Chavarría,roster
2025-04-03,2025-04-03_r02_ESPECIAL,prosecretaria parlamentaria,Dolores Martínez,roster
2025-04-03,2025-04-03_r02_ESPECIAL,secretaria administrativa,María Laura Izzo,roster
2025-04-03,2025-04-03_r02_ESPECIAL,secretaria parlamentaria,Agustín Wenceslao Giustinian,roster
2025-04-03,2025-04-03_r02_ESPECIAL,vicepresidencia,Silvia Sapag,roster
2025-04-03,2025-04-03_r02_ESPECIAL,vicepresidencia primera,Carolina Losada,roster
2025-04-03,2025-04-03_r02_ESPECIAL,vicepresidencia segunda,Alejandra María Vigo,roster
2025-04-24,2025-04-24_r03_ORDINARIA,presidencia del senado (vicepresidencia de la nacion),Victoria Villarruel,roster
2025-04-24,2025-04-24_r03_ORDINARIA,presidencia provisional,Bartolomé Esteban Abdala,roster
2025-04-24,2025-04-24_r03_ORDINARIA,prosecretaria administrativa,Lucas Clark,roster
2025-04-24,2025-04-24_r03_ORDINARIA,prosecretaria de coordinacion operativa,Manuel Ignacio Chavarría,roster
2025-04-24,2025-04-24_r03_ORDINARIA,prosecretaria parlamentaria,Dolores Martínez,roster
2025-04-24,2025-04-24_r03_ORDINARIA,secretaria parlamentaria,Agustín Wenceslao Giustinian,roster
2025-04-24,2025-04-24_r03_ORDINARIA,vicepresidencia,Silvia Sapag,roster
2025-04-24,2025-04-24_r03_ORDINARIA,vicepresidencia primera,Carolina Losada,roster
2025-04-24,2025-04-24_r03_ORDINARIA,vicepresidencia segunda,Alejandra María Vigo,roster
2025-05-07,2025-05-07_r04_ORDINARIA,presidencia del senado (vicepresidencia de la nacion),Victoria Villarruel,roster
2025-05-07,2025-05-07_r04_ORDINARIA,presidencia provisional,Bartolomé Esteban Abdala,roster
2025-05-07,2025-05-07_r04_ORDINARIA,prosecretaria administrativa,Lucas Clark,roster
2025-05-07,2025-05-07_r04_ORDINARIA,prosecretaria de coordinacion operativa,Manuel Ignacio Chavarría,roster
2025-05-07,2025-05-07_r04_ORDINARIA,prosecretaria parlamentaria,Dolores Martínez,roster
2025-05-07,2025-05-07_r04_ORDINARIA,secretaria administrativa,Emilio Viramonte Olmos,roster
2025-05-07,2025-05-07_r04_ORDINARIA,secretaria parlamentaria,Agustín Wenceslao Giustinian,roster
2025-05-07,2025-05-07_r04_ORDINARIA,vicepresidencia,Silvia Sapag,roster
2025-05-07,2025-05-07_r04_ORDINARIA,vicepresidencia primera,Carolina Losada,roster
2025-05-07,2025-05-07_r04_ORDINARIA,vicepresidencia segunda,Alejandra María Vigo,roster
2025-06-26,2025-06-26_r05_INFORMATIVA_ESPECIAL,presidencia del senado (vicepresidencia de la nacion),Victoria Villarruel,roster
2025-06-26,2025-06-26_r05_INFORMATIVA_ESPECIAL,presidencia provisional,Bartolomé Esteban Abdala,roster
2025-06-26,2025-06-26_r05_INFORMATIVA_ESPECIAL,prosecretaria administrativa,Lucas Clark,roster
2025-06-26,2025-06-26_r05_INFORMATIVA_ESPECIAL,prosecretaria de coordinacion operativa,Manuel Ignacio Chavarría,roster
2025-06-26,2025-06-26_r05_INFORMATIVA_ESPECIAL,prosecretaria parlamentaria,Dolores Martínez,roster
2025-06-26,2025-06-26_r05_INFORMATIVA_ESPECIAL,secretaria administrativa,Emilio Viramonte Olmos,roster
2025-06-26,2025-06-26_r05_INFORMATIVA_ESPECIAL,secretaria parlamentaria,Agustín Wenceslao Giustinian,roster
2025-06-26,2025-06-26_r05_INFORMATIVA_ESPECIAL,vicepresidencia,Silvia Sapag,roster
2025-06-26,2025-06-26_r05_INFORMATIVA_ESPECIAL,vicepresidencia primera,Carolina Losada,roster
2025-06-26,2025-06-26_r05_INFORMATIVA_ESPECIAL,vicepresidencia segunda,Alejandra María Vigo,roster
2025-07-10,2025-07-10_r06_ORDINARIA,presidencia del senado (vicepresidencia de la nacion),Victoria Villarruel,roster
2025-07-10,2025-07-10_r06_ORDINARIA,presidencia provisional,Bartolomé Esteban Abdala,roster
2025-07-10,2025-07-10_r06_ORDINARIA,prosecretaria administrativa,Lucas Clark,roster
2025-07-10,2025-07-10_r06_ORDINARIA,prosecretaria de coordinacion operativa,Manuel Ignacio Chavarría,roster
2025-07-10,2025-07-10_r06_ORDINARIA,prosecretaria parlamentaria,Dolores Martínez,roster
2025-07-10,2025-07-10_r06_ORDINARIA,secretaria administrativa,Emilio Viramonte Olmos,roster
2025-07-10,2025-07-10_r06_ORDINARIA,secretaria parlamentaria,Agustín Wenceslao Giustinian,roster
2025-07-10,2025-07-10_r06_ORDINARIA,vicepresidencia,Silvia Sapag,roster
2025-07-10,2025-07-10_r06_ORDINARIA,vicepresidencia primera,Carolina Losada,roster
2025-07-10,2025-07-10_r06_ORDINARIA,vicepresidencia segunda,Alejandra María Vigo,roster
2025-08-21,2025-08-21_r07_ORDINARIA,presidencia del senado (vicepresidencia de la nacion),Victoria Villarruel,roster
2025-08-21,2025-08-21_r07_ORDINARIA,presidencia provisional,Bartolomé Esteban Abdala,roster
2025-08-21,2025-08-21_r07_ORDINARIA,prosecretaria administrativa,Lucas Clark,roster
2025-08-21,2025-08-21_r07_ORDINARIA,prosecretaria de coordinacion operativa,Manuel Ignacio Chavarría,roster
2025-08-21,2025-08-21_r07_ORDINARIA,prosecretaria parlamentaria,Dolores Martínez,roster
2025-08-21,2025-08-21_r07_ORDINARIA,secretaria parlamentaria,Agustín Wenceslao Giustinian,roster
2025-08-21,2025-08-21_r07_ORDINARIA,vicepresidencia,Silvia Sapag,roster
2025-08-21,2025-08-21_r07_ORDINARIA,vicepresidencia primera,Carolina Losada,roster
2025-08-21,2025-08-21_r07_ORDINARIA,vicepresidencia segunda,Alejandra María Vigo,roster
2025-09-04,2025-09-04_r08_ORDINARIA,presidencia del senado (vicepresidencia de la nacion),Victoria Villarruel,roster
2025-09-04,2025-09-04_r08_ORDINARIA,presidencia provisional,Bartolomé Esteban Abdala,roster
2025-09-04,2025-09-04_r08_ORDINARIA,prosecretaria administrativa,Lucas Clark,roster
2025-09-04,2025-09-04_r08_ORDINARIA,prosecretaria de coordinacion operativa,Manuel Ignacio Chavarría,roster
2025-09-04,2025-09-04_r08_ORDINARIA,prosecretaria parlamentaria,Dolores Martínez,roster
2025-09-04,2025-09-04_r08_ORDINARIA,secretaria parlamentaria,Agustín Wenceslao Giustinian,roster
2025-09-04,2025-09-04_r08_ORDINARIA,vicepresidencia,Silvia Sapag,roster
2025-09-04,2025-09-04_r08_ORDINARIA,vicepresidencia primera,Carolina Losada,roster
2025-09-04,2025-09-04_r08_ORDINARIA,vicepresidencia segunda,Alejandra María Vigo,roster
2025-09-18,2025-09-18_r09_ORDINARIA,presidencia del senado (vicepresidencia de la nacion),Victoria Villarruel,roster
2025-09-18,2025-09-18_r09_ORDINARIA,presidencia provisional,Bartolomé Esteban Abdala,roster
2025-09-18,2025-09-18_r09_ORDINARIA,prosecretaria administrativa,Lucas Clark,roster
2025-09-18,2025-09-18_r09_ORDINARIA,prosecretaria de coordinacion operativa,Manuel Ignacio Chavarría,roster
2025-09-18,2025-09-18_r09_ORDINARIA,prosecretaria parlamentaria,Dolores Martínez,roster
2025-09-18,2025-09-18_r09_ORDINARIA,secretaria parlamentaria,Agustín Wenceslao Giustinian,roster
2025-09-18,2025-09-18_r09_ORDINARIA,vicepresidencia,Silvia Sapag,roster
2025-09-18,2025-09-18_r09_ORDINARIA,vicepresidencia primera,Carolina Losada,roster
2025-09-18,2025-09-18_r09_ORDINARIA,vicepresidencia segunda,Alejandra María Vigo,roster
2025-10-02,2025-10-02_r10_ORDINARIA,presidencia del senado (vicepresidencia de la nacion),Victoria Villarruel,roster
2025-10-02,2025-10-02_r10_ORDINARIA,presidencia provisional,Bartolomé Esteban Abdala,roster
2025-10-02,2025-10-02_r10_ORDINARIA,prosecretaria administrativa,Lucas Clark,roster
2025-10-02,2025-10-02_r10_ORDINARIA,prosecretaria de coordinacion operativa,Manuel Ignacio Chavarría,roster
2025-10-02,2025-10-02_r10_ORDINARIA,prosecretaria parlamentaria,Dolores Martínez,roster
2025-10-02,2025-10-02_r10_ORDINARIA,secretaria parlamentaria,Agustín Wenceslao Giustinian,roster
2025-10-02,2025-10-02_r10_ORDINARIA,vicepresidencia,Silvia Sapag,roster
2025-10-02,2025-10-02_r10_ORDINARIA,vicepresidencia primera,Carolina Losada,roster
2025-10-02,2025-10-02_r10_ORDINARIA,vicepresidencia segunda,Alejandra María Vigo,roster
2025-11-28,2025-11-28_r11_ESPECIAL,presidencia del senado (vicepresidencia de la nacion),Victoria Villarruel,roster
2025-11-28,2025-11-28_r11_ESPECIAL,presidencia provisional,Bartolomé Esteban Abdala,roster
2025-11-28,2025-11-28_r11_ESPECIAL,prosecretaria administrativa,Lucas Clark,roster
2025-11-28,2025-11-28_r11_ESPECIAL,prosecretaria de coordinacion operativa,Manuel Ignacio Chavarría,roster
2025-11-28,2025-11-28_r11_ESPECIAL,prosecretaria parlamentaria,Dolores Martínez,roster
2025-11-28,2025-11-28_r11_ESPECIAL,secretaria administrativa,Alejandro Eduardo Fitzgerald,roster
2025-11-28,2025-11-28_r11_ESPECIAL,secretaria parlamentaria,Agustín Wenceslao Giustinian,roster
2025-11-28,2025-11-28_r11_ESPECIAL,vicepresidencia,Silvia Sapag,roster
2025-11-28,2025-11-28_r11_ESPECIAL,vicepresidencia primera,Carolina Losada,roster
2025-11-28,2025-11-28_r11_ESPECIAL,vicepresidencia segunda,Alejandra María Vigo,roster
2025-12-26,2025-12-26_r12_ESPECIAL_EXTRAORDINARIA,presidencia del senado (vicepresidencia de la nacion),Victoria Villarruel,roster
2025-12-26,2025-12-26_r12_ESPECIAL_EXTRAORDINARIA,presidencia provisional,Bartolomé Esteban Abdala,roster
2025-12-26,2025-12-26_r12_ESPECIAL_EXTRAORDINARIA,prosecretaria administrativa,Lucas Clark,roster
2025-12-26,2025-12-26_r12_ESPECIAL_EXTRAORDINARIA,prosecretaria de coordinacion operativa,Manuel Ignacio Chavarría,roster
2025-12-26,2025-12-26_r12_ESPECIAL_EXTRAORDINARIA,prosecretaria parlamentaria,Dolores Martínez,roster
2025-12-26,2025-12-26_r12_ESPECIAL_EXTRAORDINARIA,secretaria administrativa,Alejandro Eduardo Fitzgerald,roster
2025-12-26,2025-12-26_r12_ESPECIAL_EXTRAORDINARIA,secretaria parlamentaria,Agustín Wenceslao Giustinian,roster
2025-12-26,2025-12-26_r12_ESPECIAL_EXTRAORDINARIA,vicepresidencia primera,Carolina Losada,roster
2025-12-26,2025-12-26_r12_ESPECIAL_EXTRAORDINARIA,vicepresidencia segunda,Alejandra María Vigo,roster
2026-02-11,2026-02-11_r13_ESPECIAL_EXTRAORDINARIA,presidencia del senado (vicepresidencia de la nacion),Victoria Villarruel,roster
2026-02-11,2026-02-11_r13_ESPECIAL_EXTRAORDINARIA,presidencia provisional,Bartolomé Esteban Abdala,roster
2026-02-11,2026-02-11_r13_ESPECIAL_EXTRAORDINARIA,prosecretaria administrativa,Lucas Clark,roster
2026-02-11,2026-02-11_r13_ESPECIAL_EXTRAORDINARIA,prosecretaria de coordinacion operativa,Manuel Ignacio Chavarría,roster
2026-02-11,2026-02-11_r13_ESPECIAL_EXTRAORDINARIA,prosecretaria parlamentaria,Dolores Martínez,roster
2026-02-11,2026-02-11_r13_ESPECIAL_EXTRAORDINARIA,secretaria administrativa,Alejandro Eduardo Fitzgerald,roster
2026-02-11,2026-02-11_r13_ESPECIAL_EXTRAORDINARIA,secretaria parlamentaria,Agustín Wenceslao Giustinian,roster
2026-02-11,2026-02-11_r13_ESPECIAL_EXTRAORDINARIA,vicepresidencia primera,Carolina Losada,roster
2026-02-11,2026-02-11_r13_ESPECIAL_EXTRAORDINARIA,vicepresidencia segunda,Alejandra María Vigo,roster
2026-02-24,2026-02-24_r01_PREPARATORIA,presidencia del senado (vicepresidencia de la nacion),Victoria Villarruel,roster
2026-02-24,2026-02-24_r14_ESPECIAL_EXTRAORDINARIA,presidencia del senado (vicepresidencia de la nacion),Victoria Villarruel,roster
2026-02-24,2026-02-24_r01_PREPARATORIA,presidencia provisional,Bartolomé Esteban Abdala,roster
2026-02-24,2026-02-24_r14_ESPECIAL_EXTRAORDINARIA,presidencia provisional,Bartolomé Esteban Abdala,roster
2026-02-24,2026-02-24_r01_PREPARATORIA,prosecretaria administrativa,Lucas Clark,roster
2026-02-24,2026-02-24_r14_ESPECIAL_EXTRAORDINARIA,prosecretaria administrativa,Lucas Clark,roster
2026-02-24,2026-02-24_r01_PREPARATORIA,prosecretaria parlamentaria,Dolores Martínez,roster
2026-02-24,2026-02-24_r14_ESPECIAL_EXTRAORDINARIA,prosecretaria parlamentaria,Dolores Martínez,roster
2026-02-24,2026-02-24_r01_PREPARATORIA,secretaria administrativa,Alejandro Eduardo Fitzgerald,roster
2026-02-24,2026-02-24_r14_ESPECIAL_EXTRAORDINARIA,secretaria administrativa,Alejandro Eduardo Fitzgerald,roster
2026-02-24,2026-02-24_r01_PREPARATORIA,secretaria parlamentaria,Agustín Wenceslao Giustinian,roster
2026-02-24,2026-02-24_r14_ESPECIAL_EXTRAORDINARIA,secretaria parlamentaria,Agustín Wenceslao Giustinian,roster
2026-02-24,2026-02-24_r01_PREPARATORIA,vicepresidencia,Vicepresidencia,roster
2026-02-24,2026-02-24_r14_ESPECIAL_EXTRAORDINARIA,vicepresidencia,Vicepresidencia,roster
2026-02-24,2026-02-24_r01_PREPARATORIA,vicepresidencia segunda,Alejandra María Vigo,roster
2026-02-24,2026-02-24_r14_ESPECIAL_EXTRAORDINARIA,vicepresidencia segunda,Alejandra María Vigo,roster
2026-02-26,2026-02-26_r15_ESPECIAL_EXTRAORDINARIA,presidencia del senado (vicepresidencia de la nacion),Victoria Villarruel,roster
2026-02-26,2026-02-26_r15_ESPECIAL_EXTRAORDINARIA,presidencia provisional,Bartolomé Esteban Abdala,roster
2026-02-26,2026-02-26_r15_ESPECIAL_EXTRAORDINARIA,prosecretaria administrativa,Lucas Clark,roster
2026-02-26,2026-02-26_r15_ESPECIAL_EXTRAORDINARIA,prosecretaria parlamentaria,Dolores Martínez,roster
2026-02-26,2026-02-26_r15_ESPECIAL_EXTRAORDINARIA,secretaria administrativa,Alejandro Eduardo Fitzgerald,roster
2026-02-26,2026-02-26_r15_ESPECIAL_EXTRAORDINARIA,secretaria parlamentaria,Agustín Wenceslao Giustinian,roster
2026-02-26,2026-02-26_r15_ESPECIAL_EXTRAORDINARIA,vicepresidencia,Vicepresidencia,roster
2026-02-26,2026-02-26_r15_ESPECIAL_EXTRAORDINARIA,vicepresidencia segunda,Alejandra María Vigo,roster
2026-02-27,2026-02-27_r16_ESPECIAL_EXTRAORDINARIA,presidencia del senado (vicepresidencia de la nacion),Victoria Villarruel,roster
2026-02-27,2026-02-27_r16_ESPECIAL_EXTRAORDINARIA,presidencia provisional,Bartolomé Esteban Abdala,roster
2026-02-27,2026-02-27_r16_ESPECIAL_EXTRAORDINARIA,prosecretaria administrativa,Lucas Clark,roster
2026-02-27,2026-02-27_r16_ESPECIAL_EXTRAORDINARIA,prosecretaria parlamentaria,Dolores Martínez,roster
2026-02-27,2026-02-27_r16_ESPECIAL_EXTRAORDINARIA,secretaria administrativa,Alejandro Eduardo Fitzgerald,roster
2026-02-27,2026-02-27_r16_ESPECIAL_EXTRAORDINARIA,secretaria parlamentaria,Agustín Wenceslao Giustinian,roster
2026-02-27,2026-02-27_r16_ESPECIAL_EXTRAORDINARIA,vicepresidencia,Vicepresidencia,roster
2026-02-27,2026-02-27_r16_ESPECIAL_EXTRAORDINARIA,vicepresidencia segunda,Alejandra María Vigo,roster
2026-03-01,2026-03-01_r00_ASAMBLEA,vicepresidente de la nacion,Victoria Villarruel,masthead
2026-03-18,2026-03-18_r02_ORDINARIA,presidencia del senado (vicepresidencia de la nacion),Victoria Villarruel,roster
2026-03-18,2026-03-18_r02_ORDINARIA,presidencia provisional,Bartolomé Esteban Abdala,roster
2026-03-18,2026-03-18_r02_ORDINARIA,prosecretaria administrativa,Lucas Clark,roster
2026-03-18,2026-03-18_r02_ORDINARIA,prosecretaria parlamentaria,Dolores Martínez,roster
2026-03-18,2026-03-18_r02_ORDINARIA,secretaria administrativa,Alejandro Fitzgerald,roster
2026-03-18,2026-03-18_r02_ORDINARIA,secretaria parlamentaria,Agustín Wenceslao Giustinian,roster
2026-03-18,2026-03-18_r02_ORDINARIA,vicepresidencia,María Carolina Moisés,roster
2026-03-18,2026-03-18_r02_ORDINARIA,vicepresidencia primera,Carolina Losada,roster
2026-03-18,2026-03-18_r02_ORDINARIA,vicepresidencia segunda,Alejandra María Vigo,roster
2026-04-09,2026-04-09_r03_ORDINARIA,presidencia del senado (vicepresidencia de la nacion),Victoria Villarruel,roster
2026-04-09,2026-04-09_r03_ORDINARIA,presidencia provisional,Bartolomé Esteban Abdala,roster
2026-04-09,2026-04-09_r03_ORDINARIA,prosecretaria administrativa,Lucas Clark,roster
2026-04-09,2026-04-09_r03_ORDINARIA,prosecretaria parlamentaria,Dolores Martínez,roster
2026-04-09,2026-04-09_r03_ORDINARIA,secretaria administrativa,Alejandro Fitzgerald,roster
2026-04-09,2026-04-09_r03_ORDINARIA,secretaria parlamentaria,Agustín Wenceslao Giustinian,roster
2026-04-09,2026-04-09_r03_ORDINARIA,vicepresidencia,María Carolina Moisés,roster
2026-04-09,2026-04-09_r03_ORDINARIA,vicepresidencia primera,Carolina Losada,roster
2026-04-09,2026-04-09_r03_ORDINARIA,vicepresidencia segunda,Alejandra María Vigo,roster
2026-05-14,2026-05-14_r04_ORDINARIA,presidencia del senado (vicepresidencia de la nacion),Victoria Villarruel,roster
2026-05-14,2026-05-14_r04_ORDINARIA,presidencia provisional,Bartolomé Esteban Abdala,roster
2026-05-14,2026-05-14_r04_ORDINARIA,prosecretaria administrativa,Lucas Clark,roster
2026-05-14,2026-05-14_r04_ORDINARIA,prosecretaria de coordinacion operativa,Patricio Federico Finochietto,roster
2026-05-14,2026-05-14_r04_ORDINARIA,prosecretaria parlamentaria,Dolores Martínez,roster
2026-05-14,2026-05-14_r04_ORDINARIA,secretaria administrativa,Alejandro Eduardo Fitzgerald,roster
2026-05-14,2026-05-14_r04_ORDINARIA,secretaria parlamentaria,Agustín Wenceslao Giustinian,roster
2026-05-14,2026-05-14_r04_ORDINARIA,vicepresidencia,María Carolina Moisés,roster
2026-05-14,2026-05-14_r04_ORDINARIA,vicepresidencia primera,Carolina Losada,roster
2026-05-14,2026-05-14_r04_ORDINARIA,vicepresidencia segunda,Alejandra María Vigo,roster
2026-06-04,2026-06-04_r05_ORDINARIA,presidencia del senado (vicepresidencia de la nacion),Victoria Villarruel,roster
2026-06-04,2026-06-04_r05_ORDINARIA,presidencia provisional,Bartolomé Esteban Abdala,roster
2026-06-04,2026-06-04_r05_ORDINARIA,prosecretaria administrativa,Lucas Clark,roster
2026-06-04,2026-06-04_r05_ORDINARIA,prosecretaria de coordinacion operativa,Patricio Federico Finochietto,roster
2026-06-04,2026-06-04_r05_ORDINARIA,prosecretaria parlamentaria,Dolores Martínez,roster
2026-06-04,2026-06-04_r05_ORDINARIA,secretaria administrativa,Alejandro Eduardo Fitzgerald,roster
2026-06-04,2026-06-04_r05_ORDINARIA,secretaria parlamentaria,Agustín Wenceslao Giustinian,roster
2026-06-04,2026-06-04_r05_ORDINARIA,vicepresidencia,María Carolina Moisés,roster
2026-06-04,2026-06-04_r05_ORDINARIA,vicepresidencia primera,Carolina Losada,roster
2026-06-04,2026-06-04_r05_ORDINARIA,vicepresidencia segunda,Alejandra María Vigo,roster
2026-06-25,2026-06-25_r06_FALTA_DE_QUORUM,presidencia del senado (vicepresidencia de la nacion),Victoria Villarruel,roster
2026-06-25,2026-06-25_r06_FALTA_DE_QUORUM,presidencia provisional,Bartolomé Esteban Abdala,roster
2026-06-25,2026-06-25_r06_FALTA_DE_QUORUM,prosecretaria administrativa,Lucas Clark,roster
2026-06-25,2026-06-25_r06_FALTA_DE_QUORUM,prosecretaria de coordinacion operativa,Patricio Federico Finochietto,roster
2026-06-25,2026-06-25_r06_FALTA_DE_QUORUM,prosecretaria parlamentaria,Dolores Martínez,roster
2026-06-25,2026-06-25_r06_FALTA_DE_QUORUM,secretaria administrativa,Alejandro Eduardo Fitzgerald,roster
2026-06-25,2026-06-25_r06_FALTA_DE_QUORUM,secretaria parlamentaria,Agustín Wenceslao Giustinian,roster
2026-06-25,2026-06-25_r06_FALTA_DE_QUORUM,vicepresidencia,María Carolina Moisés,roster
2026-06-25,2026-06-25_r06_FALTA_DE_QUORUM,vicepresidencia primera,Carolina Losada,roster
2026-06-25,2026-06-25_r06_FALTA_DE_QUORUM,vicepresidencia segunda,Alejandra María Vigo,roster
2026-07-16,2026-07-16_r07_ORDINARIA,presidencia del senado (vicepresidencia de la nacion),Victoria Villarruel,roster
2026-07-16,2026-07-16_r07_ORDINARIA,presidencia provisional,Bartolomé Esteban Abdala,roster
2026-07-16,2026-07-16_r07_ORDINARIA,prosecretaria administrativa,Lucas Clark,roster
2026-07-16,2026-07-16_r07_ORDINARIA,prosecretaria de coordinacion operativa,Patricio Federico Finochietto,roster
2026-07-16,2026-07-16_r07_ORDINARIA,prosecretaria parlamentaria,Dolores Martínez,roster
2026-07-16,2026-07-16_r07_ORDINARIA,secretaria administrativa,Alejandro Eduardo Fitzgerald,roster
2026-07-16,2026-07-16_r07_ORDINARIA,secretaria parlamentaria,Agustín Wenceslao Giustinian,roster
2026-07-16,2026-07-16_r07_ORDINARIA,vicepresidencia,María Carolina Moisés,roster
2026-07-16,2026-07-16_r07_ORDINARIA,vicepresidencia primera,Carolina Losada,roster
2026-07-16,2026-07-16_r07_ORDINARIA,vicepresidencia segunda,Alejandra María Vigo,roster
2026-08-06,2026-08-06_r08_ORDINARIA_CONTINUACION,presidencia del senado (vicepresidencia de la nacion),Victoria Villarruel,roster
2026-08-06,2026-08-06_r08_ORDINARIA_CONTINUACION,presidencia provisional,Bartolomé Esteban Abdala,roster
2026-08-06,2026-08-06_r08_ORDINARIA_CONTINUACION,prosecretaria administrativa,Lucas Clark,roster
2026-08-06,2026-08-06_r08_ORDINARIA_CONTINUACION,prosecretaria de coordinacion operativa,Patricio Federico Finochietto,roster
2026-08-06,2026-08-06_r08_ORDINARIA_CONTINUACION,prosecretaria parlamentaria,Dolores Martínez,roster
2026-08-06,2026-08-06_r08_ORDINARIA_CONTINUACION,secretaria administrativa,Alejandro Eduardo Fitzgerald,roster
2026-08-06,2026-08-06_r08_ORDINARIA_CONTINUACION,secretaria parlamentaria,Agustín Wenceslao Giustinian,roster
2026-08-06,2026-08-06_r08_ORDINARIA_CONTINUACION,vicepresidencia,María Carolina Moisés,roster
2026-08-06,2026-08-06_r08_ORDINARIA_CONTINUACION,vicepresidencia primera,Carolina Losada,roster
2026-08-06,2026-08-06_r08_ORDINARIA_CONTINUACION,vicepresidencia segunda,Alejandra María Vigo,roster
2026-08-27,2026-08-27_r09_ORDINARIA,presidencia del senado (vicepresidencia de la nacion),Victoria Villarruel,roster
2026-08-27,2026-08-27_r09_ORDINARIA,presidencia provisional,Bartolomé Esteban Abdala,roster
2026-08-27,2026-08-27_r09_ORDINARIA,prosecretaria administrativa,Lucas Clark,roster
2026-08-27,2026-08-27_r09_ORDINARIA,prosecretaria de coordinacion operativa,Patricio Federico Finochietto,roster
2026-08-27,2026-08-27_r09_ORDINARIA,prosecretaria parlamentaria,Dolores Martínez,roster
2026-08-27,2026-08-27_r09_ORDINARIA,secretaria administrativa,Alejandro Eduardo Fitzgerald,roster
2026-08-27,2026-08-27_r09_ORDINARIA,secretaria parlamentaria,Agustín Wenceslao Giustinian,roster
2026-08-27,2026-08-27_r09_ORDINARIA,vicepresidencia,María Carolina Moisés,roster
2026-08-27,2026-08-27_r09_ORDINARIA,vicepresidencia primera,Carolina Losada,roster
2026-08-27,2026-08-27_r09_ORDINARIA,vicepresidencia segunda,Alejandra María Vigo,roster
2026-09-17,2026-09-17_r10_ORDINARIA,presidencia del senado (vicepresidencia de la nacion),Victoria Villarruel,roster
2026-09-17,2026-09-17_r10_ORDINARIA,presidencia provisional,Bartolomé Esteban Abdala,roster
2026-09-17,2026-09-17_r10_ORDINARIA,prosecretaria administrativa,Lucas Clark,roster
2026-09-17,2026-09-17_r10_ORDINARIA,prosecretaria de coordinacion operativa,Patricio Federico Finochietto,roster
2026-09-17,2026-09-17_r10_ORDINARIA,prosecretaria parlamentaria,Dolores Martínez,roster
2026-09-17,2026-09-17_r10_ORDINARIA,secretaria administrativa,Alejandro Eduardo Fitzgerald,roster
2026-09-17,2026-09-17_r10_ORDINARIA,secretaria parlamentaria,Agustín Wenceslao Giustinian,roster
2026-09-17,2026-09-17_r10_ORDINARIA,vicepresidencia,María Carolina Moisés,roster
2026-09-17,2026-09-17_r10_ORDINARIA,vicepresidencia primera,Carolina Losada,roster
2026-09-17,2026-09-17_r10_ORDINARIA,vicepresidencia segunda,Alejandra María Vigo,roster
