snapshot_date,snapshot_url,bloque_impreso,senador_impreso
2000-05-25,https://web.archive.org/web/20000525090352id_/http://www.senado.gov.ar:80/web/senadores/m_bloques.html,Autonomista,"ROMERO FERIS , JOSÉ ANTONIO"
2000-05-25,https://web.archive.org/web/20000525090352id_/http://www.senado.gov.ar:80/web/senadores/m_bloques.html,Bloque Provincia De Santa Cruz Partido Justicialista,"VARIZAT , DANIEL ALBERTO"
2000-05-25,https://web.archive.org/web/20000525090352id_/http://www.senado.gov.ar:80/web/senadores/m_bloques.html,Bloquista De La Provincia De San Juan,"BRAVO , LEOPOLDO"
2000-05-25,https://web.archive.org/web/20000525090352id_/http://www.senado.gov.ar:80/web/senadores/m_bloques.html,Fre.Pa.So,"DEL PIERO , PEDRO"
2000-05-25,https://web.archive.org/web/20000525090352id_/http://www.senado.gov.ar:80/web/senadores/m_bloques.html,Frente Cívico Y Social De Catamarca,"VILLARROEL , PEDRO GUILLERMO"
2000-05-25,https://web.archive.org/web/20000525090352id_/http://www.senado.gov.ar:80/web/senadores/m_bloques.html,Justicialista,"ALASINO , AUGUSTO"
2000-05-25,https://web.archive.org/web/20000525090352id_/http://www.senado.gov.ar:80/web/senadores/m_bloques.html,Justicialista,"ARNOLD,EDUARDO ARIEL"
2000-05-25,https://web.archive.org/web/20000525090352id_/http://www.senado.gov.ar:80/web/senadores/m_bloques.html,Justicialista,"BAUM , DANIEL"
2000-05-25,https://web.archive.org/web/20000525090352id_/http://www.senado.gov.ar:80/web/senadores/m_bloques.html,Justicialista,"BAUZÁ , EDUARDO"
2000-05-25,https://web.archive.org/web/20000525090352id_/http://www.senado.gov.ar:80/web/senadores/m_bloques.html,Justicialista,"BRANDA , RICARDO ALBERTO"
2000-05-25,https://web.archive.org/web/20000525090352id_/http://www.senado.gov.ar:80/web/senadores/m_bloques.html,Justicialista,"CABANA , FERNANDO VENANCIO"
2000-05-25,https://web.archive.org/web/20000525090352id_/http://www.senado.gov.ar:80/web/senadores/m_bloques.html,Justicialista,"CAFIERO , ANTONIO FRANCISCO"
2000-05-25,https://web.archive.org/web/20000525090352id_/http://www.senado.gov.ar:80/web/senadores/m_bloques.html,Justicialista,"CANTARERO , EMILIO MARCELO"
2000-05-25,https://web.archive.org/web/20000525090352id_/http://www.senado.gov.ar:80/web/senadores/m_bloques.html,Justicialista,"CARBONELL, JOSE FERNANDO FRANCISCO"
2000-05-25,https://web.archive.org/web/20000525090352id_/http://www.senado.gov.ar:80/web/senadores/m_bloques.html,Justicialista,"CORACH, CARLOS VLADIMIRO"
2000-05-25,https://web.archive.org/web/20000525090352id_/http://www.senado.gov.ar:80/web/senadores/m_bloques.html,Justicialista,"COSTANZO , REMO JOSÉ"
2000-05-25,https://web.archive.org/web/20000525090352id_/http://www.senado.gov.ar:80/web/senadores/m_bloques.html,Justicialista,"DE LA ROSA , CARLOS LEONARDO"
2000-05-25,https://web.archive.org/web/20000525090352id_/http://www.senado.gov.ar:80/web/senadores/m_bloques.html,Justicialista,"DI PIETRO , ARTURO ROLANDO"
2000-05-25,https://web.archive.org/web/20000525090352id_/http://www.senado.gov.ar:80/web/senadores/m_bloques.html,Justicialista,"GIOJA , JOSÉ LUIS"
2000-05-25,https://web.archive.org/web/20000525090352id_/http://www.senado.gov.ar:80/web/senadores/m_bloques.html,Justicialista,"HUMADA , JULIO CÉSAR"
2000-05-25,https://web.archive.org/web/20000525090352id_/http://www.senado.gov.ar:80/web/senadores/m_bloques.html,Justicialista,"MARTINEZ ALMUDEVAR , ENRIQUE J."
2000-05-25,https://web.archive.org/web/20000525090352id_/http://www.senado.gov.ar:80/web/senadores/m_bloques.html,Justicialista,"MASSAT , JORGE JOSÉ"
2000-05-25,https://web.archive.org/web/20000525090352id_/http://www.senado.gov.ar:80/web/senadores/m_bloques.html,Justicialista,"MAYA , HÉCTOR MARÍA"
2000-05-25,https://web.archive.org/web/20000525090352id_/http://www.senado.gov.ar:80/web/senadores/m_bloques.html,Justicialista,"MENEM , EDUARDO"
2000-05-25,https://web.archive.org/web/20000525090352id_/http://www.senado.gov.ar:80/web/senadores/m_bloques.html,Justicialista,"MIKKELSEN LÖTH , JORGE FEDERICO"
2000-05-25,https://web.archive.org/web/20000525090352id_/http://www.senado.gov.ar:80/web/senadores/m_bloques.html,Justicialista,"ORTEGA, RAMON BAUTISTA"
2000-05-25,https://web.archive.org/web/20000525090352id_/http://www.senado.gov.ar:80/web/senadores/m_bloques.html,Justicialista,"OUDÍN , ERNESTO RENÉ"
2000-05-25,https://web.archive.org/web/20000525090352id_/http://www.senado.gov.ar:80/web/senadores/m_bloques.html,Justicialista,"PALACIOS , GERARDO LUIS"
2000-05-25,https://web.archive.org/web/20000525090352id_/http://www.senado.gov.ar:80/web/senadores/m_bloques.html,Justicialista,"PARDO, ÁNGEL FRANCISCO"
2000-05-25,https://web.archive.org/web/20000525090352id_/http://www.senado.gov.ar:80/web/senadores/m_bloques.html,Justicialista,"PRUYAS, TOMAS RUBEN"
2000-05-25,https://web.archive.org/web/20000525090352id_/http://www.senado.gov.ar:80/web/senadores/m_bloques.html,Justicialista,"RAIJER , BEATRIZ IRMA"
2000-05-25,https://web.archive.org/web/20000525090352id_/http://www.senado.gov.ar:80/web/senadores/m_bloques.html,Justicialista,"RODRIGUEZ , MANUEL AUGUSTO"
2000-05-25,https://web.archive.org/web/20000525090352id_/http://www.senado.gov.ar:80/web/senadores/m_bloques.html,Justicialista,"SAGER , HUGO ABEL"
2000-05-25,https://web.archive.org/web/20000525090352id_/http://www.senado.gov.ar:80/web/senadores/m_bloques.html,Justicialista,"SALA , OSVALDO RUBÉN"
2000-05-25,https://web.archive.org/web/20000525090352id_/http://www.senado.gov.ar:80/web/senadores/m_bloques.html,Justicialista,"SAN MILLÁN , JULIO ARGENTINO"
2000-05-25,https://web.archive.org/web/20000525090352id_/http://www.senado.gov.ar:80/web/senadores/m_bloques.html,Justicialista,"SERGNESE, CARLOS JOSE ANTONIO"
2000-05-25,https://web.archive.org/web/20000525090352id_/http://www.senado.gov.ar:80/web/senadores/m_bloques.html,Justicialista,"TELL , ALBERTO MÁXIMO"
2000-05-25,https://web.archive.org/web/20000525090352id_/http://www.senado.gov.ar:80/web/senadores/m_bloques.html,Justicialista,"VAQUIR , OMAR MUHAMAD"
2000-05-25,https://web.archive.org/web/20000525090352id_/http://www.senado.gov.ar:80/web/senadores/m_bloques.html,Justicialista,"VERNA , CARLOS ALBERTO"
2000-05-25,https://web.archive.org/web/20000525090352id_/http://www.senado.gov.ar:80/web/senadores/m_bloques.html,Justicialista,"VILLAVERDE , JORGE ANTONIO"
2000-05-25,https://web.archive.org/web/20000525090352id_/http://www.senado.gov.ar:80/web/senadores/m_bloques.html,Justicialista,"YOMA , JORGE RAÚL"
2000-05-25,https://web.archive.org/web/20000525090352id_/http://www.senado.gov.ar:80/web/senadores/m_bloques.html,Justicialista,"ZALAZAR , HORACIO ANIBAL"
2000-05-25,https://web.archive.org/web/20000525090352id_/http://www.senado.gov.ar:80/web/senadores/m_bloques.html,Partido Justicialista - PUL (Partido Unión y Libertad,"RODRIGUEZ SAA, ALBERTO"
2000-05-25,https://web.archive.org/web/20000525090352id_/http://www.senado.gov.ar:80/web/senadores/m_bloques.html,Movimiento Popular Fueguino,"PRETO , RUGGERO"
2000-05-25,https://web.archive.org/web/20000525090352id_/http://www.senado.gov.ar:80/web/senadores/m_bloques.html,Movimiento Popular Fueguino,"ROMERO, MARCELO JUAN"
2000-05-25,https://web.archive.org/web/20000525090352id_/http://www.senado.gov.ar:80/web/senadores/m_bloques.html,Movimiento Popular Neuquino,"SAPAG , FELIPE RODOLFO"
2000-05-25,https://web.archive.org/web/20000525090352id_/http://www.senado.gov.ar:80/web/senadores/m_bloques.html,Movimiento Popular Neuquino,"SAPAG , SILVIA ESTELA"
2000-05-25,https://web.archive.org/web/20000525090352id_/http://www.senado.gov.ar:80/web/senadores/m_bloques.html,Renovador De Salta,"ULLOA , ROBERTO AUGUSTO"
2000-05-25,https://web.archive.org/web/20000525090352id_/http://www.senado.gov.ar:80/web/senadores/m_bloques.html,Unión Cívica Radical,"AGUNDEZ , JORGE ALFREDO"
2000-05-25,https://web.archive.org/web/20000525090352id_/http://www.senado.gov.ar:80/web/senadores/m_bloques.html,Unión Cívica Radical,"ALTUNA , JUAN CARLOS"
2000-05-25,https://web.archive.org/web/20000525090352id_/http://www.senado.gov.ar:80/web/senadores/m_bloques.html,Unión Cívica Radical,"ANGELOZ , EDUARDO CÉSAR"
2000-05-25,https://web.archive.org/web/20000525090352id_/http://www.senado.gov.ar:80/web/senadores/m_bloques.html,Unión Cívica Radical,"GAGLIARDI , EDGARDO JOSÉ"
2000-05-25,https://web.archive.org/web/20000525090352id_/http://www.senado.gov.ar:80/web/senadores/m_bloques.html,Unión Cívica Radical,"GALVÁN , RAÚL ALFREDO"
2000-05-25,https://web.archive.org/web/20000525090352id_/http://www.senado.gov.ar:80/web/senadores/m_bloques.html,Unión Cívica Radical,"GARCÍA ARECHA , JOSÉ MARÍA"
2000-05-25,https://web.archive.org/web/20000525090352id_/http://www.senado.gov.ar:80/web/senadores/m_bloques.html,Unión Cívica Radical,"GENOUD , JOSÉ"
2000-05-25,https://web.archive.org/web/20000525090352id_/http://www.senado.gov.ar:80/web/senadores/m_bloques.html,Unión Cívica Radical,"LEÓN , LUIS"
2000-05-25,https://web.archive.org/web/20000525090352id_/http://www.senado.gov.ar:80/web/senadores/m_bloques.html,Unión Cívica Radical,"LÓPEZ , ALCIDES HUMBERTO"
2000-05-25,https://web.archive.org/web/20000525090352id_/http://www.senado.gov.ar:80/web/senadores/m_bloques.html,Unión Cívica Radical,"LOSADA , MARIO ANIBAL"
2000-05-25,https://web.archive.org/web/20000525090352id_/http://www.senado.gov.ar:80/web/senadores/m_bloques.html,Unión Cívica Radical,"MAGLIETTI , ALBERTO RAMÓN"
2000-05-25,https://web.archive.org/web/20000525090352id_/http://www.senado.gov.ar:80/web/senadores/m_bloques.html,Unión Cívica Radical,"MASSACCESI , HORACIO"
2000-05-25,https://web.archive.org/web/20000525090352id_/http://www.senado.gov.ar:80/web/senadores/m_bloques.html,Unión Cívica Radical,"MELGAREJO , JUAN IGNACIO"
2000-05-25,https://web.archive.org/web/20000525090352id_/http://www.senado.gov.ar:80/web/senadores/m_bloques.html,Unión Cívica Radical,"MENEGHINI , JAVIER REYNALDO"
2000-05-25,https://web.archive.org/web/20000525090352id_/http://www.senado.gov.ar:80/web/senadores/m_bloques.html,Unión Cívica Radical,"MOLINARI ROMERO , LUIS ARTURO"
2000-05-25,https://web.archive.org/web/20000525090352id_/http://www.senado.gov.ar:80/web/senadores/m_bloques.html,Unión Cívica Radical,"MOREAU , LEOPOLDO RAÚL GUIDO"
2000-05-25,https://web.archive.org/web/20000525090352id_/http://www.senado.gov.ar:80/web/senadores/m_bloques.html,Unión Cívica Radical,"ROSTAN , NESTOR DANIEL"
2000-05-25,https://web.archive.org/web/20000525090352id_/http://www.senado.gov.ar:80/web/senadores/m_bloques.html,Unión Cívica Radical,"SAEZ , JOSÉ MARÍA"
2000-05-25,https://web.archive.org/web/20000525090352id_/http://www.senado.gov.ar:80/web/senadores/m_bloques.html,Unión Cívica Radical,"SALUM , HUMBERTO ELÍAS"
2000-05-25,https://web.archive.org/web/20000525090352id_/http://www.senado.gov.ar:80/web/senadores/m_bloques.html,Unión Cívica Radical,"USANDIZAGA , HORACIO DANIEL"
2000-09-25,https://web.archive.org/web/20000925231737id_/http://www.senado.gov.ar:80/web/senadores/m_bloques.html,Autonomista,"ROMERO FERIS , JOSÉ ANTONIO"
2000-09-25,https://web.archive.org/web/20000925231737id_/http://www.senado.gov.ar:80/web/senadores/m_bloques.html,Bloquista De La Provincia De San Juan,"BRAVO , LEOPOLDO"
2000-09-25,https://web.archive.org/web/20000925231737id_/http://www.senado.gov.ar:80/web/senadores/m_bloques.html,Cruzada Renovadora De San Juan,"LOZA, JUAN CARLOS"
2000-09-25,https://web.archive.org/web/20000925231737id_/http://www.senado.gov.ar:80/web/senadores/m_bloques.html,Fre.Pa.So,"DEL PIERO , PEDRO"
2000-09-25,https://web.archive.org/web/20000925231737id_/http://www.senado.gov.ar:80/web/senadores/m_bloques.html,Frente Cívico Y Social De Catamarca,"VILLARROEL , PEDRO GUILLERMO"
2000-09-25,https://web.archive.org/web/20000925231737id_/http://www.senado.gov.ar:80/web/senadores/m_bloques.html,Justicialista,"ALASINO , AUGUSTO"
2000-09-25,https://web.archive.org/web/20000925231737id_/http://www.senado.gov.ar:80/web/senadores/m_bloques.html,Justicialista,"ARNOLD,EDUARDO ARIEL"
2000-09-25,https://web.archive.org/web/20000925231737id_/http://www.senado.gov.ar:80/web/senadores/m_bloques.html,Justicialista,"BAUM , DANIEL"
2000-09-25,https://web.archive.org/web/20000925231737id_/http://www.senado.gov.ar:80/web/senadores/m_bloques.html,Justicialista,"BAUZÁ , EDUARDO"
2000-09-25,https://web.archive.org/web/20000925231737id_/http://www.senado.gov.ar:80/web/senadores/m_bloques.html,Justicialista,"BRANDA , RICARDO ALBERTO"
2000-09-25,https://web.archive.org/web/20000925231737id_/http://www.senado.gov.ar:80/web/senadores/m_bloques.html,Justicialista,"CABANA , FERNANDO VENANCIO"
2000-09-25,https://web.archive.org/web/20000925231737id_/http://www.senado.gov.ar:80/web/senadores/m_bloques.html,Justicialista,"CAFIERO , ANTONIO FRANCISCO"
2000-09-25,https://web.archive.org/web/20000925231737id_/http://www.senado.gov.ar:80/web/senadores/m_bloques.html,Justicialista,"CANTARERO , EMILIO MARCELO"
2000-09-25,https://web.archive.org/web/20000925231737id_/http://www.senado.gov.ar:80/web/senadores/m_bloques.html,Justicialista,"CARBONELL, JOSE FERNANDO FRANCISCO"
2000-09-25,https://web.archive.org/web/20000925231737id_/http://www.senado.gov.ar:80/web/senadores/m_bloques.html,Justicialista,"CORACH, CARLOS VLADIMIRO"
2000-09-25,https://web.archive.org/web/20000925231737id_/http://www.senado.gov.ar:80/web/senadores/m_bloques.html,Justicialista,"COSTANZO , REMO JOSÉ"
2000-09-25,https://web.archive.org/web/20000925231737id_/http://www.senado.gov.ar:80/web/senadores/m_bloques.html,Justicialista,"DE LA ROSA , CARLOS LEONARDO"
2000-09-25,https://web.archive.org/web/20000925231737id_/http://www.senado.gov.ar:80/web/senadores/m_bloques.html,Justicialista,"DI PIETRO , ARTURO ROLANDO"
2000-09-25,https://web.archive.org/web/20000925231737id_/http://www.senado.gov.ar:80/web/senadores/m_bloques.html,Justicialista,"GIOJA , JOSÉ LUIS"
2000-09-25,https://web.archive.org/web/20000925231737id_/http://www.senado.gov.ar:80/web/senadores/m_bloques.html,Justicialista,"HUMADA , JULIO CÉSAR"
2000-09-25,https://web.archive.org/web/20000925231737id_/http://www.senado.gov.ar:80/web/senadores/m_bloques.html,Justicialista,"MARTINEZ ALMUDEVAR , ENRIQUE J."
2000-09-25,https://web.archive.org/web/20000925231737id_/http://www.senado.gov.ar:80/web/senadores/m_bloques.html,Justicialista,"MASSAT , JORGE JOSÉ"
2000-09-25,https://web.archive.org/web/20000925231737id_/http://www.senado.gov.ar:80/web/senadores/m_bloques.html,Justicialista,"MENEM , EDUARDO"
2000-09-25,https://web.archive.org/web/20000925231737id_/http://www.senado.gov.ar:80/web/senadores/m_bloques.html,Justicialista,"MIKKELSEN LÖTH , JORGE FEDERICO"
2000-09-25,https://web.archive.org/web/20000925231737id_/http://www.senado.gov.ar:80/web/senadores/m_bloques.html,Justicialista,"ORTEGA, RAMON BAUTISTA"
2000-09-25,https://web.archive.org/web/20000925231737id_/http://www.senado.gov.ar:80/web/senadores/m_bloques.html,Justicialista,"OUDÍN , ERNESTO RENÉ"
2000-09-25,https://web.archive.org/web/20000925231737id_/http://www.senado.gov.ar:80/web/senadores/m_bloques.html,Justicialista,"PALACIOS , GERARDO LUIS"
2000-09-25,https://web.archive.org/web/20000925231737id_/http://www.senado.gov.ar:80/web/senadores/m_bloques.html,Justicialista,"PARDO, ÁNGEL FRANCISCO"
2000-09-25,https://web.archive.org/web/20000925231737id_/http://www.senado.gov.ar:80/web/senadores/m_bloques.html,Justicialista,"PRUYAS, TOMAS RUBEN"
2000-09-25,https://web.archive.org/web/20000925231737id_/http://www.senado.gov.ar:80/web/senadores/m_bloques.html,Justicialista,"RAIJER , BEATRIZ IRMA"
2000-09-25,https://web.archive.org/web/20000925231737id_/http://www.senado.gov.ar:80/web/senadores/m_bloques.html,Justicialista,"RODRIGUEZ , MANUEL AUGUSTO"
2000-09-25,https://web.archive.org/web/20000925231737id_/http://www.senado.gov.ar:80/web/senadores/m_bloques.html,Justicialista,"SAGER , HUGO ABEL"
2000-09-25,https://web.archive.org/web/20000925231737id_/http://www.senado.gov.ar:80/web/senadores/m_bloques.html,Justicialista,"SALA , OSVALDO RUBÉN"
2000-09-25,https://web.archive.org/web/20000925231737id_/http://www.senado.gov.ar:80/web/senadores/m_bloques.html,Justicialista,"SAN MILLÁN , JULIO ARGENTINO"
2000-09-25,https://web.archive.org/web/20000925231737id_/http://www.senado.gov.ar:80/web/senadores/m_bloques.html,Justicialista,"SERGNESE, CARLOS JOSE ANTONIO"
2000-09-25,https://web.archive.org/web/20000925231737id_/http://www.senado.gov.ar:80/web/senadores/m_bloques.html,Justicialista,"TELL , ALBERTO MÁXIMO"
2000-09-25,https://web.archive.org/web/20000925231737id_/http://www.senado.gov.ar:80/web/senadores/m_bloques.html,Justicialista,"VAQUIR , OMAR MUHAMAD"
2000-09-25,https://web.archive.org/web/20000925231737id_/http://www.senado.gov.ar:80/web/senadores/m_bloques.html,Justicialista,"VERNA , CARLOS ALBERTO"
2000-09-25,https://web.archive.org/web/20000925231737id_/http://www.senado.gov.ar:80/web/senadores/m_bloques.html,Justicialista,"VILLAVERDE , JORGE ANTONIO"
2000-09-25,https://web.archive.org/web/20000925231737id_/http://www.senado.gov.ar:80/web/senadores/m_bloques.html,Justicialista,"YOMA , JORGE RAÚL"
2000-09-25,https://web.archive.org/web/20000925231737id_/http://www.senado.gov.ar:80/web/senadores/m_bloques.html,Justicialista,"ZALAZAR , HORACIO ANIBAL"
2000-09-25,https://web.archive.org/web/20000925231737id_/http://www.senado.gov.ar:80/web/senadores/m_bloques.html,Partido Justicialista Federal de Senadores Nacionales,"MAYA , HÉCTOR MARÍA"
2000-09-25,https://web.archive.org/web/20000925231737id_/http://www.senado.gov.ar:80/web/senadores/m_bloques.html,Partido Justicialista Federal de Senadores Nacionales,"RODRIGUEZ SAA, ALBERTO"
2000-09-25,https://web.archive.org/web/20000925231737id_/http://www.senado.gov.ar:80/web/senadores/m_bloques.html,Partido Justicialista Federal de Senadores Nacionales,"VARIZAT , DANIEL ALBERTO"
2000-09-25,https://web.archive.org/web/20000925231737id_/http://www.senado.gov.ar:80/web/senadores/m_bloques.html,Movimiento Popular Fueguino,"PRETO , RUGGERO"
2000-09-25,https://web.archive.org/web/20000925231737id_/http://www.senado.gov.ar:80/web/senadores/m_bloques.html,Movimiento Popular Fueguino,"ROMERO, MARCELO JUAN"
2000-09-25,https://web.archive.org/web/20000925231737id_/http://www.senado.gov.ar:80/web/senadores/m_bloques.html,Movimiento Popular Neuquino,"SAPAG , FELIPE RODOLFO"
2000-09-25,https://web.archive.org/web/20000925231737id_/http://www.senado.gov.ar:80/web/senadores/m_bloques.html,Movimiento Popular Neuquino,"SAPAG , SILVIA ESTELA"
2000-09-25,https://web.archive.org/web/20000925231737id_/http://www.senado.gov.ar:80/web/senadores/m_bloques.html,Renovador De Salta,"ULLOA , ROBERTO AUGUSTO"
2000-09-25,https://web.archive.org/web/20000925231737id_/http://www.senado.gov.ar:80/web/senadores/m_bloques.html,Unión Cívica Radical,"AGUNDEZ , JORGE ALFREDO"
2000-09-25,https://web.archive.org/web/20000925231737id_/http://www.senado.gov.ar:80/web/senadores/m_bloques.html,Unión Cívica Radical,"ALTUNA , JUAN CARLOS"
2000-09-25,https://web.archive.org/web/20000925231737id_/http://www.senado.gov.ar:80/web/senadores/m_bloques.html,Unión Cívica Radical,"ANGELOZ , EDUARDO CÉSAR"
2000-09-25,https://web.archive.org/web/20000925231737id_/http://www.senado.gov.ar:80/web/senadores/m_bloques.html,Unión Cívica Radical,"GAGLIARDI , EDGARDO JOSÉ"
2000-09-25,https://web.archive.org/web/20000925231737id_/http://www.senado.gov.ar:80/web/senadores/m_bloques.html,Unión Cívica Radical,"GALVÁN , RAÚL ALFREDO"
2000-09-25,https://web.archive.org/web/20000925231737id_/http://www.senado.gov.ar:80/web/senadores/m_bloques.html,Unión Cívica Radical,"GARCÍA ARECHA , JOSÉ MARÍA"
2000-09-25,https://web.archive.org/web/20000925231737id_/http://www.senado.gov.ar:80/web/senadores/m_bloques.html,Unión Cívica Radical,"GENOUD , JOSÉ"
2000-09-25,https://web.archive.org/web/20000925231737id_/http://www.senado.gov.ar:80/web/senadores/m_bloques.html,Unión Cívica Radical,"LEÓN , LUIS"
2000-09-25,https://web.archive.org/web/20000925231737id_/http://www.senado.gov.ar:80/web/senadores/m_bloques.html,Unión Cívica Radical,"LÓPEZ , ALCIDES HUMBERTO"
2000-09-25,https://web.archive.org/web/20000925231737id_/http://www.senado.gov.ar:80/web/senadores/m_bloques.html,Unión Cívica Radical,"LOSADA , MARIO ANIBAL"
2000-09-25,https://web.archive.org/web/20000925231737id_/http://www.senado.gov.ar:80/web/senadores/m_bloques.html,Unión Cívica Radical,"MAGLIETTI , ALBERTO RAMÓN"
2000-09-25,https://web.archive.org/web/20000925231737id_/http://www.senado.gov.ar:80/web/senadores/m_bloques.html,Unión Cívica Radical,"MASSACCESI , HORACIO"
2000-09-25,https://web.archive.org/web/20000925231737id_/http://www.senado.gov.ar:80/web/senadores/m_bloques.html,Unión Cívica Radical,"MELGAREJO , JUAN IGNACIO"
2000-09-25,https://web.archive.org/web/20000925231737id_/http://www.senado.gov.ar:80/web/senadores/m_bloques.html,Unión Cívica Radical,"MENEGHINI , JAVIER REYNALDO"
2000-09-25,https://web.archive.org/web/20000925231737id_/http://www.senado.gov.ar:80/web/senadores/m_bloques.html,Unión Cívica Radical,"MOLINARI ROMERO , LUIS ARTURO"
2000-09-25,https://web.archive.org/web/20000925231737id_/http://www.senado.gov.ar:80/web/senadores/m_bloques.html,Unión Cívica Radical,"MOREAU , LEOPOLDO RAÚL GUIDO"
2000-09-25,https://web.archive.org/web/20000925231737id_/http://www.senado.gov.ar:80/web/senadores/m_bloques.html,Unión Cívica Radical,"ROSTAN , NESTOR DANIEL"
2000-09-25,https://web.archive.org/web/20000925231737id_/http://www.senado.gov.ar:80/web/senadores/m_bloques.html,Unión Cívica Radical,"SAEZ , JOSÉ MARÍA"
2000-09-25,https://web.archive.org/web/20000925231737id_/http://www.senado.gov.ar:80/web/senadores/m_bloques.html,Unión Cívica Radical,"SALUM , HUMBERTO ELÍAS"
2000-09-25,https://web.archive.org/web/20000925231737id_/http://www.senado.gov.ar:80/web/senadores/m_bloques.html,Unión Cívica Radical,"USANDIZAGA , HORACIO DANIEL"
2000-10-04,https://web.archive.org/web/20001004235402id_/http://www.senado.gov.ar:80/web/senadores/m_bloques.html,Autonomista,"ROMERO FERIS , JOSÉ ANTONIO"
2000-10-04,https://web.archive.org/web/20001004235402id_/http://www.senado.gov.ar:80/web/senadores/m_bloques.html,Bloquista De La Provincia De San Juan,"BRAVO , LEOPOLDO"
2000-10-04,https://web.archive.org/web/20001004235402id_/http://www.senado.gov.ar:80/web/senadores/m_bloques.html,Cruzada Renovadora De San Juan,"LOZA, JUAN CARLOS"
2000-10-04,https://web.archive.org/web/20001004235402id_/http://www.senado.gov.ar:80/web/senadores/m_bloques.html,Fre.Pa.So,"DEL PIERO , PEDRO"
2000-10-04,https://web.archive.org/web/20001004235402id_/http://www.senado.gov.ar:80/web/senadores/m_bloques.html,Frente Cívico Y Social De Catamarca,"VILLARROEL , PEDRO GUILLERMO"
2000-10-04,https://web.archive.org/web/20001004235402id_/http://www.senado.gov.ar:80/web/senadores/m_bloques.html,Justicialista,"ALASINO , AUGUSTO"
2000-10-04,https://web.archive.org/web/20001004235402id_/http://www.senado.gov.ar:80/web/senadores/m_bloques.html,Justicialista,"ARNOLD,EDUARDO ARIEL"
2000-10-04,https://web.archive.org/web/20001004235402id_/http://www.senado.gov.ar:80/web/senadores/m_bloques.html,Justicialista,"BAUM , DANIEL"
2000-10-04,https://web.archive.org/web/20001004235402id_/http://www.senado.gov.ar:80/web/senadores/m_bloques.html,Justicialista,"BAUZÁ , EDUARDO"
2000-10-04,https://web.archive.org/web/20001004235402id_/http://www.senado.gov.ar:80/web/senadores/m_bloques.html,Justicialista,"BRANDA , RICARDO ALBERTO"
2000-10-04,https://web.archive.org/web/20001004235402id_/http://www.senado.gov.ar:80/web/senadores/m_bloques.html,Justicialista,"CABANA , FERNANDO VENANCIO"
2000-10-04,https://web.archive.org/web/20001004235402id_/http://www.senado.gov.ar:80/web/senadores/m_bloques.html,Justicialista,"CAFIERO , ANTONIO FRANCISCO"
2000-10-04,https://web.archive.org/web/20001004235402id_/http://www.senado.gov.ar:80/web/senadores/m_bloques.html,Justicialista,"CANTARERO , EMILIO MARCELO"
2000-10-04,https://web.archive.org/web/20001004235402id_/http://www.senado.gov.ar:80/web/senadores/m_bloques.html,Justicialista,"CARBONELL, JOSE FERNANDO FRANCISCO"
2000-10-04,https://web.archive.org/web/20001004235402id_/http://www.senado.gov.ar:80/web/senadores/m_bloques.html,Justicialista,"CORACH, CARLOS VLADIMIRO"
2000-10-04,https://web.archive.org/web/20001004235402id_/http://www.senado.gov.ar:80/web/senadores/m_bloques.html,Justicialista,"COSTANZO , REMO JOSÉ"
2000-10-04,https://web.archive.org/web/20001004235402id_/http://www.senado.gov.ar:80/web/senadores/m_bloques.html,Justicialista,"DE LA ROSA , CARLOS LEONARDO"
2000-10-04,https://web.archive.org/web/20001004235402id_/http://www.senado.gov.ar:80/web/senadores/m_bloques.html,Justicialista,"DI PIETRO , ARTURO ROLANDO"
2000-10-04,https://web.archive.org/web/20001004235402id_/http://www.senado.gov.ar:80/web/senadores/m_bloques.html,Justicialista,"GIOJA , JOSÉ LUIS"
2000-10-04,https://web.archive.org/web/20001004235402id_/http://www.senado.gov.ar:80/web/senadores/m_bloques.html,Justicialista,"HUMADA , JULIO CÉSAR"
2000-10-04,https://web.archive.org/web/20001004235402id_/http://www.senado.gov.ar:80/web/senadores/m_bloques.html,Justicialista,"MARTINEZ ALMUDEVAR , ENRIQUE J."
2000-10-04,https://web.archive.org/web/20001004235402id_/http://www.senado.gov.ar:80/web/senadores/m_bloques.html,Justicialista,"MASSAT , JORGE JOSÉ"
2000-10-04,https://web.archive.org/web/20001004235402id_/http://www.senado.gov.ar:80/web/senadores/m_bloques.html,Justicialista,"MENEM , EDUARDO"
2000-10-04,https://web.archive.org/web/20001004235402id_/http://www.senado.gov.ar:80/web/senadores/m_bloques.html,Justicialista,"MIKKELSEN LÖTH , JORGE FEDERICO"
2000-10-04,https://web.archive.org/web/20001004235402id_/http://www.senado.gov.ar:80/web/senadores/m_bloques.html,Justicialista,"ORTEGA, RAMON BAUTISTA"
2000-10-04,https://web.archive.org/web/20001004235402id_/http://www.senado.gov.ar:80/web/senadores/m_bloques.html,Justicialista,"OUDÍN , ERNESTO RENÉ"
2000-10-04,https://web.archive.org/web/20001004235402id_/http://www.senado.gov.ar:80/web/senadores/m_bloques.html,Justicialista,"PALACIOS , GERARDO LUIS"
2000-10-04,https://web.archive.org/web/20001004235402id_/http://www.senado.gov.ar:80/web/senadores/m_bloques.html,Justicialista,"PARDO, ÁNGEL FRANCISCO"
2000-10-04,https://web.archive.org/web/20001004235402id_/http://www.senado.gov.ar:80/web/senadores/m_bloques.html,Justicialista,"PRUYAS, TOMAS RUBEN"
2000-10-04,https://web.archive.org/web/20001004235402id_/http://www.senado.gov.ar:80/web/senadores/m_bloques.html,Justicialista,"RAIJER , BEATRIZ IRMA"
2000-10-04,https://web.archive.org/web/20001004235402id_/http://www.senado.gov.ar:80/web/senadores/m_bloques.html,Justicialista,"RODRIGUEZ , MANUEL AUGUSTO"
2000-10-04,https://web.archive.org/web/20001004235402id_/http://www.senado.gov.ar:80/web/senadores/m_bloques.html,Justicialista,"SAGER , HUGO ABEL"
2000-10-04,https://web.archive.org/web/20001004235402id_/http://www.senado.gov.ar:80/web/senadores/m_bloques.html,Justicialista,"SALA , OSVALDO RUBÉN"
2000-10-04,https://web.archive.org/web/20001004235402id_/http://www.senado.gov.ar:80/web/senadores/m_bloques.html,Justicialista,"SAN MILLÁN , JULIO ARGENTINO"
2000-10-04,https://web.archive.org/web/20001004235402id_/http://www.senado.gov.ar:80/web/senadores/m_bloques.html,Justicialista,"SERGNESE, CARLOS JOSE ANTONIO"
2000-10-04,https://web.archive.org/web/20001004235402id_/http://www.senado.gov.ar:80/web/senadores/m_bloques.html,Justicialista,"TELL , ALBERTO MÁXIMO"
2000-10-04,https://web.archive.org/web/20001004235402id_/http://www.senado.gov.ar:80/web/senadores/m_bloques.html,Justicialista,"VAQUIR , OMAR MUHAMAD"
2000-10-04,https://web.archive.org/web/20001004235402id_/http://www.senado.gov.ar:80/web/senadores/m_bloques.html,Justicialista,"VERNA , CARLOS ALBERTO"
2000-10-04,https://web.archive.org/web/20001004235402id_/http://www.senado.gov.ar:80/web/senadores/m_bloques.html,Justicialista,"VILLAVERDE , JORGE ANTONIO"
2000-10-04,https://web.archive.org/web/20001004235402id_/http://www.senado.gov.ar:80/web/senadores/m_bloques.html,Justicialista,"YOMA , JORGE RAÚL"
2000-10-04,https://web.archive.org/web/20001004235402id_/http://www.senado.gov.ar:80/web/senadores/m_bloques.html,Justicialista,"ZALAZAR , HORACIO ANIBAL"
2000-10-04,https://web.archive.org/web/20001004235402id_/http://www.senado.gov.ar:80/web/senadores/m_bloques.html,Partido Justicialista Federal de Senadores Nacionales,"MAYA , HÉCTOR MARÍA"
2000-10-04,https://web.archive.org/web/20001004235402id_/http://www.senado.gov.ar:80/web/senadores/m_bloques.html,Partido Justicialista Federal de Senadores Nacionales,"RODRIGUEZ SAA, ALBERTO"
2000-10-04,https://web.archive.org/web/20001004235402id_/http://www.senado.gov.ar:80/web/senadores/m_bloques.html,Partido Justicialista Federal de Senadores Nacionales,"VARIZAT , DANIEL ALBERTO"
2000-10-04,https://web.archive.org/web/20001004235402id_/http://www.senado.gov.ar:80/web/senadores/m_bloques.html,Movimiento Popular Fueguino,"PRETO , RUGGERO"
2000-10-04,https://web.archive.org/web/20001004235402id_/http://www.senado.gov.ar:80/web/senadores/m_bloques.html,Movimiento Popular Fueguino,"ROMERO, MARCELO JUAN"
2000-10-04,https://web.archive.org/web/20001004235402id_/http://www.senado.gov.ar:80/web/senadores/m_bloques.html,Movimiento Popular Neuquino,"SAPAG , FELIPE RODOLFO"
2000-10-04,https://web.archive.org/web/20001004235402id_/http://www.senado.gov.ar:80/web/senadores/m_bloques.html,Movimiento Popular Neuquino,"SAPAG , SILVIA ESTELA"
2000-10-04,https://web.archive.org/web/20001004235402id_/http://www.senado.gov.ar:80/web/senadores/m_bloques.html,Renovador De Salta,"ULLOA , ROBERTO AUGUSTO"
2000-10-04,https://web.archive.org/web/20001004235402id_/http://www.senado.gov.ar:80/web/senadores/m_bloques.html,Unión Cívica Radical,"AGUNDEZ , JORGE ALFREDO"
2000-10-04,https://web.archive.org/web/20001004235402id_/http://www.senado.gov.ar:80/web/senadores/m_bloques.html,Unión Cívica Radical,"ALTUNA , JUAN CARLOS"
2000-10-04,https://web.archive.org/web/20001004235402id_/http://www.senado.gov.ar:80/web/senadores/m_bloques.html,Unión Cívica Radical,"ANGELOZ , EDUARDO CÉSAR"
2000-10-04,https://web.archive.org/web/20001004235402id_/http://www.senado.gov.ar:80/web/senadores/m_bloques.html,Unión Cívica Radical,"GAGLIARDI , EDGARDO JOSÉ"
2000-10-04,https://web.archive.org/web/20001004235402id_/http://www.senado.gov.ar:80/web/senadores/m_bloques.html,Unión Cívica Radical,"GALVÁN , RAÚL ALFREDO"
2000-10-04,https://web.archive.org/web/20001004235402id_/http://www.senado.gov.ar:80/web/senadores/m_bloques.html,Unión Cívica Radical,"GARCÍA ARECHA , JOSÉ MARÍA"
2000-10-04,https://web.archive.org/web/20001004235402id_/http://www.senado.gov.ar:80/web/senadores/m_bloques.html,Unión Cívica Radical,"GENOUD , JOSÉ"
2000-10-04,https://web.archive.org/web/20001004235402id_/http://www.senado.gov.ar:80/web/senadores/m_bloques.html,Unión Cívica Radical,"LEÓN , LUIS"
2000-10-04,https://web.archive.org/web/20001004235402id_/http://www.senado.gov.ar:80/web/senadores/m_bloques.html,Unión Cívica Radical,"LÓPEZ , ALCIDES HUMBERTO"
2000-10-04,https://web.archive.org/web/20001004235402id_/http://www.senado.gov.ar:80/web/senadores/m_bloques.html,Unión Cívica Radical,"LOSADA , MARIO ANIBAL"
2000-10-04,https://web.archive.org/web/20001004235402id_/http://www.senado.gov.ar:80/web/senadores/m_bloques.html,Unión Cívica Radical,"MAGLIETTI , ALBERTO RAMÓN"
2000-10-04,https://web.archive.org/web/20001004235402id_/http://www.senado.gov.ar:80/web/senadores/m_bloques.html,Unión Cívica Radical,"MASSACCESI , HORACIO"
2000-10-04,https://web.archive.org/web/20001004235402id_/http://www.senado.gov.ar:80/web/senadores/m_bloques.html,Unión Cívica Radical,"MELGAREJO , JUAN IGNACIO"
2000-10-04,https://web.archive.org/web/20001004235402id_/http://www.senado.gov.ar:80/web/senadores/m_bloques.html,Unión Cívica Radical,"MENEGHINI , JAVIER REYNALDO"
2000-10-04,https://web.archive.org/web/20001004235402id_/http://www.senado.gov.ar:80/web/senadores/m_bloques.html,Unión Cívica Radical,"MOLINARI ROMERO , LUIS ARTURO"
2000-10-04,https://web.archive.org/web/20001004235402id_/http://www.senado.gov.ar:80/web/senadores/m_bloques.html,Unión Cívica Radical,"MOREAU , LEOPOLDO RAÚL GUIDO"
2000-10-04,https://web.archive.org/web/20001004235402id_/http://www.senado.gov.ar:80/web/senadores/m_bloques.html,Unión Cívica Radical,"ROSTAN , NESTOR DANIEL"
2000-10-04,https://web.archive.org/web/20001004235402id_/http://www.senado.gov.ar:80/web/senadores/m_bloques.html,Unión Cívica Radical,"SAEZ , JOSÉ MARÍA"
2000-10-04,https://web.archive.org/web/20001004235402id_/http://www.senado.gov.ar:80/web/senadores/m_bloques.html,Unión Cívica Radical,"SALUM , HUMBERTO ELÍAS"
2000-10-04,https://web.archive.org/web/20001004235402id_/http://www.senado.gov.ar:80/web/senadores/m_bloques.html,Unión Cívica Radical,"USANDIZAGA , HORACIO DANIEL"
2000-12-03,https://web.archive.org/web/20001203033700id_/http://www.senado.gov.ar:80/web/senadores/m_bloques.html,Autonomista,"ROMERO FERIS , JOSÉ ANTONIO"
2000-12-03,https://web.archive.org/web/20001203033700id_/http://www.senado.gov.ar:80/web/senadores/m_bloques.html,Bloquista De La Provincia De San Juan,"BRAVO , LEOPOLDO"
2000-12-03,https://web.archive.org/web/20001203033700id_/http://www.senado.gov.ar:80/web/senadores/m_bloques.html,Cruzada Renovadora De San Juan,"LOZA, JUAN CARLOS"
2000-12-03,https://web.archive.org/web/20001203033700id_/http://www.senado.gov.ar:80/web/senadores/m_bloques.html,Fre.Pa.So,"DEL PIERO , PEDRO"
2000-12-03,https://web.archive.org/web/20001203033700id_/http://www.senado.gov.ar:80/web/senadores/m_bloques.html,Frente Cívico Y Social De Catamarca,"VILLARROEL , PEDRO GUILLERMO"
2000-12-03,https://web.archive.org/web/20001203033700id_/http://www.senado.gov.ar:80/web/senadores/m_bloques.html,Justicialista,"ALASINO , AUGUSTO"
2000-12-03,https://web.archive.org/web/20001203033700id_/http://www.senado.gov.ar:80/web/senadores/m_bloques.html,Justicialista,"ARNOLD,EDUARDO ARIEL"
2000-12-03,https://web.archive.org/web/20001203033700id_/http://www.senado.gov.ar:80/web/senadores/m_bloques.html,Justicialista,"BAUM , DANIEL"
2000-12-03,https://web.archive.org/web/20001203033700id_/http://www.senado.gov.ar:80/web/senadores/m_bloques.html,Justicialista,"BAUZÁ , EDUARDO"
2000-12-03,https://web.archive.org/web/20001203033700id_/http://www.senado.gov.ar:80/web/senadores/m_bloques.html,Justicialista,"BRANDA , RICARDO ALBERTO"
2000-12-03,https://web.archive.org/web/20001203033700id_/http://www.senado.gov.ar:80/web/senadores/m_bloques.html,Justicialista,"CABANA , FERNANDO VENANCIO"
2000-12-03,https://web.archive.org/web/20001203033700id_/http://www.senado.gov.ar:80/web/senadores/m_bloques.html,Justicialista,"CAFIERO , ANTONIO FRANCISCO"
2000-12-03,https://web.archive.org/web/20001203033700id_/http://www.senado.gov.ar:80/web/senadores/m_bloques.html,Justicialista,"CANTARERO , EMILIO MARCELO"
2000-12-03,https://web.archive.org/web/20001203033700id_/http://www.senado.gov.ar:80/web/senadores/m_bloques.html,Justicialista,"CARBONELL, JOSE FERNANDO FRANCISCO"
2000-12-03,https://web.archive.org/web/20001203033700id_/http://www.senado.gov.ar:80/web/senadores/m_bloques.html,Justicialista,"CORACH, CARLOS VLADIMIRO"
2000-12-03,https://web.archive.org/web/20001203033700id_/http://www.senado.gov.ar:80/web/senadores/m_bloques.html,Justicialista,"COSTANZO , REMO JOSÉ"
2000-12-03,https://web.archive.org/web/20001203033700id_/http://www.senado.gov.ar:80/web/senadores/m_bloques.html,Justicialista,"DE LA ROSA , CARLOS LEONARDO"
2000-12-03,https://web.archive.org/web/20001203033700id_/http://www.senado.gov.ar:80/web/senadores/m_bloques.html,Justicialista,"DI PIETRO , ARTURO ROLANDO"
2000-12-03,https://web.archive.org/web/20001203033700id_/http://www.senado.gov.ar:80/web/senadores/m_bloques.html,Justicialista,"GIOJA , JOSÉ LUIS"
2000-12-03,https://web.archive.org/web/20001203033700id_/http://www.senado.gov.ar:80/web/senadores/m_bloques.html,Justicialista,"HUMADA , JULIO CÉSAR"
2000-12-03,https://web.archive.org/web/20001203033700id_/http://www.senado.gov.ar:80/web/senadores/m_bloques.html,Justicialista,"MARTINEZ ALMUDEVAR , ENRIQUE J."
2000-12-03,https://web.archive.org/web/20001203033700id_/http://www.senado.gov.ar:80/web/senadores/m_bloques.html,Justicialista,"MASSAT , JORGE JOSÉ"
2000-12-03,https://web.archive.org/web/20001203033700id_/http://www.senado.gov.ar:80/web/senadores/m_bloques.html,Justicialista,"MENEM , EDUARDO"
2000-12-03,https://web.archive.org/web/20001203033700id_/http://www.senado.gov.ar:80/web/senadores/m_bloques.html,Justicialista,"MIKKELSEN LÖTH , JORGE FEDERICO"
2000-12-03,https://web.archive.org/web/20001203033700id_/http://www.senado.gov.ar:80/web/senadores/m_bloques.html,Justicialista,"ORTEGA, RAMON BAUTISTA"
2000-12-03,https://web.archive.org/web/20001203033700id_/http://www.senado.gov.ar:80/web/senadores/m_bloques.html,Justicialista,"OUDÍN , ERNESTO RENÉ"
2000-12-03,https://web.archive.org/web/20001203033700id_/http://www.senado.gov.ar:80/web/senadores/m_bloques.html,Justicialista,"PALACIOS , GERARDO LUIS"
2000-12-03,https://web.archive.org/web/20001203033700id_/http://www.senado.gov.ar:80/web/senadores/m_bloques.html,Justicialista,"PARDO, ÁNGEL FRANCISCO"
2000-12-03,https://web.archive.org/web/20001203033700id_/http://www.senado.gov.ar:80/web/senadores/m_bloques.html,Justicialista,"PRUYAS, TOMAS RUBEN"
2000-12-03,https://web.archive.org/web/20001203033700id_/http://www.senado.gov.ar:80/web/senadores/m_bloques.html,Justicialista,"RAIJER , BEATRIZ IRMA"
2000-12-03,https://web.archive.org/web/20001203033700id_/http://www.senado.gov.ar:80/web/senadores/m_bloques.html,Justicialista,"RODRIGUEZ , MANUEL AUGUSTO"
2000-12-03,https://web.archive.org/web/20001203033700id_/http://www.senado.gov.ar:80/web/senadores/m_bloques.html,Justicialista,"SAGER , HUGO ABEL"
2000-12-03,https://web.archive.org/web/20001203033700id_/http://www.senado.gov.ar:80/web/senadores/m_bloques.html,Justicialista,"SALA , OSVALDO RUBÉN"
2000-12-03,https://web.archive.org/web/20001203033700id_/http://www.senado.gov.ar:80/web/senadores/m_bloques.html,Justicialista,"SAN MILLÁN , JULIO ARGENTINO"
2000-12-03,https://web.archive.org/web/20001203033700id_/http://www.senado.gov.ar:80/web/senadores/m_bloques.html,Justicialista,"SERGNESE, CARLOS JOSE ANTONIO"
2000-12-03,https://web.archive.org/web/20001203033700id_/http://www.senado.gov.ar:80/web/senadores/m_bloques.html,Justicialista,"TELL , ALBERTO MÁXIMO"
2000-12-03,https://web.archive.org/web/20001203033700id_/http://www.senado.gov.ar:80/web/senadores/m_bloques.html,Justicialista,"VAQUIR , OMAR MUHAMAD"
2000-12-03,https://web.archive.org/web/20001203033700id_/http://www.senado.gov.ar:80/web/senadores/m_bloques.html,Justicialista,"VERNA , CARLOS ALBERTO"
2000-12-03,https://web.archive.org/web/20001203033700id_/http://www.senado.gov.ar:80/web/senadores/m_bloques.html,Justicialista,"VILLAVERDE , JORGE ANTONIO"
2000-12-03,https://web.archive.org/web/20001203033700id_/http://www.senado.gov.ar:80/web/senadores/m_bloques.html,Justicialista,"YOMA , JORGE RAÚL"
2000-12-03,https://web.archive.org/web/20001203033700id_/http://www.senado.gov.ar:80/web/senadores/m_bloques.html,Justicialista,"ZALAZAR , HORACIO ANIBAL"
2000-12-03,https://web.archive.org/web/20001203033700id_/http://www.senado.gov.ar:80/web/senadores/m_bloques.html,Partido Justicialista Federal de Senadores Nacionales,"MAYA , HÉCTOR MARÍA"
2000-12-03,https://web.archive.org/web/20001203033700id_/http://www.senado.gov.ar:80/web/senadores/m_bloques.html,Partido Justicialista Federal de Senadores Nacionales,"RODRIGUEZ SAA, ALBERTO"
2000-12-03,https://web.archive.org/web/20001203033700id_/http://www.senado.gov.ar:80/web/senadores/m_bloques.html,Partido Justicialista Federal de Senadores Nacionales,"VARIZAT , DANIEL ALBERTO"
2000-12-03,https://web.archive.org/web/20001203033700id_/http://www.senado.gov.ar:80/web/senadores/m_bloques.html,Movimiento Popular Fueguino,"PRETO , RUGGERO"
2000-12-03,https://web.archive.org/web/20001203033700id_/http://www.senado.gov.ar:80/web/senadores/m_bloques.html,Movimiento Popular Fueguino,"ROMERO, MARCELO JUAN"
2000-12-03,https://web.archive.org/web/20001203033700id_/http://www.senado.gov.ar:80/web/senadores/m_bloques.html,Movimiento Popular Neuquino,"SAPAG , FELIPE RODOLFO"
2000-12-03,https://web.archive.org/web/20001203033700id_/http://www.senado.gov.ar:80/web/senadores/m_bloques.html,Movimiento Popular Neuquino,"SAPAG , SILVIA ESTELA"
2000-12-03,https://web.archive.org/web/20001203033700id_/http://www.senado.gov.ar:80/web/senadores/m_bloques.html,Renovador De Salta,"ULLOA , ROBERTO AUGUSTO"
2000-12-03,https://web.archive.org/web/20001203033700id_/http://www.senado.gov.ar:80/web/senadores/m_bloques.html,Unión Cívica Radical,"AGUNDEZ , JORGE ALFREDO"
2000-12-03,https://web.archive.org/web/20001203033700id_/http://www.senado.gov.ar:80/web/senadores/m_bloques.html,Unión Cívica Radical,"ALTUNA , JUAN CARLOS"
2000-12-03,https://web.archive.org/web/20001203033700id_/http://www.senado.gov.ar:80/web/senadores/m_bloques.html,Unión Cívica Radical,"ANGELOZ , EDUARDO CÉSAR"
2000-12-03,https://web.archive.org/web/20001203033700id_/http://www.senado.gov.ar:80/web/senadores/m_bloques.html,Unión Cívica Radical,"GAGLIARDI , EDGARDO JOSÉ"
2000-12-03,https://web.archive.org/web/20001203033700id_/http://www.senado.gov.ar:80/web/senadores/m_bloques.html,Unión Cívica Radical,"GALVÁN , RAÚL ALFREDO"
2000-12-03,https://web.archive.org/web/20001203033700id_/http://www.senado.gov.ar:80/web/senadores/m_bloques.html,Unión Cívica Radical,"GARCÍA ARECHA , JOSÉ MARÍA"
2000-12-03,https://web.archive.org/web/20001203033700id_/http://www.senado.gov.ar:80/web/senadores/m_bloques.html,Unión Cívica Radical,"GENOUD , JOSÉ"
2000-12-03,https://web.archive.org/web/20001203033700id_/http://www.senado.gov.ar:80/web/senadores/m_bloques.html,Unión Cívica Radical,"LEÓN , LUIS"
2000-12-03,https://web.archive.org/web/20001203033700id_/http://www.senado.gov.ar:80/web/senadores/m_bloques.html,Unión Cívica Radical,"LÓPEZ , ALCIDES HUMBERTO"
2000-12-03,https://web.archive.org/web/20001203033700id_/http://www.senado.gov.ar:80/web/senadores/m_bloques.html,Unión Cívica Radical,"LOSADA , MARIO ANIBAL"
2000-12-03,https://web.archive.org/web/20001203033700id_/http://www.senado.gov.ar:80/web/senadores/m_bloques.html,Unión Cívica Radical,"MAGLIETTI , ALBERTO RAMÓN"
2000-12-03,https://web.archive.org/web/20001203033700id_/http://www.senado.gov.ar:80/web/senadores/m_bloques.html,Unión Cívica Radical,"MASSACCESI , HORACIO"
2000-12-03,https://web.archive.org/web/20001203033700id_/http://www.senado.gov.ar:80/web/senadores/m_bloques.html,Unión Cívica Radical,"MELGAREJO , JUAN IGNACIO"
2000-12-03,https://web.archive.org/web/20001203033700id_/http://www.senado.gov.ar:80/web/senadores/m_bloques.html,Unión Cívica Radical,"MENEGHINI , JAVIER REYNALDO"
2000-12-03,https://web.archive.org/web/20001203033700id_/http://www.senado.gov.ar:80/web/senadores/m_bloques.html,Unión Cívica Radical,"MOLINARI ROMERO , LUIS ARTURO"
2000-12-03,https://web.archive.org/web/20001203033700id_/http://www.senado.gov.ar:80/web/senadores/m_bloques.html,Unión Cívica Radical,"MOREAU , LEOPOLDO RAÚL GUIDO"
2000-12-03,https://web.archive.org/web/20001203033700id_/http://www.senado.gov.ar:80/web/senadores/m_bloques.html,Unión Cívica Radical,"ROSTAN , NESTOR DANIEL"
2000-12-03,https://web.archive.org/web/20001203033700id_/http://www.senado.gov.ar:80/web/senadores/m_bloques.html,Unión Cívica Radical,"SAEZ , JOSÉ MARÍA"
2000-12-03,https://web.archive.org/web/20001203033700id_/http://www.senado.gov.ar:80/web/senadores/m_bloques.html,Unión Cívica Radical,"SALUM , HUMBERTO ELÍAS"
2000-12-03,https://web.archive.org/web/20001203033700id_/http://www.senado.gov.ar:80/web/senadores/m_bloques.html,Unión Cívica Radical,"USANDIZAGA , HORACIO DANIEL"
2001-02-11,https://web.archive.org/web/20010211000505id_/http://www.senado.gov.ar:80/web/senadores/m_bloques.html,Autonomista,"ROMERO FERIS , JOSÉ ANTONIO"
2001-02-11,https://web.archive.org/web/20010211000505id_/http://www.senado.gov.ar:80/web/senadores/m_bloques.html,Bloquista De La Provincia De San Juan,"BRAVO , LEOPOLDO"
2001-02-11,https://web.archive.org/web/20010211000505id_/http://www.senado.gov.ar:80/web/senadores/m_bloques.html,Cruzada Renovadora De San Juan,"LOZA, JUAN CARLOS"
2001-02-11,https://web.archive.org/web/20010211000505id_/http://www.senado.gov.ar:80/web/senadores/m_bloques.html,Fre.Pa.So,"DEL PIERO , PEDRO"
2001-02-11,https://web.archive.org/web/20010211000505id_/http://www.senado.gov.ar:80/web/senadores/m_bloques.html,Frente Cívico Y Social De Catamarca,"VILLARROEL , PEDRO GUILLERMO"
2001-02-11,https://web.archive.org/web/20010211000505id_/http://www.senado.gov.ar:80/web/senadores/m_bloques.html,Justicialista,"ALASINO , AUGUSTO"
2001-02-11,https://web.archive.org/web/20010211000505id_/http://www.senado.gov.ar:80/web/senadores/m_bloques.html,Justicialista,"ARNOLD,EDUARDO ARIEL"
2001-02-11,https://web.archive.org/web/20010211000505id_/http://www.senado.gov.ar:80/web/senadores/m_bloques.html,Justicialista,"BAUM , DANIEL"
2001-02-11,https://web.archive.org/web/20010211000505id_/http://www.senado.gov.ar:80/web/senadores/m_bloques.html,Justicialista,"BAUZÁ , EDUARDO"
2001-02-11,https://web.archive.org/web/20010211000505id_/http://www.senado.gov.ar:80/web/senadores/m_bloques.html,Justicialista,"BRANDA , RICARDO ALBERTO"
2001-02-11,https://web.archive.org/web/20010211000505id_/http://www.senado.gov.ar:80/web/senadores/m_bloques.html,Justicialista,"CABANA , FERNANDO VENANCIO"
2001-02-11,https://web.archive.org/web/20010211000505id_/http://www.senado.gov.ar:80/web/senadores/m_bloques.html,Justicialista,"CAFIERO , ANTONIO FRANCISCO"
2001-02-11,https://web.archive.org/web/20010211000505id_/http://www.senado.gov.ar:80/web/senadores/m_bloques.html,Justicialista,"CANTARERO , EMILIO MARCELO"
2001-02-11,https://web.archive.org/web/20010211000505id_/http://www.senado.gov.ar:80/web/senadores/m_bloques.html,Justicialista,"CARBONELL, JOSE FERNANDO FRANCISCO"
2001-02-11,https://web.archive.org/web/20010211000505id_/http://www.senado.gov.ar:80/web/senadores/m_bloques.html,Justicialista,"CORACH, CARLOS VLADIMIRO"
2001-02-11,https://web.archive.org/web/20010211000505id_/http://www.senado.gov.ar:80/web/senadores/m_bloques.html,Justicialista,"COSTANZO , REMO JOSÉ"
2001-02-11,https://web.archive.org/web/20010211000505id_/http://www.senado.gov.ar:80/web/senadores/m_bloques.html,Justicialista,"DE LA ROSA , CARLOS LEONARDO"
2001-02-11,https://web.archive.org/web/20010211000505id_/http://www.senado.gov.ar:80/web/senadores/m_bloques.html,Justicialista,"GIOJA , JOSÉ LUIS"
2001-02-11,https://web.archive.org/web/20010211000505id_/http://www.senado.gov.ar:80/web/senadores/m_bloques.html,Justicialista,"HUMADA , JULIO CÉSAR"
2001-02-11,https://web.archive.org/web/20010211000505id_/http://www.senado.gov.ar:80/web/senadores/m_bloques.html,Justicialista,"MARTINEZ ALMUDEVAR , ENRIQUE J."
2001-02-11,https://web.archive.org/web/20010211000505id_/http://www.senado.gov.ar:80/web/senadores/m_bloques.html,Justicialista,"MASSAT , JORGE JOSÉ"
2001-02-11,https://web.archive.org/web/20010211000505id_/http://www.senado.gov.ar:80/web/senadores/m_bloques.html,Justicialista,"MENEM , EDUARDO"
2001-02-11,https://web.archive.org/web/20010211000505id_/http://www.senado.gov.ar:80/web/senadores/m_bloques.html,Justicialista,"MIKKELSEN LÖTH , JORGE FEDERICO"
2001-02-11,https://web.archive.org/web/20010211000505id_/http://www.senado.gov.ar:80/web/senadores/m_bloques.html,Justicialista,"ORTEGA, RAMON BAUTISTA"
2001-02-11,https://web.archive.org/web/20010211000505id_/http://www.senado.gov.ar:80/web/senadores/m_bloques.html,Justicialista,"OUDÍN , ERNESTO RENÉ"
2001-02-11,https://web.archive.org/web/20010211000505id_/http://www.senado.gov.ar:80/web/senadores/m_bloques.html,Justicialista,"PALACIOS , GERARDO LUIS"
2001-02-11,https://web.archive.org/web/20010211000505id_/http://www.senado.gov.ar:80/web/senadores/m_bloques.html,Justicialista,"PARDO, ÁNGEL FRANCISCO"
2001-02-11,https://web.archive.org/web/20010211000505id_/http://www.senado.gov.ar:80/web/senadores/m_bloques.html,Justicialista,"PRUYAS, TOMAS RUBEN"
2001-02-11,https://web.archive.org/web/20010211000505id_/http://www.senado.gov.ar:80/web/senadores/m_bloques.html,Justicialista,"RAIJER , BEATRIZ IRMA"
2001-02-11,https://web.archive.org/web/20010211000505id_/http://www.senado.gov.ar:80/web/senadores/m_bloques.html,Justicialista,"RODRIGUEZ , MANUEL AUGUSTO"
2001-02-11,https://web.archive.org/web/20010211000505id_/http://www.senado.gov.ar:80/web/senadores/m_bloques.html,Justicialista,"SAGER , HUGO ABEL"
2001-02-11,https://web.archive.org/web/20010211000505id_/http://www.senado.gov.ar:80/web/senadores/m_bloques.html,Justicialista,"SALA , OSVALDO RUBÉN"
2001-02-11,https://web.archive.org/web/20010211000505id_/http://www.senado.gov.ar:80/web/senadores/m_bloques.html,Justicialista,"SAN MILLÁN , JULIO ARGENTINO"
2001-02-11,https://web.archive.org/web/20010211000505id_/http://www.senado.gov.ar:80/web/senadores/m_bloques.html,Justicialista,"SERGNESE, CARLOS JOSE ANTONIO"
2001-02-11,https://web.archive.org/web/20010211000505id_/http://www.senado.gov.ar:80/web/senadores/m_bloques.html,Justicialista,"TELL , ALBERTO MÁXIMO"
2001-02-11,https://web.archive.org/web/20010211000505id_/http://www.senado.gov.ar:80/web/senadores/m_bloques.html,Justicialista,"VAQUIR , OMAR MUHAMAD"
2001-02-11,https://web.archive.org/web/20010211000505id_/http://www.senado.gov.ar:80/web/senadores/m_bloques.html,Justicialista,"VERNA , CARLOS ALBERTO"
2001-02-11,https://web.archive.org/web/20010211000505id_/http://www.senado.gov.ar:80/web/senadores/m_bloques.html,Justicialista,"VILLAVERDE , JORGE ANTONIO"
2001-02-11,https://web.archive.org/web/20010211000505id_/http://www.senado.gov.ar:80/web/senadores/m_bloques.html,Justicialista,"YOMA , JORGE RAÚL"
2001-02-11,https://web.archive.org/web/20010211000505id_/http://www.senado.gov.ar:80/web/senadores/m_bloques.html,Justicialista,"ZALAZAR , HORACIO ANIBAL"
2001-02-11,https://web.archive.org/web/20010211000505id_/http://www.senado.gov.ar:80/web/senadores/m_bloques.html,Partido Justicialista Federal de Senadores Nacionales,"MAYA , HÉCTOR MARÍA"
2001-02-11,https://web.archive.org/web/20010211000505id_/http://www.senado.gov.ar:80/web/senadores/m_bloques.html,Partido Justicialista Federal de Senadores Nacionales,"RODRIGUEZ SAA, ALBERTO"
2001-02-11,https://web.archive.org/web/20010211000505id_/http://www.senado.gov.ar:80/web/senadores/m_bloques.html,Partido Justicialista Federal de Senadores Nacionales,"VARIZAT , DANIEL ALBERTO"
2001-02-11,https://web.archive.org/web/20010211000505id_/http://www.senado.gov.ar:80/web/senadores/m_bloques.html,Movimiento Popular Fueguino,"PRETO , RUGGERO"
2001-02-11,https://web.archive.org/web/20010211000505id_/http://www.senado.gov.ar:80/web/senadores/m_bloques.html,Movimiento Popular Fueguino,"ROMERO, MARCELO JUAN"
2001-02-11,https://web.archive.org/web/20010211000505id_/http://www.senado.gov.ar:80/web/senadores/m_bloques.html,Movimiento Popular Neuquino,"SAPAG , FELIPE RODOLFO"
2001-02-11,https://web.archive.org/web/20010211000505id_/http://www.senado.gov.ar:80/web/senadores/m_bloques.html,Movimiento Popular Neuquino,"SAPAG , SILVIA ESTELA"
2001-02-11,https://web.archive.org/web/20010211000505id_/http://www.senado.gov.ar:80/web/senadores/m_bloques.html,Renovador De Salta,"ULLOA , ROBERTO AUGUSTO"
2001-02-11,https://web.archive.org/web/20010211000505id_/http://www.senado.gov.ar:80/web/senadores/m_bloques.html,Unión Cívica Radical,"AGUNDEZ , JORGE ALFREDO"
2001-02-11,https://web.archive.org/web/20010211000505id_/http://www.senado.gov.ar:80/web/senadores/m_bloques.html,Unión Cívica Radical,"ALTUNA , JUAN CARLOS"
2001-02-11,https://web.archive.org/web/20010211000505id_/http://www.senado.gov.ar:80/web/senadores/m_bloques.html,Unión Cívica Radical,"ANGELOZ , EDUARDO CÉSAR"
2001-02-11,https://web.archive.org/web/20010211000505id_/http://www.senado.gov.ar:80/web/senadores/m_bloques.html,Unión Cívica Radical,"GAGLIARDI , EDGARDO JOSÉ"
2001-02-11,https://web.archive.org/web/20010211000505id_/http://www.senado.gov.ar:80/web/senadores/m_bloques.html,Unión Cívica Radical,"GALVÁN , RAÚL ALFREDO"
2001-02-11,https://web.archive.org/web/20010211000505id_/http://www.senado.gov.ar:80/web/senadores/m_bloques.html,Unión Cívica Radical,"GARCÍA ARECHA , JOSÉ MARÍA"
2001-02-11,https://web.archive.org/web/20010211000505id_/http://www.senado.gov.ar:80/web/senadores/m_bloques.html,Unión Cívica Radical,"GENOUD , JOSÉ"
2001-02-11,https://web.archive.org/web/20010211000505id_/http://www.senado.gov.ar:80/web/senadores/m_bloques.html,Unión Cívica Radical,"LEÓN , LUIS"
2001-02-11,https://web.archive.org/web/20010211000505id_/http://www.senado.gov.ar:80/web/senadores/m_bloques.html,Unión Cívica Radical,"LÓPEZ , ALCIDES HUMBERTO"
2001-02-11,https://web.archive.org/web/20010211000505id_/http://www.senado.gov.ar:80/web/senadores/m_bloques.html,Unión Cívica Radical,"LOSADA , MARIO ANIBAL"
2001-02-11,https://web.archive.org/web/20010211000505id_/http://www.senado.gov.ar:80/web/senadores/m_bloques.html,Unión Cívica Radical,"MAGLIETTI , ALBERTO RAMÓN"
2001-02-11,https://web.archive.org/web/20010211000505id_/http://www.senado.gov.ar:80/web/senadores/m_bloques.html,Unión Cívica Radical,"MASSACCESI , HORACIO"
2001-02-11,https://web.archive.org/web/20010211000505id_/http://www.senado.gov.ar:80/web/senadores/m_bloques.html,Unión Cívica Radical,"MARTINEZ, NELIDA SUSANA"
2001-02-11,https://web.archive.org/web/20010211000505id_/http://www.senado.gov.ar:80/web/senadores/m_bloques.html,Unión Cívica Radical,"MENEGHINI , JAVIER REYNALDO"
2001-02-11,https://web.archive.org/web/20010211000505id_/http://www.senado.gov.ar:80/web/senadores/m_bloques.html,Unión Cívica Radical,"MOLINARI ROMERO , LUIS ARTURO"
2001-02-11,https://web.archive.org/web/20010211000505id_/http://www.senado.gov.ar:80/web/senadores/m_bloques.html,Unión Cívica Radical,"MOREAU , LEOPOLDO RAÚL GUIDO"
2001-02-11,https://web.archive.org/web/20010211000505id_/http://www.senado.gov.ar:80/web/senadores/m_bloques.html,Unión Cívica Radical,"ROSTAN , NESTOR DANIEL"
2001-02-11,https://web.archive.org/web/20010211000505id_/http://www.senado.gov.ar:80/web/senadores/m_bloques.html,Unión Cívica Radical,"SAEZ , JOSÉ MARÍA"
2001-02-11,https://web.archive.org/web/20010211000505id_/http://www.senado.gov.ar:80/web/senadores/m_bloques.html,Unión Cívica Radical,"SALUM , HUMBERTO ELÍAS"
2001-02-11,https://web.archive.org/web/20010211000505id_/http://www.senado.gov.ar:80/web/senadores/m_bloques.html,Unión Cívica Radical,"USANDIZAGA , HORACIO DANIEL"
2001-06-17,https://web.archive.org/web/20010617015501id_/http://www.senado.gov.ar:80/web/senadores/m_bloques.html,Autonomista,"ROMERO FERIS , JOSÉ ANTONIO"
2001-06-17,https://web.archive.org/web/20010617015501id_/http://www.senado.gov.ar:80/web/senadores/m_bloques.html,Bloquista De La Provincia De San Juan,"BRAVO , LEOPOLDO"
2001-06-17,https://web.archive.org/web/20010617015501id_/http://www.senado.gov.ar:80/web/senadores/m_bloques.html,Cruzada Renovadora De San Juan,"LOZA, JUAN CARLOS"
2001-06-17,https://web.archive.org/web/20010617015501id_/http://www.senado.gov.ar:80/web/senadores/m_bloques.html,Fre.Pa.So,"DEL PIERO , PEDRO"
2001-06-17,https://web.archive.org/web/20010617015501id_/http://www.senado.gov.ar:80/web/senadores/m_bloques.html,Frente Cívico Y Social De Catamarca,"VILLARROEL , PEDRO GUILLERMO"
2001-06-17,https://web.archive.org/web/20010617015501id_/http://www.senado.gov.ar:80/web/senadores/m_bloques.html,Justicialismo Por El Cambio,"NEGRE DE ALONSO, LILIANA TERESITA"
2001-06-17,https://web.archive.org/web/20010617015501id_/http://www.senado.gov.ar:80/web/senadores/m_bloques.html,Justicialismo Por El Cambio,"TORINO, HECTOR OMAR"
2001-06-17,https://web.archive.org/web/20010617015501id_/http://www.senado.gov.ar:80/web/senadores/m_bloques.html,Justicialista,"ALASINO , AUGUSTO"
2001-06-17,https://web.archive.org/web/20010617015501id_/http://www.senado.gov.ar:80/web/senadores/m_bloques.html,Justicialista,"ARNOLD,EDUARDO ARIEL"
2001-06-17,https://web.archive.org/web/20010617015501id_/http://www.senado.gov.ar:80/web/senadores/m_bloques.html,Justicialista,"BAUM , DANIEL"
2001-06-17,https://web.archive.org/web/20010617015501id_/http://www.senado.gov.ar:80/web/senadores/m_bloques.html,Justicialista,"BAUZÁ , EDUARDO"
2001-06-17,https://web.archive.org/web/20010617015501id_/http://www.senado.gov.ar:80/web/senadores/m_bloques.html,Justicialista,"BRANDA , RICARDO ALBERTO"
2001-06-17,https://web.archive.org/web/20010617015501id_/http://www.senado.gov.ar:80/web/senadores/m_bloques.html,Justicialista,"CABANA , FERNANDO VENANCIO"
2001-06-17,https://web.archive.org/web/20010617015501id_/http://www.senado.gov.ar:80/web/senadores/m_bloques.html,Justicialista,"CANTARERO , EMILIO MARCELO"
2001-06-17,https://web.archive.org/web/20010617015501id_/http://www.senado.gov.ar:80/web/senadores/m_bloques.html,Justicialista,"CARBONELL, JOSE FERNANDO FRANCISCO"
2001-06-17,https://web.archive.org/web/20010617015501id_/http://www.senado.gov.ar:80/web/senadores/m_bloques.html,Justicialista,"CORACH, CARLOS VLADIMIRO"
2001-06-17,https://web.archive.org/web/20010617015501id_/http://www.senado.gov.ar:80/web/senadores/m_bloques.html,Justicialista,"COSTANZO , REMO JOSÉ"
2001-06-17,https://web.archive.org/web/20010617015501id_/http://www.senado.gov.ar:80/web/senadores/m_bloques.html,Justicialista,"DE LA ROSA , CARLOS LEONARDO"
2001-06-17,https://web.archive.org/web/20010617015501id_/http://www.senado.gov.ar:80/web/senadores/m_bloques.html,Justicialista,"FUNES, CARLOS D."
2001-06-17,https://web.archive.org/web/20010617015501id_/http://www.senado.gov.ar:80/web/senadores/m_bloques.html,Justicialista,"GIOJA , JOSÉ LUIS"
2001-06-17,https://web.archive.org/web/20010617015501id_/http://www.senado.gov.ar:80/web/senadores/m_bloques.html,Justicialista,"HUMADA , JULIO CÉSAR"
2001-06-17,https://web.archive.org/web/20010617015501id_/http://www.senado.gov.ar:80/web/senadores/m_bloques.html,Justicialista,"MARTINEZ ALMUDEVAR , ENRIQUE J."
2001-06-17,https://web.archive.org/web/20010617015501id_/http://www.senado.gov.ar:80/web/senadores/m_bloques.html,Justicialista,"MASSAT , JORGE JOSÉ"
2001-06-17,https://web.archive.org/web/20010617015501id_/http://www.senado.gov.ar:80/web/senadores/m_bloques.html,Justicialista,"MENEM , EDUARDO"
2001-06-17,https://web.archive.org/web/20010617015501id_/http://www.senado.gov.ar:80/web/senadores/m_bloques.html,Justicialista,"MIKKELSEN LÖTH , JORGE FEDERICO"
2001-06-17,https://web.archive.org/web/20010617015501id_/http://www.senado.gov.ar:80/web/senadores/m_bloques.html,Justicialista,"ORTEGA, RAMON BAUTISTA"
2001-06-17,https://web.archive.org/web/20010617015501id_/http://www.senado.gov.ar:80/web/senadores/m_bloques.html,Justicialista,"OUDÍN , ERNESTO RENÉ"
2001-06-17,https://web.archive.org/web/20010617015501id_/http://www.senado.gov.ar:80/web/senadores/m_bloques.html,Justicialista,"PALACIOS , GERARDO LUIS"
2001-06-17,https://web.archive.org/web/20010617015501id_/http://www.senado.gov.ar:80/web/senadores/m_bloques.html,Justicialista,"PARDO, ÁNGEL FRANCISCO"
2001-06-17,https://web.archive.org/web/20010617015501id_/http://www.senado.gov.ar:80/web/senadores/m_bloques.html,Justicialista,"PRUYAS, TOMAS RUBEN"
2001-06-17,https://web.archive.org/web/20010617015501id_/http://www.senado.gov.ar:80/web/senadores/m_bloques.html,Justicialista,"RAIJER , BEATRIZ IRMA"
2001-06-17,https://web.archive.org/web/20010617015501id_/http://www.senado.gov.ar:80/web/senadores/m_bloques.html,Justicialista,"RODRIGUEZ , MANUEL AUGUSTO"
2001-06-17,https://web.archive.org/web/20010617015501id_/http://www.senado.gov.ar:80/web/senadores/m_bloques.html,Justicialista,"SAGER , HUGO ABEL"
2001-06-17,https://web.archive.org/web/20010617015501id_/http://www.senado.gov.ar:80/web/senadores/m_bloques.html,Justicialista,"SALA , OSVALDO RUBÉN"
2001-06-17,https://web.archive.org/web/20010617015501id_/http://www.senado.gov.ar:80/web/senadores/m_bloques.html,Justicialista,"SAN MILLÁN , JULIO ARGENTINO"
2001-06-17,https://web.archive.org/web/20010617015501id_/http://www.senado.gov.ar:80/web/senadores/m_bloques.html,Justicialista,"TELL , ALBERTO MÁXIMO"
2001-06-17,https://web.archive.org/web/20010617015501id_/http://www.senado.gov.ar:80/web/senadores/m_bloques.html,Justicialista,"VAQUIR , OMAR MUHAMAD"
2001-06-17,https://web.archive.org/web/20010617015501id_/http://www.senado.gov.ar:80/web/senadores/m_bloques.html,Justicialista,"VERNA , CARLOS ALBERTO"
2001-06-17,https://web.archive.org/web/20010617015501id_/http://www.senado.gov.ar:80/web/senadores/m_bloques.html,Justicialista,"YOMA , JORGE RAÚL"
2001-06-17,https://web.archive.org/web/20010617015501id_/http://www.senado.gov.ar:80/web/senadores/m_bloques.html,Justicialista,"ZALAZAR , HORACIO ANIBAL"
2001-06-17,https://web.archive.org/web/20010617015501id_/http://www.senado.gov.ar:80/web/senadores/m_bloques.html,17 de Octubre,"CAFIERO , ANTONIO FRANCISCO"
2001-06-17,https://web.archive.org/web/20010617015501id_/http://www.senado.gov.ar:80/web/senadores/m_bloques.html,17 de Octubre,"MAYA , HÉCTOR MARÍA"
2001-06-17,https://web.archive.org/web/20010617015501id_/http://www.senado.gov.ar:80/web/senadores/m_bloques.html,17 de Octubre,"VARIZAT , DANIEL ALBERTO"
2001-06-17,https://web.archive.org/web/20010617015501id_/http://www.senado.gov.ar:80/web/senadores/m_bloques.html,17 de Octubre,"VILLAVERDE , JORGE ANTONIO"
2001-06-17,https://web.archive.org/web/20010617015501id_/http://www.senado.gov.ar:80/web/senadores/m_bloques.html,Movimiento Popular Fueguino,"PRETO , RUGGERO"
2001-06-17,https://web.archive.org/web/20010617015501id_/http://www.senado.gov.ar:80/web/senadores/m_bloques.html,Movimiento Popular Fueguino,"ROMERO, MARCELO JUAN"
2001-06-17,https://web.archive.org/web/20010617015501id_/http://www.senado.gov.ar:80/web/senadores/m_bloques.html,Movimiento Popular Neuquino,"SAPAG , FELIPE RODOLFO"
2001-06-17,https://web.archive.org/web/20010617015501id_/http://www.senado.gov.ar:80/web/senadores/m_bloques.html,Movimiento Popular Neuquino,"SAPAG , SILVIA ESTELA"
2001-06-17,https://web.archive.org/web/20010617015501id_/http://www.senado.gov.ar:80/web/senadores/m_bloques.html,Renovador De Salta,"ULLOA , ROBERTO AUGUSTO"
2001-06-17,https://web.archive.org/web/20010617015501id_/http://www.senado.gov.ar:80/web/senadores/m_bloques.html,Unión Cívica Radical,"AGUNDEZ , JORGE ALFREDO"
2001-06-17,https://web.archive.org/web/20010617015501id_/http://www.senado.gov.ar:80/web/senadores/m_bloques.html,Unión Cívica Radical,"ALTUNA , JUAN CARLOS"
2001-06-17,https://web.archive.org/web/20010617015501id_/http://www.senado.gov.ar:80/web/senadores/m_bloques.html,Unión Cívica Radical,"ANGELOZ , EDUARDO CÉSAR"
2001-06-17,https://web.archive.org/web/20010617015501id_/http://www.senado.gov.ar:80/web/senadores/m_bloques.html,Unión Cívica Radical,"GAGLIARDI , EDGARDO JOSÉ"
2001-06-17,https://web.archive.org/web/20010617015501id_/http://www.senado.gov.ar:80/web/senadores/m_bloques.html,Unión Cívica Radical,"GALVÁN , RAÚL ALFREDO"
2001-06-17,https://web.archive.org/web/20010617015501id_/http://www.senado.gov.ar:80/web/senadores/m_bloques.html,Unión Cívica Radical,"GARCÍA ARECHA , JOSÉ MARÍA"
2001-06-17,https://web.archive.org/web/20010617015501id_/http://www.senado.gov.ar:80/web/senadores/m_bloques.html,Unión Cívica Radical,"GENOUD , JOSÉ"
2001-06-17,https://web.archive.org/web/20010617015501id_/http://www.senado.gov.ar:80/web/senadores/m_bloques.html,Unión Cívica Radical,"LEÓN , LUIS"
2001-06-17,https://web.archive.org/web/20010617015501id_/http://www.senado.gov.ar:80/web/senadores/m_bloques.html,Unión Cívica Radical,"LÓPEZ , ALCIDES HUMBERTO"
2001-06-17,https://web.archive.org/web/20010617015501id_/http://www.senado.gov.ar:80/web/senadores/m_bloques.html,Unión Cívica Radical,"LOSADA , MARIO ANIBAL"
2001-06-17,https://web.archive.org/web/20010617015501id_/http://www.senado.gov.ar:80/web/senadores/m_bloques.html,Unión Cívica Radical,"MAGLIETTI , ALBERTO RAMÓN"
2001-06-17,https://web.archive.org/web/20010617015501id_/http://www.senado.gov.ar:80/web/senadores/m_bloques.html,Unión Cívica Radical,"MASSACCESI , HORACIO"
2001-06-17,https://web.archive.org/web/20010617015501id_/http://www.senado.gov.ar:80/web/senadores/m_bloques.html,Unión Cívica Radical,"MARTINEZ PELAEZ, NELIDA SUSANA"
2001-06-17,https://web.archive.org/web/20010617015501id_/http://www.senado.gov.ar:80/web/senadores/m_bloques.html,Unión Cívica Radical,"MENEGHINI , JAVIER REYNALDO"
2001-06-17,https://web.archive.org/web/20010617015501id_/http://www.senado.gov.ar:80/web/senadores/m_bloques.html,Unión Cívica Radical,"MOLINARI ROMERO , LUIS ARTURO"
2001-06-17,https://web.archive.org/web/20010617015501id_/http://www.senado.gov.ar:80/web/senadores/m_bloques.html,Unión Cívica Radical,"MOREAU , LEOPOLDO RAÚL GUIDO"
2001-06-17,https://web.archive.org/web/20010617015501id_/http://www.senado.gov.ar:80/web/senadores/m_bloques.html,Unión Cívica Radical,"ROSTAN , NESTOR DANIEL"
2001-06-17,https://web.archive.org/web/20010617015501id_/http://www.senado.gov.ar:80/web/senadores/m_bloques.html,Unión Cívica Radical,"SAEZ , JOSÉ MARÍA"
2001-06-17,https://web.archive.org/web/20010617015501id_/http://www.senado.gov.ar:80/web/senadores/m_bloques.html,Unión Cívica Radical,"SALUM , HUMBERTO ELÍAS"
2001-06-17,https://web.archive.org/web/20010617015501id_/http://www.senado.gov.ar:80/web/senadores/m_bloques.html,Unión Cívica Radical,"USANDIZAGA , HORACIO DANIEL"
2001-12-05,https://web.archive.org/web/20011205040042id_/http://www.senado.gov.ar:80/web/senadores/m_bloques.html,Autonomista,"ROMERO FERIS , JOSÉ ANTONIO"
2001-12-05,https://web.archive.org/web/20011205040042id_/http://www.senado.gov.ar:80/web/senadores/m_bloques.html,Bloquista De La Provincia De San Juan,"BRAVO , LEOPOLDO"
2001-12-05,https://web.archive.org/web/20011205040042id_/http://www.senado.gov.ar:80/web/senadores/m_bloques.html,Cruzada Renovadora De San Juan,"LOZA, JUAN CARLOS"
2001-12-05,https://web.archive.org/web/20011205040042id_/http://www.senado.gov.ar:80/web/senadores/m_bloques.html,Fre.Pa.So,"DEL PIERO , PEDRO"
2001-12-05,https://web.archive.org/web/20011205040042id_/http://www.senado.gov.ar:80/web/senadores/m_bloques.html,Frente Cívico Y Social De Catamarca,"VILLARROEL , PEDRO GUILLERMO"
2001-12-05,https://web.archive.org/web/20011205040042id_/http://www.senado.gov.ar:80/web/senadores/m_bloques.html,Justicialismo Por El Cambio,"NEGRE DE ALONSO, LILIANA TERESITA"
2001-12-05,https://web.archive.org/web/20011205040042id_/http://www.senado.gov.ar:80/web/senadores/m_bloques.html,Justicialismo Por El Cambio,"TORINO, HECTOR OMAR"
2001-12-05,https://web.archive.org/web/20011205040042id_/http://www.senado.gov.ar:80/web/senadores/m_bloques.html,Justicialista,"ALASINO , AUGUSTO"
2001-12-05,https://web.archive.org/web/20011205040042id_/http://www.senado.gov.ar:80/web/senadores/m_bloques.html,Justicialista,"BAUZÁ , EDUARDO"
2001-12-05,https://web.archive.org/web/20011205040042id_/http://www.senado.gov.ar:80/web/senadores/m_bloques.html,Justicialista,"BRANDA , RICARDO ALBERTO"
2001-12-05,https://web.archive.org/web/20011205040042id_/http://www.senado.gov.ar:80/web/senadores/m_bloques.html,Justicialista,"CABANA , FERNANDO VENANCIO"
2001-12-05,https://web.archive.org/web/20011205040042id_/http://www.senado.gov.ar:80/web/senadores/m_bloques.html,Justicialista,"CANTARERO , EMILIO MARCELO"
2001-12-05,https://web.archive.org/web/20011205040042id_/http://www.senado.gov.ar:80/web/senadores/m_bloques.html,Justicialista,"CARBONELL, JOSE FERNANDO FRANCISCO"
2001-12-05,https://web.archive.org/web/20011205040042id_/http://www.senado.gov.ar:80/web/senadores/m_bloques.html,Justicialista,"CONTATO CAROL, EDUARDO RAMON"
2001-12-05,https://web.archive.org/web/20011205040042id_/http://www.senado.gov.ar:80/web/senadores/m_bloques.html,Justicialista,"CORACH, CARLOS VLADIMIRO"
2001-12-05,https://web.archive.org/web/20011205040042id_/http://www.senado.gov.ar:80/web/senadores/m_bloques.html,Justicialista,"COSTANZO , REMO JOSÉ"
2001-12-05,https://web.archive.org/web/20011205040042id_/http://www.senado.gov.ar:80/web/senadores/m_bloques.html,Justicialista,"DE LA ROSA , CARLOS LEONARDO"
2001-12-05,https://web.archive.org/web/20011205040042id_/http://www.senado.gov.ar:80/web/senadores/m_bloques.html,Justicialista,"GIOJA , JOSÉ LUIS"
2001-12-05,https://web.archive.org/web/20011205040042id_/http://www.senado.gov.ar:80/web/senadores/m_bloques.html,Justicialista,"HUMADA , JULIO CÉSAR"
2001-12-05,https://web.archive.org/web/20011205040042id_/http://www.senado.gov.ar:80/web/senadores/m_bloques.html,Justicialista,"MARTINEZ ALMUDEVAR , ENRIQUE J."
2001-12-05,https://web.archive.org/web/20011205040042id_/http://www.senado.gov.ar:80/web/senadores/m_bloques.html,Justicialista,"MASSAT , JORGE JOSÉ"
2001-12-05,https://web.archive.org/web/20011205040042id_/http://www.senado.gov.ar:80/web/senadores/m_bloques.html,Justicialista,"MENEM , EDUARDO"
2001-12-05,https://web.archive.org/web/20011205040042id_/http://www.senado.gov.ar:80/web/senadores/m_bloques.html,Justicialista,"MIKKELSEN LÖTH , JORGE FEDERICO"
2001-12-05,https://web.archive.org/web/20011205040042id_/http://www.senado.gov.ar:80/web/senadores/m_bloques.html,Justicialista,"ORTEGA, RAMON BAUTISTA"
2001-12-05,https://web.archive.org/web/20011205040042id_/http://www.senado.gov.ar:80/web/senadores/m_bloques.html,Justicialista,"OUDÍN , ERNESTO RENÉ"
2001-12-05,https://web.archive.org/web/20011205040042id_/http://www.senado.gov.ar:80/web/senadores/m_bloques.html,Justicialista,"PALACIOS , GERARDO LUIS"
2001-12-05,https://web.archive.org/web/20011205040042id_/http://www.senado.gov.ar:80/web/senadores/m_bloques.html,Justicialista,"PARDO, ÁNGEL FRANCISCO"
2001-12-05,https://web.archive.org/web/20011205040042id_/http://www.senado.gov.ar:80/web/senadores/m_bloques.html,Justicialista,"PRUYAS, TOMAS RUBEN"
2001-12-05,https://web.archive.org/web/20011205040042id_/http://www.senado.gov.ar:80/web/senadores/m_bloques.html,Justicialista,"RAIJER , BEATRIZ IRMA"
2001-12-05,https://web.archive.org/web/20011205040042id_/http://www.senado.gov.ar:80/web/senadores/m_bloques.html,Justicialista,"ROBLES, MIGUEL ANGEL"
2001-12-05,https://web.archive.org/web/20011205040042id_/http://www.senado.gov.ar:80/web/senadores/m_bloques.html,Justicialista,"RODRIGUEZ , MANUEL AUGUSTO"
2001-12-05,https://web.archive.org/web/20011205040042id_/http://www.senado.gov.ar:80/web/senadores/m_bloques.html,Justicialista,"SAGER , HUGO ABEL"
2001-12-05,https://web.archive.org/web/20011205040042id_/http://www.senado.gov.ar:80/web/senadores/m_bloques.html,Justicialista,"SAN MILLÁN , JULIO ARGENTINO"
2001-12-05,https://web.archive.org/web/20011205040042id_/http://www.senado.gov.ar:80/web/senadores/m_bloques.html,Justicialista,"TELL , ALBERTO MÁXIMO"
2001-12-05,https://web.archive.org/web/20011205040042id_/http://www.senado.gov.ar:80/web/senadores/m_bloques.html,Justicialista,"VERNA , CARLOS ALBERTO"
2001-12-05,https://web.archive.org/web/20011205040042id_/http://www.senado.gov.ar:80/web/senadores/m_bloques.html,Justicialista,"YOMA , JORGE RAÚL"
2001-12-05,https://web.archive.org/web/20011205040042id_/http://www.senado.gov.ar:80/web/senadores/m_bloques.html,Justicialista,"ZALAZAR , HORACIO ANIBAL"
2001-12-05,https://web.archive.org/web/20011205040042id_/http://www.senado.gov.ar:80/web/senadores/m_bloques.html,17 de Octubre,"CAFIERO , ANTONIO FRANCISCO"
2001-12-05,https://web.archive.org/web/20011205040042id_/http://www.senado.gov.ar:80/web/senadores/m_bloques.html,17 de Octubre,"MAYA , HÉCTOR MARÍA"
2001-12-05,https://web.archive.org/web/20011205040042id_/http://www.senado.gov.ar:80/web/senadores/m_bloques.html,17 de Octubre,"VARIZAT , DANIEL ALBERTO"
2001-12-05,https://web.archive.org/web/20011205040042id_/http://www.senado.gov.ar:80/web/senadores/m_bloques.html,17 de Octubre,"VILLAVERDE , JORGE ANTONIO"
2001-12-05,https://web.archive.org/web/20011205040042id_/http://www.senado.gov.ar:80/web/senadores/m_bloques.html,Movimiento Popular Fueguino,"PRETO , RUGGERO"
2001-12-05,https://web.archive.org/web/20011205040042id_/http://www.senado.gov.ar:80/web/senadores/m_bloques.html,Movimiento Popular Fueguino,"ROMERO, MARCELO JUAN"
2001-12-05,https://web.archive.org/web/20011205040042id_/http://www.senado.gov.ar:80/web/senadores/m_bloques.html,Movimiento Popular Neuquino,"SAPAG , FELIPE RODOLFO"
2001-12-05,https://web.archive.org/web/20011205040042id_/http://www.senado.gov.ar:80/web/senadores/m_bloques.html,Movimiento Popular Neuquino,"SAPAG , SILVIA ESTELA"
2001-12-05,https://web.archive.org/web/20011205040042id_/http://www.senado.gov.ar:80/web/senadores/m_bloques.html,Peronista del Interior,"ARNOLD,EDUARDO ARIEL"
2001-12-05,https://web.archive.org/web/20011205040042id_/http://www.senado.gov.ar:80/web/senadores/m_bloques.html,Peronista del Interior,"BAUM , DANIEL"
2001-12-05,https://web.archive.org/web/20011205040042id_/http://www.senado.gov.ar:80/web/senadores/m_bloques.html,Peronista del Interior,"SALA , OSVALDO RUBÉN"
2001-12-05,https://web.archive.org/web/20011205040042id_/http://www.senado.gov.ar:80/web/senadores/m_bloques.html,Renovador De Salta,"ULLOA , ROBERTO AUGUSTO"
2001-12-05,https://web.archive.org/web/20011205040042id_/http://www.senado.gov.ar:80/web/senadores/m_bloques.html,Unión Cívica Radical,"AGUNDEZ , JORGE ALFREDO"
2001-12-05,https://web.archive.org/web/20011205040042id_/http://www.senado.gov.ar:80/web/senadores/m_bloques.html,Unión Cívica Radical,"ALTUNA , JUAN CARLOS"
2001-12-05,https://web.archive.org/web/20011205040042id_/http://www.senado.gov.ar:80/web/senadores/m_bloques.html,Unión Cívica Radical,"ANGELOZ , EDUARDO CÉSAR"
2001-12-05,https://web.archive.org/web/20011205040042id_/http://www.senado.gov.ar:80/web/senadores/m_bloques.html,Unión Cívica Radical,"GAGLIARDI , EDGARDO JOSÉ"
2001-12-05,https://web.archive.org/web/20011205040042id_/http://www.senado.gov.ar:80/web/senadores/m_bloques.html,Unión Cívica Radical,"GALVÁN , RAÚL ALFREDO"
2001-12-05,https://web.archive.org/web/20011205040042id_/http://www.senado.gov.ar:80/web/senadores/m_bloques.html,Unión Cívica Radical,"GARCÍA ARECHA , JOSÉ MARÍA"
2001-12-05,https://web.archive.org/web/20011205040042id_/http://www.senado.gov.ar:80/web/senadores/m_bloques.html,Unión Cívica Radical,"GENOUD , JOSÉ"
2001-12-05,https://web.archive.org/web/20011205040042id_/http://www.senado.gov.ar:80/web/senadores/m_bloques.html,Unión Cívica Radical,"LEÓN , LUIS"
2001-12-05,https://web.archive.org/web/20011205040042id_/http://www.senado.gov.ar:80/web/senadores/m_bloques.html,Unión Cívica Radical,"LÓPEZ , ALCIDES HUMBERTO"
2001-12-05,https://web.archive.org/web/20011205040042id_/http://www.senado.gov.ar:80/web/senadores/m_bloques.html,Unión Cívica Radical,"LOSADA , MARIO ANIBAL"
2001-12-05,https://web.archive.org/web/20011205040042id_/http://www.senado.gov.ar:80/web/senadores/m_bloques.html,Unión Cívica Radical,"MAGLIETTI , ALBERTO RAMÓN"
2001-12-05,https://web.archive.org/web/20011205040042id_/http://www.senado.gov.ar:80/web/senadores/m_bloques.html,Unión Cívica Radical,"MASSACCESI , HORACIO"
2001-12-05,https://web.archive.org/web/20011205040042id_/http://www.senado.gov.ar:80/web/senadores/m_bloques.html,Unión Cívica Radical,"MARTINEZ PELAEZ, NELIDA SUSANA"
2001-12-05,https://web.archive.org/web/20011205040042id_/http://www.senado.gov.ar:80/web/senadores/m_bloques.html,Unión Cívica Radical,"MENEGHINI , JAVIER REYNALDO"
2001-12-05,https://web.archive.org/web/20011205040042id_/http://www.senado.gov.ar:80/web/senadores/m_bloques.html,Unión Cívica Radical,"MOLINARI ROMERO , LUIS ARTURO"
2001-12-05,https://web.archive.org/web/20011205040042id_/http://www.senado.gov.ar:80/web/senadores/m_bloques.html,Unión Cívica Radical,"MOREAU , LEOPOLDO RAÚL GUIDO"
2001-12-05,https://web.archive.org/web/20011205040042id_/http://www.senado.gov.ar:80/web/senadores/m_bloques.html,Unión Cívica Radical,"ROSTAN , NESTOR DANIEL"
2001-12-05,https://web.archive.org/web/20011205040042id_/http://www.senado.gov.ar:80/web/senadores/m_bloques.html,Unión Cívica Radical,"SAEZ , JOSÉ MARÍA"
2001-12-05,https://web.archive.org/web/20011205040042id_/http://www.senado.gov.ar:80/web/senadores/m_bloques.html,Unión Cívica Radical,"SALUM , HUMBERTO ELÍAS"
2001-12-05,https://web.archive.org/web/20011205040042id_/http://www.senado.gov.ar:80/web/senadores/m_bloques.html,Unión Cívica Radical,"USANDIZAGA , HORACIO DANIEL"
2002-04-04,https://web.archive.org/web/20020404224200id_/http://proyectos.senado.gov.ar:80/web/owa/lbloques.paginabloq,BLOQUE CRUZADA RENOVADORA DE SAN JUAN,"AVELIN, Nancy Barbarita"
2002-04-04,https://web.archive.org/web/20020404224200id_/http://proyectos.senado.gov.ar:80/web/owa/lbloques.paginabloq,BLOQUE FRENTE PAIS SOLIDARIO,"IBARRA, Vilma Lidia"
2002-04-04,https://web.archive.org/web/20020404224200id_/http://proyectos.senado.gov.ar:80/web/owa/lbloques.paginabloq,BLOQUE FTE.CIV.Y SOCIAL DE CATAMARCA,"BRIZUELA DEL MORAL, Eduardo Segundo"
2002-04-04,https://web.archive.org/web/20020404224200id_/http://proyectos.senado.gov.ar:80/web/owa/lbloques.paginabloq,BLOQUE FTE.CIV.Y SOCIAL DE CATAMARCA,"COLOMBO de ACEVEDO, Maria Teresita Del Valle"
2002-04-04,https://web.archive.org/web/20020404224200id_/http://proyectos.senado.gov.ar:80/web/owa/lbloques.paginabloq,BLOQUE FUERZA REPUBLICANA,"WALTER, Pablo Hector"
2002-04-04,https://web.archive.org/web/20020404224200id_/http://proyectos.senado.gov.ar:80/web/owa/lbloques.paginabloq,BLOQUE JUSTICIALISTA,"ALPEROVICH, Jose Jorge"
2002-04-04,https://web.archive.org/web/20020404224200id_/http://proyectos.senado.gov.ar:80/web/owa/lbloques.paginabloq,BLOQUE JUSTICIALISTA,"BAR, Graciela Yolanda"
2002-04-04,https://web.archive.org/web/20020404224200id_/http://proyectos.senado.gov.ar:80/web/owa/lbloques.paginabloq,BLOQUE JUSTICIALISTA,"BARRIONUEVO, Jose Luis"
2002-04-04,https://web.archive.org/web/20020404224200id_/http://proyectos.senado.gov.ar:80/web/owa/lbloques.paginabloq,BLOQUE JUSTICIALISTA,"BUSTI, Jorge Pedro"
2002-04-04,https://web.archive.org/web/20020404224200id_/http://proyectos.senado.gov.ar:80/web/owa/lbloques.paginabloq,BLOQUE JUSTICIALISTA,"CAFIERO, Antonio Francisco"
2002-04-04,https://web.archive.org/web/20020404224200id_/http://proyectos.senado.gov.ar:80/web/owa/lbloques.paginabloq,BLOQUE JUSTICIALISTA,"CAPARROS, Mabel Luisa"
2002-04-04,https://web.archive.org/web/20020404224200id_/http://proyectos.senado.gov.ar:80/web/owa/lbloques.paginabloq,BLOQUE JUSTICIALISTA,"CAPITANICH, Jorge Milton"
2002-04-04,https://web.archive.org/web/20020404224200id_/http://proyectos.senado.gov.ar:80/web/owa/lbloques.paginabloq,BLOQUE JUSTICIALISTA,"CASTRO, Maria Elisa"
2002-04-04,https://web.archive.org/web/20020404224200id_/http://proyectos.senado.gov.ar:80/web/owa/lbloques.paginabloq,BLOQUE JUSTICIALISTA,"DANIELE, Mario Domingo"
2002-04-04,https://web.archive.org/web/20020404224200id_/http://proyectos.senado.gov.ar:80/web/owa/lbloques.paginabloq,BLOQUE JUSTICIALISTA,"ESCUDERO, Sonia Margarita"
2002-04-04,https://web.archive.org/web/20020404224200id_/http://proyectos.senado.gov.ar:80/web/owa/lbloques.paginabloq,BLOQUE JUSTICIALISTA,"FERNANDEZ, Nicolas Alejandro"
2002-04-04,https://web.archive.org/web/20020404224200id_/http://proyectos.senado.gov.ar:80/web/owa/lbloques.paginabloq,BLOQUE JUSTICIALISTA,"FERNANDEZ de KIRCHNER, Cristina E."
2002-04-04,https://web.archive.org/web/20020404224200id_/http://proyectos.senado.gov.ar:80/web/owa/lbloques.paginabloq,BLOQUE JUSTICIALISTA,"GALLIA, Sergio Adrian"
2002-04-04,https://web.archive.org/web/20020404224200id_/http://proyectos.senado.gov.ar:80/web/owa/lbloques.paginabloq,BLOQUE JUSTICIALISTA,"GIOJA, Jose Luis"
2002-04-04,https://web.archive.org/web/20020404224200id_/http://proyectos.senado.gov.ar:80/web/owa/lbloques.paginabloq,BLOQUE JUSTICIALISTA,"GOMEZ de BERTONE, Deolide Carmen"
2002-04-04,https://web.archive.org/web/20020404224200id_/http://proyectos.senado.gov.ar:80/web/owa/lbloques.paginabloq,BLOQUE JUSTICIALISTA,"GUINLE, Marcelo Alejandro Horacio"
2002-04-04,https://web.archive.org/web/20020404224200id_/http://proyectos.senado.gov.ar:80/web/owa/lbloques.paginabloq,BLOQUE JUSTICIALISTA,"HALAK, Beatriz Susana"
2002-04-04,https://web.archive.org/web/20020404224200id_/http://proyectos.senado.gov.ar:80/web/owa/lbloques.paginabloq,BLOQUE JUSTICIALISTA,"JENEFES, Guillermo Raul"
2002-04-04,https://web.archive.org/web/20020404224200id_/http://proyectos.senado.gov.ar:80/web/owa/lbloques.paginabloq,BLOQUE JUSTICIALISTA,"LAMBERTO, Oscar Santiago"
2002-04-04,https://web.archive.org/web/20020404224200id_/http://proyectos.senado.gov.ar:80/web/owa/lbloques.paginabloq,BLOQUE JUSTICIALISTA,"LATORRE, Roxana Itati"
2002-04-04,https://web.archive.org/web/20020404224200id_/http://proyectos.senado.gov.ar:80/web/owa/lbloques.paginabloq,BLOQUE JUSTICIALISTA,"LOPEZ ARIAS, Marcelo Eduardo"
2002-04-04,https://web.archive.org/web/20020404224200id_/http://proyectos.senado.gov.ar:80/web/owa/lbloques.paginabloq,BLOQUE JUSTICIALISTA,"MAQUEDA, Juan Carlos"
2002-04-04,https://web.archive.org/web/20020404224200id_/http://proyectos.senado.gov.ar:80/web/owa/lbloques.paginabloq,BLOQUE JUSTICIALISTA,"MARTIN, Floriana Nelida"
2002-04-04,https://web.archive.org/web/20020404224200id_/http://proyectos.senado.gov.ar:80/web/owa/lbloques.paginabloq,BLOQUE JUSTICIALISTA,"MAYANS, Miguel Angel"
2002-04-04,https://web.archive.org/web/20020404224200id_/http://proyectos.senado.gov.ar:80/web/owa/lbloques.paginabloq,BLOQUE JUSTICIALISTA,"MAZA, Ada Mercedes"
2002-04-04,https://web.archive.org/web/20020404224200id_/http://proyectos.senado.gov.ar:80/web/owa/lbloques.paginabloq,BLOQUE JUSTICIALISTA,"MENEM, Eduardo"
2002-04-04,https://web.archive.org/web/20020404224200id_/http://proyectos.senado.gov.ar:80/web/owa/lbloques.paginabloq,BLOQUE JUSTICIALISTA,"MERA, Mario Ruben"
2002-04-04,https://web.archive.org/web/20020404224200id_/http://proyectos.senado.gov.ar:80/web/owa/lbloques.paginabloq,BLOQUE JUSTICIALISTA,"MULLER, Mabel Hilda"
2002-04-04,https://web.archive.org/web/20020404224200id_/http://proyectos.senado.gov.ar:80/web/owa/lbloques.paginabloq,BLOQUE JUSTICIALISTA,"NEGRE de ALONSO, Liliana Teresita"
2002-04-04,https://web.archive.org/web/20020404224200id_/http://proyectos.senado.gov.ar:80/web/owa/lbloques.paginabloq,BLOQUE JUSTICIALISTA,"OCHOA, Raul Ernesto"
2002-04-04,https://web.archive.org/web/20020404224200id_/http://proyectos.senado.gov.ar:80/web/owa/lbloques.paginabloq,BLOQUE JUSTICIALISTA,"OVIEDO, Mercedes Margarita"
2002-04-04,https://web.archive.org/web/20020404224200id_/http://proyectos.senado.gov.ar:80/web/owa/lbloques.paginabloq,BLOQUE JUSTICIALISTA,"PARDAL, Jorge Alberto"
2002-04-04,https://web.archive.org/web/20020404224200id_/http://proyectos.senado.gov.ar:80/web/owa/lbloques.paginabloq,BLOQUE JUSTICIALISTA,"PARDO, Angel Francisco"
2002-04-04,https://web.archive.org/web/20020404224200id_/http://proyectos.senado.gov.ar:80/web/owa/lbloques.paginabloq,BLOQUE JUSTICIALISTA,"PAZ, Elva Azucena"
2002-04-04,https://web.archive.org/web/20020404224200id_/http://proyectos.senado.gov.ar:80/web/owa/lbloques.paginabloq,BLOQUE JUSTICIALISTA,"PERCEVAL, Maria Cristina"
2002-04-04,https://web.archive.org/web/20020404224200id_/http://proyectos.senado.gov.ar:80/web/owa/lbloques.paginabloq,BLOQUE JUSTICIALISTA,"PICHETTO, Miguel Angel"
2002-04-04,https://web.archive.org/web/20020404224200id_/http://proyectos.senado.gov.ar:80/web/owa/lbloques.paginabloq,BLOQUE JUSTICIALISTA,"PUERTA, Federico Ramon"
2002-04-04,https://web.archive.org/web/20020404224200id_/http://proyectos.senado.gov.ar:80/web/owa/lbloques.paginabloq,BLOQUE JUSTICIALISTA,"SEGUI, Malvina Maria"
2002-04-04,https://web.archive.org/web/20020404224200id_/http://proyectos.senado.gov.ar:80/web/owa/lbloques.paginabloq,BLOQUE JUSTICIALISTA,"VERNA, Carlos Alberto"
2002-04-04,https://web.archive.org/web/20020404224200id_/http://proyectos.senado.gov.ar:80/web/owa/lbloques.paginabloq,BLOQUE JUSTICIALISTA,"YOMA, Jorge Raul"
2002-04-04,https://web.archive.org/web/20020404224200id_/http://proyectos.senado.gov.ar:80/web/owa/lbloques.paginabloq,BLOQUE LIBERAL DE CORRIENTES,"CHIAPPE, Lazaro Alberto"
2002-04-04,https://web.archive.org/web/20020404224200id_/http://proyectos.senado.gov.ar:80/web/owa/lbloques.paginabloq,BLOQUE MOVIMIENTO POPULAR NEUQUINO,"SALVATORI, Pedro"
2002-04-04,https://web.archive.org/web/20020404224200id_/http://proyectos.senado.gov.ar:80/web/owa/lbloques.paginabloq,BLOQUE MOVIMIENTO POPULAR NEUQUINO,"SAPAG, Luz Maria"
2002-04-04,https://web.archive.org/web/20020404224200id_/http://proyectos.senado.gov.ar:80/web/owa/lbloques.paginabloq,BLOQUE RENOVADOR DE SALTA,"GOMEZ DIEZ, Ricardo"
2002-04-04,https://web.archive.org/web/20020404224200id_/http://proyectos.senado.gov.ar:80/web/owa/lbloques.paginabloq,BLOQUE UNION CIVICA RADICAL,"AGUNDEZ, Jorge Alfredo"
2002-04-04,https://web.archive.org/web/20020404224200id_/http://proyectos.senado.gov.ar:80/web/owa/lbloques.paginabloq,BLOQUE UNION CIVICA RADICAL,"ALFONSIN, Raul Ricardo"
2002-04-04,https://web.archive.org/web/20020404224200id_/http://proyectos.senado.gov.ar:80/web/owa/lbloques.paginabloq,BLOQUE UNION CIVICA RADICAL,"ARANCIO de BELLER, Lylia Monica"
2002-04-04,https://web.archive.org/web/20020404224200id_/http://proyectos.senado.gov.ar:80/web/owa/lbloques.paginabloq,BLOQUE UNION CIVICA RADICAL,"BAGLINI, Raul Eduardo"
2002-04-04,https://web.archive.org/web/20020404224200id_/http://proyectos.senado.gov.ar:80/web/owa/lbloques.paginabloq,BLOQUE UNION CIVICA RADICAL,"COLAZO, Mario Jorge"
2002-04-04,https://web.archive.org/web/20020404224200id_/http://proyectos.senado.gov.ar:80/web/owa/lbloques.paginabloq,BLOQUE UNION CIVICA RADICAL,"CURLETTI, Mirian Belen"
2002-04-04,https://web.archive.org/web/20020404224200id_/http://proyectos.senado.gov.ar:80/web/owa/lbloques.paginabloq,BLOQUE UNION CIVICA RADICAL,"FALCO, Luis"
2002-04-04,https://web.archive.org/web/20020404224200id_/http://proyectos.senado.gov.ar:80/web/owa/lbloques.paginabloq,BLOQUE UNION CIVICA RADICAL,"ISIDORI, Amanda Mercedes"
2002-04-04,https://web.archive.org/web/20020404224200id_/http://proyectos.senado.gov.ar:80/web/owa/lbloques.paginabloq,BLOQUE UNION CIVICA RADICAL,"LESCANO, Marcela Fabiana"
2002-04-04,https://web.archive.org/web/20020404224200id_/http://proyectos.senado.gov.ar:80/web/owa/lbloques.paginabloq,BLOQUE UNION CIVICA RADICAL,"LOSADA, Mario Anibal"
2002-04-04,https://web.archive.org/web/20020404224200id_/http://proyectos.senado.gov.ar:80/web/owa/lbloques.paginabloq,BLOQUE UNION CIVICA RADICAL,"MAESTRO, Carlos"
2002-04-04,https://web.archive.org/web/20020404224200id_/http://proyectos.senado.gov.ar:80/web/owa/lbloques.paginabloq,BLOQUE UNION CIVICA RADICAL,"MARTI, Ruben Americo"
2002-04-04,https://web.archive.org/web/20020404224200id_/http://proyectos.senado.gov.ar:80/web/owa/lbloques.paginabloq,BLOQUE UNION CIVICA RADICAL,"MORALES, Gerardo Ruben"
2002-04-04,https://web.archive.org/web/20020404224200id_/http://proyectos.senado.gov.ar:80/web/owa/lbloques.paginabloq,BLOQUE UNION CIVICA RADICAL,"MORO, Eduardo Anibal"
2002-04-04,https://web.archive.org/web/20020404224200id_/http://proyectos.senado.gov.ar:80/web/owa/lbloques.paginabloq,BLOQUE UNION CIVICA RADICAL,"PASSO, Juan Carlos"
2002-04-04,https://web.archive.org/web/20020404224200id_/http://proyectos.senado.gov.ar:80/web/owa/lbloques.paginabloq,BLOQUE UNION CIVICA RADICAL,"PRADES, Carlos Alfonso"
2002-04-04,https://web.archive.org/web/20020404224200id_/http://proyectos.senado.gov.ar:80/web/owa/lbloques.paginabloq,BLOQUE UNION CIVICA RADICAL,"RASO, Marta Ethel"
2002-04-04,https://web.archive.org/web/20020404224200id_/http://proyectos.senado.gov.ar:80/web/owa/lbloques.paginabloq,BLOQUE UNION CIVICA RADICAL,"TAFFAREL, Ricardo Cesar"
2002-04-04,https://web.archive.org/web/20020404224200id_/http://proyectos.senado.gov.ar:80/web/owa/lbloques.paginabloq,BLOQUE UNION CIVICA RADICAL,"TERRAGNO, Rodolfo"
2002-04-04,https://web.archive.org/web/20020404224200id_/http://proyectos.senado.gov.ar:80/web/owa/lbloques.paginabloq,BLOQUE UNION CIVICA RADICAL,"USANDIZAGA, Horacio Daniel"
2002-04-04,https://web.archive.org/web/20020404224200id_/http://proyectos.senado.gov.ar:80/web/owa/lbloques.paginabloq,BLOQUE UNION CIVICA RADICAL,"ZAVALIA, Jose Luis"
2002-08-17,https://web.archive.org/web/20020817215138id_/http://proyectos.senado.gov.ar:80/web/owa/webnueva.senbloque,Bloque Cruzada Renovadora De San Juan,"AVELIN, Nancy Barbarita"
2002-08-17,https://web.archive.org/web/20020817215138id_/http://proyectos.senado.gov.ar:80/web/owa/webnueva.senbloque,Bloque Frente Cívico Jujeño,"ARANCIO de BELLER, Lylia Mónica"
2002-08-17,https://web.archive.org/web/20020817215138id_/http://proyectos.senado.gov.ar:80/web/owa/webnueva.senbloque,Bloque Frente Cívico Jujeño,"MORALES, Gerardo Rubén"
2002-08-17,https://web.archive.org/web/20020817215138id_/http://proyectos.senado.gov.ar:80/web/owa/webnueva.senbloque,Bloque Frente Grande,"IBARRA, Vilma Lidia"
2002-08-17,https://web.archive.org/web/20020817215138id_/http://proyectos.senado.gov.ar:80/web/owa/webnueva.senbloque,Bloque Frepaso,"CONTI, Diana Beatriz"
2002-08-17,https://web.archive.org/web/20020817215138id_/http://proyectos.senado.gov.ar:80/web/owa/webnueva.senbloque,Bloque Fte.Civ.Y Social De Catamarca,"BRIZUELA DEL MORAL, Eduardo Segundo"
2002-08-17,https://web.archive.org/web/20020817215138id_/http://proyectos.senado.gov.ar:80/web/owa/webnueva.senbloque,Bloque Fte.Civ.Y Social De Catamarca,"COLOMBO de ACEVEDO, Maria Teresita Del Valle"
2002-08-17,https://web.archive.org/web/20020817215138id_/http://proyectos.senado.gov.ar:80/web/owa/webnueva.senbloque,Bloque Fuerza Republicana,"WALTER, Pablo Héctor"
2002-08-17,https://web.archive.org/web/20020817215138id_/http://proyectos.senado.gov.ar:80/web/owa/webnueva.senbloque,Bloque Justicialista,"ALPEROVICH, José Jorge"
2002-08-17,https://web.archive.org/web/20020817215138id_/http://proyectos.senado.gov.ar:80/web/owa/webnueva.senbloque,Bloque Justicialista,"BAR, Graciela Yolanda"
2002-08-17,https://web.archive.org/web/20020817215138id_/http://proyectos.senado.gov.ar:80/web/owa/webnueva.senbloque,Bloque Justicialista,"BARRIONUEVO, José Luis"
2002-08-17,https://web.archive.org/web/20020817215138id_/http://proyectos.senado.gov.ar:80/web/owa/webnueva.senbloque,Bloque Justicialista,"BUSTI, Jorge Pedro"
2002-08-17,https://web.archive.org/web/20020817215138id_/http://proyectos.senado.gov.ar:80/web/owa/webnueva.senbloque,Bloque Justicialista,"CAFIERO, Antonio Francisco"
2002-08-17,https://web.archive.org/web/20020817215138id_/http://proyectos.senado.gov.ar:80/web/owa/webnueva.senbloque,Bloque Justicialista,"CAPARROS, Mabel Luisa"
2002-08-17,https://web.archive.org/web/20020817215138id_/http://proyectos.senado.gov.ar:80/web/owa/webnueva.senbloque,Bloque Justicialista,"CAPITANICH, Jorge Milton"
2002-08-17,https://web.archive.org/web/20020817215138id_/http://proyectos.senado.gov.ar:80/web/owa/webnueva.senbloque,Bloque Justicialista,"CASTRO, María Elisa"
2002-08-17,https://web.archive.org/web/20020817215138id_/http://proyectos.senado.gov.ar:80/web/owa/webnueva.senbloque,Bloque Justicialista,"DANIELE, Mario Domingo"
2002-08-17,https://web.archive.org/web/20020817215138id_/http://proyectos.senado.gov.ar:80/web/owa/webnueva.senbloque,Bloque Justicialista,"ESCUDERO, Sonia Margarita"
2002-08-17,https://web.archive.org/web/20020817215138id_/http://proyectos.senado.gov.ar:80/web/owa/webnueva.senbloque,Bloque Justicialista,"FERNANDEZ, Nicolás Alejandro"
2002-08-17,https://web.archive.org/web/20020817215138id_/http://proyectos.senado.gov.ar:80/web/owa/webnueva.senbloque,Bloque Justicialista,"FERNANDEZ de KIRCHNER, Cristina E."
2002-08-17,https://web.archive.org/web/20020817215138id_/http://proyectos.senado.gov.ar:80/web/owa/webnueva.senbloque,Bloque Justicialista,"GALLIA, Sergio Adrián"
2002-08-17,https://web.archive.org/web/20020817215138id_/http://proyectos.senado.gov.ar:80/web/owa/webnueva.senbloque,Bloque Justicialista,"GIOJA, José Luis"
2002-08-17,https://web.archive.org/web/20020817215138id_/http://proyectos.senado.gov.ar:80/web/owa/webnueva.senbloque,Bloque Justicialista,"GOMEZ de BERTONE, Deolide Carmen"
2002-08-17,https://web.archive.org/web/20020817215138id_/http://proyectos.senado.gov.ar:80/web/owa/webnueva.senbloque,Bloque Justicialista,"GUINLE, Marcelo Alejandro Horacio"
2002-08-17,https://web.archive.org/web/20020817215138id_/http://proyectos.senado.gov.ar:80/web/owa/webnueva.senbloque,Bloque Justicialista,"HALAK, Beatriz Susana"
2002-08-17,https://web.archive.org/web/20020817215138id_/http://proyectos.senado.gov.ar:80/web/owa/webnueva.senbloque,Bloque Justicialista,"JENEFES, Guillermo Raúl"
2002-08-17,https://web.archive.org/web/20020817215138id_/http://proyectos.senado.gov.ar:80/web/owa/webnueva.senbloque,Bloque Justicialista,"LAMBERTO, Oscar Santiago"
2002-08-17,https://web.archive.org/web/20020817215138id_/http://proyectos.senado.gov.ar:80/web/owa/webnueva.senbloque,Bloque Justicialista,"LATORRE, Roxana Itatí"
2002-08-17,https://web.archive.org/web/20020817215138id_/http://proyectos.senado.gov.ar:80/web/owa/webnueva.senbloque,Bloque Justicialista,"LOPEZ ARIAS, Marcelo Eduardo"
2002-08-17,https://web.archive.org/web/20020817215138id_/http://proyectos.senado.gov.ar:80/web/owa/webnueva.senbloque,Bloque Justicialista,"MAQUEDA, Juan Carlos"
2002-08-17,https://web.archive.org/web/20020817215138id_/http://proyectos.senado.gov.ar:80/web/owa/webnueva.senbloque,Bloque Justicialista,"MARTIN, Floriana Nélida"
2002-08-17,https://web.archive.org/web/20020817215138id_/http://proyectos.senado.gov.ar:80/web/owa/webnueva.senbloque,Bloque Justicialista,"MAYANS, Miguel Ángel"
2002-08-17,https://web.archive.org/web/20020817215138id_/http://proyectos.senado.gov.ar:80/web/owa/webnueva.senbloque,Bloque Justicialista,"MAZA, Ada Mercedes"
2002-08-17,https://web.archive.org/web/20020817215138id_/http://proyectos.senado.gov.ar:80/web/owa/webnueva.senbloque,Bloque Justicialista,"MENEM, Eduardo"
2002-08-17,https://web.archive.org/web/20020817215138id_/http://proyectos.senado.gov.ar:80/web/owa/webnueva.senbloque,Bloque Justicialista,"MERA, Mario Rubén"
2002-08-17,https://web.archive.org/web/20020817215138id_/http://proyectos.senado.gov.ar:80/web/owa/webnueva.senbloque,Bloque Justicialista,"MULLER, Mabel Hilda"
2002-08-17,https://web.archive.org/web/20020817215138id_/http://proyectos.senado.gov.ar:80/web/owa/webnueva.senbloque,Bloque Justicialista,"NEGRE de ALONSO, Liliana Teresita"
2002-08-17,https://web.archive.org/web/20020817215138id_/http://proyectos.senado.gov.ar:80/web/owa/webnueva.senbloque,Bloque Justicialista,"OCHOA, Raúl Ernesto"
2002-08-17,https://web.archive.org/web/20020817215138id_/http://proyectos.senado.gov.ar:80/web/owa/webnueva.senbloque,Bloque Justicialista,"OVIEDO, Mercedes Margarita"
2002-08-17,https://web.archive.org/web/20020817215138id_/http://proyectos.senado.gov.ar:80/web/owa/webnueva.senbloque,Bloque Justicialista,"PARDAL, Jorge Alberto"
2002-08-17,https://web.archive.org/web/20020817215138id_/http://proyectos.senado.gov.ar:80/web/owa/webnueva.senbloque,Bloque Justicialista,"PARDO, Ángel Francisco"
2002-08-17,https://web.archive.org/web/20020817215138id_/http://proyectos.senado.gov.ar:80/web/owa/webnueva.senbloque,Bloque Justicialista,"PAZ, Elva Azucena"
2002-08-17,https://web.archive.org/web/20020817215138id_/http://proyectos.senado.gov.ar:80/web/owa/webnueva.senbloque,Bloque Justicialista,"PERCEVAL, María Cristina"
2002-08-17,https://web.archive.org/web/20020817215138id_/http://proyectos.senado.gov.ar:80/web/owa/webnueva.senbloque,Bloque Justicialista,"PICHETTO, Miguel Ángel"
2002-08-17,https://web.archive.org/web/20020817215138id_/http://proyectos.senado.gov.ar:80/web/owa/webnueva.senbloque,Bloque Justicialista,"PUERTA, Federico Ramón"
2002-08-17,https://web.archive.org/web/20020817215138id_/http://proyectos.senado.gov.ar:80/web/owa/webnueva.senbloque,Bloque Justicialista,"SEGUI, Malvina María"
2002-08-17,https://web.archive.org/web/20020817215138id_/http://proyectos.senado.gov.ar:80/web/owa/webnueva.senbloque,Bloque Justicialista,"VERNA, Carlos Alberto"
2002-08-17,https://web.archive.org/web/20020817215138id_/http://proyectos.senado.gov.ar:80/web/owa/webnueva.senbloque,Bloque Justicialista,"YOMA, Jorge Raúl"
2002-08-17,https://web.archive.org/web/20020817215138id_/http://proyectos.senado.gov.ar:80/web/owa/webnueva.senbloque,Bloque Liberal De Corrientes,"CHIAPPE, Lázaro Alberto"
2002-08-17,https://web.archive.org/web/20020817215138id_/http://proyectos.senado.gov.ar:80/web/owa/webnueva.senbloque,Bloque Movimiento Popular Neuquino,"SALVATORI, Pedro"
2002-08-17,https://web.archive.org/web/20020817215138id_/http://proyectos.senado.gov.ar:80/web/owa/webnueva.senbloque,Bloque Movimiento Popular Neuquino,"SAPAG, Luz María"
2002-08-17,https://web.archive.org/web/20020817215138id_/http://proyectos.senado.gov.ar:80/web/owa/webnueva.senbloque,Bloque Radical Independiente,"PASSO, Juan Carlos"
2002-08-17,https://web.archive.org/web/20020817215138id_/http://proyectos.senado.gov.ar:80/web/owa/webnueva.senbloque,Bloque Radical Independiente,"TERRAGNO, Rodolfo"
2002-08-17,https://web.archive.org/web/20020817215138id_/http://proyectos.senado.gov.ar:80/web/owa/webnueva.senbloque,Bloque Renovador De Salta,"GOMEZ DIEZ, Ricardo"
2002-08-17,https://web.archive.org/web/20020817215138id_/http://proyectos.senado.gov.ar:80/web/owa/webnueva.senbloque,Bloque Union Civica Radical,"AGUNDEZ, Jorge Alfredo"
2002-08-17,https://web.archive.org/web/20020817215138id_/http://proyectos.senado.gov.ar:80/web/owa/webnueva.senbloque,Bloque Union Civica Radical,"BAGLINI, Raúl Eduardo"
2002-08-17,https://web.archive.org/web/20020817215138id_/http://proyectos.senado.gov.ar:80/web/owa/webnueva.senbloque,Bloque Union Civica Radical,"COLAZO, Mario Jorge"
2002-08-17,https://web.archive.org/web/20020817215138id_/http://proyectos.senado.gov.ar:80/web/owa/webnueva.senbloque,Bloque Union Civica Radical,"CURLETTI, Mirian Belén"
2002-08-17,https://web.archive.org/web/20020817215138id_/http://proyectos.senado.gov.ar:80/web/owa/webnueva.senbloque,Bloque Union Civica Radical,"FALCO, Luis"
2002-08-17,https://web.archive.org/web/20020817215138id_/http://proyectos.senado.gov.ar:80/web/owa/webnueva.senbloque,Bloque Union Civica Radical,"ISIDORI, Amanda Mercedes"
2002-08-17,https://web.archive.org/web/20020817215138id_/http://proyectos.senado.gov.ar:80/web/owa/webnueva.senbloque,Bloque Union Civica Radical,"LESCANO, Marcela Fabiana"
2002-08-17,https://web.archive.org/web/20020817215138id_/http://proyectos.senado.gov.ar:80/web/owa/webnueva.senbloque,Bloque Union Civica Radical,"LOSADA, Mario Aníbal"
2002-08-17,https://web.archive.org/web/20020817215138id_/http://proyectos.senado.gov.ar:80/web/owa/webnueva.senbloque,Bloque Union Civica Radical,"MAESTRO, Carlos"
2002-08-17,https://web.archive.org/web/20020817215138id_/http://proyectos.senado.gov.ar:80/web/owa/webnueva.senbloque,Bloque Union Civica Radical,"MARTI, Ruben Américo"
2002-08-17,https://web.archive.org/web/20020817215138id_/http://proyectos.senado.gov.ar:80/web/owa/webnueva.senbloque,Bloque Union Civica Radical,"MORO, Eduardo Aníbal"
2002-08-17,https://web.archive.org/web/20020817215138id_/http://proyectos.senado.gov.ar:80/web/owa/webnueva.senbloque,Bloque Union Civica Radical,"PRADES, Carlos Alfonso"
2002-08-17,https://web.archive.org/web/20020817215138id_/http://proyectos.senado.gov.ar:80/web/owa/webnueva.senbloque,Bloque Union Civica Radical,"RASO, Marta Ethel"
2002-08-17,https://web.archive.org/web/20020817215138id_/http://proyectos.senado.gov.ar:80/web/owa/webnueva.senbloque,Bloque Union Civica Radical,"TAFFAREL, Ricardo César"
2002-08-17,https://web.archive.org/web/20020817215138id_/http://proyectos.senado.gov.ar:80/web/owa/webnueva.senbloque,Bloque Union Civica Radical,"USANDIZAGA, Horacio Daniel"
2002-08-17,https://web.archive.org/web/20020817215138id_/http://proyectos.senado.gov.ar:80/web/owa/webnueva.senbloque,Bloque Union Civica Radical,"ZAVALIA, José Luis"
2002-10-02,https://web.archive.org/web/20021002062506id_/http://proyectos.senado.gov.ar:80/web/owa/lbloques.paginabloq,BLOQUE CRUZADA RENOVADORA DE SAN JUAN,"AVELIN, Nancy Barbarita"
2002-10-02,https://web.archive.org/web/20021002062506id_/http://proyectos.senado.gov.ar:80/web/owa/lbloques.paginabloq,BLOQUE FRENTE CÍVICO JUJEÑO,"ARANCIO de BELLER, Lylia Mónica"
2002-10-02,https://web.archive.org/web/20021002062506id_/http://proyectos.senado.gov.ar:80/web/owa/lbloques.paginabloq,BLOQUE FRENTE CÍVICO JUJEÑO,"MORALES, Gerardo Rubén"
2002-10-02,https://web.archive.org/web/20021002062506id_/http://proyectos.senado.gov.ar:80/web/owa/lbloques.paginabloq,BLOQUE FRENTE GRANDE,"IBARRA, Vilma Lidia"
2002-10-02,https://web.archive.org/web/20021002062506id_/http://proyectos.senado.gov.ar:80/web/owa/lbloques.paginabloq,BLOQUE FREPASO,"CONTI, Diana Beatriz"
2002-10-02,https://web.archive.org/web/20021002062506id_/http://proyectos.senado.gov.ar:80/web/owa/lbloques.paginabloq,BLOQUE FTE.CIV.Y SOCIAL DE CATAMARCA,"BRIZUELA DEL MORAL, Eduardo Segundo"
2002-10-02,https://web.archive.org/web/20021002062506id_/http://proyectos.senado.gov.ar:80/web/owa/lbloques.paginabloq,BLOQUE FTE.CIV.Y SOCIAL DE CATAMARCA,"COLOMBO de ACEVEDO, Maria Teresita Del Valle"
2002-10-02,https://web.archive.org/web/20021002062506id_/http://proyectos.senado.gov.ar:80/web/owa/lbloques.paginabloq,BLOQUE FUERZA REPUBLICANA,"WALTER, Pablo Héctor"
2002-10-02,https://web.archive.org/web/20021002062506id_/http://proyectos.senado.gov.ar:80/web/owa/lbloques.paginabloq,BLOQUE JUSTICIALISTA,"ALPEROVICH, José Jorge"
2002-10-02,https://web.archive.org/web/20021002062506id_/http://proyectos.senado.gov.ar:80/web/owa/lbloques.paginabloq,BLOQUE JUSTICIALISTA,"BAR, Graciela Yolanda"
2002-10-02,https://web.archive.org/web/20021002062506id_/http://proyectos.senado.gov.ar:80/web/owa/lbloques.paginabloq,BLOQUE JUSTICIALISTA,"BARRIONUEVO, José Luis"
2002-10-02,https://web.archive.org/web/20021002062506id_/http://proyectos.senado.gov.ar:80/web/owa/lbloques.paginabloq,BLOQUE JUSTICIALISTA,"BUSTI, Jorge Pedro"
2002-10-02,https://web.archive.org/web/20021002062506id_/http://proyectos.senado.gov.ar:80/web/owa/lbloques.paginabloq,BLOQUE JUSTICIALISTA,"CAFIERO, Antonio Francisco"
2002-10-02,https://web.archive.org/web/20021002062506id_/http://proyectos.senado.gov.ar:80/web/owa/lbloques.paginabloq,BLOQUE JUSTICIALISTA,"CAPARROS, Mabel Luisa"
2002-10-02,https://web.archive.org/web/20021002062506id_/http://proyectos.senado.gov.ar:80/web/owa/lbloques.paginabloq,BLOQUE JUSTICIALISTA,"CAPITANICH, Jorge Milton"
2002-10-02,https://web.archive.org/web/20021002062506id_/http://proyectos.senado.gov.ar:80/web/owa/lbloques.paginabloq,BLOQUE JUSTICIALISTA,"CASTRO, María Elisa"
2002-10-02,https://web.archive.org/web/20021002062506id_/http://proyectos.senado.gov.ar:80/web/owa/lbloques.paginabloq,BLOQUE JUSTICIALISTA,"DANIELE, Mario Domingo"
2002-10-02,https://web.archive.org/web/20021002062506id_/http://proyectos.senado.gov.ar:80/web/owa/lbloques.paginabloq,BLOQUE JUSTICIALISTA,"ESCUDERO, Sonia Margarita"
2002-10-02,https://web.archive.org/web/20021002062506id_/http://proyectos.senado.gov.ar:80/web/owa/lbloques.paginabloq,BLOQUE JUSTICIALISTA,"FERNANDEZ, Nicolás Alejandro"
2002-10-02,https://web.archive.org/web/20021002062506id_/http://proyectos.senado.gov.ar:80/web/owa/lbloques.paginabloq,BLOQUE JUSTICIALISTA,"FERNANDEZ de KIRCHNER, Cristina E."
2002-10-02,https://web.archive.org/web/20021002062506id_/http://proyectos.senado.gov.ar:80/web/owa/lbloques.paginabloq,BLOQUE JUSTICIALISTA,"GALLIA, Sergio Adrián"
2002-10-02,https://web.archive.org/web/20021002062506id_/http://proyectos.senado.gov.ar:80/web/owa/lbloques.paginabloq,BLOQUE JUSTICIALISTA,"GIOJA, José Luis"
2002-10-02,https://web.archive.org/web/20021002062506id_/http://proyectos.senado.gov.ar:80/web/owa/lbloques.paginabloq,BLOQUE JUSTICIALISTA,"GOMEZ de BERTONE, Deolide Carmen"
2002-10-02,https://web.archive.org/web/20021002062506id_/http://proyectos.senado.gov.ar:80/web/owa/lbloques.paginabloq,BLOQUE JUSTICIALISTA,"GUINLE, Marcelo Alejandro Horacio"
2002-10-02,https://web.archive.org/web/20021002062506id_/http://proyectos.senado.gov.ar:80/web/owa/lbloques.paginabloq,BLOQUE JUSTICIALISTA,"HALAK, Beatriz Susana"
2002-10-02,https://web.archive.org/web/20021002062506id_/http://proyectos.senado.gov.ar:80/web/owa/lbloques.paginabloq,BLOQUE JUSTICIALISTA,"JENEFES, Guillermo Raúl"
2002-10-02,https://web.archive.org/web/20021002062506id_/http://proyectos.senado.gov.ar:80/web/owa/lbloques.paginabloq,BLOQUE JUSTICIALISTA,"LAMBERTO, Oscar Santiago"
2002-10-02,https://web.archive.org/web/20021002062506id_/http://proyectos.senado.gov.ar:80/web/owa/lbloques.paginabloq,BLOQUE JUSTICIALISTA,"LATORRE, Roxana Itatí"
2002-10-02,https://web.archive.org/web/20021002062506id_/http://proyectos.senado.gov.ar:80/web/owa/lbloques.paginabloq,BLOQUE JUSTICIALISTA,"LOPEZ ARIAS, Marcelo Eduardo"
2002-10-02,https://web.archive.org/web/20021002062506id_/http://proyectos.senado.gov.ar:80/web/owa/lbloques.paginabloq,BLOQUE JUSTICIALISTA,"MAQUEDA, Juan Carlos"
2002-10-02,https://web.archive.org/web/20021002062506id_/http://proyectos.senado.gov.ar:80/web/owa/lbloques.paginabloq,BLOQUE JUSTICIALISTA,"MARTIN, Floriana Nélida"
2002-10-02,https://web.archive.org/web/20021002062506id_/http://proyectos.senado.gov.ar:80/web/owa/lbloques.paginabloq,BLOQUE JUSTICIALISTA,"MAYANS, Miguel Ángel"
2002-10-02,https://web.archive.org/web/20021002062506id_/http://proyectos.senado.gov.ar:80/web/owa/lbloques.paginabloq,BLOQUE JUSTICIALISTA,"MAZA, Ada Mercedes"
2002-10-02,https://web.archive.org/web/20021002062506id_/http://proyectos.senado.gov.ar:80/web/owa/lbloques.paginabloq,BLOQUE JUSTICIALISTA,"MENEM, Eduardo"
2002-10-02,https://web.archive.org/web/20021002062506id_/http://proyectos.senado.gov.ar:80/web/owa/lbloques.paginabloq,BLOQUE JUSTICIALISTA,"MERA, Mario Rubén"
2002-10-02,https://web.archive.org/web/20021002062506id_/http://proyectos.senado.gov.ar:80/web/owa/lbloques.paginabloq,BLOQUE JUSTICIALISTA,"MULLER, Mabel Hilda"
2002-10-02,https://web.archive.org/web/20021002062506id_/http://proyectos.senado.gov.ar:80/web/owa/lbloques.paginabloq,BLOQUE JUSTICIALISTA,"NEGRE de ALONSO, Liliana Teresita"
2002-10-02,https://web.archive.org/web/20021002062506id_/http://proyectos.senado.gov.ar:80/web/owa/lbloques.paginabloq,BLOQUE JUSTICIALISTA,"OCHOA, Raúl Ernesto"
2002-10-02,https://web.archive.org/web/20021002062506id_/http://proyectos.senado.gov.ar:80/web/owa/lbloques.paginabloq,BLOQUE JUSTICIALISTA,"OVIEDO, Mercedes Margarita"
2002-10-02,https://web.archive.org/web/20021002062506id_/http://proyectos.senado.gov.ar:80/web/owa/lbloques.paginabloq,BLOQUE JUSTICIALISTA,"PARDAL, Jorge Alberto"
2002-10-02,https://web.archive.org/web/20021002062506id_/http://proyectos.senado.gov.ar:80/web/owa/lbloques.paginabloq,BLOQUE JUSTICIALISTA,"PARDO, Ángel Francisco"
2002-10-02,https://web.archive.org/web/20021002062506id_/http://proyectos.senado.gov.ar:80/web/owa/lbloques.paginabloq,BLOQUE JUSTICIALISTA,"PAZ, Elva Azucena"
2002-10-02,https://web.archive.org/web/20021002062506id_/http://proyectos.senado.gov.ar:80/web/owa/lbloques.paginabloq,BLOQUE JUSTICIALISTA,"PERCEVAL, María Cristina"
2002-10-02,https://web.archive.org/web/20021002062506id_/http://proyectos.senado.gov.ar:80/web/owa/lbloques.paginabloq,BLOQUE JUSTICIALISTA,"PICHETTO, Miguel Ángel"
2002-10-02,https://web.archive.org/web/20021002062506id_/http://proyectos.senado.gov.ar:80/web/owa/lbloques.paginabloq,BLOQUE JUSTICIALISTA,"PUERTA, Federico Ramón"
2002-10-02,https://web.archive.org/web/20021002062506id_/http://proyectos.senado.gov.ar:80/web/owa/lbloques.paginabloq,BLOQUE JUSTICIALISTA,"SEGUI, Malvina María"
2002-10-02,https://web.archive.org/web/20021002062506id_/http://proyectos.senado.gov.ar:80/web/owa/lbloques.paginabloq,BLOQUE JUSTICIALISTA,"VERNA, Carlos Alberto"
2002-10-02,https://web.archive.org/web/20021002062506id_/http://proyectos.senado.gov.ar:80/web/owa/lbloques.paginabloq,BLOQUE JUSTICIALISTA,"YOMA, Jorge Raúl"
2002-10-02,https://web.archive.org/web/20021002062506id_/http://proyectos.senado.gov.ar:80/web/owa/lbloques.paginabloq,BLOQUE LIBERAL DE CORRIENTES,"CHIAPPE, Lázaro Alberto"
2002-10-02,https://web.archive.org/web/20021002062506id_/http://proyectos.senado.gov.ar:80/web/owa/lbloques.paginabloq,BLOQUE MOVIMIENTO POPULAR NEUQUINO,"SALVATORI, Pedro"
2002-10-02,https://web.archive.org/web/20021002062506id_/http://proyectos.senado.gov.ar:80/web/owa/lbloques.paginabloq,BLOQUE MOVIMIENTO POPULAR NEUQUINO,"SAPAG, Luz María"
2002-10-02,https://web.archive.org/web/20021002062506id_/http://proyectos.senado.gov.ar:80/web/owa/lbloques.paginabloq,BLOQUE RADICAL INDEPENDIENTE,"PASSO, Juan Carlos"
2002-10-02,https://web.archive.org/web/20021002062506id_/http://proyectos.senado.gov.ar:80/web/owa/lbloques.paginabloq,BLOQUE RADICAL INDEPENDIENTE,"TERRAGNO, Rodolfo"
2002-10-02,https://web.archive.org/web/20021002062506id_/http://proyectos.senado.gov.ar:80/web/owa/lbloques.paginabloq,BLOQUE RENOVADOR DE SALTA,"GOMEZ DIEZ, Ricardo"
2002-10-02,https://web.archive.org/web/20021002062506id_/http://proyectos.senado.gov.ar:80/web/owa/lbloques.paginabloq,BLOQUE UNION CIVICA RADICAL,"AGUNDEZ, Jorge Alfredo"
2002-10-02,https://web.archive.org/web/20021002062506id_/http://proyectos.senado.gov.ar:80/web/owa/lbloques.paginabloq,BLOQUE UNION CIVICA RADICAL,"BAGLINI, Raúl Eduardo"
2002-10-02,https://web.archive.org/web/20021002062506id_/http://proyectos.senado.gov.ar:80/web/owa/lbloques.paginabloq,BLOQUE UNION CIVICA RADICAL,"COLAZO, Mario Jorge"
2002-10-02,https://web.archive.org/web/20021002062506id_/http://proyectos.senado.gov.ar:80/web/owa/lbloques.paginabloq,BLOQUE UNION CIVICA RADICAL,"CURLETTI, Mirian Belén"
2002-10-02,https://web.archive.org/web/20021002062506id_/http://proyectos.senado.gov.ar:80/web/owa/lbloques.paginabloq,BLOQUE UNION CIVICA RADICAL,"FALCO, Luis"
2002-10-02,https://web.archive.org/web/20021002062506id_/http://proyectos.senado.gov.ar:80/web/owa/lbloques.paginabloq,BLOQUE UNION CIVICA RADICAL,"ISIDORI, Amanda Mercedes"
2002-10-02,https://web.archive.org/web/20021002062506id_/http://proyectos.senado.gov.ar:80/web/owa/lbloques.paginabloq,BLOQUE UNION CIVICA RADICAL,"LESCANO, Marcela Fabiana"
2002-10-02,https://web.archive.org/web/20021002062506id_/http://proyectos.senado.gov.ar:80/web/owa/lbloques.paginabloq,BLOQUE UNION CIVICA RADICAL,"LOSADA, Mario Aníbal"
2002-10-02,https://web.archive.org/web/20021002062506id_/http://proyectos.senado.gov.ar:80/web/owa/lbloques.paginabloq,BLOQUE UNION CIVICA RADICAL,"MAESTRO, Carlos"
2002-10-02,https://web.archive.org/web/20021002062506id_/http://proyectos.senado.gov.ar:80/web/owa/lbloques.paginabloq,BLOQUE UNION CIVICA RADICAL,"MARTI, Ruben Américo"
2002-10-02,https://web.archive.org/web/20021002062506id_/http://proyectos.senado.gov.ar:80/web/owa/lbloques.paginabloq,BLOQUE UNION CIVICA RADICAL,"MORO, Eduardo Aníbal"
2002-10-02,https://web.archive.org/web/20021002062506id_/http://proyectos.senado.gov.ar:80/web/owa/lbloques.paginabloq,BLOQUE UNION CIVICA RADICAL,"PRADES, Carlos Alfonso"
2002-10-02,https://web.archive.org/web/20021002062506id_/http://proyectos.senado.gov.ar:80/web/owa/lbloques.paginabloq,BLOQUE UNION CIVICA RADICAL,"RASO, Marta Ethel"
2002-10-02,https://web.archive.org/web/20021002062506id_/http://proyectos.senado.gov.ar:80/web/owa/lbloques.paginabloq,BLOQUE UNION CIVICA RADICAL,"TAFFAREL, Ricardo César"
2002-10-02,https://web.archive.org/web/20021002062506id_/http://proyectos.senado.gov.ar:80/web/owa/lbloques.paginabloq,BLOQUE UNION CIVICA RADICAL,"USANDIZAGA, Horacio Daniel"
2002-10-02,https://web.archive.org/web/20021002062506id_/http://proyectos.senado.gov.ar:80/web/owa/lbloques.paginabloq,BLOQUE UNION CIVICA RADICAL,"ZAVALIA, José Luis"
2002-12-19,https://web.archive.org/web/20021219024642id_/http://proyectos.senado.gov.ar:80/web/owa/webnueva.senbloque,Bloque Cruzada Renovadora De San Juan,"AVELIN, Nancy Barbarita"
2002-12-19,https://web.archive.org/web/20021219024642id_/http://proyectos.senado.gov.ar:80/web/owa/webnueva.senbloque,Bloque Frente Cívico Jujeño,"ARANCIO de BELLER, Lylia Mónica"
2002-12-19,https://web.archive.org/web/20021219024642id_/http://proyectos.senado.gov.ar:80/web/owa/webnueva.senbloque,Bloque Frente Cívico Jujeño,"MORALES, Gerardo Rubén"
2002-12-19,https://web.archive.org/web/20021219024642id_/http://proyectos.senado.gov.ar:80/web/owa/webnueva.senbloque,Bloque Frente Cívico Y Social De Catamarca,"BRIZUELA DEL MORAL, Eduardo Segundo"
2002-12-19,https://web.archive.org/web/20021219024642id_/http://proyectos.senado.gov.ar:80/web/owa/webnueva.senbloque,Bloque Frente Cívico Y Social De Catamarca,"COLOMBO de ACEVEDO, Maria Teresita Del Valle"
2002-12-19,https://web.archive.org/web/20021219024642id_/http://proyectos.senado.gov.ar:80/web/owa/webnueva.senbloque,Bloque Frente Grande,"IBARRA, Vilma Lidia"
2002-12-19,https://web.archive.org/web/20021219024642id_/http://proyectos.senado.gov.ar:80/web/owa/webnueva.senbloque,Bloque Frepaso,"CONTI, Diana Beatriz"
2002-12-19,https://web.archive.org/web/20021219024642id_/http://proyectos.senado.gov.ar:80/web/owa/webnueva.senbloque,Bloque Fuerza Republicana,"WALTER, Pablo Héctor"
2002-12-19,https://web.archive.org/web/20021219024642id_/http://proyectos.senado.gov.ar:80/web/owa/webnueva.senbloque,Bloque Justicialista,"ALPEROVICH, José Jorge"
2002-12-19,https://web.archive.org/web/20021219024642id_/http://proyectos.senado.gov.ar:80/web/owa/webnueva.senbloque,Bloque Justicialista,"BAR, Graciela Yolanda"
2002-12-19,https://web.archive.org/web/20021219024642id_/http://proyectos.senado.gov.ar:80/web/owa/webnueva.senbloque,Bloque Justicialista,"BARRIONUEVO, José Luis"
2002-12-19,https://web.archive.org/web/20021219024642id_/http://proyectos.senado.gov.ar:80/web/owa/webnueva.senbloque,Bloque Justicialista,"BUSTI, Jorge Pedro"
2002-12-19,https://web.archive.org/web/20021219024642id_/http://proyectos.senado.gov.ar:80/web/owa/webnueva.senbloque,Bloque Justicialista,"CAFIERO, Antonio Francisco"
2002-12-19,https://web.archive.org/web/20021219024642id_/http://proyectos.senado.gov.ar:80/web/owa/webnueva.senbloque,Bloque Justicialista,"CAPARROS, Mabel Luisa"
2002-12-19,https://web.archive.org/web/20021219024642id_/http://proyectos.senado.gov.ar:80/web/owa/webnueva.senbloque,Bloque Justicialista,"CAPITANICH, Jorge Milton"
2002-12-19,https://web.archive.org/web/20021219024642id_/http://proyectos.senado.gov.ar:80/web/owa/webnueva.senbloque,Bloque Justicialista,"CASTRO, María Elisa"
2002-12-19,https://web.archive.org/web/20021219024642id_/http://proyectos.senado.gov.ar:80/web/owa/webnueva.senbloque,Bloque Justicialista,"DANIELE, Mario Domingo"
2002-12-19,https://web.archive.org/web/20021219024642id_/http://proyectos.senado.gov.ar:80/web/owa/webnueva.senbloque,Bloque Justicialista,"ESCUDERO, Sonia Margarita"
2002-12-19,https://web.archive.org/web/20021219024642id_/http://proyectos.senado.gov.ar:80/web/owa/webnueva.senbloque,Bloque Justicialista,"FERNANDEZ, Nicolás Alejandro"
2002-12-19,https://web.archive.org/web/20021219024642id_/http://proyectos.senado.gov.ar:80/web/owa/webnueva.senbloque,Bloque Justicialista,"FERNANDEZ de KIRCHNER, Cristina E."
2002-12-19,https://web.archive.org/web/20021219024642id_/http://proyectos.senado.gov.ar:80/web/owa/webnueva.senbloque,Bloque Justicialista,"GALLIA, Sergio Adrián"
2002-12-19,https://web.archive.org/web/20021219024642id_/http://proyectos.senado.gov.ar:80/web/owa/webnueva.senbloque,Bloque Justicialista,"GIOJA, José Luis"
2002-12-19,https://web.archive.org/web/20021219024642id_/http://proyectos.senado.gov.ar:80/web/owa/webnueva.senbloque,Bloque Justicialista,"GOMEZ de BERTONE, Deolide Carmen"
2002-12-19,https://web.archive.org/web/20021219024642id_/http://proyectos.senado.gov.ar:80/web/owa/webnueva.senbloque,Bloque Justicialista,"GUINLE, Marcelo Alejandro Horacio"
2002-12-19,https://web.archive.org/web/20021219024642id_/http://proyectos.senado.gov.ar:80/web/owa/webnueva.senbloque,Bloque Justicialista,"HALAK, Beatriz Susana"
2002-12-19,https://web.archive.org/web/20021219024642id_/http://proyectos.senado.gov.ar:80/web/owa/webnueva.senbloque,Bloque Justicialista,"JENEFES, Guillermo Raúl"
2002-12-19,https://web.archive.org/web/20021219024642id_/http://proyectos.senado.gov.ar:80/web/owa/webnueva.senbloque,Bloque Justicialista,"LAMBERTO, Oscar Santiago"
2002-12-19,https://web.archive.org/web/20021219024642id_/http://proyectos.senado.gov.ar:80/web/owa/webnueva.senbloque,Bloque Justicialista,"LATORRE, Roxana Itatí"
2002-12-19,https://web.archive.org/web/20021219024642id_/http://proyectos.senado.gov.ar:80/web/owa/webnueva.senbloque,Bloque Justicialista,"LOPEZ ARIAS, Marcelo Eduardo"
2002-12-19,https://web.archive.org/web/20021219024642id_/http://proyectos.senado.gov.ar:80/web/owa/webnueva.senbloque,Bloque Justicialista,"MAQUEDA, Juan Carlos"
2002-12-19,https://web.archive.org/web/20021219024642id_/http://proyectos.senado.gov.ar:80/web/owa/webnueva.senbloque,Bloque Justicialista,"MARTIN, Floriana Nélida"
2002-12-19,https://web.archive.org/web/20021219024642id_/http://proyectos.senado.gov.ar:80/web/owa/webnueva.senbloque,Bloque Justicialista,"MAYANS, Miguel Ángel"
2002-12-19,https://web.archive.org/web/20021219024642id_/http://proyectos.senado.gov.ar:80/web/owa/webnueva.senbloque,Bloque Justicialista,"MAZA, Ada Mercedes"
2002-12-19,https://web.archive.org/web/20021219024642id_/http://proyectos.senado.gov.ar:80/web/owa/webnueva.senbloque,Bloque Justicialista,"MENEM, Eduardo"
2002-12-19,https://web.archive.org/web/20021219024642id_/http://proyectos.senado.gov.ar:80/web/owa/webnueva.senbloque,Bloque Justicialista,"MERA, Mario Rubén"
2002-12-19,https://web.archive.org/web/20021219024642id_/http://proyectos.senado.gov.ar:80/web/owa/webnueva.senbloque,Bloque Justicialista,"MULLER, Mabel Hilda"
2002-12-19,https://web.archive.org/web/20021219024642id_/http://proyectos.senado.gov.ar:80/web/owa/webnueva.senbloque,Bloque Justicialista,"NEGRE de ALONSO, Liliana Teresita"
2002-12-19,https://web.archive.org/web/20021219024642id_/http://proyectos.senado.gov.ar:80/web/owa/webnueva.senbloque,Bloque Justicialista,"OCHOA, Raúl Ernesto"
2002-12-19,https://web.archive.org/web/20021219024642id_/http://proyectos.senado.gov.ar:80/web/owa/webnueva.senbloque,Bloque Justicialista,"OVIEDO, Mercedes Margarita"
2002-12-19,https://web.archive.org/web/20021219024642id_/http://proyectos.senado.gov.ar:80/web/owa/webnueva.senbloque,Bloque Justicialista,"PARDAL, Jorge Alberto"
2002-12-19,https://web.archive.org/web/20021219024642id_/http://proyectos.senado.gov.ar:80/web/owa/webnueva.senbloque,Bloque Justicialista,"PARDO, Ángel Francisco"
2002-12-19,https://web.archive.org/web/20021219024642id_/http://proyectos.senado.gov.ar:80/web/owa/webnueva.senbloque,Bloque Justicialista,"PAZ, Elva Azucena"
2002-12-19,https://web.archive.org/web/20021219024642id_/http://proyectos.senado.gov.ar:80/web/owa/webnueva.senbloque,Bloque Justicialista,"PERCEVAL, María Cristina"
2002-12-19,https://web.archive.org/web/20021219024642id_/http://proyectos.senado.gov.ar:80/web/owa/webnueva.senbloque,Bloque Justicialista,"PICHETTO, Miguel Ángel"
2002-12-19,https://web.archive.org/web/20021219024642id_/http://proyectos.senado.gov.ar:80/web/owa/webnueva.senbloque,Bloque Justicialista,"PUERTA, Federico Ramón"
2002-12-19,https://web.archive.org/web/20021219024642id_/http://proyectos.senado.gov.ar:80/web/owa/webnueva.senbloque,Bloque Justicialista,"SEGUI, Malvina María"
2002-12-19,https://web.archive.org/web/20021219024642id_/http://proyectos.senado.gov.ar:80/web/owa/webnueva.senbloque,Bloque Justicialista,"VERNA, Carlos Alberto"
2002-12-19,https://web.archive.org/web/20021219024642id_/http://proyectos.senado.gov.ar:80/web/owa/webnueva.senbloque,Bloque Justicialista,"YOMA, Jorge Raúl"
2002-12-19,https://web.archive.org/web/20021219024642id_/http://proyectos.senado.gov.ar:80/web/owa/webnueva.senbloque,Bloque Liberal De Corrientes,"CHIAPPE, Lázaro Alberto"
2002-12-19,https://web.archive.org/web/20021219024642id_/http://proyectos.senado.gov.ar:80/web/owa/webnueva.senbloque,Bloque Movimiento Popular Neuquino,"SALVATORI, Pedro"
2002-12-19,https://web.archive.org/web/20021219024642id_/http://proyectos.senado.gov.ar:80/web/owa/webnueva.senbloque,Bloque Movimiento Popular Neuquino,"SAPAG, Luz María"
2002-12-19,https://web.archive.org/web/20021219024642id_/http://proyectos.senado.gov.ar:80/web/owa/webnueva.senbloque,Bloque Radical Independiente,"PASSO, Juan Carlos"
2002-12-19,https://web.archive.org/web/20021219024642id_/http://proyectos.senado.gov.ar:80/web/owa/webnueva.senbloque,Bloque Radical Independiente,"TERRAGNO, Rodolfo"
2002-12-19,https://web.archive.org/web/20021219024642id_/http://proyectos.senado.gov.ar:80/web/owa/webnueva.senbloque,Bloque Renovador De Salta,"GOMEZ DIEZ, Ricardo"
2002-12-19,https://web.archive.org/web/20021219024642id_/http://proyectos.senado.gov.ar:80/web/owa/webnueva.senbloque,Bloque Union Civica Radical,"AGUNDEZ, Jorge Alfredo"
2002-12-19,https://web.archive.org/web/20021219024642id_/http://proyectos.senado.gov.ar:80/web/owa/webnueva.senbloque,Bloque Union Civica Radical,"BAGLINI, Raúl Eduardo"
2002-12-19,https://web.archive.org/web/20021219024642id_/http://proyectos.senado.gov.ar:80/web/owa/webnueva.senbloque,Bloque Union Civica Radical,"COLAZO, Mario Jorge"
2002-12-19,https://web.archive.org/web/20021219024642id_/http://proyectos.senado.gov.ar:80/web/owa/webnueva.senbloque,Bloque Union Civica Radical,"CURLETTI, Mirian Belén"
2002-12-19,https://web.archive.org/web/20021219024642id_/http://proyectos.senado.gov.ar:80/web/owa/webnueva.senbloque,Bloque Union Civica Radical,"FALCO, Luis"
2002-12-19,https://web.archive.org/web/20021219024642id_/http://proyectos.senado.gov.ar:80/web/owa/webnueva.senbloque,Bloque Union Civica Radical,"ISIDORI, Amanda Mercedes"
2002-12-19,https://web.archive.org/web/20021219024642id_/http://proyectos.senado.gov.ar:80/web/owa/webnueva.senbloque,Bloque Union Civica Radical,"LESCANO, Marcela Fabiana"
2002-12-19,https://web.archive.org/web/20021219024642id_/http://proyectos.senado.gov.ar:80/web/owa/webnueva.senbloque,Bloque Union Civica Radical,"LOSADA, Mario Aníbal"
2002-12-19,https://web.archive.org/web/20021219024642id_/http://proyectos.senado.gov.ar:80/web/owa/webnueva.senbloque,Bloque Union Civica Radical,"MAESTRO, Carlos"
2002-12-19,https://web.archive.org/web/20021219024642id_/http://proyectos.senado.gov.ar:80/web/owa/webnueva.senbloque,Bloque Union Civica Radical,"MARTI, Ruben Américo"
2002-12-19,https://web.archive.org/web/20021219024642id_/http://proyectos.senado.gov.ar:80/web/owa/webnueva.senbloque,Bloque Union Civica Radical,"MORO, Eduardo Aníbal"
2002-12-19,https://web.archive.org/web/20021219024642id_/http://proyectos.senado.gov.ar:80/web/owa/webnueva.senbloque,Bloque Union Civica Radical,"PRADES, Carlos Alfonso"
2002-12-19,https://web.archive.org/web/20021219024642id_/http://proyectos.senado.gov.ar:80/web/owa/webnueva.senbloque,Bloque Union Civica Radical,"RASO, Marta Ethel"
2002-12-19,https://web.archive.org/web/20021219024642id_/http://proyectos.senado.gov.ar:80/web/owa/webnueva.senbloque,Bloque Union Civica Radical,"TAFFAREL, Ricardo César"
2002-12-19,https://web.archive.org/web/20021219024642id_/http://proyectos.senado.gov.ar:80/web/owa/webnueva.senbloque,Bloque Union Civica Radical,"USANDIZAGA, Horacio Daniel"
2002-12-19,https://web.archive.org/web/20021219024642id_/http://proyectos.senado.gov.ar:80/web/owa/webnueva.senbloque,Bloque Union Civica Radical,"ZAVALIA, José Luis"
2003-04-10,https://web.archive.org/web/20030410101424id_/http://proyectos.senado.gov.ar:80/web/owa/webnueva.senbloque,Bloque Cruzada Renovadora De San Juan,"AVELIN, Nancy Barbarita"
2003-04-10,https://web.archive.org/web/20030410101424id_/http://proyectos.senado.gov.ar:80/web/owa/webnueva.senbloque,Bloque Frente Cívico Jujeño,"ARANCIO de BELLER, Lylia Mónica"
2003-04-10,https://web.archive.org/web/20030410101424id_/http://proyectos.senado.gov.ar:80/web/owa/webnueva.senbloque,Bloque Frente Cívico Jujeño,"MORALES, Gerardo Rubén"
2003-04-10,https://web.archive.org/web/20030410101424id_/http://proyectos.senado.gov.ar:80/web/owa/webnueva.senbloque,Bloque Frente Cívico Y Social De Catamarca,"BRIZUELA DEL MORAL, Eduardo Segundo"
2003-04-10,https://web.archive.org/web/20030410101424id_/http://proyectos.senado.gov.ar:80/web/owa/webnueva.senbloque,Bloque Frente Cívico Y Social De Catamarca,"COLOMBO de ACEVEDO, Maria Teresita Del Valle"
2003-04-10,https://web.archive.org/web/20030410101424id_/http://proyectos.senado.gov.ar:80/web/owa/webnueva.senbloque,Bloque Frente Grande,"IBARRA, Vilma Lidia"
2003-04-10,https://web.archive.org/web/20030410101424id_/http://proyectos.senado.gov.ar:80/web/owa/webnueva.senbloque,Bloque Frepaso,"CONTI, Diana Beatriz"
2003-04-10,https://web.archive.org/web/20030410101424id_/http://proyectos.senado.gov.ar:80/web/owa/webnueva.senbloque,Bloque Fuerza Republicana,"WALTER, Pablo Héctor"
2003-04-10,https://web.archive.org/web/20030410101424id_/http://proyectos.senado.gov.ar:80/web/owa/webnueva.senbloque,Bloque Justicialista,"ALPEROVICH, José Jorge"
2003-04-10,https://web.archive.org/web/20030410101424id_/http://proyectos.senado.gov.ar:80/web/owa/webnueva.senbloque,Bloque Justicialista,"BAR, Graciela Yolanda"
2003-04-10,https://web.archive.org/web/20030410101424id_/http://proyectos.senado.gov.ar:80/web/owa/webnueva.senbloque,Bloque Justicialista,"BARRIONUEVO, José Luis"
2003-04-10,https://web.archive.org/web/20030410101424id_/http://proyectos.senado.gov.ar:80/web/owa/webnueva.senbloque,Bloque Justicialista,"BUSTI, Jorge Pedro"
2003-04-10,https://web.archive.org/web/20030410101424id_/http://proyectos.senado.gov.ar:80/web/owa/webnueva.senbloque,Bloque Justicialista,"CAFIERO, Antonio Francisco"
2003-04-10,https://web.archive.org/web/20030410101424id_/http://proyectos.senado.gov.ar:80/web/owa/webnueva.senbloque,Bloque Justicialista,"CAPARROS, Mabel Luisa"
2003-04-10,https://web.archive.org/web/20030410101424id_/http://proyectos.senado.gov.ar:80/web/owa/webnueva.senbloque,Bloque Justicialista,"CAPITANICH, Jorge Milton"
2003-04-10,https://web.archive.org/web/20030410101424id_/http://proyectos.senado.gov.ar:80/web/owa/webnueva.senbloque,Bloque Justicialista,"CASTRO, María Elisa"
2003-04-10,https://web.archive.org/web/20030410101424id_/http://proyectos.senado.gov.ar:80/web/owa/webnueva.senbloque,Bloque Justicialista,"DANIELE, Mario Domingo"
2003-04-10,https://web.archive.org/web/20030410101424id_/http://proyectos.senado.gov.ar:80/web/owa/webnueva.senbloque,Bloque Justicialista,"ESCUDERO, Sonia Margarita"
2003-04-10,https://web.archive.org/web/20030410101424id_/http://proyectos.senado.gov.ar:80/web/owa/webnueva.senbloque,Bloque Justicialista,"FERNANDEZ, Nicolás Alejandro"
2003-04-10,https://web.archive.org/web/20030410101424id_/http://proyectos.senado.gov.ar:80/web/owa/webnueva.senbloque,Bloque Justicialista,"FERNANDEZ de KIRCHNER, Cristina E."
2003-04-10,https://web.archive.org/web/20030410101424id_/http://proyectos.senado.gov.ar:80/web/owa/webnueva.senbloque,Bloque Justicialista,"GALLIA, Sergio Adrián"
2003-04-10,https://web.archive.org/web/20030410101424id_/http://proyectos.senado.gov.ar:80/web/owa/webnueva.senbloque,Bloque Justicialista,"GIOJA, José Luis"
2003-04-10,https://web.archive.org/web/20030410101424id_/http://proyectos.senado.gov.ar:80/web/owa/webnueva.senbloque,Bloque Justicialista,"GOMEZ de BERTONE, Deolide Carmen"
2003-04-10,https://web.archive.org/web/20030410101424id_/http://proyectos.senado.gov.ar:80/web/owa/webnueva.senbloque,Bloque Justicialista,"GUINLE, Marcelo Alejandro Horacio"
2003-04-10,https://web.archive.org/web/20030410101424id_/http://proyectos.senado.gov.ar:80/web/owa/webnueva.senbloque,Bloque Justicialista,"HALAK, Beatriz Susana"
2003-04-10,https://web.archive.org/web/20030410101424id_/http://proyectos.senado.gov.ar:80/web/owa/webnueva.senbloque,Bloque Justicialista,"JENEFES, Guillermo Raúl"
2003-04-10,https://web.archive.org/web/20030410101424id_/http://proyectos.senado.gov.ar:80/web/owa/webnueva.senbloque,Bloque Justicialista,"LAMBERTO, Oscar Santiago"
2003-04-10,https://web.archive.org/web/20030410101424id_/http://proyectos.senado.gov.ar:80/web/owa/webnueva.senbloque,Bloque Justicialista,"LATORRE, Roxana Itatí"
2003-04-10,https://web.archive.org/web/20030410101424id_/http://proyectos.senado.gov.ar:80/web/owa/webnueva.senbloque,Bloque Justicialista,"LOPEZ ARIAS, Marcelo Eduardo"
2003-04-10,https://web.archive.org/web/20030410101424id_/http://proyectos.senado.gov.ar:80/web/owa/webnueva.senbloque,Bloque Justicialista,"MARTIN, Floriana Nélida"
2003-04-10,https://web.archive.org/web/20030410101424id_/http://proyectos.senado.gov.ar:80/web/owa/webnueva.senbloque,Bloque Justicialista,"MAYANS, Jose Miguel Angel"
2003-04-10,https://web.archive.org/web/20030410101424id_/http://proyectos.senado.gov.ar:80/web/owa/webnueva.senbloque,Bloque Justicialista,"MAZA, Ada Mercedes"
2003-04-10,https://web.archive.org/web/20030410101424id_/http://proyectos.senado.gov.ar:80/web/owa/webnueva.senbloque,Bloque Justicialista,"MENEM, Eduardo"
2003-04-10,https://web.archive.org/web/20030410101424id_/http://proyectos.senado.gov.ar:80/web/owa/webnueva.senbloque,Bloque Justicialista,"MERA, Mario Rubén"
2003-04-10,https://web.archive.org/web/20030410101424id_/http://proyectos.senado.gov.ar:80/web/owa/webnueva.senbloque,Bloque Justicialista,"MONTOYA, Jorge Luciano"
2003-04-10,https://web.archive.org/web/20030410101424id_/http://proyectos.senado.gov.ar:80/web/owa/webnueva.senbloque,Bloque Justicialista,"MULLER, Mabel Hilda"
2003-04-10,https://web.archive.org/web/20030410101424id_/http://proyectos.senado.gov.ar:80/web/owa/webnueva.senbloque,Bloque Justicialista,"NEGRE de ALONSO, Liliana Teresita"
2003-04-10,https://web.archive.org/web/20030410101424id_/http://proyectos.senado.gov.ar:80/web/owa/webnueva.senbloque,Bloque Justicialista,"OCHOA, Raúl Ernesto"
2003-04-10,https://web.archive.org/web/20030410101424id_/http://proyectos.senado.gov.ar:80/web/owa/webnueva.senbloque,Bloque Justicialista,"OVIEDO, Mercedes Margarita"
2003-04-10,https://web.archive.org/web/20030410101424id_/http://proyectos.senado.gov.ar:80/web/owa/webnueva.senbloque,Bloque Justicialista,"PARDAL, Jorge Alberto"
2003-04-10,https://web.archive.org/web/20030410101424id_/http://proyectos.senado.gov.ar:80/web/owa/webnueva.senbloque,Bloque Justicialista,"PARDO, Ángel Francisco"
2003-04-10,https://web.archive.org/web/20030410101424id_/http://proyectos.senado.gov.ar:80/web/owa/webnueva.senbloque,Bloque Justicialista,"PAZ, Elva Azucena"
2003-04-10,https://web.archive.org/web/20030410101424id_/http://proyectos.senado.gov.ar:80/web/owa/webnueva.senbloque,Bloque Justicialista,"PERCEVAL, María Cristina"
2003-04-10,https://web.archive.org/web/20030410101424id_/http://proyectos.senado.gov.ar:80/web/owa/webnueva.senbloque,Bloque Justicialista,"PICHETTO, Miguel Ángel"
2003-04-10,https://web.archive.org/web/20030410101424id_/http://proyectos.senado.gov.ar:80/web/owa/webnueva.senbloque,Bloque Justicialista,"PUERTA, Federico Ramón"
2003-04-10,https://web.archive.org/web/20030410101424id_/http://proyectos.senado.gov.ar:80/web/owa/webnueva.senbloque,Bloque Justicialista,"SEGUI, Malvina María"
2003-04-10,https://web.archive.org/web/20030410101424id_/http://proyectos.senado.gov.ar:80/web/owa/webnueva.senbloque,Bloque Justicialista,"VERNA, Carlos Alberto"
2003-04-10,https://web.archive.org/web/20030410101424id_/http://proyectos.senado.gov.ar:80/web/owa/webnueva.senbloque,Bloque Justicialista,"YOMA, Jorge Raúl"
2003-04-10,https://web.archive.org/web/20030410101424id_/http://proyectos.senado.gov.ar:80/web/owa/webnueva.senbloque,Bloque Liberal De Corrientes,"CHIAPPE, Lázaro Alberto"
2003-04-10,https://web.archive.org/web/20030410101424id_/http://proyectos.senado.gov.ar:80/web/owa/webnueva.senbloque,Bloque Movimiento Popular Neuquino,"SALVATORI, Pedro"
2003-04-10,https://web.archive.org/web/20030410101424id_/http://proyectos.senado.gov.ar:80/web/owa/webnueva.senbloque,Bloque Movimiento Popular Neuquino,"SAPAG, Luz María"
2003-04-10,https://web.archive.org/web/20030410101424id_/http://proyectos.senado.gov.ar:80/web/owa/webnueva.senbloque,Bloque Radical Independiente,"PASSO, Juan Carlos"
2003-04-10,https://web.archive.org/web/20030410101424id_/http://proyectos.senado.gov.ar:80/web/owa/webnueva.senbloque,Bloque Radical Independiente,"TERRAGNO, Rodolfo"
2003-04-10,https://web.archive.org/web/20030410101424id_/http://proyectos.senado.gov.ar:80/web/owa/webnueva.senbloque,Bloque Renovador De Salta,"GOMEZ DIEZ, Ricardo"
2003-04-10,https://web.archive.org/web/20030410101424id_/http://proyectos.senado.gov.ar:80/web/owa/webnueva.senbloque,Bloque Union Civica Radical,"AGUNDEZ, Jorge Alfredo"
2003-04-10,https://web.archive.org/web/20030410101424id_/http://proyectos.senado.gov.ar:80/web/owa/webnueva.senbloque,Bloque Union Civica Radical,"BAGLINI, Raúl Eduardo"
2003-04-10,https://web.archive.org/web/20030410101424id_/http://proyectos.senado.gov.ar:80/web/owa/webnueva.senbloque,Bloque Union Civica Radical,"COLAZO, Mario Jorge"
2003-04-10,https://web.archive.org/web/20030410101424id_/http://proyectos.senado.gov.ar:80/web/owa/webnueva.senbloque,Bloque Union Civica Radical,"CURLETTI, Mirian Belén"
2003-04-10,https://web.archive.org/web/20030410101424id_/http://proyectos.senado.gov.ar:80/web/owa/webnueva.senbloque,Bloque Union Civica Radical,"FALCO, Luis"
2003-04-10,https://web.archive.org/web/20030410101424id_/http://proyectos.senado.gov.ar:80/web/owa/webnueva.senbloque,Bloque Union Civica Radical,"ISIDORI, Amanda Mercedes"
2003-04-10,https://web.archive.org/web/20030410101424id_/http://proyectos.senado.gov.ar:80/web/owa/webnueva.senbloque,Bloque Union Civica Radical,"LESCANO, Marcela Fabiana"
2003-04-10,https://web.archive.org/web/20030410101424id_/http://proyectos.senado.gov.ar:80/web/owa/webnueva.senbloque,Bloque Union Civica Radical,"LOSADA, Mario Aníbal"
2003-04-10,https://web.archive.org/web/20030410101424id_/http://proyectos.senado.gov.ar:80/web/owa/webnueva.senbloque,Bloque Union Civica Radical,"MAESTRO, Carlos"
2003-04-10,https://web.archive.org/web/20030410101424id_/http://proyectos.senado.gov.ar:80/web/owa/webnueva.senbloque,Bloque Union Civica Radical,"MARTI, Ruben Américo"
2003-04-10,https://web.archive.org/web/20030410101424id_/http://proyectos.senado.gov.ar:80/web/owa/webnueva.senbloque,Bloque Union Civica Radical,"MORO, Eduardo Aníbal"
2003-04-10,https://web.archive.org/web/20030410101424id_/http://proyectos.senado.gov.ar:80/web/owa/webnueva.senbloque,Bloque Union Civica Radical,"PRADES, Carlos Alfonso"
2003-04-10,https://web.archive.org/web/20030410101424id_/http://proyectos.senado.gov.ar:80/web/owa/webnueva.senbloque,Bloque Union Civica Radical,"RASO, Marta Ethel"
2003-04-10,https://web.archive.org/web/20030410101424id_/http://proyectos.senado.gov.ar:80/web/owa/webnueva.senbloque,Bloque Union Civica Radical,"TAFFAREL, Ricardo César"
2003-04-10,https://web.archive.org/web/20030410101424id_/http://proyectos.senado.gov.ar:80/web/owa/webnueva.senbloque,Bloque Union Civica Radical,"USANDIZAGA, Horacio Daniel"
2003-04-10,https://web.archive.org/web/20030410101424id_/http://proyectos.senado.gov.ar:80/web/owa/webnueva.senbloque,Bloque Union Civica Radical,"ZAVALIA, José Luis"
2003-11-10,https://web.archive.org/web/20031110213351id_/http://proyectos.senado.gov.ar:80/web/owa/webnueva.senbloque,Bloque Cruzada Renovadora De San Juan,"AVELIN, Nancy Barbarita"
2003-11-10,https://web.archive.org/web/20031110213351id_/http://proyectos.senado.gov.ar:80/web/owa/webnueva.senbloque,Bloque Frente Cívico Jujeño,"ARANCIO de BELLER, Lylia Mónica"
2003-11-10,https://web.archive.org/web/20031110213351id_/http://proyectos.senado.gov.ar:80/web/owa/webnueva.senbloque,Bloque Frente Cívico Jujeño,"MORALES, Gerardo Rubén"
2003-11-10,https://web.archive.org/web/20031110213351id_/http://proyectos.senado.gov.ar:80/web/owa/webnueva.senbloque,Bloque Frente Cívico Y Social De Catamarca,"BRIZUELA DEL MORAL, Eduardo Segundo"
2003-11-10,https://web.archive.org/web/20031110213351id_/http://proyectos.senado.gov.ar:80/web/owa/webnueva.senbloque,Bloque Frente Cívico Y Social De Catamarca,"COLOMBO de ACEVEDO, Maria Teresita Del Valle"
2003-11-10,https://web.archive.org/web/20031110213351id_/http://proyectos.senado.gov.ar:80/web/owa/webnueva.senbloque,Bloque Frente Grande,"IBARRA, Vilma Lidia"
2003-11-10,https://web.archive.org/web/20031110213351id_/http://proyectos.senado.gov.ar:80/web/owa/webnueva.senbloque,Bloque Frepaso,"CONTI, Diana Beatriz"
2003-11-10,https://web.archive.org/web/20031110213351id_/http://proyectos.senado.gov.ar:80/web/owa/webnueva.senbloque,Bloque Justicialista,"BAR, Graciela Yolanda"
2003-11-10,https://web.archive.org/web/20031110213351id_/http://proyectos.senado.gov.ar:80/web/owa/webnueva.senbloque,Bloque Justicialista,"BARRIONUEVO, José Luis"
2003-11-10,https://web.archive.org/web/20031110213351id_/http://proyectos.senado.gov.ar:80/web/owa/webnueva.senbloque,Bloque Justicialista,"BERMEJO, Norma Nélida"
2003-11-10,https://web.archive.org/web/20031110213351id_/http://proyectos.senado.gov.ar:80/web/owa/webnueva.senbloque,Bloque Justicialista,"BUSTI, Jorge Pedro"
2003-11-10,https://web.archive.org/web/20031110213351id_/http://proyectos.senado.gov.ar:80/web/owa/webnueva.senbloque,Bloque Justicialista,"CAFIERO, Antonio Francisco"
2003-11-10,https://web.archive.org/web/20031110213351id_/http://proyectos.senado.gov.ar:80/web/owa/webnueva.senbloque,Bloque Justicialista,"CAPARROS, Mabel Luisa"
2003-11-10,https://web.archive.org/web/20031110213351id_/http://proyectos.senado.gov.ar:80/web/owa/webnueva.senbloque,Bloque Justicialista,"CAPITANICH, Jorge Milton"
2003-11-10,https://web.archive.org/web/20031110213351id_/http://proyectos.senado.gov.ar:80/web/owa/webnueva.senbloque,Bloque Justicialista,"CASTRO, María Elisa"
2003-11-10,https://web.archive.org/web/20031110213351id_/http://proyectos.senado.gov.ar:80/web/owa/webnueva.senbloque,Bloque Justicialista,"DANIELE, Mario Domingo"
2003-11-10,https://web.archive.org/web/20031110213351id_/http://proyectos.senado.gov.ar:80/web/owa/webnueva.senbloque,Bloque Justicialista,"ESCUDERO, Sonia Margarita"
2003-11-10,https://web.archive.org/web/20031110213351id_/http://proyectos.senado.gov.ar:80/web/owa/webnueva.senbloque,Bloque Justicialista,"FERNANDEZ, Nicolás Alejandro"
2003-11-10,https://web.archive.org/web/20031110213351id_/http://proyectos.senado.gov.ar:80/web/owa/webnueva.senbloque,Bloque Justicialista,"FERNANDEZ de KIRCHNER, Cristina E."
2003-11-10,https://web.archive.org/web/20031110213351id_/http://proyectos.senado.gov.ar:80/web/owa/webnueva.senbloque,Bloque Justicialista,"GALLIA, Sergio Adrián"
2003-11-10,https://web.archive.org/web/20031110213351id_/http://proyectos.senado.gov.ar:80/web/owa/webnueva.senbloque,Bloque Justicialista,"GIOJA, José Luis"
2003-11-10,https://web.archive.org/web/20031110213351id_/http://proyectos.senado.gov.ar:80/web/owa/webnueva.senbloque,Bloque Justicialista,"GOMEZ de BERTONE, Deolide Carmen"
2003-11-10,https://web.archive.org/web/20031110213351id_/http://proyectos.senado.gov.ar:80/web/owa/webnueva.senbloque,Bloque Justicialista,"GUINLE, Marcelo Alejandro Horacio"
2003-11-10,https://web.archive.org/web/20031110213351id_/http://proyectos.senado.gov.ar:80/web/owa/webnueva.senbloque,Bloque Justicialista,"JENEFES, Guillermo Raúl"
2003-11-10,https://web.archive.org/web/20031110213351id_/http://proyectos.senado.gov.ar:80/web/owa/webnueva.senbloque,Bloque Justicialista,"LAMBERTO, Oscar Santiago"
2003-11-10,https://web.archive.org/web/20031110213351id_/http://proyectos.senado.gov.ar:80/web/owa/webnueva.senbloque,Bloque Justicialista,"LATORRE, Roxana Itatí"
2003-11-10,https://web.archive.org/web/20031110213351id_/http://proyectos.senado.gov.ar:80/web/owa/webnueva.senbloque,Bloque Justicialista,"LOPEZ ARIAS, Marcelo Eduardo"
2003-11-10,https://web.archive.org/web/20031110213351id_/http://proyectos.senado.gov.ar:80/web/owa/webnueva.senbloque,Bloque Justicialista,"MARTIN, Floriana Nélida"
2003-11-10,https://web.archive.org/web/20031110213351id_/http://proyectos.senado.gov.ar:80/web/owa/webnueva.senbloque,Bloque Justicialista,"MAYANS, Jose Miguel Angel"
2003-11-10,https://web.archive.org/web/20031110213351id_/http://proyectos.senado.gov.ar:80/web/owa/webnueva.senbloque,Bloque Justicialista,"MAZA, Ada Mercedes"
2003-11-10,https://web.archive.org/web/20031110213351id_/http://proyectos.senado.gov.ar:80/web/owa/webnueva.senbloque,Bloque Justicialista,"MENEM, Eduardo"
2003-11-10,https://web.archive.org/web/20031110213351id_/http://proyectos.senado.gov.ar:80/web/owa/webnueva.senbloque,Bloque Justicialista,"MERA, Mario Rubén"
2003-11-10,https://web.archive.org/web/20031110213351id_/http://proyectos.senado.gov.ar:80/web/owa/webnueva.senbloque,Bloque Justicialista,"MIRANDA, Julio A."
2003-11-10,https://web.archive.org/web/20031110213351id_/http://proyectos.senado.gov.ar:80/web/owa/webnueva.senbloque,Bloque Justicialista,"MONTOYA, Jorge Luciano"
2003-11-10,https://web.archive.org/web/20031110213351id_/http://proyectos.senado.gov.ar:80/web/owa/webnueva.senbloque,Bloque Justicialista,"MULLER, Mabel Hilda"
2003-11-10,https://web.archive.org/web/20031110213351id_/http://proyectos.senado.gov.ar:80/web/owa/webnueva.senbloque,Bloque Justicialista,"NEGRE de ALONSO, Liliana Teresita"
2003-11-10,https://web.archive.org/web/20031110213351id_/http://proyectos.senado.gov.ar:80/web/owa/webnueva.senbloque,Bloque Justicialista,"OCHOA, Raúl Ernesto"
2003-11-10,https://web.archive.org/web/20031110213351id_/http://proyectos.senado.gov.ar:80/web/owa/webnueva.senbloque,Bloque Justicialista,"OVIEDO, Mercedes Margarita"
2003-11-10,https://web.archive.org/web/20031110213351id_/http://proyectos.senado.gov.ar:80/web/owa/webnueva.senbloque,Bloque Justicialista,"PARDAL, Jorge Alberto"
2003-11-10,https://web.archive.org/web/20031110213351id_/http://proyectos.senado.gov.ar:80/web/owa/webnueva.senbloque,Bloque Justicialista,"PARDO, Ángel Francisco"
2003-11-10,https://web.archive.org/web/20031110213351id_/http://proyectos.senado.gov.ar:80/web/owa/webnueva.senbloque,Bloque Justicialista,"PAZ, Elva Azucena"
2003-11-10,https://web.archive.org/web/20031110213351id_/http://proyectos.senado.gov.ar:80/web/owa/webnueva.senbloque,Bloque Justicialista,"PERCEVAL, María Cristina"
2003-11-10,https://web.archive.org/web/20031110213351id_/http://proyectos.senado.gov.ar:80/web/owa/webnueva.senbloque,Bloque Justicialista,"PICHETTO, Miguel Ángel"
2003-11-10,https://web.archive.org/web/20031110213351id_/http://proyectos.senado.gov.ar:80/web/owa/webnueva.senbloque,Bloque Justicialista,"PUERTA, Federico Ramón"
2003-11-10,https://web.archive.org/web/20031110213351id_/http://proyectos.senado.gov.ar:80/web/owa/webnueva.senbloque,Bloque Justicialista,"SEGUI, Malvina María"
2003-11-10,https://web.archive.org/web/20031110213351id_/http://proyectos.senado.gov.ar:80/web/owa/webnueva.senbloque,Bloque Justicialista,"VERNA, Carlos Alberto"
2003-11-10,https://web.archive.org/web/20031110213351id_/http://proyectos.senado.gov.ar:80/web/owa/webnueva.senbloque,Bloque Justicialista,"YOMA, Jorge Raúl"
2003-11-10,https://web.archive.org/web/20031110213351id_/http://proyectos.senado.gov.ar:80/web/owa/webnueva.senbloque,Bloque Liberal De Corrientes,"CHIAPPE, Lázaro Alberto"
2003-11-10,https://web.archive.org/web/20031110213351id_/http://proyectos.senado.gov.ar:80/web/owa/webnueva.senbloque,Bloque Movimiento Popular Neuquino,"SALVATORI, Pedro"
2003-11-10,https://web.archive.org/web/20031110213351id_/http://proyectos.senado.gov.ar:80/web/owa/webnueva.senbloque,Bloque Movimiento Popular Neuquino,"SAPAG, Luz María"
2003-11-10,https://web.archive.org/web/20031110213351id_/http://proyectos.senado.gov.ar:80/web/owa/webnueva.senbloque,Bloque Radical Independiente,"PASSO, Juan Carlos"
2003-11-10,https://web.archive.org/web/20031110213351id_/http://proyectos.senado.gov.ar:80/web/owa/webnueva.senbloque,Bloque Radical Independiente,"TERRAGNO, Rodolfo"
2003-11-10,https://web.archive.org/web/20031110213351id_/http://proyectos.senado.gov.ar:80/web/owa/webnueva.senbloque,Bloque Recrear,"WALTER, Pablo Héctor"
2003-11-10,https://web.archive.org/web/20031110213351id_/http://proyectos.senado.gov.ar:80/web/owa/webnueva.senbloque,Bloque Renovador De Salta,"GOMEZ DIEZ, Ricardo"
2003-11-10,https://web.archive.org/web/20031110213351id_/http://proyectos.senado.gov.ar:80/web/owa/webnueva.senbloque,Bloque Union Civica Radical,"AGUNDEZ, Jorge Alfredo"
2003-11-10,https://web.archive.org/web/20031110213351id_/http://proyectos.senado.gov.ar:80/web/owa/webnueva.senbloque,Bloque Union Civica Radical,"BAGLINI, Raúl Eduardo"
2003-11-10,https://web.archive.org/web/20031110213351id_/http://proyectos.senado.gov.ar:80/web/owa/webnueva.senbloque,Bloque Union Civica Radical,"COLAZO, Mario Jorge"
2003-11-10,https://web.archive.org/web/20031110213351id_/http://proyectos.senado.gov.ar:80/web/owa/webnueva.senbloque,Bloque Union Civica Radical,"CURLETTI, Mirian Belén"
2003-11-10,https://web.archive.org/web/20031110213351id_/http://proyectos.senado.gov.ar:80/web/owa/webnueva.senbloque,Bloque Union Civica Radical,"FALCO, Luis"
2003-11-10,https://web.archive.org/web/20031110213351id_/http://proyectos.senado.gov.ar:80/web/owa/webnueva.senbloque,Bloque Union Civica Radical,"ISIDORI, Amanda Mercedes"
2003-11-10,https://web.archive.org/web/20031110213351id_/http://proyectos.senado.gov.ar:80/web/owa/webnueva.senbloque,Bloque Union Civica Radical,"LESCANO, Marcela Fabiana"
2003-11-10,https://web.archive.org/web/20031110213351id_/http://proyectos.senado.gov.ar:80/web/owa/webnueva.senbloque,Bloque Union Civica Radical,"LOSADA, Mario Aníbal"
2003-11-10,https://web.archive.org/web/20031110213351id_/http://proyectos.senado.gov.ar:80/web/owa/webnueva.senbloque,Bloque Union Civica Radical,"MAESTRO, Carlos"
2003-11-10,https://web.archive.org/web/20031110213351id_/http://proyectos.senado.gov.ar:80/web/owa/webnueva.senbloque,Bloque Union Civica Radical,"MARTI, Ruben Américo"
2003-11-10,https://web.archive.org/web/20031110213351id_/http://proyectos.senado.gov.ar:80/web/owa/webnueva.senbloque,Bloque Union Civica Radical,"MORO, Eduardo Aníbal"
2003-11-10,https://web.archive.org/web/20031110213351id_/http://proyectos.senado.gov.ar:80/web/owa/webnueva.senbloque,Bloque Union Civica Radical,"PRADES, Carlos Alfonso"
2003-11-10,https://web.archive.org/web/20031110213351id_/http://proyectos.senado.gov.ar:80/web/owa/webnueva.senbloque,Bloque Union Civica Radical,"RASO, Marta Ethel"
2003-11-10,https://web.archive.org/web/20031110213351id_/http://proyectos.senado.gov.ar:80/web/owa/webnueva.senbloque,Bloque Union Civica Radical,"TAFFAREL, Ricardo César"
2003-11-10,https://web.archive.org/web/20031110213351id_/http://proyectos.senado.gov.ar:80/web/owa/webnueva.senbloque,Bloque Union Civica Radical,"USANDIZAGA, Horacio Daniel"
2003-11-10,https://web.archive.org/web/20031110213351id_/http://proyectos.senado.gov.ar:80/web/owa/webnueva.senbloque,Bloque Union Civica Radical,"ZAVALIA, José Luis"
2003-12-15,https://web.archive.org/web/20031215233903id_/http://proyectos.senado.gov.ar:80/web/owa/webnueva.senbloque,Bloque Cruzada Renovadora De San Juan,"AVELIN, Nancy Barbarita"
2003-12-15,https://web.archive.org/web/20031215233903id_/http://proyectos.senado.gov.ar:80/web/owa/webnueva.senbloque,Bloque Frente Cívico Jujeño,"ARANCIO de BELLER, Lylia Mónica"
2003-12-15,https://web.archive.org/web/20031215233903id_/http://proyectos.senado.gov.ar:80/web/owa/webnueva.senbloque,Bloque Frente Cívico Jujeño,"MORALES, Gerardo Rubén"
2003-12-15,https://web.archive.org/web/20031215233903id_/http://proyectos.senado.gov.ar:80/web/owa/webnueva.senbloque,Bloque Frente Cívico Y Social De Catamarca,"CASTILLO, Oscar Anibal"
2003-12-15,https://web.archive.org/web/20031215233903id_/http://proyectos.senado.gov.ar:80/web/owa/webnueva.senbloque,Bloque Frente Cívico Y Social De Catamarca,"COLOMBO de ACEVEDO, Maria Teresita Del Valle"
2003-12-15,https://web.archive.org/web/20031215233903id_/http://proyectos.senado.gov.ar:80/web/owa/webnueva.senbloque,Bloque Frente Grande,"IBARRA, Vilma Lidia"
2003-12-15,https://web.archive.org/web/20031215233903id_/http://proyectos.senado.gov.ar:80/web/owa/webnueva.senbloque,Bloque Frepaso,"CONTI, Diana Beatriz"
2003-12-15,https://web.archive.org/web/20031215233903id_/http://proyectos.senado.gov.ar:80/web/owa/webnueva.senbloque,Bloque Fuerza Republicana,"BUSSI, Ricardo Argentino"
2003-12-15,https://web.archive.org/web/20031215233903id_/http://proyectos.senado.gov.ar:80/web/owa/webnueva.senbloque,Bloque Fuerza Republicana,"PINCHETTI DE SIERRA MORALES, Delia Norma"
2003-12-15,https://web.archive.org/web/20031215233903id_/http://proyectos.senado.gov.ar:80/web/owa/webnueva.senbloque,Bloque Justicialista,"BAR, Graciela Yolanda"
2003-12-15,https://web.archive.org/web/20031215233903id_/http://proyectos.senado.gov.ar:80/web/owa/webnueva.senbloque,Bloque Justicialista,"CAFIERO, Antonio Francisco"
2003-12-15,https://web.archive.org/web/20031215233903id_/http://proyectos.senado.gov.ar:80/web/owa/webnueva.senbloque,Bloque Justicialista,"CAPARROS, Mabel Luisa"
2003-12-15,https://web.archive.org/web/20031215233903id_/http://proyectos.senado.gov.ar:80/web/owa/webnueva.senbloque,Bloque Justicialista,"CAPITANICH, Jorge Milton"
2003-12-15,https://web.archive.org/web/20031215233903id_/http://proyectos.senado.gov.ar:80/web/owa/webnueva.senbloque,Bloque Justicialista,"CASTRO, María Elisa"
2003-12-15,https://web.archive.org/web/20031215233903id_/http://proyectos.senado.gov.ar:80/web/owa/webnueva.senbloque,Bloque Justicialista,"DANIELE, Mario Domingo"
2003-12-15,https://web.archive.org/web/20031215233903id_/http://proyectos.senado.gov.ar:80/web/owa/webnueva.senbloque,Bloque Justicialista,"ESCUDERO, Sonia Margarita"
2003-12-15,https://web.archive.org/web/20031215233903id_/http://proyectos.senado.gov.ar:80/web/owa/webnueva.senbloque,Bloque Justicialista,"FERNANDEZ, Nicolás Alejandro"
2003-12-15,https://web.archive.org/web/20031215233903id_/http://proyectos.senado.gov.ar:80/web/owa/webnueva.senbloque,Bloque Justicialista,"FERNANDEZ de KIRCHNER, Cristina E."
2003-12-15,https://web.archive.org/web/20031215233903id_/http://proyectos.senado.gov.ar:80/web/owa/webnueva.senbloque,Bloque Justicialista,"GALLEGO, Silvia Ester"
2003-12-15,https://web.archive.org/web/20031215233903id_/http://proyectos.senado.gov.ar:80/web/owa/webnueva.senbloque,Bloque Justicialista,"GALLIA, Sergio Adrián"
2003-12-15,https://web.archive.org/web/20031215233903id_/http://proyectos.senado.gov.ar:80/web/owa/webnueva.senbloque,Bloque Justicialista,"GIRI, Haide Delia"
2003-12-15,https://web.archive.org/web/20031215233903id_/http://proyectos.senado.gov.ar:80/web/owa/webnueva.senbloque,Bloque Justicialista,"GIUSTI, Silvia Ester"
2003-12-15,https://web.archive.org/web/20031215233903id_/http://proyectos.senado.gov.ar:80/web/owa/webnueva.senbloque,Bloque Justicialista,"GUINLE, Marcelo Alejandro Horacio"
2003-12-15,https://web.archive.org/web/20031215233903id_/http://proyectos.senado.gov.ar:80/web/owa/webnueva.senbloque,Bloque Justicialista,"JAQUE, Celso Alejandro"
2003-12-15,https://web.archive.org/web/20031215233903id_/http://proyectos.senado.gov.ar:80/web/owa/webnueva.senbloque,Bloque Justicialista,"JENEFES, Guillermo Raúl"
2003-12-15,https://web.archive.org/web/20031215233903id_/http://proyectos.senado.gov.ar:80/web/owa/webnueva.senbloque,Bloque Justicialista,"LATORRE, Roxana Itatí"
2003-12-15,https://web.archive.org/web/20031215233903id_/http://proyectos.senado.gov.ar:80/web/owa/webnueva.senbloque,Bloque Justicialista,"LEGUIZAMON, María Laura"
2003-12-15,https://web.archive.org/web/20031215233903id_/http://proyectos.senado.gov.ar:80/web/owa/webnueva.senbloque,Bloque Justicialista,"LOPEZ ARIAS, Marcelo Eduardo"
2003-12-15,https://web.archive.org/web/20031215233903id_/http://proyectos.senado.gov.ar:80/web/owa/webnueva.senbloque,Bloque Justicialista,"MARIN, Ruben H."
2003-12-15,https://web.archive.org/web/20031215233903id_/http://proyectos.senado.gov.ar:80/web/owa/webnueva.senbloque,Bloque Justicialista,"MARTIN, Floriana Nélida"
2003-12-15,https://web.archive.org/web/20031215233903id_/http://proyectos.senado.gov.ar:80/web/owa/webnueva.senbloque,Bloque Justicialista,"MARTINAZZO, Luis Eduardo"
2003-12-15,https://web.archive.org/web/20031215233903id_/http://proyectos.senado.gov.ar:80/web/owa/webnueva.senbloque,Bloque Justicialista,"MARTINEZ PASS DE CRESTO, Laura"
2003-12-15,https://web.archive.org/web/20031215233903id_/http://proyectos.senado.gov.ar:80/web/owa/webnueva.senbloque,Bloque Justicialista,"MAYANS, Jose Miguel Angel"
2003-12-15,https://web.archive.org/web/20031215233903id_/http://proyectos.senado.gov.ar:80/web/owa/webnueva.senbloque,Bloque Justicialista,"MAZA, Ada Mercedes"
2003-12-15,https://web.archive.org/web/20031215233903id_/http://proyectos.senado.gov.ar:80/web/owa/webnueva.senbloque,Bloque Justicialista,"MENEM, Eduardo"
2003-12-15,https://web.archive.org/web/20031215233903id_/http://proyectos.senado.gov.ar:80/web/owa/webnueva.senbloque,Bloque Justicialista,"MERA, Mario Rubén"
2003-12-15,https://web.archive.org/web/20031215233903id_/http://proyectos.senado.gov.ar:80/web/owa/webnueva.senbloque,Bloque Justicialista,"MIRANDA, Julio A."
2003-12-15,https://web.archive.org/web/20031215233903id_/http://proyectos.senado.gov.ar:80/web/owa/webnueva.senbloque,Bloque Justicialista,"MULLER, Mabel Hilda"
2003-12-15,https://web.archive.org/web/20031215233903id_/http://proyectos.senado.gov.ar:80/web/owa/webnueva.senbloque,Bloque Justicialista,"NEGRE de ALONSO, Liliana Teresita"
2003-12-15,https://web.archive.org/web/20031215233903id_/http://proyectos.senado.gov.ar:80/web/owa/webnueva.senbloque,Bloque Justicialista,"OCHOA, Raúl Ernesto"
2003-12-15,https://web.archive.org/web/20031215233903id_/http://proyectos.senado.gov.ar:80/web/owa/webnueva.senbloque,Bloque Justicialista,"OVIEDO, Mercedes Margarita"
2003-12-15,https://web.archive.org/web/20031215233903id_/http://proyectos.senado.gov.ar:80/web/owa/webnueva.senbloque,Bloque Justicialista,"PAZ, Elva Azucena"
2003-12-15,https://web.archive.org/web/20031215233903id_/http://proyectos.senado.gov.ar:80/web/owa/webnueva.senbloque,Bloque Justicialista,"PERCEVAL, María Cristina"
2003-12-15,https://web.archive.org/web/20031215233903id_/http://proyectos.senado.gov.ar:80/web/owa/webnueva.senbloque,Bloque Justicialista,"PICHETTO, Miguel Ángel"
2003-12-15,https://web.archive.org/web/20031215233903id_/http://proyectos.senado.gov.ar:80/web/owa/webnueva.senbloque,Bloque Justicialista,"PUERTA, Federico Ramón"
2003-12-15,https://web.archive.org/web/20031215233903id_/http://proyectos.senado.gov.ar:80/web/owa/webnueva.senbloque,Bloque Justicialista,"REUTEMANN, Carlos Alberto"
2003-12-15,https://web.archive.org/web/20031215233903id_/http://proyectos.senado.gov.ar:80/web/owa/webnueva.senbloque,Bloque Justicialista,"SAADI, Ramon Eduardo"
2003-12-15,https://web.archive.org/web/20031215233903id_/http://proyectos.senado.gov.ar:80/web/owa/webnueva.senbloque,Bloque Justicialista,"URQUIA, Roberto Daniel"
2003-12-15,https://web.archive.org/web/20031215233903id_/http://proyectos.senado.gov.ar:80/web/owa/webnueva.senbloque,Bloque Justicialista,"YOMA, Jorge Raúl"
2003-12-15,https://web.archive.org/web/20031215233903id_/http://proyectos.senado.gov.ar:80/web/owa/webnueva.senbloque,Bloque Movimiento Popular Neuquino,"SALVATORI, Pedro"
2003-12-15,https://web.archive.org/web/20031215233903id_/http://proyectos.senado.gov.ar:80/web/owa/webnueva.senbloque,Bloque Movimiento Popular Neuquino,"SAPAG, Luz María"
2003-12-15,https://web.archive.org/web/20031215233903id_/http://proyectos.senado.gov.ar:80/web/owa/webnueva.senbloque,Bloque No Informado,"GIUSTINIANI, Ruben Hector"
2003-12-15,https://web.archive.org/web/20031215233903id_/http://proyectos.senado.gov.ar:80/web/owa/webnueva.senbloque,Bloque No Informado,"ROSSI, Carlos Alberto"
2003-12-15,https://web.archive.org/web/20031215233903id_/http://proyectos.senado.gov.ar:80/web/owa/webnueva.senbloque,Bloque Radical Independiente,"TERRAGNO, Rodolfo"
2003-12-15,https://web.archive.org/web/20031215233903id_/http://proyectos.senado.gov.ar:80/web/owa/webnueva.senbloque,Bloque Renovador De Salta,"GOMEZ DIEZ, Ricardo"
2003-12-15,https://web.archive.org/web/20031215233903id_/http://proyectos.senado.gov.ar:80/web/owa/webnueva.senbloque,Bloque Union Civica Radical,"AGUNDEZ, Jorge Alfredo"
2003-12-15,https://web.archive.org/web/20031215233903id_/http://proyectos.senado.gov.ar:80/web/owa/webnueva.senbloque,Bloque Union Civica Radical,"COLAZO, Mario Jorge"
2003-12-15,https://web.archive.org/web/20031215233903id_/http://proyectos.senado.gov.ar:80/web/owa/webnueva.senbloque,Bloque Union Civica Radical,"CURLETTI, Mirian Belén"
2003-12-15,https://web.archive.org/web/20031215233903id_/http://proyectos.senado.gov.ar:80/web/owa/webnueva.senbloque,Bloque Union Civica Radical,"FALCO, Luis"
2003-12-15,https://web.archive.org/web/20031215233903id_/http://proyectos.senado.gov.ar:80/web/owa/webnueva.senbloque,Bloque Union Civica Radical,"ISIDORI, Amanda Mercedes"
2003-12-15,https://web.archive.org/web/20031215233903id_/http://proyectos.senado.gov.ar:80/web/owa/webnueva.senbloque,Bloque Union Civica Radical,"LESCANO, Marcela Fabiana"
2003-12-15,https://web.archive.org/web/20031215233903id_/http://proyectos.senado.gov.ar:80/web/owa/webnueva.senbloque,Bloque Union Civica Radical,"LOSADA, Mario Aníbal"
2003-12-15,https://web.archive.org/web/20031215233903id_/http://proyectos.senado.gov.ar:80/web/owa/webnueva.senbloque,Bloque Union Civica Radical,"MARINO, Juan Carlos"
2003-12-15,https://web.archive.org/web/20031215233903id_/http://proyectos.senado.gov.ar:80/web/owa/webnueva.senbloque,Bloque Union Civica Radical,"MASSONI, Norberto"
2003-12-15,https://web.archive.org/web/20031215233903id_/http://proyectos.senado.gov.ar:80/web/owa/webnueva.senbloque,Bloque Union Civica Radical,"MASTANDREA, Alicia Ester"
2003-12-15,https://web.archive.org/web/20031215233903id_/http://proyectos.senado.gov.ar:80/web/owa/webnueva.senbloque,Bloque Union Civica Radical,"PRADES, Carlos Alfonso"
2003-12-15,https://web.archive.org/web/20031215233903id_/http://proyectos.senado.gov.ar:80/web/owa/webnueva.senbloque,Bloque Union Civica Radical,"SANZ, Ernesto Ricardo"
2003-12-15,https://web.archive.org/web/20031215233903id_/http://proyectos.senado.gov.ar:80/web/owa/webnueva.senbloque,Bloque Union Civica Radical,"TAFFAREL, Ricardo César"
2003-12-15,https://web.archive.org/web/20031215233903id_/http://proyectos.senado.gov.ar:80/web/owa/webnueva.senbloque,Bloque Union Civica Radical,"ZAVALIA, José Luis"
2004-03-24,https://web.archive.org/web/20040324024535id_/http://proyectos.senado.gov.ar:80/web/owa/webnueva.senbloque,Bloque Cruzada Renovadora De San Juan,"AVELIN, Nancy Barbarita"
2004-03-24,https://web.archive.org/web/20040324024535id_/http://proyectos.senado.gov.ar:80/web/owa/webnueva.senbloque,Bloque Frente Cívico Jujeño,"ARANCIO de BELLER, Lylia Mónica"
2004-03-24,https://web.archive.org/web/20040324024535id_/http://proyectos.senado.gov.ar:80/web/owa/webnueva.senbloque,Bloque Frente Cívico Y Social De Catamarca,"CASTILLO, Oscar Anibal"
2004-03-24,https://web.archive.org/web/20040324024535id_/http://proyectos.senado.gov.ar:80/web/owa/webnueva.senbloque,Bloque Frente Cívico Y Social De Catamarca,"COLOMBO de ACEVEDO, Maria Teresita Del Valle"
2004-03-24,https://web.archive.org/web/20040324024535id_/http://proyectos.senado.gov.ar:80/web/owa/webnueva.senbloque,Bloque Frente Grande,"IBARRA, Vilma Lidia"
2004-03-24,https://web.archive.org/web/20040324024535id_/http://proyectos.senado.gov.ar:80/web/owa/webnueva.senbloque,Bloque Frepaso,"CONTI, Diana Beatriz"
2004-03-24,https://web.archive.org/web/20040324024535id_/http://proyectos.senado.gov.ar:80/web/owa/webnueva.senbloque,Bloque Fuerza Republicana,"BUSSI, Ricardo Argentino"
2004-03-24,https://web.archive.org/web/20040324024535id_/http://proyectos.senado.gov.ar:80/web/owa/webnueva.senbloque,Bloque Fuerza Republicana,"PINCHETTI DE SIERRA MORALES, Delia Norma"
2004-03-24,https://web.archive.org/web/20040324024535id_/http://proyectos.senado.gov.ar:80/web/owa/webnueva.senbloque,Bloque Justicialista,"BAR, Graciela Yolanda"
2004-03-24,https://web.archive.org/web/20040324024535id_/http://proyectos.senado.gov.ar:80/web/owa/webnueva.senbloque,Bloque Justicialista,"CAFIERO, Antonio Francisco"
2004-03-24,https://web.archive.org/web/20040324024535id_/http://proyectos.senado.gov.ar:80/web/owa/webnueva.senbloque,Bloque Justicialista,"CAPARROS, Mabel Luisa"
2004-03-24,https://web.archive.org/web/20040324024535id_/http://proyectos.senado.gov.ar:80/web/owa/webnueva.senbloque,Bloque Justicialista,"CAPITANICH, Jorge Milton"
2004-03-24,https://web.archive.org/web/20040324024535id_/http://proyectos.senado.gov.ar:80/web/owa/webnueva.senbloque,Bloque Justicialista,"CASTRO, María Elisa"
2004-03-24,https://web.archive.org/web/20040324024535id_/http://proyectos.senado.gov.ar:80/web/owa/webnueva.senbloque,Bloque Justicialista,"DANIELE, Mario Domingo"
2004-03-24,https://web.archive.org/web/20040324024535id_/http://proyectos.senado.gov.ar:80/web/owa/webnueva.senbloque,Bloque Justicialista,"ESCUDERO, Sonia Margarita"
2004-03-24,https://web.archive.org/web/20040324024535id_/http://proyectos.senado.gov.ar:80/web/owa/webnueva.senbloque,Bloque Justicialista,"FERNANDEZ, Nicolás Alejandro"
2004-03-24,https://web.archive.org/web/20040324024535id_/http://proyectos.senado.gov.ar:80/web/owa/webnueva.senbloque,Bloque Justicialista,"FERNANDEZ de KIRCHNER, Cristina E."
2004-03-24,https://web.archive.org/web/20040324024535id_/http://proyectos.senado.gov.ar:80/web/owa/webnueva.senbloque,Bloque Justicialista,"GALLEGO, Silvia Ester"
2004-03-24,https://web.archive.org/web/20040324024535id_/http://proyectos.senado.gov.ar:80/web/owa/webnueva.senbloque,Bloque Justicialista,"GALLIA, Sergio Adrián"
2004-03-24,https://web.archive.org/web/20040324024535id_/http://proyectos.senado.gov.ar:80/web/owa/webnueva.senbloque,Bloque Justicialista,"GIRI, Haide Delia"
2004-03-24,https://web.archive.org/web/20040324024535id_/http://proyectos.senado.gov.ar:80/web/owa/webnueva.senbloque,Bloque Justicialista,"GIUSTI, Silvia Ester"
2004-03-24,https://web.archive.org/web/20040324024535id_/http://proyectos.senado.gov.ar:80/web/owa/webnueva.senbloque,Bloque Justicialista,"GUINLE, Marcelo Alejandro Horacio"
2004-03-24,https://web.archive.org/web/20040324024535id_/http://proyectos.senado.gov.ar:80/web/owa/webnueva.senbloque,Bloque Justicialista,"JAQUE, Celso Alejandro"
2004-03-24,https://web.archive.org/web/20040324024535id_/http://proyectos.senado.gov.ar:80/web/owa/webnueva.senbloque,Bloque Justicialista,"JENEFES, Guillermo Raúl"
2004-03-24,https://web.archive.org/web/20040324024535id_/http://proyectos.senado.gov.ar:80/web/owa/webnueva.senbloque,Bloque Justicialista,"LATORRE, Roxana Itatí"
2004-03-24,https://web.archive.org/web/20040324024535id_/http://proyectos.senado.gov.ar:80/web/owa/webnueva.senbloque,Bloque Justicialista,"LEGUIZAMON, María Laura"
2004-03-24,https://web.archive.org/web/20040324024535id_/http://proyectos.senado.gov.ar:80/web/owa/webnueva.senbloque,Bloque Justicialista,"LOPEZ ARIAS, Marcelo Eduardo"
2004-03-24,https://web.archive.org/web/20040324024535id_/http://proyectos.senado.gov.ar:80/web/owa/webnueva.senbloque,Bloque Justicialista,"MARIN, Ruben H."
2004-03-24,https://web.archive.org/web/20040324024535id_/http://proyectos.senado.gov.ar:80/web/owa/webnueva.senbloque,Bloque Justicialista,"MARTIN, Floriana Nélida"
2004-03-24,https://web.archive.org/web/20040324024535id_/http://proyectos.senado.gov.ar:80/web/owa/webnueva.senbloque,Bloque Justicialista,"MARTINAZZO, Luis Eduardo"
2004-03-24,https://web.archive.org/web/20040324024535id_/http://proyectos.senado.gov.ar:80/web/owa/webnueva.senbloque,Bloque Justicialista,"MARTINEZ PASS DE CRESTO, Laura"
2004-03-24,https://web.archive.org/web/20040324024535id_/http://proyectos.senado.gov.ar:80/web/owa/webnueva.senbloque,Bloque Justicialista,"MAYANS, Jose Miguel Angel"
2004-03-24,https://web.archive.org/web/20040324024535id_/http://proyectos.senado.gov.ar:80/web/owa/webnueva.senbloque,Bloque Justicialista,"MAZA, Ada Mercedes"
2004-03-24,https://web.archive.org/web/20040324024535id_/http://proyectos.senado.gov.ar:80/web/owa/webnueva.senbloque,Bloque Justicialista,"MENEM, Eduardo"
2004-03-24,https://web.archive.org/web/20040324024535id_/http://proyectos.senado.gov.ar:80/web/owa/webnueva.senbloque,Bloque Justicialista,"MERA, Mario Rubén"
2004-03-24,https://web.archive.org/web/20040324024535id_/http://proyectos.senado.gov.ar:80/web/owa/webnueva.senbloque,Bloque Justicialista,"MIRANDA, Julio A."
2004-03-24,https://web.archive.org/web/20040324024535id_/http://proyectos.senado.gov.ar:80/web/owa/webnueva.senbloque,Bloque Justicialista,"MULLER, Mabel Hilda"
2004-03-24,https://web.archive.org/web/20040324024535id_/http://proyectos.senado.gov.ar:80/web/owa/webnueva.senbloque,Bloque Justicialista,"NEGRE de ALONSO, Liliana Teresita"
2004-03-24,https://web.archive.org/web/20040324024535id_/http://proyectos.senado.gov.ar:80/web/owa/webnueva.senbloque,Bloque Justicialista,"OCHOA, Raúl Ernesto"
2004-03-24,https://web.archive.org/web/20040324024535id_/http://proyectos.senado.gov.ar:80/web/owa/webnueva.senbloque,Bloque Justicialista,"OVIEDO, Mercedes Margarita"
2004-03-24,https://web.archive.org/web/20040324024535id_/http://proyectos.senado.gov.ar:80/web/owa/webnueva.senbloque,Bloque Justicialista,"PAZ, Elva Azucena"
2004-03-24,https://web.archive.org/web/20040324024535id_/http://proyectos.senado.gov.ar:80/web/owa/webnueva.senbloque,Bloque Justicialista,"PERCEVAL, María Cristina"
2004-03-24,https://web.archive.org/web/20040324024535id_/http://proyectos.senado.gov.ar:80/web/owa/webnueva.senbloque,Bloque Justicialista,"PICHETTO, Miguel Ángel"
2004-03-24,https://web.archive.org/web/20040324024535id_/http://proyectos.senado.gov.ar:80/web/owa/webnueva.senbloque,Bloque Justicialista,"PUERTA, Federico Ramón"
2004-03-24,https://web.archive.org/web/20040324024535id_/http://proyectos.senado.gov.ar:80/web/owa/webnueva.senbloque,Bloque Justicialista,"REUTEMANN, Carlos Alberto"
2004-03-24,https://web.archive.org/web/20040324024535id_/http://proyectos.senado.gov.ar:80/web/owa/webnueva.senbloque,Bloque Justicialista,"RÍOS, Roberto Fabián"
2004-03-24,https://web.archive.org/web/20040324024535id_/http://proyectos.senado.gov.ar:80/web/owa/webnueva.senbloque,Bloque Justicialista,"SAADI, Ramon Eduardo"
2004-03-24,https://web.archive.org/web/20040324024535id_/http://proyectos.senado.gov.ar:80/web/owa/webnueva.senbloque,Bloque Justicialista,"URQUIA, Roberto Daniel"
2004-03-24,https://web.archive.org/web/20040324024535id_/http://proyectos.senado.gov.ar:80/web/owa/webnueva.senbloque,Bloque Justicialista,"YOMA, Jorge Raúl"
2004-03-24,https://web.archive.org/web/20040324024535id_/http://proyectos.senado.gov.ar:80/web/owa/webnueva.senbloque,Bloque Movimiento Popular Neuquino,"SALVATORI, Pedro"
2004-03-24,https://web.archive.org/web/20040324024535id_/http://proyectos.senado.gov.ar:80/web/owa/webnueva.senbloque,Bloque Movimiento Popular Neuquino,"SAPAG, Luz María"
2004-03-24,https://web.archive.org/web/20040324024535id_/http://proyectos.senado.gov.ar:80/web/owa/webnueva.senbloque,Bloque Partido Socialista,"GIUSTINIANI, Ruben Hector"
2004-03-24,https://web.archive.org/web/20040324024535id_/http://proyectos.senado.gov.ar:80/web/owa/webnueva.senbloque,Bloque Radical Independiente,"TERRAGNO, Rodolfo"
2004-03-24,https://web.archive.org/web/20040324024535id_/http://proyectos.senado.gov.ar:80/web/owa/webnueva.senbloque,Bloque Radical Rionegrino,"FALCO, Luis"
2004-03-24,https://web.archive.org/web/20040324024535id_/http://proyectos.senado.gov.ar:80/web/owa/webnueva.senbloque,Bloque Renovador De Salta,"GOMEZ DIEZ, Ricardo"
2004-03-24,https://web.archive.org/web/20040324024535id_/http://proyectos.senado.gov.ar:80/web/owa/webnueva.senbloque,Bloque Union Civica Radical,"AGUNDEZ, Jorge Alfredo"
2004-03-24,https://web.archive.org/web/20040324024535id_/http://proyectos.senado.gov.ar:80/web/owa/webnueva.senbloque,Bloque Union Civica Radical,"CAPOS, Liliana"
2004-03-24,https://web.archive.org/web/20040324024535id_/http://proyectos.senado.gov.ar:80/web/owa/webnueva.senbloque,Bloque Union Civica Radical,"CURLETTI, Mirian Belén"
2004-03-24,https://web.archive.org/web/20040324024535id_/http://proyectos.senado.gov.ar:80/web/owa/webnueva.senbloque,Bloque Union Civica Radical,"ISIDORI, Amanda Mercedes"
2004-03-24,https://web.archive.org/web/20040324024535id_/http://proyectos.senado.gov.ar:80/web/owa/webnueva.senbloque,Bloque Union Civica Radical,"LESCANO, Marcela Fabiana"
2004-03-24,https://web.archive.org/web/20040324024535id_/http://proyectos.senado.gov.ar:80/web/owa/webnueva.senbloque,Bloque Union Civica Radical,"LOSADA, Mario Aníbal"
2004-03-24,https://web.archive.org/web/20040324024535id_/http://proyectos.senado.gov.ar:80/web/owa/webnueva.senbloque,Bloque Union Civica Radical,"MARINO, Juan Carlos"
2004-03-24,https://web.archive.org/web/20040324024535id_/http://proyectos.senado.gov.ar:80/web/owa/webnueva.senbloque,Bloque Union Civica Radical,"MASSONI, Norberto"
2004-03-24,https://web.archive.org/web/20040324024535id_/http://proyectos.senado.gov.ar:80/web/owa/webnueva.senbloque,Bloque Union Civica Radical,"MASTANDREA, Alicia Ester"
2004-03-24,https://web.archive.org/web/20040324024535id_/http://proyectos.senado.gov.ar:80/web/owa/webnueva.senbloque,Bloque Union Civica Radical,"MORALES, Gerardo Rubén"
2004-03-24,https://web.archive.org/web/20040324024535id_/http://proyectos.senado.gov.ar:80/web/owa/webnueva.senbloque,Bloque Union Civica Radical,"PRADES, Carlos Alfonso"
2004-03-24,https://web.archive.org/web/20040324024535id_/http://proyectos.senado.gov.ar:80/web/owa/webnueva.senbloque,Bloque Union Civica Radical,"SÁNCHEZ, María Dora"
2004-03-24,https://web.archive.org/web/20040324024535id_/http://proyectos.senado.gov.ar:80/web/owa/webnueva.senbloque,Bloque Union Civica Radical,"SANZ, Ernesto Ricardo"
2004-03-24,https://web.archive.org/web/20040324024535id_/http://proyectos.senado.gov.ar:80/web/owa/webnueva.senbloque,Bloque Union Civica Radical,"TAFFAREL, Ricardo César"
2004-03-24,https://web.archive.org/web/20040324024535id_/http://proyectos.senado.gov.ar:80/web/owa/webnueva.senbloque,Bloque Union Civica Radical,"ZAVALIA, José Luis"
2004-03-24,https://web.archive.org/web/20040324024535id_/http://proyectos.senado.gov.ar:80/web/owa/webnueva.senbloque,Bloque Vecinalista - Partido Nuevo,"ROSSI, Carlos Alberto"
2004-06-19,https://web.archive.org/web/20040619195225id_/http://proyectos.senado.gov.ar:80/web/owa/webnueva.senbloque,Bloque Cruzada Renovadora De San Juan,"AVELIN, Nancy Barbarita"
2004-06-19,https://web.archive.org/web/20040619195225id_/http://proyectos.senado.gov.ar:80/web/owa/webnueva.senbloque,Bloque Frente Cívico Jujeño,"ARANCIO de BELLER, Lylia Mónica"
2004-06-19,https://web.archive.org/web/20040619195225id_/http://proyectos.senado.gov.ar:80/web/owa/webnueva.senbloque,Bloque Frente Cívico Y Social De Catamarca,"CASTILLO, Oscar Anibal"
2004-06-19,https://web.archive.org/web/20040619195225id_/http://proyectos.senado.gov.ar:80/web/owa/webnueva.senbloque,Bloque Frente Cívico Y Social De Catamarca,"COLOMBO de ACEVEDO, Maria Teresita Del Valle"
2004-06-19,https://web.archive.org/web/20040619195225id_/http://proyectos.senado.gov.ar:80/web/owa/webnueva.senbloque,Bloque Frente Grande,"IBARRA, Vilma Lidia"
2004-06-19,https://web.archive.org/web/20040619195225id_/http://proyectos.senado.gov.ar:80/web/owa/webnueva.senbloque,Bloque Frepaso,"CONTI, Diana Beatriz"
2004-06-19,https://web.archive.org/web/20040619195225id_/http://proyectos.senado.gov.ar:80/web/owa/webnueva.senbloque,Bloque Fuerza Republicana,"BUSSI, Ricardo Argentino"
2004-06-19,https://web.archive.org/web/20040619195225id_/http://proyectos.senado.gov.ar:80/web/owa/webnueva.senbloque,Bloque Fuerza Republicana,"PINCHETTI DE SIERRA MORALES, Delia Norma"
2004-06-19,https://web.archive.org/web/20040619195225id_/http://proyectos.senado.gov.ar:80/web/owa/webnueva.senbloque,Bloque Justicialista,"BAR, Graciela Yolanda"
2004-06-19,https://web.archive.org/web/20040619195225id_/http://proyectos.senado.gov.ar:80/web/owa/webnueva.senbloque,Bloque Justicialista,"CAFIERO, Antonio Francisco"
2004-06-19,https://web.archive.org/web/20040619195225id_/http://proyectos.senado.gov.ar:80/web/owa/webnueva.senbloque,Bloque Justicialista,"CAPARROS, Mabel Luisa"
2004-06-19,https://web.archive.org/web/20040619195225id_/http://proyectos.senado.gov.ar:80/web/owa/webnueva.senbloque,Bloque Justicialista,"CAPITANICH, Jorge Milton"
2004-06-19,https://web.archive.org/web/20040619195225id_/http://proyectos.senado.gov.ar:80/web/owa/webnueva.senbloque,Bloque Justicialista,"CASTRO, María Elisa"
2004-06-19,https://web.archive.org/web/20040619195225id_/http://proyectos.senado.gov.ar:80/web/owa/webnueva.senbloque,Bloque Justicialista,"DANIELE, Mario Domingo"
2004-06-19,https://web.archive.org/web/20040619195225id_/http://proyectos.senado.gov.ar:80/web/owa/webnueva.senbloque,Bloque Justicialista,"ESCUDERO, Sonia Margarita"
2004-06-19,https://web.archive.org/web/20040619195225id_/http://proyectos.senado.gov.ar:80/web/owa/webnueva.senbloque,Bloque Justicialista,"FERNANDEZ, Nicolás Alejandro"
2004-06-19,https://web.archive.org/web/20040619195225id_/http://proyectos.senado.gov.ar:80/web/owa/webnueva.senbloque,Bloque Justicialista,"FERNANDEZ de KIRCHNER, Cristina E."
2004-06-19,https://web.archive.org/web/20040619195225id_/http://proyectos.senado.gov.ar:80/web/owa/webnueva.senbloque,Bloque Justicialista,"GALLEGO, Silvia Ester"
2004-06-19,https://web.archive.org/web/20040619195225id_/http://proyectos.senado.gov.ar:80/web/owa/webnueva.senbloque,Bloque Justicialista,"GALLIA, Sergio Adrián"
2004-06-19,https://web.archive.org/web/20040619195225id_/http://proyectos.senado.gov.ar:80/web/owa/webnueva.senbloque,Bloque Justicialista,"GIRI, Haide Delia"
2004-06-19,https://web.archive.org/web/20040619195225id_/http://proyectos.senado.gov.ar:80/web/owa/webnueva.senbloque,Bloque Justicialista,"GIUSTI, Silvia Ester"
2004-06-19,https://web.archive.org/web/20040619195225id_/http://proyectos.senado.gov.ar:80/web/owa/webnueva.senbloque,Bloque Justicialista,"GUINLE, Marcelo Alejandro Horacio"
2004-06-19,https://web.archive.org/web/20040619195225id_/http://proyectos.senado.gov.ar:80/web/owa/webnueva.senbloque,Bloque Justicialista,"JAQUE, Celso Alejandro"
2004-06-19,https://web.archive.org/web/20040619195225id_/http://proyectos.senado.gov.ar:80/web/owa/webnueva.senbloque,Bloque Justicialista,"JENEFES, Guillermo Raúl"
2004-06-19,https://web.archive.org/web/20040619195225id_/http://proyectos.senado.gov.ar:80/web/owa/webnueva.senbloque,Bloque Justicialista,"LATORRE, Roxana Itatí"
2004-06-19,https://web.archive.org/web/20040619195225id_/http://proyectos.senado.gov.ar:80/web/owa/webnueva.senbloque,Bloque Justicialista,"LEGUIZAMON, María Laura"
2004-06-19,https://web.archive.org/web/20040619195225id_/http://proyectos.senado.gov.ar:80/web/owa/webnueva.senbloque,Bloque Justicialista,"LOPEZ ARIAS, Marcelo Eduardo"
2004-06-19,https://web.archive.org/web/20040619195225id_/http://proyectos.senado.gov.ar:80/web/owa/webnueva.senbloque,Bloque Justicialista,"MARIN, Ruben H."
2004-06-19,https://web.archive.org/web/20040619195225id_/http://proyectos.senado.gov.ar:80/web/owa/webnueva.senbloque,Bloque Justicialista,"MARTIN, Floriana Nélida"
2004-06-19,https://web.archive.org/web/20040619195225id_/http://proyectos.senado.gov.ar:80/web/owa/webnueva.senbloque,Bloque Justicialista,"MARTINAZZO, Luis Eduardo"
2004-06-19,https://web.archive.org/web/20040619195225id_/http://proyectos.senado.gov.ar:80/web/owa/webnueva.senbloque,Bloque Justicialista,"MARTINEZ PASS DE CRESTO, Laura"
2004-06-19,https://web.archive.org/web/20040619195225id_/http://proyectos.senado.gov.ar:80/web/owa/webnueva.senbloque,Bloque Justicialista,"MAYANS, Jose Miguel Angel"
2004-06-19,https://web.archive.org/web/20040619195225id_/http://proyectos.senado.gov.ar:80/web/owa/webnueva.senbloque,Bloque Justicialista,"MAZA, Ada Mercedes"
2004-06-19,https://web.archive.org/web/20040619195225id_/http://proyectos.senado.gov.ar:80/web/owa/webnueva.senbloque,Bloque Justicialista,"MENEM, Eduardo"
2004-06-19,https://web.archive.org/web/20040619195225id_/http://proyectos.senado.gov.ar:80/web/owa/webnueva.senbloque,Bloque Justicialista,"MERA, Mario Rubén"
2004-06-19,https://web.archive.org/web/20040619195225id_/http://proyectos.senado.gov.ar:80/web/owa/webnueva.senbloque,Bloque Justicialista,"MIRANDA, Julio A."
2004-06-19,https://web.archive.org/web/20040619195225id_/http://proyectos.senado.gov.ar:80/web/owa/webnueva.senbloque,Bloque Justicialista,"MULLER, Mabel Hilda"
2004-06-19,https://web.archive.org/web/20040619195225id_/http://proyectos.senado.gov.ar:80/web/owa/webnueva.senbloque,Bloque Justicialista,"NEGRE de ALONSO, Liliana Teresita"
2004-06-19,https://web.archive.org/web/20040619195225id_/http://proyectos.senado.gov.ar:80/web/owa/webnueva.senbloque,Bloque Justicialista,"OCHOA, Raúl Ernesto"
2004-06-19,https://web.archive.org/web/20040619195225id_/http://proyectos.senado.gov.ar:80/web/owa/webnueva.senbloque,Bloque Justicialista,"OVIEDO, Mercedes Margarita"
2004-06-19,https://web.archive.org/web/20040619195225id_/http://proyectos.senado.gov.ar:80/web/owa/webnueva.senbloque,Bloque Justicialista,"PAZ, Elva Azucena"
2004-06-19,https://web.archive.org/web/20040619195225id_/http://proyectos.senado.gov.ar:80/web/owa/webnueva.senbloque,Bloque Justicialista,"PERCEVAL, María Cristina"
2004-06-19,https://web.archive.org/web/20040619195225id_/http://proyectos.senado.gov.ar:80/web/owa/webnueva.senbloque,Bloque Justicialista,"PICHETTO, Miguel Ángel"
2004-06-19,https://web.archive.org/web/20040619195225id_/http://proyectos.senado.gov.ar:80/web/owa/webnueva.senbloque,Bloque Justicialista,"PUERTA, Federico Ramón"
2004-06-19,https://web.archive.org/web/20040619195225id_/http://proyectos.senado.gov.ar:80/web/owa/webnueva.senbloque,Bloque Justicialista,"REUTEMANN, Carlos Alberto"
2004-06-19,https://web.archive.org/web/20040619195225id_/http://proyectos.senado.gov.ar:80/web/owa/webnueva.senbloque,Bloque Justicialista,"RÍOS, Roberto Fabián"
2004-06-19,https://web.archive.org/web/20040619195225id_/http://proyectos.senado.gov.ar:80/web/owa/webnueva.senbloque,Bloque Justicialista,"SAADI, Ramon Eduardo"
2004-06-19,https://web.archive.org/web/20040619195225id_/http://proyectos.senado.gov.ar:80/web/owa/webnueva.senbloque,Bloque Justicialista,"URQUIA, Roberto Daniel"
2004-06-19,https://web.archive.org/web/20040619195225id_/http://proyectos.senado.gov.ar:80/web/owa/webnueva.senbloque,Bloque Justicialista,"YOMA, Jorge Raúl"
2004-06-19,https://web.archive.org/web/20040619195225id_/http://proyectos.senado.gov.ar:80/web/owa/webnueva.senbloque,Bloque Movimiento Popular Neuquino,"SALVATORI, Pedro"
2004-06-19,https://web.archive.org/web/20040619195225id_/http://proyectos.senado.gov.ar:80/web/owa/webnueva.senbloque,Bloque Movimiento Popular Neuquino,"SAPAG, Luz María"
2004-06-19,https://web.archive.org/web/20040619195225id_/http://proyectos.senado.gov.ar:80/web/owa/webnueva.senbloque,Bloque Partido Socialista,"GIUSTINIANI, Ruben Hector"
2004-06-19,https://web.archive.org/web/20040619195225id_/http://proyectos.senado.gov.ar:80/web/owa/webnueva.senbloque,Bloque Radical Independiente,"TERRAGNO, Rodolfo"
2004-06-19,https://web.archive.org/web/20040619195225id_/http://proyectos.senado.gov.ar:80/web/owa/webnueva.senbloque,Bloque Radical Rionegrino,"FALCO, Luis"
2004-06-19,https://web.archive.org/web/20040619195225id_/http://proyectos.senado.gov.ar:80/web/owa/webnueva.senbloque,Bloque Renovador De Salta,"GOMEZ DIEZ, Ricardo"
2004-06-19,https://web.archive.org/web/20040619195225id_/http://proyectos.senado.gov.ar:80/web/owa/webnueva.senbloque,Bloque Union Civica Radical,"AGUNDEZ, Jorge Alfredo"
2004-06-19,https://web.archive.org/web/20040619195225id_/http://proyectos.senado.gov.ar:80/web/owa/webnueva.senbloque,Bloque Union Civica Radical,"CAPOS, Liliana"
2004-06-19,https://web.archive.org/web/20040619195225id_/http://proyectos.senado.gov.ar:80/web/owa/webnueva.senbloque,Bloque Union Civica Radical,"CURLETTI, Mirian Belén"
2004-06-19,https://web.archive.org/web/20040619195225id_/http://proyectos.senado.gov.ar:80/web/owa/webnueva.senbloque,Bloque Union Civica Radical,"ISIDORI, Amanda Mercedes"
2004-06-19,https://web.archive.org/web/20040619195225id_/http://proyectos.senado.gov.ar:80/web/owa/webnueva.senbloque,Bloque Union Civica Radical,"LESCANO, Marcela Fabiana"
2004-06-19,https://web.archive.org/web/20040619195225id_/http://proyectos.senado.gov.ar:80/web/owa/webnueva.senbloque,Bloque Union Civica Radical,"LOSADA, Mario Aníbal"
2004-06-19,https://web.archive.org/web/20040619195225id_/http://proyectos.senado.gov.ar:80/web/owa/webnueva.senbloque,Bloque Union Civica Radical,"MARINO, Juan Carlos"
2004-06-19,https://web.archive.org/web/20040619195225id_/http://proyectos.senado.gov.ar:80/web/owa/webnueva.senbloque,Bloque Union Civica Radical,"MASSONI, Norberto"
2004-06-19,https://web.archive.org/web/20040619195225id_/http://proyectos.senado.gov.ar:80/web/owa/webnueva.senbloque,Bloque Union Civica Radical,"MASTANDREA, Alicia Ester"
2004-06-19,https://web.archive.org/web/20040619195225id_/http://proyectos.senado.gov.ar:80/web/owa/webnueva.senbloque,Bloque Union Civica Radical,"MORALES, Gerardo Rubén"
2004-06-19,https://web.archive.org/web/20040619195225id_/http://proyectos.senado.gov.ar:80/web/owa/webnueva.senbloque,Bloque Union Civica Radical,"PRADES, Carlos Alfonso"
2004-06-19,https://web.archive.org/web/20040619195225id_/http://proyectos.senado.gov.ar:80/web/owa/webnueva.senbloque,Bloque Union Civica Radical,"SÁNCHEZ, María Dora"
2004-06-19,https://web.archive.org/web/20040619195225id_/http://proyectos.senado.gov.ar:80/web/owa/webnueva.senbloque,Bloque Union Civica Radical,"SANZ, Ernesto Ricardo"
2004-06-19,https://web.archive.org/web/20040619195225id_/http://proyectos.senado.gov.ar:80/web/owa/webnueva.senbloque,Bloque Union Civica Radical,"TAFFAREL, Ricardo César"
2004-06-19,https://web.archive.org/web/20040619195225id_/http://proyectos.senado.gov.ar:80/web/owa/webnueva.senbloque,Bloque Union Civica Radical,"ZAVALIA, José Luis"
2004-06-19,https://web.archive.org/web/20040619195225id_/http://proyectos.senado.gov.ar:80/web/owa/webnueva.senbloque,Bloque Vecinalista - Partido Nuevo,"ROSSI, Carlos Alberto"
