case,session,pdf,page,parser_speaker,blind_read_label,agree,words_found,label_distance,furniture_in_paragraph,confidence,opening_words,reader_notes,checked_by_hand_afterwards
1,2000-02-23_r01,2000-02-23_r01_PREPARATORIA.pdf,3,Sr. PRESIDENTE,Sr. PRESIDENTE.-,yes,yes,same-paragraph,none,high,"Hay cincuenta y cuatro, señor senador.",Direct answer to Sr. Ulloa's question about number of senators present.,
2,2000-02-23_r01,2000-02-23_r01_PREPARATORIA.pdf,3,Sr. ULLOA,Sr. ULLOA.-,yes,yes,same-paragraph,none,high,Creo que sería conveniente insistir por unos minutos y pedir a los presidentes de,none,
3,2000-02-23_r01,2000-02-23_r01_PREPARATORIA.pdf,3,Sr. PRESIDENTE,Sr. PRESIDENTE.-,yes,yes,same-paragraph,none,high,Estamos llamando para formar quórum...,none,
4,2000-02-23_r01,2000-02-23_r01_PREPARATORIA.pdf,4,Sr. PRESIDENTE,Sr. PRESIDENTE.-,yes,yes,same-paragraph,none,high,"Si hay asentimiento, así se hará.",In response to senator Galván's motion on days/hours of session.,
5,2000-02-23_r01,2000-02-23_r01_PREPARATORIA.pdf,4,Sr. GALVÁN,Sr. GALVÁN.-,yes,yes,same-paragraph,none,high,Pido la palabra.,"Only one instance of ""Pido la palabra."" on this page (section 4, before requesting the floor on authorities).",
6,2000-02-23_r01,2000-02-23_r01_PREPARATORIA.pdf,4,Sr. PRESIDENTE,Sr. PRESIDENTE.-,yes,yes,same-paragraph,none,high,Tiene la palabra el senador por La Rioja.,"A similar but not identical phrase (""Tiene la palabra el señor senador por La Rioja."", with ""señor"") appears earlier on the same page under Sr. PRESIDENTE as well; the exact wording quoted here (""...el senador por La Rioja."", no ""señor"") matches only the second, later instance in section 4.",
7,2000-02-23_r01,2000-02-23_r01_PREPARATORIA.pdf,5,Sr. PRESIDENTE,Sr. PRESIDENTE.-,yes,yes,same-paragraph,none,high,Así se hará. Se va a votar la moción del señor senador Galván.,none,
8,2000-02-23_r01,2000-02-23_r01_PREPARATORIA.pdf,6,Sr. PRESIDENTE,Sr. PRESIDENTE.-,yes,yes,same-paragraph,none,high,"Quedan proclamados como presidente provisional el señor senador José Genoud, como vicepresidente el señor",none,
9,2000-02-23_r01,2000-02-23_r01_PREPARATORIA.pdf,6,Sr. PRESIDENTE,Sr. PRESIDENTE.-,yes,yes,same-paragraph,none,high,Tiene la palabra el señor senador por Entre Ríos.,none,
10,2000-02-23_r01,2000-02-23_r01_PREPARATORIA.pdf,6,Sr. PRESIDENTE,Sr. PRESIDENTE.-,yes,yes,same-paragraph,(Aplausos.),high,"Si así no lo hiciereis, Dios y la Patria os lo demanden.","ambiguous - this exact sentence is printed twice on this page (after senator Preto's oath and again after senator Losada's oath); both instances carry the same label, Sr. PRESIDENTE, so the answer is unaffected.",
11,2000-02-23_r01,2000-02-23_r01_PREPARATORIA.pdf,6,Sr. PRESIDENTE,Sr. PRESIDENTE.-,yes,yes,same-paragraph,(Aplausos.),high,Invito al señor senador Mario Aníbal Losada a acercarse al estrado de la Presidencia,"Continuation of the same Sr. PRESIDENTE paragraph after ""Si así no lo hiciereis, Dios y la Patria os lo demanden. (Aplausos.)""",
12,2000-02-23_r01,2000-02-23_r01_PREPARATORIA.pdf,6,Sr. PRESIDENTE,Sr. PRESIDENTE.-,yes,yes,same-paragraph,(Aplausos.),high,"Si así no lo hiciereis, Dios y la Patria os lo demanden.","ambiguous - same sentence printed twice on this page (after Preto's and after Losada's oaths); both under the same label, Sr. PRESIDENTE.",
13,2000-02-23_r01,2000-02-23_r01_PREPARATORIA.pdf,7,Sr. PRESIDENTE,Sr. PRESIDENTE.-,yes,yes,same-paragraph,none,high,"Señor senador Antonio Francisco Cafiero: ¿Juráis a la Patria, por Dios y estos Santos",none,
14,2000-02-23_r01,2000-02-23_r01_PREPARATORIA.pdf,7,Sr. CAFIERO,Sr. CAFIERO.-,yes,yes,same-paragraph,none,medium,"¡Sí, juro!","ambiguous - ""¡Sí, juro!"" is printed twice on this page, once as Sr. CAFIERO's reply and once as Sr. GENOUD's; I judge this occurrence (the one following the Cafiero oath question, Case 13) to be Cafiero's.",
15,2000-02-23_r01,2000-02-23_r01_PREPARATORIA.pdf,7,Sr. PRESIDENTE,Sr. PRESIDENTE.-,yes,yes,same-paragraph,(Aplausos.),high,Invito al señor senador José Genoud a acercarse al estrado de la Presidencia para,"Continuation of the same Sr. PRESIDENTE paragraph after Cafiero's oath and ""(Aplausos.)""",
16,2000-02-23_r01,2000-02-23_r01_PREPARATORIA.pdf,7,Sr. GENOUD,Sr. GENOUD.-,yes,yes,same-paragraph,none,medium,"¡Sí, juro!","ambiguous - ""¡Sí, juro!"" is printed twice on this page (Cafiero's and Genoud's replies); I judge this occurrence (following the Genoud oath question, Case 15) to be Genoud's.",
17,2000-02-23_r01,2000-02-23_r01_PREPARATORIA.pdf,7,Sr. PRESIDENTE,Sr. PRESIDENTE.-,yes,yes,same-paragraph,(Aplausos.),high,"Como se ha cumplido con el objetivo propuesto, queda concluida esta sesión preparatoria.","Continuation of the same Sr. PRESIDENTE paragraph after Genoud's oath and ""(Aplausos.)""",
18,2000-03-01_r00,2000-03-01_r00_ASAMBLEA.pdf,5,Sr. PRESIDENTE,Sr. PRESIDENTE.-,yes,yes,same-paragraph,none,high,"Invito al señor presidente de la Honorable Cámara de Diputados, don Rafael M. Pascual,",none,
19,2000-03-01_r00,2000-03-01_r00_ASAMBLEA.pdf,5,Sr. PRESIDENTE,Sr. PRESIDENTE.-,yes,yes,same-paragraph,none,high,Por Secretaría se dará lectura al mensaje y decreto del Poder Ejecutivo nacional por,none,
20,2000-03-01_r00,2000-03-01_r00_ASAMBLEA.pdf,5,Sr. Senador GALVÁN,Sr. Senador GALVÁN.-,yes,yes,same-paragraph,none,high,Señor presidente: hago moción para que se autorice a la Presidencia a efectuar las,"This page prints the label with the word ""Senador"" spelled out (""Sr. Senador GALVÁN.-""), unlike the abbreviated ""Sr. GALVÁN.-"" used in the 2000-02-23 preparatoria pages; reported exactly as printed here.",
21,2000-03-01_r00,2000-03-01_r00_ASAMBLEA.pdf,6,Sr. PRESIDENTE,Sr. PRESIDENTE.-,yes,yes,same-paragraph,none,high,Invito a los señores legisladores integrantes de las comisiones de recepción a cumplir su,none,
22,2000-03-01_r00,2000-03-01_r00_ASAMBLEA.pdf,8,Sr. PRESIDENTE DE LA NACIÓN,Sr. PRESIDENTE DE LA NACIÓN.-,yes,yes,previous-page,(Aplausos.),high,Terminar con el déficit fiscal no es una utopía: es una firme decisión. Mis,"Label printed once at the start of the president's address on the first image (printed page 4); the turn runs uninterrupted through printed pages 5-6, with two ""(Aplausos.)"" stage directions appearing before the quoted sentence but no new bold label.",
23,2000-03-01_r00,2000-03-01_r00_ASAMBLEA.pdf,9,Sr. PRESIDENTE DE LA NACIÓN,Sr. PRESIDENTE DE LA NACIÓN.-,yes,yes,previous-page,(Aplausos.),high,Miles de jóvenes en nuestro país están sufriendo la adicción a las drogas. Las,"Same uninterrupted presidential address; several ""(Aplausos.)"" interjections occur between the opening label and the quoted sentence (on printed page 7), but no new bold label appears anywhere in between.",
24,2000-03-01_r00,2000-03-01_r00_ASAMBLEA.pdf,11,Sr. PRESIDENTE DE LA NACIÓN,Sr. PRESIDENTE DE LA NACIÓN.-,yes,yes,previous-page,"(Aplausos.), (Aplausos en las bancas y en las galerías.)",high,Una economía competitiva como la que nos estamos proponiendo conseguir necesita un marco de,"Same uninterrupted presidential address running to printed page 9; multiple applause stage directions occur between the label and the quote, none of them a new label.",
25,2000-03-01_r00,2000-03-01_r00_ASAMBLEA.pdf,12,Sr. PRESIDENTE DE LA NACIÓN,Sr. PRESIDENTE DE LA NACIÓN.-,yes,yes,previous-page,(Aplausos en las bancas y en las galerías.),high,Muchas gracias por su actitud positiva y patriótica frente a la crisis por que,"Same uninterrupted presidential address running to printed page 10; the quoted sentence is the closing thanks of the speech, still under the same original label with no intervening new label.",
26,2000-10-03_r54,2000-10-03_r54_ESPECIAL.pdf,3,Sr. Presidente (Genoud),Sr. Presidente (Genoud).-,yes,yes,same-paragraph,none,high,Pido a los señores presidentes de bloque que procuren la mayor asistencia posible de,"Opening line of the session, label directly precedes the quote.",
27,2000-10-03_r54,2000-10-03_r54_ESPECIAL.pdf,3,Sr. Rodríguez Saá,Sr. Rodríguez Saá.-,yes,yes,same-paragraph,none,medium,Pido la palabra.,"""Pido la palabra."" is printed three times on this page (Rodríguez Saá, then Losada, then Rodríguez Saá again); this is the first occurrence, immediately after the Presidente's opening remarks.",
28,2000-10-03_r54,2000-10-03_r54_ESPECIAL.pdf,3,Sr. Presidente (Genoud),Sr. Presidente (Genoud).-,yes,yes,same-paragraph,none,high,Para una manifestación en minoría tiene la palabra el señor senador Rodríguez Saá.,none,
29,2000-10-03_r54,2000-10-03_r54_ESPECIAL.pdf,3,Sr. Presidente (Genoud),Sr. Presidente (Genoud). --,yes,yes,same-paragraph,none,high,"Así se hará, señor senador.","This instance is printed with a space and double dash (""). --"") instead of the "".-"" used elsewhere on the page for the same speaker; reported exactly as it appears.",
30,2000-10-03_r54,2000-10-03_r54_ESPECIAL.pdf,3,Sr. Losada,Sr. Losada.-,yes,yes,same-paragraph,none,medium,Pido la palabra.,"""Pido la palabra."" is printed three times on this page; this is the second occurrence, following the stage directions ""Se continúa llamando."" / ""Luego de unos minutos:"".",
31,2000-10-03_r54,2000-10-03_r54_ESPECIAL.pdf,3,Sr. Presidente (Genoud),Sr. Presidente (Genoud).-,yes,yes,same-paragraph,none,high,Para una manifestación en minoría tiene la palabra el señor senador Losada.,none,
32,2000-10-03_r54,2000-10-03_r54_ESPECIAL.pdf,3,Sr. Presidente (Genoud),Sr. Presidente (Genoud).-,yes,yes,same-paragraph,none,high,Puedo informar de manera extraoficial -porque me lo ha manifestado un empleado de la,none,
33,2000-10-03_r54,2000-10-03_r54_ESPECIAL.pdf,3,Sr. Rodríguez Saá,Sr. Rodríguez Saá.-,yes,yes,same-paragraph,none,medium,Pido la palabra.,"""Pido la palabra."" is printed three times on this page; this is the third occurrence, right before the Presidencia grants Rodríguez Saá the floor and he asks about the dictamen.",
34,2000-10-03_r54,2000-10-03_r54_ESPECIAL.pdf,3,Sr. Presidente (Genoud),Sr. Presidente (Genoud).-,yes,yes,same-paragraph,none,high,"No, señor senador, no hay dictamen impreso. Hay dictamen, pero no impreso. El dictamen","The paragraph continues unlabeled with figures about the dictamen (""El dictamen ingresó el 27 de septiembre...""), still governed by the same label.",
35,2000-10-03_r54,2000-10-03_r54_ESPECIAL.pdf,3,Sr. Presidente (Genoud),Sr. Presidente (Genoud).-,yes,yes,same-paragraph,none,high,El bloque justicialista ha informado a la Secretaría que no va a concurrir a,"Preceded on the page by the stage direction ""- A las 18 y 44:"", which does not end the prior turn nor affect this one.",
36,2000-10-03_r54,2000-10-03_r54_ESPECIAL.pdf,4,Sr. Losada,Sr. Losada.-,yes,yes,same-paragraph,none,high,Le cedo la palabra al senador Rodríguez Saá.,"The page opens with an unlabeled continuation line (""Tiene la palabra el señor senador Losada."") carried over from the previous page's Presidente turn; the quoted words follow the new bold label ""Sr. Losada.-"".",
37,2000-10-03_r54,2000-10-03_r54_ESPECIAL.pdf,4,Sr. Rodríguez Saá,Sr. Rodríguez Saá.-,yes,yes,same-paragraph,none,high,Señor presidente: esto siempre se ha dicho en el recinto y ha provocado molestias,none,
38,2000-10-03_r54,2000-10-03_r54_ESPECIAL.pdf,5,Sr. Presidente (Genoud),Sr. Presidente (Genoud).-,yes,yes,same-paragraph,none,high,Ha concluido el tiempo previsto por la Presidencia para levantar la reunión. Para realizar,"The paragraph continues past the quoted words into ""Para realizar más manifestaciones en minoría tiene la palabra el señor senador Agúndez,"" still the same unbroken paragraph/label.",
39,2000-10-03_r54,2000-10-03_r54_ESPECIAL.pdf,5,Sr. Presidente (Genoud),Sr. Presidente (Genoud).-,yes,yes,same-paragraph,none,high,Tiene la palabra el señor senador Sergnese.,none,
40,2001-07-18_r45,2001-07-18_r45_ORDINARIA.pdf,27,Sr. Presidente (Losada),Sr. Presidente (Losada).,yes,yes,same-paragraph,none,high,Corresponde considerar el dictamen de la Comisión de Deportes en el proyecto de declaración,"Opens item 48, ""Campeonato Argentino de Básquetbol.""",
41,2001-07-18_r45,2001-07-18_r45_ORDINARIA.pdf,40,Sr. Presidente (Losada),Sr. Presidente (Losada).,yes,yes,same-paragraph,none,high,Queda aprobada la comunicación. Se procederá en consecuencia.,"""Queda aprobada la comunicación. Se procederá en consecuencia."" is printed twice on this page (item 84 and item 85), both under the same speaker; this is the first occurrence, closing Orden del Día N° 573.",
42,2001-07-18_r45,2001-07-18_r45_ORDINARIA.pdf,40,Sr. Presidente (Losada),Sr. Presidente (Losada).,yes,yes,same-paragraph,none,high,Queda aprobada la comunicación. Se procederá en consecuencia.,"Second identical occurrence of ""Queda aprobada la comunicación. Se procederá en consecuencia."" on this page, closing Orden del Día N° 574; both instances are the same speaker so the ambiguity does not change the answer.",
43,2001-07-18_r45,2001-07-18_r45_ORDINARIA.pdf,52,Sr. Maya,Sr. Maya.—,yes,yes,same-paragraph,none,high,Señor presidente: también voy a adelantar mi voto negativo a esta modificación del Código,none,
44,2001-07-18_r45,2001-07-18_r45_ORDINARIA.pdf,54,Sr. Presidente (Losada),Sr. Presidente (Losada).,yes,yes,same-paragraph,none,high,Queda aprobado el artículo 1 con la modificación propuesta.,none,
45,2001-07-18_r45,2001-07-18_r45_ORDINARIA.pdf,55,Sr. Presidente (Losada),Sr. Presidente (Losada).,yes,yes,same-paragraph,none,high,En consideración en general. La Presidencia va a llamar para formar quórum.,"Opens item 99, under Orden del Día N° 577.",
46,2001-11-07_r69,2001-11-07_r69_ORDINARIA.pdf,15,Sr. Presidente (Menem),Sr. Presidente (Menem).,yes,yes,same-paragraph,none,high,"En consideración en general. Si no se hace uso de la palabra, se va","""En consideración en general. Si no se hace uso de la palabra, se va a votar."" is printed three times on this page (Órdenes del Día 961, 963, 964), all under the same speaker; this is the first occurrence.",
47,2001-11-07_r69,2001-11-07_r69_ORDINARIA.pdf,15,Sr. Presidente (Menem),Sr. Presidente (Menem).,yes,yes,same-paragraph,none,high,"En consideración en general. Si no se hace uso de la palabra, se va",Second identical occurrence of the phrase on this page (closing Orden del Día N° 963); all three occurrences share the same speaker so the ambiguity does not change the answer.,
48,2001-11-07_r69,2001-11-07_r69_ORDINARIA.pdf,15,Sr. Presidente (Menem),Sr. Presidente (Menem).,yes,yes,same-paragraph,none,high,"En consideración en general. Si no se hace uso de la palabra, se va",Third identical occurrence of the phrase on this page (Orden del Día N° 964); all three occurrences share the same speaker so the ambiguity does not change the answer.,
49,2001-11-07_r69,2001-11-07_r69_ORDINARIA.pdf,16,Sr. Presidente (Menem),Sr. Presidente (Menem).,yes,yes,same-paragraph,none,high,Queda aprobada la declaración. Se procederá en consecuencia.,"""Queda aprobada la declaración. Se procederá en consecuencia."" is printed twice on this page (item 17, Chagas, and item 18, Yacyretá), both under the same speaker; this is the first occurrence.",
50,2001-11-07_r69,2001-11-07_r69_ORDINARIA.pdf,16,Sr. Presidente (Menem),Sr. Presidente (Menem).,yes,yes,same-paragraph,none,high,Queda aprobada la declaración. Se procederá en consecuencia.,"Second identical occurrence of the phrase on this page (item 18, Yacyretá); both occurrences share the same speaker so the ambiguity does not change the answer.",
51,2001-11-07_r69,2001-11-07_r69_ORDINARIA.pdf,20,Sr. Presidente (Menem),Sr. Presidente (Menem).,yes,yes,same-paragraph,none,medium,Corresponde considerar el dictamen de la Comisión de Trabajo y Previsión Social en el,"The identical phrase is printed twice on this page (section 30 and section 31), both times opening a paragraph labeled ""Sr. Presidente (Menem).""; ambiguous which occurrence is intended but the label is the same either way. Taking this as the first (section 30) occurrence.",
52,2001-11-07_r69,2001-11-07_r69_ORDINARIA.pdf,20,Sr. Presidente (Menem),Sr. Presidente (Menem).,yes,yes,same-paragraph,none,medium,Corresponde considerar el dictamen de la Comisión de Trabajo y Previsión Social en el,"Same as case 51 — the phrase is printed twice on this page (section 30 and section 31); ambiguous which occurrence is intended but both are labeled ""Sr. Presidente (Menem)."" Taking this as the second (section 31) occurrence.",
53,2001-11-07_r69,2001-11-07_r69_ORDINARIA.pdf,26,Sr. Presidente (Losada),Sr. Presidente (Losada).,yes,yes,same-paragraph,none,medium,Tiene la palabra el señor senador de la Rosa.,"The phrase appears twice on the page — once as an unlabeled indented continuation line under the ""Sr. Presidente (Losada)."" paragraph opening section 44, and once repeated verbatim as its own ""Sr. Presidente (Losada). — Tiene la palabra el señor senador de la Rosa."" line further down; ambiguous which is intended but both are governed by the same label.",
54,2001-11-07_r69,2001-11-07_r69_ORDINARIA.pdf,38,Sr. Presidente (Losada),Sr. Presidente (Losada).,yes,yes,same-paragraph,none,high,Tiene la palabra el señor senador Ulloa.,None.,
55,2001-11-14_r71,2001-11-14_r71_ORDINARIA.pdf,4,Sr. Presidente (Menem),Sr. Presidente (Menem).,yes,yes,same-paragraph,none,high,Invito al señor senador por el Chaco don Horacio Aníbal Zalazar a izar la,None.,
56,2001-11-14_r71,2001-11-14_r71_ORDINARIA.pdf,7,Sr. Presidente (Menem),Sr. Presidente (Menem).,yes,yes,same-paragraph,none,high,Tiene la palabra el señor senador por Entre Ríos.,None.,
57,2001-11-14_r71,2001-11-14_r71_ORDINARIA.pdf,11,Sr. Maya,Sr. Maya.,yes,yes,same-paragraph,none,high,Pido la palabra.,None.,
58,2001-11-14_r71,2001-11-14_r71_ORDINARIA.pdf,12,Sr. Presidente (Menem),Sr. Presidente (Menem).,yes,yes,same-paragraph,none,high,Queda aprobada la preferencia.,None.,
59,2001-11-14_r71,2001-11-14_r71_ORDINARIA.pdf,15,Sr. Presidente (Menem),Sr. Presidente (Menem).,yes,yes,same-paragraph,none,medium,Queda aprobada la declaración. Se procederá en consecuencia.,"The identical phrase is printed twice on this page (end of section 24 and end of section 25), both labeled ""Sr. Presidente (Menem).""; ambiguous which occurrence is intended but the label is the same. Taking this as the first (section 24) occurrence.",
60,2001-11-14_r71,2001-11-14_r71_ORDINARIA.pdf,15,Sr. Presidente (Menem),Sr. Presidente (Menem).,yes,yes,same-paragraph,none,medium,Queda aprobada la declaración. Se procederá en consecuencia.,"Same as case 59 — phrase printed twice on this page (sections 24 and 25); ambiguous which is intended but both are labeled ""Sr. Presidente (Menem)."" Taking this as the second (section 25) occurrence.",
61,2001-11-14_r71,2001-11-14_r71_ORDINARIA.pdf,25,Sr. Presidente (Menem),Sr. Presidente (Menem).,yes,yes,same-paragraph,none,high,En consideración en particular. La Presidencia se permite sugerir si algún señor senador quiere,None.,
62,2001-11-14_r71,2001-11-14_r71_ORDINARIA.pdf,27,Sr. Gioja,Sr. Gioja.,yes,yes,same-paragraph,none,high,Señor presidente: compartimos la urgencia planteada por el señor senador por La Pampa. Nosotros,None.,
63,2001-11-14_r71,2001-11-14_r71_ORDINARIA.pdf,30,Sr. Presidente (Menem),Sr. Presidente (Menem).,yes,yes,same-paragraph,none,high,Queda sancionado el proyecto de ley . Se comunicará a la Honorable Cámara de,"A superscript footnote marker (""1"") follows ""ley"" in the printed text, referencing an ""Ver el Apéndice."" footnote at the bottom of the page, but the footnote text itself is not inside the paragraph.",
64,2001-11-14_r71,2001-11-14_r71_ORDINARIA.pdf,30,Sr. Presidente (Menem),Sr. Presidente (Menem).,yes,yes,same-paragraph,none,high,Se procederá en consecuencia.,"A superscript footnote marker (""1"") follows the quoted words, referencing an ""Ver el Apéndice."" footnote at the bottom of the page, but the footnote text itself is not inside the paragraph.",
65,2001-11-14_r71,2001-11-14_r71_ORDINARIA.pdf,32,Sr. Presidente (Menem),Sr. Presidente (Menem).,yes,yes,same-paragraph,none,high,"Por implicar gastos el asunto en consideración, corresponde constituir la Cámara en comisión para",None.,
66,2001-11-28_r73,2001-11-28_r73_ORDINARIA.pdf,5,Sr. Presidente (Losada),Sr. Presidente (Losada).,yes,yes,same-paragraph,none,high,Los señores senadores recibieron oportunamente la lista de asuntos entrados desde la última sesión.,None.,
67,2001-11-28_r73,2001-11-28_r73_ORDINARIA.pdf,26,Sr. Presidente (Losada),Sr. Presidente (Losada).,yes,yes,same-paragraph,none,medium,Queda aprobada la declaración por unanimidad. Se procederá en consecuencia.,"The identical phrase is printed twice on this page (end of section 12 and end of section 13), both labeled ""Sr. Presidente (Losada).""; ambiguous which occurrence is intended but the label is the same. Taking this as the first (section 12) occurrence.",
68,2001-11-28_r73,2001-11-28_r73_ORDINARIA.pdf,26,Sr. Presidente (Losada),Sr. Presidente (Losada).,yes,yes,same-paragraph,none,medium,Queda aprobada la declaración por unanimidad. Se procederá en consecuencia.,"Same as case 67 — phrase printed twice on this page (sections 12 and 13); ambiguous which is intended but both are labeled ""Sr. Presidente (Losada)."" Taking this as the second (section 13) occurrence.",
69,2001-11-28_r73,2001-11-28_r73_ORDINARIA.pdf,39,Sr. Presidente (Menem),Sr. Presidente (Menem).,yes,yes,same-paragraph,none,high,Tiene la palabra el señor senador por Chubut.,None.,
70,2001-11-28_r73,2001-11-28_r73_ORDINARIA.pdf,43,Sr. Presidente (Menem),Sr. Presidente (Menem).,yes,yes,same-paragraph,none,high,"En consideración en general. Si no se hace uso de la palabra, se va","This exact wording (""En consideración en general. Si no se hace uso de la palabra, se va..."") matches only the section-49 paragraph; a similar but non-matching ""En consideración en general."" also opens section 50 with different continuation text.",
71,2001-11-28_r73,2001-11-28_r73_ORDINARIA.pdf,43,Sr. Presidente (Menem),Sr. Presidente (Menem).,yes,yes,same-paragraph,none,high,Tiene la palabra el señor senador por Entre Ríos.,None.,
72,2001-11-28_r73,2001-11-28_r73_ORDINARIA.pdf,50,Sr. Presidente (Menem),Sr. Presidente (Menem).,yes,yes,same-paragraph,none,medium,En consideración la moción de tratamiento sobre tablas formulada por el señor senador por,"The identical phrase (up to ""por"") is printed twice on this page — once continuing ""...por Santa Cruz"" (section 64) and once ""...por San Juan"" (section 65) — both labeled ""Sr. Presidente (Menem).""; ambiguous which occurrence is intended but the label is the same. Taking this as the first (Santa Cruz/section 64) occurrence.",
73,2001-11-28_r73,2001-11-28_r73_ORDINARIA.pdf,50,Sr. Presidente (Menem),Sr. Presidente (Menem).,yes,yes,same-paragraph,none,medium,En consideración la moción de tratamiento sobre tablas formulada por el señor senador por,"Same as case 72 — phrase printed twice on this page (Santa Cruz/section 64 and San Juan/section 65); ambiguous which is intended but both are labeled ""Sr. Presidente (Menem)."" Taking this as the second (San Juan/section 65) occurrence.",
74,2001-11-28_r73,2001-11-28_r73_ORDINARIA.pdf,50,Sr. Carbonell,Sr. Carbonell.,yes,yes,same-paragraph,none,high,Pido la palabra.,None.,
75,2001-11-28_r73,2001-11-28_r73_ORDINARIA.pdf,54,Sr. Altuna,Sr. Altuna.,yes,yes,same-paragraph,none,high,"Entonces, propongo que se insista en la sanción de la ley para que se",None.,
76,2001-11-28_r73,2001-11-28_r73_ORDINARIA.pdf,56,Sr. Presidente (Menem),Sr. Presidente (Menem).,yes,yes,same-paragraph,none,high,Corresponde considerar si se trata sobre tablas el dictamen de las comisiones de Educación,"Opens item 76 ""Mesa redonda ""Diversidad cultural y escuela"""".",
77,2001-11-28_r73,2001-11-28_r73_ORDINARIA.pdf,56,Sr. Presidente (Menem),Sr. Presidente (Menem).,yes,yes,same-paragraph,none,medium,Corresponde considerar si se trata sobre tablas el dictamen de la Comisión de Cultura,"ambiguous — the identical phrase ""Corresponde considerar si se trata sobre tablas el dictamen de la Comisión de Cultura"" is printed twice on this page, opening item 77 and again opening item 78; both are under the same label Sr. Presidente (Menem), so the speaker is unaffected. I attributed this to item 77's occurrence.",
78,2001-11-28_r73,2001-11-28_r73_ORDINARIA.pdf,56,Sr. Presidente (Menem),Sr. Presidente (Menem).,yes,yes,same-paragraph,none,medium,Corresponde considerar si se trata sobre tablas el dictamen de la Comisión de Cultura,ambiguous — same phrase as case 77 is printed twice on the page (opening items 77 and 78); both under Sr. Presidente (Menem). I attributed this to item 78's occurrence.,
79,2001-11-28_r73,2001-11-28_r73_ORDINARIA.pdf,61,Sr. Presidente (Losada),Sr. Presidente (Losada).,yes,yes,same-paragraph,none,high,"Tiene razón, señor senador.",Response to Sr. Verna's point about constituting the Chamber in committee.,
80,2002-04-11_r05,2002-04-11_r05_ESPECIAL.pdf,2,Sr. Presidente (Maqueda),Sr. Presidente (Maqueda).,yes,yes,same-paragraph,none,high,La Presidencia solicita a los señores asistentes de los bloques que se comuniquen con,none,
81,2002-04-11_r05,2002-04-11_r05_ESPECIAL.pdf,2,Sr. Presidente (Maqueda),Sr. Presidente (Maqueda).,yes,yes,same-paragraph,none,high,La Presidencia reitera a los señores presidentes de bloque si pueden pedir a los,none,
82,2002-04-11_r05,2002-04-11_r05_ESPECIAL.pdf,10,Sra. Avelín,Sra. Avelín.,yes,yes,same-paragraph,none,high,"No, señor presidente.",none,
83,2002-04-11_r05,2002-04-11_r05_ESPECIAL.pdf,10,Sr. Presidente (Maqueda),Sr. Presidente (Maqueda).,yes,yes,same-paragraph,none,high,El senador Baglini sí hará uso de la palabra. Tiene la palabra el señor,none,
84,2002-04-11_r05,2002-04-11_r05_ESPECIAL.pdf,11,Sr. Baglini,Sr. Baglini.,yes,yes,same-paragraph,none,high,Son cuatro nada más. En las respuestas a que me he referido se destaca,"Quote opens a new paragraph but is governed by the ""Sr. Baglini."" label printed at the top of the same paragraph on page 11 (continuation of his turn from page 10).",
85,2002-04-11_r05,2002-04-11_r05_ESPECIAL.pdf,12,Sr. Jefe de Gabinete de Ministros,Sr. Jefe de Gabinete de Ministros.,yes,yes,same-paragraph,none,high,"Inmediatamente, señor presidente.",none,
86,2002-04-11_r05,2002-04-11_r05_ESPECIAL.pdf,12,Sr. Gioja,Sr. Gioja.,yes,yes,same-paragraph,none,high,¡No!,none,
87,2002-04-11_r05,2002-04-11_r05_ESPECIAL.pdf,12,Sr. Presidente (Maqueda),Sr. Presidente (Maqueda).,yes,yes,same-paragraph,none,high,"Senador Gioja, se trata de una facultad del jefe de Gabinete, y él ha",none,
88,2002-04-11_r05,2002-04-11_r05_ESPECIAL.pdf,14,Sra. Bar,Sra. Bar.,yes,yes,same-paragraph,none,high,Señor jefe de Gabinete de Ministros: le haré dos preguntas muy breves. Una se,none,
89,2002-04-11_r05,2002-04-11_r05_ESPECIAL.pdf,15,Sr. Presidente (Maqueda),Sr. Presidente (Maqueda).,yes,yes,same-paragraph,none,high,"Gracias, señora senadora. Tiene la palabra el señor jefe de Gabinete de Ministros.",none,
90,2002-04-11_r05,2002-04-11_r05_ESPECIAL.pdf,16,Sr. Presidente (López Arias),Sr. Presidente (López Arias).,yes,yes,same-paragraph,none,high,Tiene la palabra el señor senador Chiappe.,none,
91,2002-04-11_r05,2002-04-11_r05_ESPECIAL.pdf,16,Sr. Jefe de Gabinete de Ministros,Sr. Jefe de Gabinete de Ministros.,yes,yes,same-paragraph,none,high,Señor presidente: Con respecto al pago de las obligaciones impositivas y previsionales con bonos,none,
92,2002-04-11_r05,2002-04-11_r05_ESPECIAL.pdf,18,Sr. Jefe de Gabinete Ministros,Sr. Jefe de Gabinete Ministros.,yes,yes,same-paragraph,none,high,"Respecto del plazo de las preguntas, esperamos cumplir satisfactoriamente en diez días; y en","As printed on this page the bold label omits ""de"" before ""Ministros"" (unlike the neighboring paragraphs on the same page, which read the same way for both his turns here).",
93,2002-04-11_r05,2002-04-11_r05_ESPECIAL.pdf,18,Sr. Jefe de Gabinete Ministros,Sr. Jefe de Gabinete Ministros.,yes,yes,same-paragraph,none,high,"Señor presidente: respecto del Fondo Fiduciario, precisamente, en el día de ayer hemos tenido","As printed on this page the bold label omits ""de"" before ""Ministros"" (same variant as case 92, both on p. 18).",
94,2002-04-11_r05,2002-04-11_r05_ESPECIAL.pdf,25,Sr. Jefe de Gabinete de Ministros,Sr. Jefe de Gabinete de Ministros.,yes,yes,same-paragraph,none,high,"Señor presidente: con respecto al tema de la cancelación de estos compromisos, insisto en",none,
95,2002-04-11_r05,2002-04-11_r05_ESPECIAL.pdf,26,Sr. Presidente (López Arias),Sr. Presidente (López Arias).,yes,yes,same-paragraph,none,high,"Señor senador: diríjase a la Presidencia. Usted ocupó este estrado muchas veces, así que",none,
96,2002-04-11_r05,2002-04-11_r05_ESPECIAL.pdf,26,Sr. Losada,Sr. Losada.,yes,yes,same-paragraph,none,high,Por eso le pedí a usted la palabra.,none,
97,2002-04-11_r05,2002-04-11_r05_ESPECIAL.pdf,29,Sr. Jefe de Gabinete de Ministros,Sr. Jefe de Gabinete de Ministros.,yes,yes,same-paragraph,none,high,"A la vez, se trabaja con el Banco Interamericano de Desarrollo en una línea","The quoted words immediately follow a fresh bold ""Sr. Jefe de Gabinete de Ministros."" label that was reprinted right after the stage direction ""— Ocupa la Presidencia la señora presidenta de la Comisión de Asuntos Constitucionales, senadora Cristina E. Fernández de Kirchner."" marking a change of chair; the stage direction itself is furniture, not part of his paragraph.",
98,2002-04-11_r05,2002-04-11_r05_ESPECIAL.pdf,31,Sra. Presidenta (Fernández de Kirchner),Sra. Presidenta (Fernández de Kirchner).,yes,yes,same-paragraph,none,high,"¿Desea repreguntar, señor senador?",none,
99,2002-04-11_r05,2002-04-11_r05_ESPECIAL.pdf,36,Sra. Negre de Alonso,Sra. Negre de Alonso.,yes,yes,same-paragraph,none,high,"No voy a hacer uso de la palabra, señor presidente.",none,
100,2002-04-11_r05,2002-04-11_r05_ESPECIAL.pdf,36,Sr. Presidente (López Arias),Sr. Presidente (López Arias).,yes,yes,same-paragraph,none,high,Señora senadora Raso.,none,
101,2002-04-11_r05,2002-04-11_r05_ESPECIAL.pdf,37,Sr. Presidente (López Arias),Sr. Presidente (López Arias).,yes,yes,same-paragraph,none,high,Tiene la palabra el señor jefe de Gabinete de Ministros.,Label opens the paragraph directly containing the quoted words.,
102,2002-04-11_r05,2002-04-11_r05_ESPECIAL.pdf,40,Sr. Presidente (López Arias),Sr. Presidente (López Arias).,yes,yes,same-paragraph,none,high,"Muchas gracias, señor jefe de Gabinete de Ministros. A partir de ahora los señores","Quote continues in the same paragraph as ""A partir de ahora los señores senadores...""",
103,2002-04-11_r05,2002-04-11_r05_ESPECIAL.pdf,42,Sr. Presidente (López Arias),Sr. Presidente (López Arias).,yes,yes,same-paragraph,none,high,Tiene la palabra la señora senadora Gómez de Bertone.,none,
104,2002-04-11_r05,2002-04-11_r05_ESPECIAL.pdf,43,Sr. Jefe de Gabinete de Ministros,Sr. Jefe de Gabinete de Ministros.,yes,yes,same-paragraph,none,high,Señor presidente: con respecto al fondo fiduciario hídrico debo decir que se trata de,none,
105,2002-04-11_r05,2002-04-11_r05_ESPECIAL.pdf,45,Sr. Jefe de Gabinete Ministros,Sr. Jefe de Gabinete Ministros.,yes,yes,same-paragraph,none,high,"Con respecto a esta pregunta, responderé por escrito en el plazo de diez días.","Label as printed here omits ""de"" before Ministros (unlike the usual ""Sr. Jefe de Gabinete de Ministros."" seen elsewhere on this and other pages); reported verbatim.",
106,2002-04-11_r05,2002-04-11_r05_ESPECIAL.pdf,48,Sr. Presidente (López Arias),Sr. Presidente (López Arias).,yes,yes,same-paragraph,none,high,Tiene la palabra el señor senador Yoma.,none,
107,2002-04-11_r05,2002-04-11_r05_ESPECIAL.pdf,50,Sr. Jefe de Gabinete de Ministros,Sr. Jefe de Gabinete de Ministros.,yes,yes,same-paragraph,none,high,"Señor presidente: en primer lugar, respecto de la metodología de exposición, por supuesto que","Preceding paragraph's presiding label is Sr. Presidente (Maqueda), who yielded the floor; the quoted words themselves are governed by the Jefe de Gabinete label.",
108,2002-04-11_r05,2002-04-11_r05_ESPECIAL.pdf,50,Sr. Presidente (Maqueda),Sr. Presidente (Maqueda).,yes,yes,same-paragraph,none,high,"Señor jefe de Gabinete, ¿le concede la interrupción a la senadora?",none,
109,2002-04-11_r05,2002-04-11_r05_ESPECIAL.pdf,53,Sr. Presidente (Maqueda),Sr. Presidente (Maqueda).,yes,yes,same-paragraph,none,high,Muchas gracias. Tiene la palabra el señor senador Alfonsín.,"""Tiene la palabra el señor senador Alfonsín."" is an unlabeled continuation line within the same turn as ""Muchas gracias.""",
110,2002-04-11_r05,2002-04-11_r05_ESPECIAL.pdf,53,Sr. Alfonsín,Sr. Alfonsín.,yes,yes,same-paragraph,none,high,Señor presidente: de acuerdo con el inciso i) del artículo 218 del Reglamento de,none,
111,2002-04-11_r05,2002-04-11_r05_ESPECIAL.pdf,54,Sr. Jefe de Gabinete de Ministros,Sr. Jefe de Gabinete de Ministros.,yes,yes,same-paragraph,none,high,"Obviamente, recepcionamos estas inquietudes manifestadas por el señor senador Alfonsín y, justamente, ratifico lo",none,
112,2002-04-11_r05,2002-04-11_r05_ESPECIAL.pdf,56,Sr. Gioja,Sr. Gioja.,yes,yes,same-paragraph,(Risas.),high,". Lo digo para que no haya susceptibilidades, porque veo que hay algunos movimientos","The paragraph opens ""Sr. Gioja. — ... nos transmita los índices..."" (ellipsis printed as part of the turn, completing the previous speaker's interrupted sentence) and continues through the quoted words without a new label; ""(Risas.)"" appears mid-paragraph as a stage direction.",
113,2002-05-28_r12,2002-05-28_r12_EN_MINORIA.pdf,2,Sr. López Arias,Sr. López Arias.,yes,yes,same-paragraph,none,high,Pido la palabra.,none,
114,2002-08-22_r20,2002-08-22_r20_EN_MINORIA.pdf,3,Sr. Maestro,Sr. Maestro.,yes,yes,same-paragraph,none,high,Pido la palabra.,none,
115,2002-08-22_r20,2002-08-22_r20_EN_MINORIA.pdf,3,Sr. Presidente (López Arias),Sr. Presidente (López Arias).,yes,yes,same-paragraph,none,high,"Por Secretaría me informan que hay 37 señores senadores en la casa. Por supuesto,",none,
116,2002-08-22_r20,2002-08-22_r20_EN_MINORIA.pdf,4,Sr. Busti,Sr. Busti.,yes,yes,same-paragraph,none,high,Señor presidente: en el mismo sentido que lo manifestado por la señora senadora Maza,none,
117,2002-08-22_r20,2002-08-22_r20_EN_MINORIA.pdf,4,Sr. Menem,Sr. Menem.,yes,yes,same-paragraph,none,high,Señor presidente: yo creo que hay una realidad que no se puede desconocer: además,none,
118,2002-08-22_r20,2002-08-22_r20_EN_MINORIA.pdf,4,Sr. Maestro,Sr. Maestro.,yes,yes,same-paragraph,none,high,Pido la palabra.,"The identical phrase ""Pido la palabra."" also appears under Sr. Maestro on the previous page (case 114's page); on this page it appears once, also under Sr. Maestro, so no ambiguity here.",
119,2002-08-22_r20,2002-08-22_r20_EN_MINORIA.pdf,5,Sr. Presidente (López Arias),Sr. Presidente (López Arias).,yes,yes,same-paragraph,none,high,Señores senadores: la buena voluntad de esta Presidencia excedió largamente las reglas establecidas en,none,
120,2003-06-18_r12,2003-06-18_r12_ORDINARIA.pdf,39,Sra. Colombo,Sra. Colombo.,yes,yes,same-paragraph,none,high,"Señor presidente: en primer lugar, vamos a plantear nuestro apoyo al mensajedel Poder Ejecutivo...","Printed text wraps ""mensaje"" / ""del Poder Ejecutivo"" across a line break, which is why the quote in the brief shows ""mensajedel"" run together; the words are otherwise contiguous in the same paragraph.",
121,2003-06-25_r13,2003-06-25_r13_ESPECIAL.pdf,2,Sr. Pichetto,Sr. Pichetto.,yes,yes,same-paragraph,none,high,Pido la palabra.,none,
122,2003-07-23_r15,2003-07-23_r15_ORDINARIA.pdf,43,Sr. Presidente (Gioja),Sr. Presidente (Gioja).,yes,yes,same-paragraph,none,high,"En consecuencia, pasa al Archivo.","Found under Orden del Día N° 344 (Programa Nacional de Rehabilitación de la Infraestructura de Salud); the preceding line ""— La votación resulta afirmativa."" is a stage direction in the prior paragraph, not inside this one.",
123,2003-08-06_r16,2003-08-06_r16_ORDINARIA.pdf,37,Sra. Seguí,Sra. Seguí.,yes,yes,same-paragraph,none,high,"Señor presidente: es cierto, como lo señaló el señor senador Yoma, queimponer penas más","Printed text wraps ""que"" / ""imponer"" across a line break, producing ""queimponer"" in the run-together quote; otherwise contiguous.",
124,2003-08-20_r17,2003-08-20_r17_ORDINARIA.pdf,3,Sr. Pichetto,Sr. Pichetto.,yes,yes,same-paragraph,none,high,Señor presidente: pido que se llame a los senadores que están en losdespachos para,"Printed text wraps ""los"" / ""despachos"" across a line break, producing ""losdespachos"" in the run-together quote; otherwise contiguous.",
125,2003-08-20_r17,2003-08-20_r17_ORDINARIA.pdf,82,Sra. Ibarra,Sra. Ibarra.,yes,yes,same-paragraph,none,high,Señor presidente: hace bastante tiempo que los argentinos decimos que queremosconstruir y vivir en,"Printed text wraps ""queremos"" / ""construir"" across a line break, producing ""queremosconstruir"" in the run-together quote; otherwise contiguous.",
126,2003-08-20_r17,2003-08-20_r17_ORDINARIA.pdf,141,Sr. Presidente (López Arias),Sr. Presidente (López Arias).,yes,yes,same-paragraph,none,high,El señor senador Baglini le solicita una interrupción. ¿Se laconcede?,"Same words appear twice on this page (""Señora senadora: el señor senador Baglini le solicita una interrupción. ¿Se la concede?"" and later ""El señor senador Baglini le solicita una interrupción. ¿Se la concede?""), but both are spoken by the same label, Sr. Presidente (López Arias), so no real ambiguity.",
127,2003-08-20_r17,2003-08-20_r17_ORDINARIA.pdf,145,Sr. Presidente (Gioja),Sr. Presidente (Gioja).,yes,yes,same-paragraph,none,high,Señora senadora Escudero: ¿le permite una interrupción al señorsenador Baglini?,none,
128,2003-08-20_r18,2003-08-20_r18_TRIBUNAL_DE_JUICIO_POLITICO.pdf,3,Sr. Baglini,Sr. Baglini.,yes,yes,same-paragraph,none,high,Pido la palabra.,"""Pido la palabra."" appears only once on this page, spoken by Sr. Baglini.",
129,2003-08-20_r18,2003-08-20_r18_TRIBUNAL_DE_JUICIO_POLITICO.pdf,3,Sra. Negre de Alonso,Sr. Baglini.,phrase-printed-twice,yes,same-paragraph,none,high,Pido la palabra.,"Same image and quote as case 128; only one instance of ""Pido la palabra."" on this page, spoken by Sr. Baglini.","parser right — 'Pido la palabra.' IS printed twice on the page, under Sr. Baglini and under Sra. Negre de Alonso, contrary to the reader's note. The sampled turn is the Negre de Alonso one, printed verbatim."
130,2003-09-03_r20,2003-09-03_r20_TRIBUNAL_DE_JUICIO_POLITICO.pdf,9,Sr. Gómez Diez,Sr. Gómez Diez.,yes,yes,same-paragraph,none,high,"Pedimos que se dé lectura a la nota para conocimiento de todoslos señores senadores,",none,
131,2003-09-03_r20,2003-09-03_r20_TRIBUNAL_DE_JUICIO_POLITICO.pdf,18,Sr. Presidente,Sr. Presidente.,yes,yes,same-paragraph,none,high,Tiene la palabra el señor senador Passo. ¿Va a formular una cuestión de privilegio?,"Quote spans the label line and the next line of the same paragraph (""Tiene la palabra el señor senador Passo."" / ""¿Va a formular una cuestión de privilegio?"").",
132,2003-09-03_r20,2003-09-03_r20_TRIBUNAL_DE_JUICIO_POLITICO.pdf,60,Sr. Presidente,Sr. Presidente.,yes,yes,same-paragraph,none,high,"Si hay asentimiento, así se hará.","A stage direction ""— Asentimiento."" follows immediately after this turn but is a separate line, not inside the quoted paragraph.",
133,2003-09-03_r20,2003-09-03_r20_TRIBUNAL_DE_JUICIO_POLITICO.pdf,93,Sr. Gómez Diez,Sr. Gómez Diez.,yes,yes,same-paragraph,none,high,Señor presidente: hace aproximadamente veinte minutos unapersona intentó sentarse ahí pero prontamente el prosecretario,none,
134,2003-10-01_r23,2003-10-01_r23_ORDINARIA.pdf,7,Sr. Pichetto,Sr. Pichetto.,yes,yes,same-paragraph,none,medium,Pido la palabra.,"Ambiguous — ""Pido la palabra."" is printed twice on this page under two different labels (Sr. Pichetto near the top, and Sr. Fernández near the bottom). I picked the first (Pichetto) occurrence as most likely for this case.",
135,2003-10-01_r23,2003-10-01_r23_ORDINARIA.pdf,7,Sr. Fernández,Sr. Fernández.,yes,yes,same-paragraph,none,medium,Pido la palabra.,"Ambiguous — same page and quote as case 134; ""Pido la palabra."" appears twice on this page under two different labels (Sr. Pichetto earlier, Sr. Fernández at the bottom). For this duplicate case I picked the second (Fernández) occurrence.",
136,2003-10-01_r23,2003-10-01_r23_ORDINARIA.pdf,15,Sr. Presidente,Sr. Presidente.,yes,yes,same-paragraph,none,high,Corresponde considerar el dictamen de la Comisión de Población yDesarrollo Humano en el proyecto,"This exact sentence opens two different items on the page (Orden del Día 742, senador Falcó project, and Orden del Día 743, senador Moro project), but both are spoken by the same label, Sr. Presidente, so no real ambiguity.",
137,2003-10-01_r23,2003-10-01_r23_ORDINARIA.pdf,15,Sr. Presidente,Sr. Presidente.,yes,yes,same-paragraph,none,high,Corresponde considerar el dictamen de la Comisión de Población yDesarrollo Humano en el proyecto,Same page/quote as case 136; both occurrences of this sentence on the page are spoken by Sr. Presidente.,
138,2003-11-04_r29,2003-11-04_r29_TRIBUNAL_DE_JUICIO_POLITICO.pdf,3,Sr. Badeni,Sr. Badeni.,yes,yes,same-paragraph,none,high,"... y creo que corresponde que la Comisión de Asuntos Constitucionales resuelvaesta cuestión, antes","Turn begins ""Sr. Badeni. — ... y creo que corresponde..."" (ellipsis marks a resumed/interrupted sentence, but the bold label directly precedes the quoted words).",
139,2003-11-04_r29,2003-11-04_r29_TRIBUNAL_DE_JUICIO_POLITICO.pdf,75,Sr. Schorr,Sr. Schorr.-,yes,yes,same-paragraph,none,high,"Si me perdona, ¿me lee de vuelta el parrafito?",none,
140,2003-11-04_r29,2003-11-04_r29_TRIBUNAL_DE_JUICIO_POLITICO.pdf,95,Sr. Fanelli Evans,Sr. Fanelli Evans.,yes,yes,same-paragraph,none,high,"Si usted consulta mi opinión, sí.",none,
141,2003-11-04_r29,2003-11-04_r29_TRIBUNAL_DE_JUICIO_POLITICO.pdf,100,Sr. Fanelli Evans,Sr. Fanelli Evans.—,yes,yes,same-paragraph,none,high,"Ninguno. No lo adoptó. Para mi criterio, no adoptó ninguna decisión enforma definitiva.","Quote is the first line on the page, continuing/opening with the label printed on this same page.",
142,2003-11-05_r30,2003-11-05_r30_ORDINARIA.pdf,3,Sr. Menem,Sr. Menem.,yes,yes,same-paragraph,none,high,"De acuerdo con lo que se había venido conversando y con las preferenciasvotadas oportunamente,",none,
143,2003-11-05_r30,2003-11-05_r30_ORDINARIA.pdf,3,Sr. Presidente,Sr. Presidente.,yes,yes,same-paragraph,none,high,"En consideración en general.Si no se hace uso de la palabra, se va a","A stage direction ""— La votación resulta afirmativa."" follows immediately after but is a separate line, not inside the quoted paragraph.",
144,2003-11-05_r30,2003-11-05_r30_ORDINARIA.pdf,42,Sra. Ibarra,Sra. Ibarra.,yes,yes,same-paragraph,none,high,Señor presidente: solamente solicito autorización para insertar mi discurso.,none,
145,2003-11-05_r30,2003-11-05_r30_ORDINARIA.pdf,50,Sr. Baglini,Sr. Baglini.,yes,yes,same-paragraph,none,high,"Pero justamente, esa voz que se levanta es de quien ha sido un cruel",none,
146,2003-11-05_r30,2003-11-05_r30_ORDINARIA.pdf,51,Sr. Presidente,Sr. Presidente.,yes,yes,same-paragraph,none,high,¿Cuál es la cuestión de privilegio?,"The exact standalone sentence ""¿Cuál es la cuestión de privilegio?"" is printed twice on this page, both times spoken by Sr. Presidente (other nearby similar phrases by Sr. Pichetto and Sra. Avelín are embedded in longer sentences, not an exact match). No real ambiguity since both exact matches share the same label.",
147,2003-11-05_r30,2003-11-05_r30_ORDINARIA.pdf,51,Sr. Presidente,Sr. Presidente.,yes,yes,same-paragraph,none,high,¿Cuál es la cuestión de privilegio?,"Same page/quote as case 146; both exact occurrences of ""¿Cuál es la cuestión de privilegio?"" on this page are spoken by Sr. Presidente.",
148,2003-11-11_r32,2003-11-11_r32_TRIBUNAL_DE_JUICIO_POLITICO.pdf,9,Sr. Garrido,Sr. Garrido.,yes,yes,same-paragraph,none,high,No; no me afecta ninguna de esas indicaciones.,none,
149,2003-11-11_r32,2003-11-11_r32_TRIBUNAL_DE_JUICIO_POLITICO.pdf,40,Sra. Ibarra,Sra. Ibarra.,yes,yes,same-paragraph,none,high,"¿Usted cree que en función de esta frase que dice: agotar el análisis recabando,en",none,
150,2003-11-11_r32,2003-11-11_r32_TRIBUNAL_DE_JUICIO_POLITICO.pdf,43,Sra. Eggink,Sra. Eggink.,yes,yes,same-paragraph,none,high,"Está bien. Es decir, esta era la actividad preliminar que se tenía que hacer",none,
151,2003-11-19_r33,2003-11-19_r33_ORDINARIA.pdf,49,Sr. Presidente,Sr. Presidente .,yes,yes,same-paragraph,none,high,Queda aprobada la comunicación Se procederá en consecuencia.,"Matches item 98 (""Queda aprobada la comunicación Se procederá en consecuencia."", no period after comunicación); item 97 has a period after comunicación so is not an exact match.",
152,2003-11-19_r33,2003-11-19_r33_ORDINARIA.pdf,52,Sr. Presidente,Sr. Presidente .,yes,yes,same-paragraph,none,high,Queda aprobada la resolución Se procederá en consecuencia.,"First line of the page, exact match (no period after ""resolución""); a later paragraph on the page reads ""resolución. Se procederá"" with a period and is not an exact match.",
153,2003-11-19_r33,2003-11-19_r33_ORDINARIA.pdf,112,Sra. Müller,Sra. Müller.,yes,yes,same-paragraph,none,high,Señor presidente: realmente estamos teniendo problemas con quien hace loscopetes en Mesa de Entradas.El,"""los copetes"" wraps across a line as ""los / copetes"" in the source.",
154,2003-11-27_r38,2003-11-27_r38_TRIBUNAL_DE_JUICIO_POLITICO.pdf,4,Sr. Presidente,Sr. Presidente.,yes,yes,same-paragraph,none,high,"Invitamos, ahora, a pasar al recinto a la Defensa.",none,
155,2003-11-27_r38,2003-11-27_r38_TRIBUNAL_DE_JUICIO_POLITICO.pdf,48,Sr. Presidente,Sr. Presidente.,yes,yes,same-paragraph,none,high,Tiene la palabra el doctor Aguirre Obarrio.,none,
156,2003-12-04_r40,2003-12-04_r40_ORDINARIA.pdf,99,Sr. Presidente,Sr. Presidente.,yes,yes,same-paragraph,(Aplausos en las bancas y en las galerías.),medium,"Si así no lo hiciéreis, Dios y la Patria os lo demanden.","ambiguous — the exact phrase ""Si así no lo hiciéreis, Dios y la Patria os lo demanden."" is printed twice on this page, both times under the label ""Sr. Presidente.""; a third similar line near the bottom reads ""...os lo demande."" (singular) and does not match.",
157,2003-12-04_r40,2003-12-04_r40_ORDINARIA.pdf,99,Sr. Presidente,Sr. Presidente.,yes,yes,same-paragraph,(Aplausos en las bancas y en las galerías.),medium,"Si así no lo hiciéreis, Dios y la Patria os lo demanden.","ambiguous — same page/quote as Case 156; printed twice under the same label ""Sr. Presidente."", so the duplication does not change the answer.",
158,2003-12-04_r40,2003-12-04_r40_ORDINARIA.pdf,105,Sr. López Arias,Sr. López Arias.,yes,yes,same-paragraph,none,high,Señor presidente: en mi escritorio en Salta guardo con mucho orgulloenmarcada una nota que,none,
159,2003-12-17_r41,2003-12-17_r41_ORDINARIA.pdf,28,Sr. Menem,Sr. Menem.,yes,yes,same-paragraph,none,high,Como se trata de un tema opinable en el que creo que todos tienen,none,
160,2004-02-24_r43,2004-02-24_r43_EXTRAORDINARIA.pdf,25,Sr. Capitanich,Sr. Capitanich.,yes,yes,same-paragraph,none,high,"Señor presidente: he propiciado oportunamente la derogación de la ley25.250, porque entendía claramente que",none,
161,2004-02-24_r43,2004-02-24_r43_EXTRAORDINARIA.pdf,65,Sr. Presidente,Sr. Presidente.,yes,yes,same-paragraph,— Se enuncia el artículo 4°:,high,La votación resulta afirmativa.— Se enuncia el artículo 4°:,"The quote splices the bold paragraph ""La votación resulta afirmativa."" with the following italic stage-direction line ""— Se enuncia el artículo 4°:""; the stage direction does not end the turn, so the governing label is still Sr. Presidente.",
162,2004-02-24_r43,2004-02-24_r43_EXTRAORDINARIA.pdf,76,Sr. Secretario (Estrada),Sr. Secretario (Estrada).,yes,yes,same-paragraph,none,high,"Se registraron 64 votos afirmativos, ninguno negativo y ningunaabstención.",none,
163,2004-03-31_r04,2004-03-31_r04_ORDINARIA.pdf,44,Sr. Presidente,Sr. Presidente.,yes,yes,same-paragraph,none,high,Continúa en uso de la palabra el senador López Arias.,none,
164,2004-03-31_r04,2004-03-31_r04_ORDINARIA.pdf,65,Sr. Presidente,Sr. Presidente.,yes,yes,same-paragraph,none,high,Tiene la palabra el senador Pichetto.,none,
165,2004-03-31_r04,2004-03-31_r04_ORDINARIA.pdf,103,Sr. Presidente,Sr. Presidente.,yes,yes,same-paragraph,none,high,Tiene la palabra la senadora Cristina Fernández de Kirchner.,none,
166,2004-04-07_r05,2004-04-07_r05_ORDINARIA.pdf,79,Sr. Presidente,Sr. Presidente.,yes,yes,same-paragraph,—Se practica la votación por medios electrónicos.,medium,E .—Se practica la votación por medios electrónicos.,"ambiguous — the quoted text is a stage-direction line (""—Se enuncia el artículo N°.""/""—Se practica la votación por medios electrónicos."") that is printed three times on the page (for artículos 1°, 2° and 3°); in every occurrence the immediately preceding bold label (which the stage direction does not interrupt) is Sr. Presidente, so the answer is the same regardless of which occurrence is meant. The leading ""E ."" in the quote appears to be a garbled OCR rendering of the article number/degree sign.",
167,2004-04-07_r05,2004-04-07_r05_ORDINARIA.pdf,79,Sr. Presidente,Sr. Presidente.,yes,yes,same-paragraph,—Se practica la votación por medios electrónicos.,medium,E .—Se practica la votación por medios electrónicos.,"ambiguous — duplicate of Case 166 (same page, same quote, same three occurrences); label is Sr. Presidente in every case.",
168,2004-05-05_r09,2004-05-05_r09_ORDINARIA.pdf,34,Sr. Agúndez,Sr. Agúndez.,yes,yes,same-paragraph,none,high,"Sí, cómo no.","printed as ""Sr. Agúndez.— Sí, cómo no."" with no space before the dash, unlike most other labels on the page.",
169,2004-05-12_r10,2004-05-12_r10_ORDINARIA.pdf,49,Sr. Presidente (López Arias),Sr. Presidente (López Arias).,yes,yes,same-paragraph,none,high,Queda aprobada la declaración por unanimidad. Se procederáen consecuencia.,none,
170,2004-06-09_r13,2004-06-09_r13_ORDINARIA.pdf,16,Sr. Presidente (Guinle),Sr. Presidente (Guinle).,yes,yes,same-paragraph,none,high,Tiene la palabra el senador Gómez Diez.,none,
171,2004-06-30_r15,2004-06-30_r15_ESPECIAL.pdf,42,Sr. Jefe de Gabinete de Ministros,Sr. Jefe de Gabinete de Ministros.,yes,yes,same-paragraph,none,high,... por la forma...,"part of a rapid back-and-forth exchange of short interrupted lines with Sr. Menem; this particular fragment ""... por la forma..."" is labeled Sr. Jefe de Gabinete de Ministros.",
172,2004-07-07_r16,2004-07-07_r16_ORDINARIA.pdf,25,Sr. Presidente (Guinle),Sr. Presidente (Guinle).,yes,yes,same-paragraph,none,high,Le pide una interrupción el senador Morales. ¿Se la concede?,none,
173,2004-07-07_r16,2004-07-07_r16_ORDINARIA.pdf,111,Sr. Presidente (Guinle),Sr. Presidente (Guinle).,yes,yes,same-paragraph,none,medium,"En consideración en general.Si no se hace uso de la palabra, se va a","ambiguous — the phrase ""En consideración en general."" followed by ""Si no se hace uso de la palabra, se va a votar."" recurs three times on this page (items 94, 95, 96), each time under the label Sr. Presidente (Guinle), so the answer is the same regardless of which occurrence is meant.",
174,2004-07-07_r16,2004-07-07_r16_ORDINARIA.pdf,111,Sr. Presidente (Guinle),Sr. Presidente (Guinle).,yes,yes,same-paragraph,none,medium,"En consideración en general.Si no se hace uso de la palabra, se va a","ambiguous — duplicate of Case 173 (same page, same recurring quote, same label each time).",
175,2004-07-07_r16,2004-07-07_r16_ORDINARIA.pdf,111,Sr. Presidente (Guinle),Sr. Presidente (Guinle).,yes,yes,same-paragraph,none,medium,"En consideración en general.Si no se hace uso de la palabra, se va a","ambiguous — duplicate of Case 173 (same page, same recurring quote, same label each time).",
176,2004-07-07_r16,2004-07-07_r16_ORDINARIA.pdf,176,Sra. Gallego,Sra. Gallego.,yes,yes,same-paragraph,none,high,"Sí, señor presidente.","Found under ""Sra. Gallego. — Sí, señor presidente."" on p.176.",
177,2004-08-25_r21,2004-08-25_r21_ORDINARIA.pdf,56,Sr. Presidente (Guinle),Sr. Presidente (Guinle).,yes,yes,same-paragraph,none,high,Queda sancionado el proyecto de ley. Se comunicará a la HonorableCámara de Diputados.,Opening line of the page; label and quote print together.,
178,2004-08-25_r21,2004-08-25_r21_ORDINARIA.pdf,58,Sr. Secretario (Estrada),Sr. Secretario (Estrada).,yes,yes,same-paragraph,"""— El resultado de la votación surge del Acta Nº 26"" (mangled as ""Acta NΕ 26""; the quoted ""E 26"" is part of this stage-direction furniture)",medium,E 26,"The quoted fragment ""E 26"" is itself part of a stage-direction/furniture line (""Acta Nº 26""), not spoken text; it falls between the Secretario's paragraph and the next Sr. Presidente label, and per the rules a stage direction does not end a turn, so it is carried under Sr. Secretario (Estrada).",
179,2004-09-01_r23,2004-09-01_r23_ORDINARIA.pdf,15,Sr. Presidente (Guinle),Sr. Presidente (Guinle).,yes,yes,same-paragraph,none,high,Queda aprobada la comunicación. Se procederá en consecuencia.,Found near top of p.15.,
180,2004-09-15_r24,2004-09-15_r24_ORDINARIA.pdf,60,Sr. Capitanich,Sr. Capitanich.,yes,yes,same-paragraph,none,high,Señor presidente: oportunamente he presentado un proyecto con el objetode tratar en forma específica,none,
181,2004-09-22_r25,2004-09-22_r25_ORDINARIA.pdf,27,Sr. Presidente (Guinle),Sr. Presidente (Guinle).,yes,yes,same-paragraph,none,high,"Se ha informado el Título IV, de los artículos 44 a 46.Tiene la palabra",none,
182,2004-09-29_r26,2004-09-29_r26_EN_MINORIA.pdf,8,Sr. Presidente,Sr. Presidente.,yes,yes,same-paragraph,none,high,"Para otra manifestación, tiene la palabra el señor senador Massoni.",This page (sesión en minoría) prints the label without a parenthetical name.,
183,2004-10-20_r30,2004-10-20_r30_ORDINARIA.pdf,66,Sra. Negre de Alonso,Sra. Negre de Alonso.,yes,yes,same-paragraph,none,high,"Gracias, senador. Me había olvidado del 308, al que usted está haciendo referencia. Yo","Dash before this paragraph and the one before it are printed as a mangled ""C"" character in the source, but the label itself is intact.",
184,2004-10-27_r31,2004-10-27_r31_ORDINARIA.pdf,31,Sr. Presidente,Sr. Presidente.,yes,yes,same-paragraph,none,medium,Queda aprobada la declaración. Se procederá en consecuencia.,"ambiguous — the exact phrase ""Queda aprobada la declaración. Se procederá en consecuencia."" is printed twice on this page (once near the top, once after item 50, ""Seminario Hacia una declaración universal de bioética""); a third similar line after item 49 reads ""Queda aprobada la resolución..."" (different wording, not a match). Both matching instances are labeled Sr. Presidente, so the answer is the same either way.",
185,2004-10-27_r31,2004-10-27_r31_ORDINARIA.pdf,31,Sr. Presidente,Sr. Presidente.,yes,yes,same-paragraph,none,medium,Queda aprobada la declaración. Se procederá en consecuencia.,"Same page and same duplicated quote as case 184 — ambiguous between two identical-text instances, both labeled Sr. Presidente.",
186,2004-11-10_r32,2004-11-10_r32_ORDINARIA.pdf,37,Sr. Presidente,Sr. Presidente.,yes,yes,same-paragraph,none,medium,Corresponde considerar el dictamen de la Comisión de Población yDesarrollo Humano en el proyecto,"ambiguous — the phrase ""Corresponde considerar el dictamen de la Comisión de Población y Desarrollo Humano en el proyecto..."" opens four separate items on this page (92, 93, 94, 95), each introducing a different senator's project. All four instances are spoken under the identical label Sr. Presidente, so the label answer does not change.",
187,2004-11-10_r32,2004-11-10_r32_ORDINARIA.pdf,37,Sr. Presidente,Sr. Presidente.,yes,yes,same-paragraph,none,medium,Corresponde considerar el dictamen de la Comisión de Población yDesarrollo Humano en el proyecto,"Same ambiguity as case 186 — four matching instances on the page, all labeled Sr. Presidente.",
188,2004-11-10_r32,2004-11-10_r32_ORDINARIA.pdf,37,Sr. Presidente,Sr. Presidente.,yes,yes,same-paragraph,none,medium,Corresponde considerar el dictamen de la Comisión de Población yDesarrollo Humano en el proyecto,"Same ambiguity as case 186 — four matching instances on the page, all labeled Sr. Presidente.",
189,2004-11-10_r32,2004-11-10_r32_ORDINARIA.pdf,37,Sr. Presidente,Sr. Presidente.,yes,yes,same-paragraph,none,medium,Corresponde considerar el dictamen de la Comisión de Población yDesarrollo Humano en el proyecto,"Same ambiguity as case 186 — four matching instances on the page, all labeled Sr. Presidente.",
190,2004-11-10_r32,2004-11-10_r32_ORDINARIA.pdf,111,Sr. Presidente,Sr. Presidente.,yes,yes,same-paragraph,none,high,La Presidencia propone votar el Orden del Día que requiere los dos terciosde los,none,
191,2004-11-10_r32,2004-11-10_r32_ORDINARIA.pdf,113,Sr. Presidente,Sr. Presidente.,yes,yes,same-paragraph,"""(Aplausos en las galerías.)""",high,Queda definitivamente sancionado el proyecto de ley. Se harán lascomunicaciones correspondientes.,The applause parenthetical follows immediately after the quoted words within the same paragraph.,
192,2004-11-10_r32,2004-11-10_r32_ORDINARIA.pdf,117,Sr. Presidente,Sr. Presidente.,yes,yes,same-paragraph,none,high,"Si no se hace uso de la palabra, se va a votar.",Only one exact match of this phrase on the page.,
193,2004-11-10_r32,2004-11-10_r32_ORDINARIA.pdf,117,Sr. Presidente,Sr. Presidente.,yes,yes,same-paragraph,none,high,"Si no se hace uso de la palabra, se va a votar.",Same single instance as case 192.,
194,2004-12-16_r36,2004-12-16_r36_ORDINARIA.pdf,15,Sr. Yoma,Sr. Yoma.,yes,yes,same-paragraph,none,high,Señor presidente: con la aprobación de este pliego quedará integradadefinitivamente la Corte Suprema de,none,
195,2004-12-16_r36,2004-12-16_r36_ORDINARIA.pdf,100,Sr. Presidente (Guinle),Sr. Presidente (Guinle).,yes,yes,same-paragraph,none,high,"Señora senadora: se había votado todo de esa forma y, en realidad, habíamos votado","Quote begins the last paragraph at bottom of page, continuing onto the next page.",
196,2004-12-16_r36,2004-12-16_r36_ORDINARIA.pdf,138,Sr. Presidente (López Arias),Sr. Presidente (López Arias) .,yes,yes,same-paragraph,none,high,"Tampoco tiene sentido.Señor senador Capitanich: vamos a votar la reconsideración del artículo 1°, que","Printed with a space before the period, exactly as it appears on the page.",
197,2004-12-16_r36,2004-12-16_r36_ORDINARIA.pdf,139,Sr. Presidente (López Arias),Sr. Presidente (López Arias).,yes,yes,same-paragraph,none,high,"Senador Prades, puede expresar su voto a viva voz.",none,
198,2004-12-16_r37,2004-12-16_r37_ORDINARIA.pdf,44,Sr. Secretario (Estrada),Sr. Secretario (Estrada).,yes,yes,same-paragraph,none,high,"Se registraron 40 votos afirmativos, 2 negativos y 1 abstención.",none,
199,2005-02-03_r38,2005-02-03_r38_EXTRAORDINARIA.pdf,13,Sr. Presidente,Sr. Presidente.,yes,yes,same-paragraph,none,high,"Tiene la palabra la señora senadora Negre de Alonso, por San Luis.",none,
200,2005-02-24_r01,2005-02-24_r01_PREPARATORIA.pdf,11,Sr. Presidente,Sr. Presidente.,yes,yes,same-paragraph,none,high,Tiene la palabra el señor senador Menem.,none,
201,2005-03-02_r02,2005-03-02_r02_ORDINARIA.pdf,51,Sr. Pichetto,Sr. Pichetto.,yes,yes,same-paragraph,none,high,No es cierto.,"Short single-line turn, unambiguous.",
202,2005-03-09_r04,2005-03-09_r04_TRIBUNAL_DE_JUICIO_POLITICO.pdf,5,Sr. Sanz,Sr. Sanz.,yes,yes,same-paragraph,none,high,"Sí, señor presidente.","Short single-line turn, unambiguous.",
203,2005-04-06_r07,2005-04-06_r07_ORDINARIA.pdf,19,Sra. Sapag,Sra. Sapag.,yes,yes,same-paragraph,none,high,Por la afirmativa.,"Short single-line turn, unambiguous.",
204,2005-05-04_r11,2005-05-04_r11_ORDINARIA.pdf,38,Sr. Terragno,Sr. Terragno.,yes,yes,same-paragraph,none,high,"¿Me concede una interrupción, señor senador?","Short single-line turn, unambiguous.",
205,2005-05-04_r11,2005-05-04_r11_ORDINARIA.pdf,38,Sr. Presidente,Sr. Presidente.,yes,yes,same-paragraph,none,high,"Queda constancia, señor senador.Continúa en el uso de la palabra el señor senador Pichetto.",Unambiguous; presidente grants constancy and hands floor back to Pichetto.,
206,2005-05-04_r11,2005-05-04_r11_ORDINARIA.pdf,69,Sr. Presidente,Sr. Presidente.,yes,yes,same-paragraph,none,medium,Corresponde considerar el dictamen de la Comisión de Presupuesto yHacienda en el proyecto de,"ambiguous — the exact phrase ""Corresponde considerar el dictamen de la Comisión de Presupuesto y Hacienda en el proyecto de"" opens three different paragraphs on this page (topics on exportaciones record, Casa Cuna subsidy, and IVA devolución); all three are spoken by the same label ""Sr. Presidente."", so the label is certain even though which specific occurrence is intended is not specified.",
207,2005-05-04_r11,2005-05-04_r11_ORDINARIA.pdf,69,Sr. Presidente,Sr. Presidente.,yes,yes,same-paragraph,none,medium,Corresponde considerar el dictamen de la Comisión de Presupuesto yHacienda en el proyecto de,"ambiguous — same phrase repeats three times on the page (see case 206); all instances share the label ""Sr. Presidente.""",
208,2005-05-04_r11,2005-05-04_r11_ORDINARIA.pdf,69,Sr. Presidente,Sr. Presidente.,yes,yes,same-paragraph,none,medium,Corresponde considerar el dictamen de la Comisión de Presupuesto yHacienda en el proyecto de,"ambiguous — same phrase repeats three times on the page (see case 206); all instances share the label ""Sr. Presidente.""",
209,2005-05-04_r11,2005-05-04_r11_ORDINARIA.pdf,125,Sr. Presidente (Guinle),Sr. Presidente (Guinle).,yes,yes,same-paragraph,none,high,"Corresponde considerar el dictamen de la Comisión de Educación,Cultura, Ciencia y Tecnología en el","Opens item 195, unambiguous.",
210,2005-05-18_r14,2005-05-18_r14_ORDINARIA.pdf,38,Sr. Menem,Sr. Menem.,yes,yes,same-paragraph,none,high,Señor presidente: quiero plantear una cuestión de privilegio.,"Opens the ""Cuestión de privilegio"" item 91, unambiguous.",
211,2005-05-18_r14,2005-05-18_r14_ORDINARIA.pdf,40,Sr. Pichetto,Sr. Pichetto.,yes,yes,same-paragraph,none,high,Señor presidente: no voy a hacer una réplica a lo dicho por el señor,Unambiguous.,
212,2005-05-18_r14,2005-05-18_r14_ORDINARIA.pdf,41,Sr. Presidente,Sr. Presidente.,yes,yes,same-paragraph,none,high,"En consideración en general.Si no se hace uso de la palabra, se va a","Within item 93 ""Pesar por el accidente ocurrido en el aeropuerto de Pajas Blancas""; unambiguous.",
213,2005-06-01_r15,2005-06-01_r15_ORDINARIA.pdf,24,Sr. Presidente,Sr. Presidente.,yes,yes,same-paragraph,none,medium,Queda aprobada la declaración. Se procederá en consecuencia.,"ambiguous — the phrase ""Queda aprobada la declaración. Se procederá en consecuencia."" appears twice on this page (once continuing an item from the previous page, once closing item 36); both are spoken by the label ""Sr. Presidente."", so the label is certain though the specific occurrence is not specified.",
214,2005-06-01_r15,2005-06-01_r15_ORDINARIA.pdf,24,Sr. Presidente,Sr. Presidente.,yes,yes,same-paragraph,none,medium,Queda aprobada la declaración. Se procederá en consecuencia.,"ambiguous — same phrase repeats twice on the page (see case 213); both instances share the label ""Sr. Presidente.""",
215,2005-06-01_r15,2005-06-01_r15_ORDINARIA.pdf,44,Sr. Massoni,Sr. Massoni.,yes,yes,same-paragraph,none,high,Las privaciones de la libertad por motivos asistenciales son más extensas yprolongadas que las,"Opens the paragraph right after a preceding vote note (""Continúa en el uso de la palabra el señor senador Massoni.""); unambiguous.",
216,2005-06-08_r16,2005-06-08_r16_ORDINARIA.pdf,51,Sr. Secretario (Estrada),Sr. Secretario (Estrada).,yes,yes,same-paragraph,none,high,"El orden de la votación sería: primero, votar por separado todosaquellos puntos del artículo",Unambiguous.,
217,2005-06-15_r18,2005-06-15_r18_ORDINARIA.pdf,43,Sr. Presidente,Sr. Presidente.,yes,yes,same-paragraph,none,high,"Corresponde considerar el proyecto de comunicación, contenido en elexpediente S. 1489/05, por el que","Opens item 67 (expediente S. 1489/05); unambiguous — the S. 1326/05 wording (case 218) is a separate, non-matching occurrence.",
218,2005-06-15_r18,2005-06-15_r18_ORDINARIA.pdf,43,Sr. Presidente,Sr. Presidente.,yes,yes,same-paragraph,none,high,"Corresponde considerar el proyecto de comunicación, contenido en elexpediente S. 1326/05, por el que","Opens item 68 (expediente S. 1326/05); unambiguous — the S. 1489/05 wording (case 217) is a separate, non-matching occurrence.",
219,2005-06-22_r20,2005-06-22_r20_TRIBUNAL_DE_JUICIO_POLITICO.pdf,77,Sr. Pichetto,Sr. Pichetto.,yes,yes,same-paragraph,none,high,Cómo no.,"Short single-line turn, unambiguous.",
220,2005-07-27_r21,2005-07-27_r21_ORDINARIA.pdf,35,Sr. Presidente (Guinle),Sr. Presidente (Guinle).,yes,yes,same-paragraph,none,medium,Queda aprobada la declaración. Se procederá en consecuencia.,"ambiguous — the phrase ""Queda aprobada la declaración. Se procederá en consecuencia."" closes four separate items on this page (items ending at 85, 86, 87 and 88); all four are spoken by the same label ""Sr. Presidente (Guinle)."", so the label is certain even though the specific occurrence is not specified.",
221,2005-07-27_r21,2005-07-27_r21_ORDINARIA.pdf,35,Sr. Presidente (Guinle),Sr. Presidente (Guinle).,yes,yes,same-paragraph,none,medium,Queda aprobada la declaración. Se procederá en consecuencia.,"ambiguous — same phrase repeats four times on the page (see case 220); all instances share the label ""Sr. Presidente (Guinle).""",
222,2005-07-27_r21,2005-07-27_r21_ORDINARIA.pdf,35,Sr. Presidente (Guinle),Sr. Presidente (Guinle).,yes,yes,same-paragraph,none,medium,Queda aprobada la declaración. Se procederá en consecuencia.,"ambiguous — same phrase repeats four times on the page (see case 220); all instances share the label ""Sr. Presidente (Guinle).""",
223,2005-07-27_r21,2005-07-27_r21_ORDINARIA.pdf,35,Sr. Presidente (Guinle),Sr. Presidente (Guinle).,yes,yes,same-paragraph,none,medium,Queda aprobada la declaración. Se procederá en consecuencia.,"ambiguous — same phrase repeats four times on the page (see case 220); all instances share the label ""Sr. Presidente (Guinle).""",
224,2005-08-17_r24,2005-08-17_r24_ORDINARIA.pdf,9,Sr. Presidente (Guinle),Sr. Presidente (Guinle).,yes,yes,same-paragraph,none,medium,Corresponde considerar el dictamen de la Comisión de Acuerdos enel mensaje del Poder Ejecutivo,"ambiguous — the phrase ""Corresponde considerar el dictamen de la Comisión de Acuerdos en el mensaje del Poder Ejecutivo"" opens three consecutive judicial-appointment items (12, 13, 14) on this page; all are spoken by the same label ""Sr. Presidente (Guinle)."", so the label is certain though the specific occurrence is not specified.",
225,2005-08-17_r24,2005-08-17_r24_ORDINARIA.pdf,9,Sr. Presidente (Guinle),Sr. Presidente (Guinle).,yes,yes,same-paragraph,none,medium,Corresponde considerar el dictamen de la Comisión de Acuerdos enel mensaje del Poder Ejecutivo,"ambiguous — same phrase repeats three times on the page (see case 224); all instances share the label ""Sr. Presidente (Guinle).""",
226,2005-08-17_r24,2005-08-17_r24_ORDINARIA.pdf,9,Sr. Presidente (Guinle),Sr. Presidente (Guinle). —,yes,yes,same-paragraph,none,high,Corresponde considerar el dictamen de la Comisión de Acuerdos enel mensaje del Poder Ejecutivo,"This exact phrase opens three consecutive items (12, 13, 14) on the page, each under an identical ""Sr. Presidente (Guinle)."" label — not ambiguous since all instances share the same label.",
227,2005-08-17_r24,2005-08-17_r24_ORDINARIA.pdf,25,Sr. Presidente (Guinle),Sr. Presidente (Guinle). —,yes,yes,same-paragraph,none,high,"Se han registrado 42 votos afirmativos, ninguno negativo y ningunaabstención. La votación resulta afirmativa",none,
228,2005-11-02_r34,2005-11-02_r34_ORDINARIA.pdf,29,Sr. Presidente,Sr. Presidente. —,yes,yes,same-paragraph,none,high,"En consecuencia, pasa al Archivo.",none,
229,2005-11-16_r37,2005-11-16_r37_ORDINARIA.pdf,12,Sr. Presidente,Sr. Presidente. —,yes,yes,same-paragraph,none,high,"Quedan aprobadas las inserciones. Si no se hace uso de la palabra, se va",The quoted words span the label sentence and the immediately following indented line of the same turn.,
230,2005-11-16_r37,2005-11-16_r37_ORDINARIA.pdf,16,Sr. Presidente,Sr. Presidente. —,yes,yes,same-paragraph,none,high,Corresponde considerar el dictamen de la Comisión de AsuntosAdministrativos y Municipales en el proyecto,none,
231,2005-11-16_r37,2005-11-16_r37_ORDINARIA.pdf,28,Sr. Presidente,Sr. Presidente. —,yes,yes,same-paragraph,none,high,Tiene la palabra la senadora Perceval.,none,
232,2005-11-23_r38,2005-11-23_r38_ORDINARIA.pdf,15,Sr. Presidente,Sr. Presidente. —,yes,yes,same-paragraph,none,high,Queda aprobada la comunicación. Se procederá en consecuencia.,none,
233,2005-11-23_r38,2005-11-23_r38_ORDINARIA.pdf,30,Sra. Gallego,Sra. Gallego. —,yes,yes,same-paragraph,none,high,"Señor presidente: voy a actuar como miembro informante de la Comisión deEducación, Cultura, Ciencia",none,
234,2005-12-21_r42,2005-12-21_r42_EXTRAORDINARIA.pdf,6,Sr. Pichetto,Sr. Pichetto. —,yes,yes,same-paragraph,none,high,"Señor presidente: en primer lugar, me parece que cabe decir aquí que ningunode los",none,
235,2005-12-21_r42,2005-12-21_r42_EXTRAORDINARIA.pdf,99,Sr. Jaque,Sr. Jaque. —,yes,yes,same-paragraph,none,high,"Lo que estaba manifestando no es que no haya afectación específica. De hecho,estamos diciendo",none,
236,2005-12-21_r42,2005-12-21_r42_EXTRAORDINARIA.pdf,137,Sr. Presidente,Sr. Presidente. —,yes,yes,same-paragraph,none,high,Continúa en el uso de la palabra el senador Gómez Diez.,"This exact sentence ""Continúa en el uso de la palabra el senador Gómez Diez."" is printed twice on this page, both times under the identical label ""Sr. Presidente."" — not ambiguous as to speaker since both instances share the same label.",
237,2005-12-21_r42,2005-12-21_r42_EXTRAORDINARIA.pdf,137,Sr. Presidente,Sr. Presidente. —,yes,yes,same-paragraph,none,high,Continúa en el uso de la palabra el senador Gómez Diez.,"Same page/quote as case 236. This exact sentence is printed twice on the page, both times under the identical label ""Sr. Presidente."" — not ambiguous as to speaker since both instances share the same label.",
238,2005-12-21_r42,2005-12-21_r42_EXTRAORDINARIA.pdf,178,Sr. Presidente,Sr. Presidente. —,yes,yes,same-paragraph,none,high,"¿Han quedado claras las modificaciones?Si no se hace uso de la palabra, en primer",none,
239,2006-02-15_r44,2006-02-15_r44_EXTRAORDINARIA.pdf,17,Sr. Capitanich,Sr. Capitanich. —,yes,yes,same-paragraph,none,high,La interrupción es simplemente para propiciar el cierre de la lista de oradoressi le,none,
240,2006-02-15_r44,2006-02-15_r44_EXTRAORDINARIA.pdf,32,Sr. Zavalía,Sr. Zavalía. —,yes,yes,same-paragraph,none,high,"Por la afirmativa, señor presidente.",none,
241,2006-02-15_r44,2006-02-15_r44_EXTRAORDINARIA.pdf,39,Sr. López Arias,Sr. López Arias. —,yes,yes,same-paragraph,none,high,Quisiera hacer una pregunta.,none,
242,2006-02-15_r44,2006-02-15_r44_EXTRAORDINARIA.pdf,41,Sr. Capitanich,Sr. Capitanich. —,yes,yes,same-paragraph,none,high,Señor presidente: efectivamente yo considero que la representación de lasregiones está perfectamente establecido en,none,
243,2006-02-15_r44,2006-02-15_r44_EXTRAORDINARIA.pdf,52,Sr. Presidente,Sr. Presidente. —,yes,yes,same-paragraph,none,high,Perfecto.Tiene la palabra el senador Jenefes.,none,
244,2006-02-22_r45,2006-02-22_r45_EXTRAORDINARIA.pdf,5,Sr. Presidente,Sr. Presidente. —,yes,yes,same-paragraph,none,high,Queda aprobado.Tiene la palabra el señor senador Pichetto.,none,
245,2006-02-22_r45,2006-02-22_r45_EXTRAORDINARIA.pdf,39,Sr. Rossi,Sr. Rossi. —,yes,yes,same-paragraph,none,high,"Señor presidente: adelanto el apoyo al proyecto en tratamiento. En ese sentido,acompañaré con mi",none,
246,2006-03-08_r02,2006-03-08_r02_ORDINARIA.pdf,3,Sr. Presidente (López Arias),Sr. Presidente (López Arias). —,yes,yes,same-paragraph,none,high,En el Día Internacional de la Mujer invito a la señoravicepresidenta 1° del Honorable,none,
247,2006-03-08_r02,2006-03-08_r02_ORDINARIA.pdf,29,Sr. Presidente,Sr. Presidente. —,yes,yes,same-paragraph,none,high,Tiene la palabra el senador Massoni.,none,
248,2006-03-15_r03,2006-03-15_r03_ORDINARIA.pdf,50,Sr. Morales,Sr. Morales. —,yes,yes,same-paragraph,none,high,"Economista, pero sabe de contabilidad y sabe que si acá se dice que van",none,
249,2006-03-22_r04,2006-03-22_r04_ORDINARIA.pdf,6,Sr. Presidente,Sr. Presidente. —,yes,yes,same-paragraph,none,high,"Adelante, señora senadora.",none,
250,2006-04-05_r05,2006-04-05_r05_ORDINARIA.pdf,12,Sr. Presidente,Sr. Presidente. —,yes,yes,same-paragraph,none,medium,Queda aprobada la resolución. Se harán las comunicacionescorrespondientes.,"ambiguous — the exact phrase ""Queda aprobada la resolución. Se harán las comunicaciones correspondientes."" is printed twice on this page under labels that differ only in a spacing artifact: ""Sr. Presidente. —"" (item 16, reported here) and ""Sr. Presidente . —"" (item 17, extra space before the period). A third, near-identical but truncated instance (""Se harán las comunicaciones"" without ""correspondientes."") appears under ""Sr. Presidente . —"" at the bottom of the page (item 18), with its ending cut off onto the next page.",
251,2006-04-05_r05,2006-04-05_r05_ORDINARIA.pdf,12,Sr. Presidente,Sr. Presidente.,yes,yes,same-paragraph,none,high,Queda aprobada la resolución. Se harán las comunicacionescorrespondientes.,"Straightforward; quote is the final sentence of the ""Sr. Presidente."" paragraph closing Orden del Día N° 97.",
252,2006-04-05_r05,2006-04-05_r05_ORDINARIA.pdf,22,Sr. Presidente,Sr. Presidente.,yes,yes,same-paragraph,none,high,"Si no se hace uso de la palabra, se va a votar el pedido","Quote continues ""...el pedido de la senadora Bortolozzi"" in the same paragraph as the label.",
253,2006-04-05_r05,2006-04-05_r05_ORDINARIA.pdf,27,Sra. Giusti,Sra. Giusti.,yes,yes,same-paragraph,none,high,"Señor presidente: en virtud de que no me toma la identidad, dejo constancia demi","Preceded by ""— Se practica la votación por medios electrónicos."" (stage direction), which does not end a turn.",
254,2006-04-19_r06,2006-04-19_r06_ORDINARIA.pdf,5,Sr. Presidente,Sr. Presidente.,yes,yes,same-paragraph,none,high,"Corresponde considerar el dictamen de las Comisiones de Minería, Energíay Combustibles y de Presupuesto","Opening line of item 4, ""Regulación y promoción para uso sustentable de biocombustibles...""",
255,2006-04-26_r07,2006-04-26_r07_ORDINARIA.pdf,7,Sr. Secretario (Estrada),Sr. Secretario (Estrada).,yes,yes,same-paragraph,none,high,"Asimismo, obra en Secretaría un pedido de la señora senadoraMastandrea por el que solicita",none,
256,2006-04-26_r07,2006-04-26_r07_ORDINARIA.pdf,50,Sr. Massoni,Sr. Massoni.,yes,yes,same-paragraph,none,high,"Perdón, ¿qué dicen de Catamarca?","Preceded by ""— Murmullos en el recinto."" as a separate stage-direction paragraph just before; it does not govern the quote.",
257,2006-04-26_r07,2006-04-26_r07_ORDINARIA.pdf,78,Sr. Pichetto,Sr. Pichetto.,yes,yes,same-paragraph,none,high,"Señor presidente: ¿por qué no llamamos, por intermedio de los secretarios de losbloques a",none,
258,2006-04-26_r07,2006-04-26_r07_ORDINARIA.pdf,80,Sr. Presidente,Sr. Presidente.,yes,yes,same-paragraph,none,high,En consideración la moción formulada por el señor senador Rodríguez Saá.—,"Item 37, moción de preferencia por el señor senador Rodríguez Saá.",
259,2006-05-10_r08,2006-05-10_r08_ORDINARIA.pdf,12,Sra. Perceval,Sra. Perceval.,yes,yes,same-paragraph,none,high,Así es. El proyecto ha ingresado a la comisión el 4 de mayo. La,none,
260,2006-05-17_r09,2006-05-17_r09_ORDINARIA.pdf,36,Sr. Presidente,Sr. Presidente.,yes,yes,same-paragraph,none,high,Le solicitan una interrupción.,Short single-sentence turn interjected during Sr. Sanz's speech.,
261,2006-05-17_r09,2006-05-17_r09_ORDINARIA.pdf,51,Sr. Presidente (Pampuro),Sr. Presidente (Pampuro).,yes,yes,same-paragraph,none,high,Tiene la palabra el señor senador Sanz.,none,
262,2006-06-14_r12,2006-06-14_r12_ORDINARIA.pdf,8,Sr. Presidente (Pampuro),Sr. Presidente (Pampuro).,yes,yes,same-paragraph,none,high,Tiene la palabra la señora senadora Negre de Alonso.,none,
263,2006-07-05_r14,2006-07-05_r14_ESPECIAL.pdf,56,Sr. Pichetto,Sr. Pichetto.,yes,yes,same-paragraph,none,high,"Es cierto.A su vez, hay cuestiones que hacen a una necesidad imperiosa. Yo pregunto","Short reply ""Es cierto."" followed immediately by the rest of the quoted sentence, same paragraph.",
264,2006-08-16_r19,2006-08-16_r19_ORDINARIA.pdf,42,Sr. Presidente (Pampuro),Sr. Presidente (Pampuro).,yes,yes,same-paragraph,none,high,"Señor senador Petcoff Naidenoff: por favor, exprese su voto a vivavoz.",none,
265,2006-08-30_r20,2006-08-30_r20_ORDINARIA.pdf,6,Sr. Pichetto,Sr. Pichetto.,yes,yes,same-paragraph,none,high,Pido la palabra.,"Only one ""Pido la palabra."" on the page, opening item 4 (PE 189/06).",
266,2006-09-13_r22,2006-09-13_r22_ORDINARIA.pdf,24,Sr. Presidente,Sr. Presidente.,yes,yes,same-paragraph,none,high,Corresponde considerar si se trata sobre tablas el dictamen de la ComisiónBicameral de Seguimiento,"Last paragraph on the page, opening item 10 (ODNI 909).",
267,2006-09-27_r23,2006-09-27_r23_ORDINARIA.pdf,24,Sr. Presidente,Sr. Presidente.,yes,yes,same-paragraph,none,high,Para una interrupción tiene la palabra el senador Jaque.,none,
268,2006-10-04_r24,2006-10-04_r24_ORDINARIA.pdf,6,Sra. Capos,Sra. Capos.,yes,yes,same-paragraph,none,high,Pido la palabra.,"Opens item ""5. S. 3500, 3583, 3588 y 3596/06...""",
269,2006-10-11_r25,2006-10-11_r25_ORDINARIA.pdf,9,Sr. Presidente,Sr. Presidente.,yes,yes,same-paragraph,none,high,"En consideración.Si no se hace uso de la palabra, se va a votar.","Under item ""9. Consideración en conjunto de órdenes del día.""",
270,2006-10-11_r25,2006-10-11_r25_ORDINARIA.pdf,11,Sr. Capitanich,Sr. Capitanich.,yes,yes,same-paragraph,none,high,"En este contexto, el establecimiento de un régimen de incentivos genera laposibilidad de incrementar","Resumes after a quorum interruption (""¿Podemos continuar, señor presidente?""/""Sí, adelante, señor senador.""); the quoted words are in Capitanich's next paragraph.",
271,2006-11-01_r26,2006-11-01_r26_ORDINARIA.pdf,17,Sra. Isidori,Sra. Isidori.,yes,yes,same-paragraph,none,high,Pido la palabra.,"Only one ""Pido la palabra."" on the page, opening item ""7. Manifestaciones.""",
272,2006-11-01_r26,2006-11-01_r26_ORDINARIA.pdf,23,Sra. Riofrío,Sra. Riofrío.,yes,yes,same-paragraph,none,medium,Afirmativo.,"ambiguous — ""Afirmativo."" is printed twice in a row, once under ""Sra. Riofrío."" and once under ""Sr. Urquía.""; I picked the first occurrence but either could be intended.",
273,2006-11-22_r28,2006-11-22_r28_ORDINARIA.pdf,65,Sr. Presidente (Pampuro),Sr. Presidente (Pampuro).,yes,yes,same-paragraph,none,high,Tiene la palabra el señor senador Sanz.,none,
274,2006-12-06_r30,2006-12-06_r30_ORDINARIA.pdf,86,Sr. Pichetto,Sr. Pichetto.,yes,yes,same-paragraph,none,medium,Pido la palabra.,"ambiguous — ""Pido la palabra."" appears twice on this page, once under ""Sr. Pichetto."" and once under ""Sr. Capitanich.""; I picked the first occurrence but either could be intended.",
275,2006-12-06_r30,2006-12-06_r30_ORDINARIA.pdf,86,Sr. Capitanich,Sr. Pichetto.,phrase-printed-twice,yes,same-paragraph,none,medium,Pido la palabra.,"ambiguous — identical page and quote as Case 274; ""Pido la palabra."" appears twice, once under ""Sr. Pichetto."" and once under ""Sr. Capitanich.""; I picked the first occurrence but either could be intended.","parser right — 'Pido la palabra.' is printed twice, under Sr. Pichetto and under Sr. Capitanich, as the reader itself flagged. The sampled turn is the Capitanich one."
276,2006-12-13_r31,2006-12-13_r31_ORDINARIA.pdf,73,Sr. Presidente,Sr. Presidente. —,yes,yes,same-paragraph,none,high,Se deja constancia.Tiene la palabra el señor senador Salvatori.,"""Se deja constancia."" and ""Tiene la palabra el señor senador Salvatori."" are both part of the same Sr. Presidente paragraph.",
277,2006-12-20_r32,2006-12-20_r32_ORDINARIA.pdf,4,Sr. Presidente (Pampuro),Sr. Presidente (Pampuro). —,yes,yes,same-paragraph,"""— El texto es el siguiente:""",high,Obra sobre las bancas el plan de labor aprobado en el plenariocelebrado hoy.— El,Quote spans the end of the spoken sentence and the start of the italicized stage-direction that follows it in the same paragraph block.,
278,2006-12-20_r32,2006-12-20_r32_ORDINARIA.pdf,19,Sra. Maza,Sra. Maza. —,yes,yes,same-paragraph,none,high,Solicito autorización para insertar mi discurso.,none,
279,2007-02-13_r33,2007-02-13_r33_EXTRAORDINARIA.pdf,34,Sr. Presidente,Sr. Presidente. —,yes,yes,same-paragraph,none,high,"Cierra el senador Sanz, con el senador Pichetto. Son once oradores. Si serespetan los",none,
280,2007-03-01_r00,2007-03-01_r00_ASAMBLEA.pdf,14,Sr. Presidente de la Nación,Sr. Presidente de la Nación. —,yes,yes,previous-page,(Aplausos.),high,Y en esto los argentinos tenemos que aprenderla lección de la historia. Les pido,"Turn opens on printed page 5 with this label and runs uninterrupted (long address, repeatedly punctuated by ""(Aplausos.)"") through printed page 14, where the quoted words appear; no other bold label intervenes anywhere in the 10 images supplied.",
281,2007-03-14_r02,2007-03-14_r02_ORDINARIA.pdf,9,Sr. Pichetto,Sr. Pichetto. —,yes,yes,same-paragraph,none,high,No hay problemas en la incorporación del tratamiento de ambos temas.,none,
282,2007-03-14_r02,2007-03-14_r02_ORDINARIA.pdf,22,Sr. Capitanich,Sr. Capitanich. —,yes,yes,same-paragraph,none,high,"Nosotros tratamos el orden del día 907, que contiene un proyecto de ley queviene",none,
283,2007-04-25_r05,2007-04-25_r05_ORDINARIA.pdf,8,Sr. Presidente,Sr. Presidente. —,yes,yes,same-paragraph,none,high,Obra sobre las bancas el plan de labor aprobado en la reunión de laborparlamentaria,none,
284,2007-04-25_r05,2007-04-25_r05_ORDINARIA.pdf,13,Sr. Petcoff Naifenoff,Sr. Petcoff Naifenoff. —,yes,yes,same-paragraph,none,high,"Señor presidente: solicito el tratamiento sobre tablas del expediente998/07.Como es de público conocimiento, la","Printed spelling on this page is ""Petcoff Naifenoff"" (elsewhere in the record the same senator appears as ""Petcoff Naidenoff""); reported exactly as printed here.",
285,2007-04-25_r05,2007-04-25_r05_ORDINARIA.pdf,19,Sr. Presidente,Sr. Presidente. —,yes,yes,same-paragraph,none,high,"Aprobado.Vicecomodoro José Oscar OROPEL.Si no se hace uso de la palabra, se va a","Same wording (""Aprobado. Vicecomodoro ... Si no se hace uso de la palabra, se va a votar."") recurs multiple times on this page under the same Sr. Presidente label for different nominees; the one naming ""José Oscar OROPEL"" is the match for the quoted words.",
286,2007-04-25_r05,2007-04-25_r05_ORDINARIA.pdf,37,Sr. Presidente (López Arias),Sr. Presidente (López Arias). —,yes,yes,same-paragraph,none,high,"En este último caso, ¿la preferencia es para la próxima sesión?",none,
287,2007-04-25_r05,2007-04-25_r05_ORDINARIA.pdf,39,Sr. Presidente (López Arias),Sr. Presidente (López Arias). —,yes,yes,same-paragraph,none,high,"Si no se hace uso de la palabra, se va a votar el tratamientosobre",none,
288,2007-05-23_r07,2007-05-23_r07_ORDINARIA.pdf,19,Sr. Presidente (Pampuro),Sr. Presidente (Pampuro) . —,yes,yes,same-paragraph,none,high,Corresponde considerar el dictamen de la Comisión dePresupuesto y Hacienda en el proyecto de,none,
289,2007-05-23_r07,2007-05-23_r07_ORDINARIA.pdf,20,Sr. Presidente (Pampuro),Sr. Presidente (Pampuro) . —,yes,yes,previous-page,none,high,Tiene la palabra el señor senador Capitanich.,"The supplied image for this case is only printed page 20, where the quoted words open the page with no label of their own; the governing label is printed at the bottom of the preceding page 19 (""Corresponde considerar el dictamen de la Comisión de Presupuesto y Hacienda... En consideración en general.""), which I had already viewed for case 288.",
290,2007-05-23_r07,2007-05-23_r07_ORDINARIA.pdf,37,Sr. Presidente,Sr. Presidente. —,yes,yes,same-paragraph,none,high,"Tiene la palabra el senador por Santa Cruz, Martínez.",none,
291,2007-05-23_r07,2007-05-23_r07_ORDINARIA.pdf,58,Sr. Presidente (Pampuro),Sr. Presidente (Pampuro). —,yes,yes,same-paragraph,none,high,"Como hay quórum, vamos a habilitar el tratamiento sobre tablas.En consideración.Si no se hace",none,
292,2007-06-06_r08,2007-06-06_r08_ORDINARIA.pdf,37,Sr. Rossi,Sr. Rossi. —,yes,yes,same-paragraph,none,high,Pido la palabra.,"""Pido la palabra."" is a generic recurring phrase; on this page it appears once, at the very bottom, under Sr. Rossi.",
293,2007-06-27_r09,2007-06-27_r09_ORDINARIA.pdf,14,Sr. Presidente (Pampuro),Sr. Presidente (Pampuro) . —,yes,yes,same-paragraph,none,high,"Perdón, senador Terragno, le pide el uso de la palabra el senadorPichetto.",none,
294,2007-06-27_r09,2007-06-27_r09_ORDINARIA.pdf,21,Sr. Pichetto,Sr. Pichetto.—,yes,yes,same-paragraph,none,high,"Fue una propuesta de la señora senadora Isidori. Si estamos de acuerdo, lasacamos, no",none,
295,2007-07-04_r10,2007-07-04_r10_ORDINARIA.pdf,8,Sr. Presidente (Pampuro),Sr. Presidente (Pampuro). —,yes,yes,same-paragraph,none,high,"Aprobado.Si no se hace uso de la palabra, se va a votar en general","The phrase ""Aprobado."" recurs several times on this page under the same Sr. Presidente label; the instance matching ""...se va a votar en general y en particular..."" is the one under item 7 (near the bottom of the page).",
296,2007-08-08_r11,2007-08-08_r11_ORDINARIA.pdf,24,Sr. Presidente (Pampuro),Sr. Presidente (Pampuro). —,yes,yes,same-paragraph,none,high,Tiene la palabra el señor senador Rossi.,none,
297,2007-08-08_r11,2007-08-08_r11_ORDINARIA.pdf,32,Sr. Rodríguez Saá,Sr. Rodríguez Saá. —,yes,yes,same-paragraph,none,high,Pido la palabra para otra cuestión de privilegio.,none,
298,2007-08-22_r12,2007-08-22_r12_ORDINARIA.pdf,7,Sr. Presidente,Sr. Presidente. —,yes,yes,same-paragraph,none,high,"De acuerdo con lo establecido en la reunión de labor parlamentaria, estaPresidencia solicita realizar",none,
299,2007-08-22_r12,2007-08-22_r12_ORDINARIA.pdf,35,Sr. Morales,Sr. Morales.—,yes,yes,same-paragraph,none,high,"Si esa será la metodología a utilizar para la votación —es decir, en general",none,
300,2007-11-07_r13,2007-11-07_r13_ORDINARIA.pdf,12,Sr. Secretario (Estrada),Sr. Secretario (Estrada). —,yes,yes,same-paragraph,none,high,Mensaje 1193/07 del Poder Ejecutivo por el que se solicita que sepromueva a funcionario,none,
301,2007-11-07_r13,2007-11-07_r13_ORDINARIA.pdf,28,Sr. Presidente (López Arias),Sr. Presidente (López Arias).,yes,yes,same-paragraph,"footnote marker ""12"" appears between ""Afirmativo."" and ""Si no se hace uso de la palabra...""",high,"Afirmativo. Si no se hace uso de la palabra, se va a votar, en",Single clear match; footnote number is embedded mid-sentence but does not end the turn.,
302,2007-11-21_r15,2007-11-21_r15_ORDINARIA.pdf,13,Sr. Presidente (Pampuro),Sr. Presidente (Pampuro).,yes,yes,same-paragraph,none,high,"En consideración los pedidos de inserción.Si no se hace uso de la palabra, se",Straightforward match.,
303,2007-11-21_r15,2007-11-21_r15_ORDINARIA.pdf,19,Sr. Presidente (Pampuro),Sr. Presidente (Pampuro).,yes,yes,same-paragraph,none,high,Se va a votar el artículo 2°.,Straightforward match.,
304,2007-11-21_r15,2007-11-21_r15_ORDINARIA.pdf,32,Sr. Pérsico,Sr. Pérsico.,yes,yes,same-paragraph,none,high,"Sí, señor presidente.",Only one occurrence of the phrase on this page.,
305,2007-11-21_r15,2007-11-21_r15_ORDINARIA.pdf,36,Sr. Presidente (Pampuro),Sr. Presidente (Pampuro).,yes,yes,same-paragraph,none,high,Continúa la sesión.Corresponde votar el dictamen de la Cámara constituida en comisión en el,Straightforward match.,
306,2007-11-21_r15,2007-11-21_r15_ORDINARIA.pdf,42,Sr. Secretario (Estrada),Sr. Secretario (Estrada).,yes,yes,same-paragraph,none,high,"Entonces, son 39 votos afirmativos. Hay unanimidad.—","The trailing em-dash in the quoted phrase belongs to the following italicized stage-direction line (""— El resultado de la votación surge del Acta Nº 6""), which is not part of the speaker's paragraph.",
307,2007-11-21_r15,2007-11-21_r15_ORDINARIA.pdf,42,Sr. Gallego,Sr. Gallego.,yes,yes,same-paragraph,none,high,Solicito que se voten las inserciones.,"Same page as case 306, different paragraph below it.",
308,2007-11-28_r18,2007-11-28_r18_ORDINARIA.pdf,39,Sr.  Capitanich,Sr. Capitanich.,yes,yes,same-paragraph,none,high,"Señor presidente: en primer lugar, propongo que se vote en general y en particular",Straightforward match.,
309,2007-11-28_r18,2007-11-28_r18_ORDINARIA.pdf,58,Sr. Presidente (Pampuro),Sr. Presidente (Pampuro).,yes,yes,same-paragraph,none,high,"Corresponde considerar el dictamen de la Comisión de Sistemas, Medios de Comunicación y Libertad",Straightforward match.,
310,2007-11-28_r18,2007-11-28_r18_ORDINARIA.pdf,59,Sra. Negre de Alonso,Sra. Negre de Alonso.,yes,yes,same-paragraph,none,high,Pido la palabra.,Label and quote are both the first line printed on the page; only one occurrence of the phrase.,
311,2007-12-05_r19,2007-12-05_r19_ORDINARIA.pdf,12,Sr. Sanz,Sr. Sanz.,yes,yes,same-paragraph,none,high,Señor presidente: yo iba a proponer lo mismo ya que este tema fue debatido,Straightforward match.,
312,2007-12-12_r20,2007-12-12_r20_ORDINARIA.pdf,19,Sr. Morales,Sr. Morales.—,yes,yes,same-paragraph,none,high,"Señor presidente: nosotros vamos a fundar nuestro voto negativo por distintasrazones, algunas que son","Label printed with dash directly attached, no space before the em dash, reproduced as printed.",
313,2007-12-12_r20,2007-12-12_r20_ORDINARIA.pdf,20,Sr. Presidente,Sr. Presidente.,yes,yes,same-paragraph,none,high,Señor senador: el señor senador Fernández le solicita una interrupción.,No parenthetical name printed with this instance of the label on this page.,
314,2007-12-12_r20,2007-12-12_r20_ORDINARIA.pdf,55,Sr. Jenefes,Sr. Jenefes.,yes,yes,same-paragraph,none,high,Pido la palabra para una aclaración.,Straightforward match.,
315,2007-12-12_r20,2007-12-12_r20_ORDINARIA.pdf,74,Sr. Morales,Sr. Morales.,yes,yes,same-paragraph,none,high,Señor presidente: quiero fundamentar nuestro voto negativo respecto de estasdos renegociaciones.Me parece que este,Straightforward match.,
316,2007-12-19_r21,2007-12-19_r21_ORDINARIA.pdf,19,Sr. Secretario (Estrada),Sr. Secretario (Estrada).,yes,yes,same-paragraph,none,high,El señor senador Rached también debiera votar a viva voz.,Straightforward match.,
317,2007-12-19_r21,2007-12-19_r21_ORDINARIA.pdf,88,Sr. Secretaría (Estrada),Sr. Secretaría (Estrada).,yes,yes,same-paragraph,none,high,Tenía dictamen unánime de las dos comisiones.,"Printed exactly as ""Secretaría"" (with accent, matching the noun for ""Secretary's Office"") rather than ""Secretario"" — an apparent typo in the original, reproduced verbatim.",
318,2007-12-19_r21,2007-12-19_r21_ORDINARIA.pdf,88,Sr. Presidente (Marino),Sr. Presidente (Marino).,yes,yes,same-paragraph,none,high,Aprobado.En consideración en general.Tiene la palabra el señor senador Morales.,"Straightforward match; same page as case 317, later paragraph.",
319,2008-02-13_r23,2008-02-13_r23_EXTRAORDINARIA.pdf,6,Sr. Presidente,Sr. Presidente.,yes,yes,same-paragraph,none,high,Tiene la palabra el señor senador Pichetto.,Straightforward match; no parenthetical name printed with this label instance.,
320,2008-02-13_r23,2008-02-13_r23_EXTRAORDINARIA.pdf,26,Sra. Estenssoro,Sra. Estenssoro.,yes,yes,same-paragraph,none,high,"Sí; le agradezco, señor presidente, pero como representante de la Ciudadde Buenos Aires, viendo",Straightforward match.,
321,2008-02-13_r23,2008-02-13_r23_EXTRAORDINARIA.pdf,41,Sr. Marín,Sr. Marín.,yes,yes,same-paragraph,none,high,Señor presidente: las modificaciones están introducidas en el dictamen que estáen Secretaría.,Straightforward match.,
322,2008-02-27_r24,2008-02-27_r24_EXTRAORDINARIA.pdf,17,Sr. Presidente,Sr. Presidente.—,yes,yes,same-paragraph,none,high,"Para una interrupción, tiene la palabra el señor senador Ríos.","Label printed with dash directly attached, no parenthetical name; reproduced as printed.",
323,2008-03-01_r00,2008-03-01_r00_ASAMBLEA.pdf,5,Sr. Presidente,Sr. Presidente.,yes,yes,same-paragraph,none,high,"Invito, entonces, a los nombrados a cumplir con su cometido y al resto de",Straightforward match.,
324,2008-03-12_r02,2008-03-12_r02_ORDINARIA.pdf,7,Sr. Presidente,Sr. Presidente.,yes,yes,same-paragraph,none,high,Por Secretaría se dará lectura al proyecto de declaración de los señoressenadores Filmus y,Straightforward match.,
325,2008-04-16_r05,2008-04-16_r05_ORDINARIA.pdf,32,Sr. Viana,Sr. Viana.,yes,yes,same-paragraph,none,high,"Señor presidente: estos expedientes están en la Comisión de Agricultura,Ganadería y Pesca, como cabecera,",Straightforward match.,
326,2008-04-30_r06,2008-04-30_r06_INFORMATIVA_ESPECIAL.pdf,50,Sr. Jefe de Gabinete de Ministros,Sr. Jefe de Gabinete de Ministros.,yes,yes,same-paragraph,none,high,"Ahora parece ser que amigo del gobierno, pero en aquelentonces...","Preceding line ""Sr. Morales. — Ahora amigo del gobierno."" is a different, shorter turn immediately before; the quoted words open the next labeled paragraph.",
327,2008-05-14_r07,2008-05-14_r07_ORDINARIA.pdf,17,Sr. Presidente,Sr. Presidente.,yes,yes,same-paragraph,none,high,"Sí, senador Rodríguez Saá. Después, tiene la palabra el señor senador Jenefes.",none,
328,2008-05-21_r08,2008-05-21_r08_ORDINARIA.pdf,18,Sr. Ríos,Sr. Ríos.,yes,yes,same-paragraph,none,high,"Señor presidente: solicito una preferencia con dictamen de comisión respectodel expediente S-1409/08, relacionado con",none,
329,2008-05-21_r08,2008-05-21_r08_ORDINARIA.pdf,24,Sr. Rodríguez Saá,Sr. Rodríguez Saá.,yes,yes,same-paragraph,none,high,"Señor presidente: en primer lugar, este proyecto ingresado el 8 demayo tiene una trascendencia",none,
330,2008-05-21_r08,2008-05-21_r08_ORDINARIA.pdf,65,Sra. Escudero,Sra. Escudero.,yes,yes,same-paragraph,none,high,Señor presidente: le solicité al presidente de mi bloque pasar este temapara la próxima,none,
331,2008-06-25_r10,2008-06-25_r10_ORDINARIA.pdf,10,Sr. Presidente,Sr. Presidente.,yes,yes,same-paragraph,"a footnote marker ""5"" appears inline right after ""consecuencia."" before the text continues with ""Terminamos con los homenajes.""",high,Queda aprobada la declaración. Se procederá en consecuencia. Terminamos con los homenajes.,The footnote marker sits inside the quoted span but does not break the paragraph or introduce a new label.,
332,2008-06-25_r10,2008-06-25_r10_ORDINARIA.pdf,51,Sr. Secretario (Estrada),Sr. Secretario (Estrada).,yes,yes,same-paragraph,none,high,"Señora senadora, se unifican cuando versan sobre el mismo tema.",none,
333,2008-07-16_r11,2008-07-16_r11_ORDINARIA.pdf,47,Sr. Rodríguez Saá,Sr. Rodríguez Saá.,yes,yes,same-paragraph,none,high,Pero muy bien.,"This is a short interjection (""Pero muy bien."") right after the president notes he ran over time.",
334,2008-07-16_r11,2008-07-16_r11_ORDINARIA.pdf,149,Sr. Urquía,Sr. Urquía.,yes,yes,same-paragraph,none,high,Señor presidente: he sido aludido y necesito treinta segundos para hacer unaaclaración.,none,
335,2008-08-06_r12,2008-08-06_r12_ORDINARIA.pdf,15,Sr. Presidente,Sr. Presidente.,yes,yes,previous-page,none,high,Tiene la palabra la señora senadora Fellner.,"The quoted line opens page 15 as an unlabeled continuation paragraph; the last bold label printed (on page 14) is ""Sr. Presidente.– Lo dejamos reservado en mesa."" and that turn carries forward to announce Fellner's turn.",
336,2008-08-06_r12,2008-08-06_r12_ORDINARIA.pdf,36,Sr. Presidente,Sr. Presidente.,yes,yes,same-paragraph,none,high,Tiene la palabra el señor senador Sanz.,none,
337,2008-08-13_r13,2008-08-13_r13_ORDINARIA.pdf,29,Sr. Presidente,Sr. Presidente.,yes,yes,same-paragraph,none,high,"Senadora Giri: si no tiene nada que agregar, pasamos a la votación en generaly",none,
338,2008-09-03_r14,2008-09-03_r14_ORDINARIA.pdf,3,Sr. Secretario (Estrada),Sr. Secretario (Estrada).,yes,yes,same-paragraph,none,high,Mensaje 1362/08 del Poder Ejecutivo solicitando acuerdopara designar defensor público oficial adjunto de la,none,
339,2008-09-03_r14,2008-09-03_r14_ORDINARIA.pdf,12,Sr. Pichetto,Sr. Pichetto.,yes,yes,same-paragraph,none,high,Luro Pueyrredón.,"The very next paragraph, under a different label (Sr. Fernández), contains the similar but longer phrase ""Sí, Patricia Bullrich Luro Pueyrredón."" — not an exact match to the quoted words, so no real ambiguity.",
340,2008-09-10_r15,2008-09-10_r15_ORDINARIA.pdf,23,Sr. Presidente,Sr. Presidente.,yes,yes,same-paragraph,none,high,Vamos a tener que votar. Esto implicaría retirar el tema y aprobar unamoción de,none,
341,2008-09-10_r15,2008-09-10_r15_ORDINARIA.pdf,39,Sr. Presidente,Sr. Presidente.,yes,yes,same-paragraph,none,high,"Aprobado. Si no se hace uso de la palabra, se va a votar en","The word ""Aprobado."" under this same label appears twice on the page; only the second occurrence is immediately followed by ""Si no se hace uso de la palabra, se va a votar en general y en particular en una sola votación,"" matching the quote. Both occurrences share the same label, so no true ambiguity of speaker.",
342,2008-09-10_r15,2008-09-10_r15_ORDINARIA.pdf,47,Sra. Giri,Sra. Giri.,yes,yes,same-paragraph,none,high,"Señor presidente: a través de este proyecto, se deroga el artículo 7E de la",none,
343,2008-10-01_r17,2008-10-01_r17_ORDINARIA.pdf,44,Sr. Gioja,Sr. Gioja.,yes,yes,same-paragraph,none,high,Señor presidente: esta interrupción lamentablemente le quitó cierta ilación a la conversación que veníamos,none,
344,2008-10-22_r18,2008-10-22_r18_ORDINARIA.pdf,53,Sr. Presidente,Sr. Presidente.,yes,yes,same-paragraph,none,high,Corresponde pasar a la consideración en conjunto de los asuntosoportunamente reservados en mesa.,none,
345,2008-11-05_r19,2008-11-05_r19_ORDINARIA.pdf,15,Sr. Rossi,Sr. Rossi.,yes,yes,same-paragraph,none,high,"Señor presidente: simplemente, quiero referirme a lo que ha planteado el señorsenador Pichetto, con",none,
346,2008-11-05_r19,2008-11-05_r19_ORDINARIA.pdf,55,Sr. Marino,Sr. Marino.,yes,yes,same-paragraph,none,high,"Señor presidente: desde hace algunos días, creo que la inmensa mayoría delos argentinos celebramos,",none,
347,2008-11-20_r20,2008-11-20_r20_ORDINARIA.pdf,22,Sr. Jenefes,Sr. Jenefes.,yes,yes,same-paragraph,none,high,"Señor presidente, señores senadores: estamos considerando un proyecto de leyque remitió el Poder Ejecutivo",none,
348,2008-11-26_r21,2008-11-26_r21_ORDINARIA.pdf,48,Sra. Negre de Alonso,Sra. Negre de Alonso.,yes,yes,same-paragraph,none,high,Señor presidente: una pregunta a la miembro informante y a travésde ella a la,none,
349,2008-11-26_r21,2008-11-26_r21_ORDINARIA.pdf,48,Sr. Presidente,Sr. Presidente.,yes,yes,same-paragraph,none,high,Continúa en el uso de la palabra la señora senadora Giri.,"ambiguous — the identical sentence ""Continúa en el uso de la palabra la señora senadora Giri."" is printed twice on this page, both times under the label ""Sr. Presidente.""; reporting that label since both instances agree.",
350,2008-11-26_r21,2008-11-26_r21_ORDINARIA.pdf,48,Sra. Negre de Alonso,Sra. Negre de Alonso.,yes,yes,same-paragraph,none,high,Pido la palabra.,none,
351,2008-11-26_r21,2008-11-26_r21_ORDINARIA.pdf,48,Sr. Presidente,Sr. Presidente.,yes,yes,same-paragraph,none,high,Continúa en el uso de la palabra la señora senadora Giri.,"The exact phrase appears twice on the page, both times under the label ""Sr. Presidente."" — not truly ambiguous since both instances carry the same label.",
352,2008-12-10_r22,2008-12-10_r22_ORDINARIA.pdf,24,Sr. Secretario (Estrada),Sr. Secretario (Estrada).,yes,yes,same-paragraph,"— Los Órdenes del Día en consideración, cuyos textos se incluyen en el Apéndice, son los siguientes:",high,"Órdenes del Día 1053 a 1074, 1165 a 1167, 1170, 1172 a 1182, 1184,1186",none,
353,2008-12-10_r22,2008-12-10_r22_ORDINARIA.pdf,39,Sr. Presidente (Marino),Sr. Presidente (Marino).,yes,yes,same-paragraph,none,high,Continúe en el uso de la palabra senador Martínez.,none,
354,2008-12-10_r22,2008-12-10_r22_ORDINARIA.pdf,84,Sra. Estenssoro,Sra. Estenssoro.,yes,yes,same-paragraph,none,high,"Muchas gracias, señor presidente y, por su intermedio, al senador Sanz.También quiero señalar, para",none,
355,2008-12-10_r22,2008-12-10_r22_ORDINARIA.pdf,94,Sr. Presidente (Pampuro),Sr. Presidente (Pampuro).,yes,yes,same-paragraph,(Risas.),high,Tiene la palabra la senadora Escudero.,"The quoted sentence sits later in the same presidential turn, after ""Iremos a buscarlo en los registros públicos. (Risas.)""; no new bold label intervenes.",
356,2008-12-10_r22,2008-12-10_r22_ORDINARIA.pdf,98,Sr. Secretario (Estrada),Sr. Secretario (Estrada).,yes,yes,same-paragraph,— El resultado de la votación surge del Acta N° 8,high,Se registran 58 votos por la afirmativa y 8 por la negativa.,none,
357,2008-12-17_r23,2008-12-17_r23_ORDINARIA.pdf,81,Sra. Fellner,Sra. Fellner.,yes,yes,same-paragraph,none,high,Señor presidente: antes de pasar a la votación les leeré un texto —cuyo autorescribía,none,
358,2008-12-18_r24,2008-12-18_r24_ORDINARIA.pdf,4,Sr. Ríos,Sr. Ríos.,yes,yes,same-paragraph,none,high,"Estamos tratando en principio el Orden del Día 1418, que tiene dictamen de laComisión",none,
359,2009-03-04_r02,2009-03-04_r02_ORDINARIA.pdf,17,Sr. Sanz,Sr. Sanz.,yes,yes,same-paragraph,none,high,"Señor presidente: es para anunciar la abstención del señor senador Marino, queacaba de ingresar.",none,
360,2009-03-04_r02,2009-03-04_r02_ORDINARIA.pdf,37,Sra. Negre de Alonso,Sra. Negre de Alonso.,yes,yes,same-paragraph,- Asentimiento.,high,"Voy a proponer que, si mis pares están de acuerdo, votemos elproyecto en general",none,
361,2009-03-04_r02,2009-03-04_r02_ORDINARIA.pdf,39,Sra. Fellner,Sra. Fellner.,yes,yes,same-paragraph,none,high,"Señor presidente: en el mismo sentido que lo manifestado por la señora senadorapor Salta,",none,
362,2009-03-04_r02,2009-03-04_r02_ORDINARIA.pdf,56,Sr. Secretario (Estrada),Sr. Secretario (Estrada).,yes,yes,same-paragraph,none,high,El proyecto S. 4431/08 dice que el Senado de la Nación argentinadeclara su enérgico,none,
363,2009-03-26_r03,2009-03-26_r03_ORDINARIA.pdf,118,Sr. Pichetto,Sr. Pichetto.,yes,yes,same-paragraph,none,high,"Veamos si podemos ordenar el debate, porque la preocupación es de todos los senadores.",none,
364,2009-04-15_r04,2009-04-15_r04_ORDINARIA.pdf,29,Sr. Morales,Sr. Morales.,yes,yes,same-paragraph,none,high,Señor presidente: apoyo totalmente esta iniciativa. Creo que es muy bueno este proyecto que,none,
365,2009-05-13_r05,2009-05-13_r05_ORDINARIA.pdf,64,Sr. Presidente,Sr. Presidente.,yes,yes,same-paragraph,none,high,Está tomada. Por Secretaría se enunciará el paquete de proyectos sobre tablas.,none,
366,2009-07-08_r06,2009-07-08_r06_ORDINARIA.pdf,48,Sra. Escudero,Sra. Escudero.,yes,yes,same-paragraph,none,high,"Quiero leer textualmente lo que opinó el doctor Zaffaroni respecto deeste tema, que es",Quote is the opening line of Sra. Escudero's turn at the very bottom of the page; sentence is cut off there.,
367,2009-07-08_r06,2009-07-08_r06_ORDINARIA.pdf,52,Sr. Presidente,Sr. Presidente.,yes,yes,same-paragraph,none,high,"Aprobado.— Los proyectos en consideración, cuyos textos se incluyen en el Apéndice, son los",none,
368,2009-08-05_r07,2009-08-05_r07_ORDINARIA.pdf,18,Sr. Presidente,Sr. Presidente.,yes,yes,same-paragraph,none,high,Tiene la palabra la señora senadora Negre de Alonso.,none,
369,2009-08-20_r08,2009-08-20_r08_ORDINARIA.pdf,13,Sr. Presidente,Sr. Presidente.,yes,yes,same-paragraph,none,high,Tiene la palabra el señor senador Sanz.,none,
370,2009-08-20_r08,2009-08-20_r08_ORDINARIA.pdf,90,Sr. Morales,Sr. Morales.,yes,yes,same-paragraph,none,high,Señor presidente: la verdad es que si nos ponen en la situación de tener,none,
371,2009-09-09_r11,2009-09-09_r11_INFORMATIVA_ESPECIAL.pdf,55,Sr. Presidente,Sr. Presidente.,yes,yes,same-paragraph,none,high,"Señora senadora Viudes, ¿quiere agregar algo?",none,
372,2009-09-23_r12,2009-09-23_r12_ORDINARIA.pdf,25,Sr. Presidente (Pampuro),Sr. Presidente (Pampuro).,yes,yes,same-paragraph,none,high,"A continuación, corresponde la consideración de los proyectosde ley.",none,
373,2009-09-23_r12,2009-09-23_r12_ORDINARIA.pdf,37,Sr. Pichetto,Sr. Pichetto.,yes,yes,same-paragraph,none,high,Señor presidente: estamos votando de buena fe estos proyectos. Algunos deellos han sido incorporados,none,
374,2009-10-09_r13,2009-10-09_r13_ESPECIAL.pdf,43,Sra. Díaz,Sra. Díaz.,yes,yes,same-paragraph,none,medium,Señor presidente...,"The quoted phrase ""Señor presidente..."" is generic filler; it appears once on the page as the opening of Sra. Díaz's turn, immediately after the presiding officer asks her to wrap up.",
375,2009-10-09_r13,2009-10-09_r13_ESPECIAL.pdf,57,Sr. Presidente,Sr. Presidente.,yes,yes,same-paragraph,none,high,Tiene la palabra el señor senador Saadi.,none,
376,2009-10-09_r13,2009-10-09_r13_ESPECIAL.pdf,189,Sr. Secretario (Estrada),Sr. Secretario (Estrada).,yes,yes,same-paragraph,none,high,Señora senadora Quintela: sírvase manifestar su voto a viva voz.,Clean match; only one occurrence of this phrase on the page.,
377,2009-10-09_r13,2009-10-09_r13_ESPECIAL.pdf,191,Sr. Secretario (Estrada),Sr. Secretario (Estrada).,yes,yes,same-paragraph,none,high,"Se registran 43 votos afirmativos, 24 negativos.",Clean match.,
378,2009-10-09_r13,2009-10-09_r13_ESPECIAL.pdf,193,Sr. Secretario (Estrada),Sr. Secretario (Estrada).,yes,yes,same-paragraph,none,high,"Finalmente, se registran 44 votos por la afirmativa y 23 por lanegativa.","The page has two similar ""Finalmente, se registran..."" lines under the same label (Sr. Secretario (Estrada)); the one with 44/23 matches the quote (the other has 42/25 votes), so no true ambiguity in label even though both are attributed to the same speaker.",
379,2009-10-28_r15,2009-10-28_r15_ORDINARIA.pdf,10,Sr. Presidente (Pampuro),Sr. Presidente (Pampuro).,yes,yes,same-paragraph,none,high,Tiene la palabra el señor senador Pichetto.,Clean match.,
380,2009-10-28_r15,2009-10-28_r15_ORDINARIA.pdf,29,Sra. Bongiorno,Sra. Bongiorno.,yes,yes,same-paragraph,none,high,"Señora presidenta: en primer lugar, concuerdo con muchos de los análisisque se han hecho",Clean match.,
381,2009-10-28_r15,2009-10-28_r15_ORDINARIA.pdf,53,Sr. Pichetto,Sr. Pichetto.,yes,yes,previous-page,none,medium,para que la reglamentación de la norma sancionada por elCongreso de la Nación no,"On page 52, ""Sr. Pichetto. — Salta tiene una deuda muy baja en el terreno financiero."" is the last bold label before the unlabeled paragraphs (about La Pampa, Río Negro, motos, etc.) that continue onto page 53 and contain the quoted words; no new label intervenes before the quote, so it carries forward as Sr. Pichetto's turn. The paragraph text itself reads as a long personal reflection which could plausibly belong to whoever's speech was interrupted by Romero/Pichetto's exchange, but per the brief's rule only the last printed label counts.",
382,2009-10-28_r15,2009-10-28_r15_ORDINARIA.pdf,55,Sr. Fernández,Sr. Fernández.,yes,yes,same-paragraph,none,high,"Se trata del Orden del Día 1351, de la Comisión Bicameral Revisora deCuentas de",Clean match.,
383,2009-11-11_r16,2009-11-11_r16_ORDINARIA.pdf,16,Sr. Presidente,Sr. Presidente.-,yes,yes,same-paragraph,none,high,"A continuación, por Secretaría se enunciarán los tratamientos sobre tablas asolicitar que quedaron pendientes","Clean match; label printed with a hyphen/dash variant ""Sr. Presidente.-"".",
384,2009-11-11_r16,2009-11-11_r16_ORDINARIA.pdf,146,Sr. Ríos,Sr. Ríos.,yes,yes,same-paragraph,none,high,Votemos en general primero.,Clean match.,
385,2009-11-18_r17,2009-11-18_r17_ORDINARIA.pdf,36,Sr. Ríos,Sr. Ríos.,yes,yes,same-paragraph,none,high,C En realidad yo cité una reunión donde se habló del problema del perfil,"The quoted text begins with a stray ""C"" character before ""En realidad"" that appears to be an OCR/transcription artifact, not printed page furniture; the matching printed text is ""Sr. Ríos. — En realidad yo cité una reunión donde se habló del problema del perfil de deuda...""",
386,2009-11-18_r17,2009-11-18_r17_ORDINARIA.pdf,57,Sr. Presidente (Pampuro),Sr. Presidente (Pampuro).,yes,yes,same-paragraph,none,high,Tiene la palabra el señor senador Lores.,Clean match.,
387,2009-11-18_r17,2009-11-18_r17_ORDINARIA.pdf,90,Sr. Secretario (Estrada),Sr. Secretario (Estrada).,yes,yes,same-paragraph,none,high,Se registraron 50 votos afirmativos. Unanimidad. —,"Two similar phrases appear on the page under the same label (Sr. Secretario (Estrada)) - ""En consecuencia, se registraron 50 votos afirmativos. Unanimidad."" earlier, and ""Se registraron 50 votos afirmativos. Unanimidad."" at the bottom, which is the exact verbatim match for the quote. Same label governs both, so no true ambiguity of attribution.",
388,2009-11-25_r18,2009-11-25_r18_ORDINARIA.pdf,30,Sr. Calcagno y Maillman,Sr. Calcagno y Maillman.-,yes,yes,same-paragraph,none,high,"Sí, por supuesto.",Clean match.,
389,2009-11-25_r18,2009-11-25_r18_ORDINARIA.pdf,86,Sr. Morales,Sr. Morales.,yes,yes,same-paragraph,none,high,"Permítame que los detalle, señor presidente. Se trata del segundo lote deartículos, con cambios",Clean match.,
390,2009-11-25_r18,2009-11-25_r18_ORDINARIA.pdf,103,Sr. Secretario (Estrada),Sr. Secretario (Estrada).,yes,yes,same-paragraph,none,high,"En consecuencia, los votos afirmativos son 42.",Clean match.,
391,2009-11-26_r19,2009-11-26_r19_ESPECIAL.pdf,5,Sr. Presidente,Sr. Presidente.,yes,yes,earlier-on-page,none,high,"Señora senadora nacional electa por la provincia de Catamarca, doña Lucía Benigna Corpacci: ¿juráis","The quoted words begin a new unlabeled paragraph (""Señora senadora nacional electa..."") that continues the same turn as the preceding bold-labeled ""Sr. Presidente."" line above it; no new label intervenes.",
392,2009-12-02_r20,2009-12-02_r20_ORDINARIA.pdf,40,Sr. Lores,Sr. Lores.},yes,yes,same-paragraph,none,high,"Señor presidente: en primera instancia, creo que el fortalecimiento de losprocesos democráticos vinculados a","The dash after the label is printed as a stray ""}"" character in this scan (an OCR/print artifact of the em-dash), transcribed verbatim as it appears.",
393,2009-12-02_r20,2009-12-02_r20_ORDINARIA.pdf,85,Sr. Rodríguez Sáa,Sr. Rodríguez Sáa.,yes,yes,same-paragraph,none,high,"Sí, no tengo problema.",Clean match.,
394,2009-12-02_r20,2009-12-02_r20_ORDINARIA.pdf,102,Sr. Presidente,Sr. Presidente.,yes,yes,same-paragraph,none,high,Corresponde votar en particular todos los artículos menos los artículos 21y 39.,Clean match.,
395,2009-12-02_r20,2009-12-02_r20_ORDINARIA.pdf,112,Sra. Viudes,Sra. Viudes.,yes,yes,same-paragraph,none,high,"Sencillamente, se trata de un doble ascenso para aquellos miembros defuerzas de seguridad que",Clean match.,
396,2009-12-02_r20,2009-12-02_r20_ORDINARIA.pdf,117,Sr. Presidente,Sr. Presidente.,yes,yes,same-paragraph,none,high,Aprobado.En consideración.Tiene la palabra el señor senador Pichetto.,"The quote concatenates three consecutive short lines by the same speaker (""Aprobado."" / ""En consideración."" / ""Tiene la palabra el señor senador Pichetto."") all under one ""Sr. Presidente."" label with no intervening label.",
397,2009-12-02_r20,2009-12-02_r20_ORDINARIA.pdf,118,Sr. Presidente,Sr. Presidente.,yes,yes,same-paragraph,"<a footnote superscript ""6"" appears in the source between ""inserciones."" and ""Tiene la palabra"", but it is a footnote marker (Ver el Apéndice), not spoken text>",high,Quedan aprobadas las inserciones. Tiene la palabra el señor senador Rossi.,Clean match aside from the footnote marker.,
398,2009-12-02_r20,2009-12-02_r20_ORDINARIA.pdf,135,Sr. Presidente,Sr. Presidente.,yes,yes,same-paragraph,none,high,"En consideración el pedido de inserción.Si no se hace uso de la palabra, se",Clean match.,
399,2010-03-17_r04,2010-03-17_r04_EN_MINORIA.pdf,4,Sr. Presidente,Sr. Presidente.,yes,yes,same-paragraph,none,high,"Para realizar manifestaciones en minoría, tiene la palabra el señor senador Cabanchik.",Clean match.,
400,2010-04-07_r05,2010-04-07_r05_EN_MINORIA.pdf,15,Sr. Presidente,Sr. Presidente.,yes,yes,same-paragraph,none,high,Tiene la palabra el señor senador Cano.,Clean match.,
401,2010-04-14_r06,2010-04-14_r06_ORDINARIA.pdf,142,Sr. Fernández,Sr. Fernández.,yes,yes,same-paragraph,none,high,Señor presidente: la integración de la senadora Sonia Escudero en infinidad de comisiones hasta,Quote opens the paragraph directly after the label.,
402,2010-04-14_r06,2010-04-14_r06_ORDINARIA.pdf,145,Sra. Negre de Alonso,Sra. Negre de Alonso.,yes,yes,same-paragraph,none,high,"Señor presidente: soy miembro informante del dictamen en minoría. Efectivamente, se llevó a cabo","Quote opens the paragraph directly after the label; preceded on the page by a ""Murmullos en el recinto."" stage direction that belongs to the prior speaker's turn.",
403,2010-05-05_r08,2010-05-05_r08_ORDINARIA.pdf,17,Sr. Presidente,Sr. Presidente.,yes,yes,same-paragraph,none,high,"Corresponde considerar en conjunto los dictámenes de comisión con proyectos de comunicación, resolución y","Quote follows a bold section heading ""6 CONSIDERACIÓN EN CONJUNTO DE ÓRDENES DEL DÍA"" (page furniture, not inside the paragraph) and then the label.",
404,2010-05-05_r08,2010-05-05_r08_ORDINARIA.pdf,124,Sr. Presidente,Sr. Presidente.,yes,yes,same-paragraph,none,high,"Aprobado el artículo 10, ex artículo 9°. Nos quedan los artículos 11 y 12,",Quote opens the paragraph directly after the label.,
405,2010-05-19_r09,2010-05-19_r09_ORDINARIA.pdf,23,Sr. Romero,Sr. Romero.,yes,yes,same-paragraph,none,high,Señor presidente: sin dudas que el Bicentenario de la Nación es un motivo de,Quote opens the paragraph directly after the label.,
406,2010-06-02_r11,2010-06-02_r11_INFORMATIVA_ESPECIAL.pdf,50,Sr. Presidente,Sr. Presidente.,yes,yes,same-paragraph,none,high,Tiene la palabra el señor jefe de Gabinete de Ministros.,Quote is the entire paragraph after the label.,
407,2010-06-09_r12,2010-06-09_r12_ORDINARIA.pdf,11,Sr. Presidente,Sr. Presidente.,yes,yes,same-paragraph,none,high,Queda aprobada la resolución. Se procederá en consecuencia.,Quote is the entire paragraph after the label (Homenaje al general Güemes item).,
408,2010-06-30_r13,2010-06-30_r13_ORDINARIA.pdf,33,Sr. Presidente (Pampuro),Sr. Presidente (Pampuro).,yes,yes,same-paragraph,none,high,Tiene la palabra la señora senadora Escudero.,Quote is the entire paragraph after the label.,
409,2010-07-14_r14,2010-07-14_r14_ORDINARIA.pdf,27,Sra. Fellner,Sra. Fellner.,yes,yes,same-paragraph,none,high,"Dicho esto, quiero pasar directamente al tratamiento del dictamen que tiene sanción de la","Preceded by a stage direction ""Ocupa la Presidencia el señor presidente provisional..."" which sits between the prior turn and this label, not inside this paragraph.",
410,2010-07-14_r14,2010-07-14_r14_ORDINARIA.pdf,86,Sr. Presidente (Marino),Sr. Presidente (Marino).,yes,yes,same-paragraph,none,high,"Ahora sí, tiene la palabra el señor senador Cabanchik.",Quote is the entire paragraph after the label.,
411,2010-07-14_r14,2010-07-14_r14_ORDINARIA.pdf,143,Sr. Presidente (Pampuro),Sr. Presidente (Pampuro).,yes,yes,same-paragraph,none,high,"Para una aclaración, tiene la palabra la señora senadora Estenssoro.",Quote is the entire paragraph after the label.,
412,2010-07-14_r14,2010-07-14_r14_ORDINARIA.pdf,170,Sr. Presidente (Pampuro),Sr. Presidente (Pampuro).,yes,yes,same-paragraph,none,high,"Votamos en general y en particular, por la afirmativa o por la negativa. Se","Quote spans into the following line (""Se abstienen los mismos tres senadores."") of the same paragraph.",
413,2010-08-11_r15,2010-08-11_r15_ORDINARIA.pdf,25,Sr. Presidente,Sr. Presidente.,yes,yes,same-paragraph,none,high,"Por favor, les ruego que hagan silencio porque distraen la atención de los que","Preceded by ""– Murmullos en el recinto."" stage direction, which is outside/before this paragraph, not inside it.",
414,2010-08-11_r15,2010-08-11_r15_ORDINARIA.pdf,76,Sr. Secretario (Estrada),Sr. Secretario (Estrada).,yes,yes,same-paragraph,none,high,"Otro proyecto de comunicación, de la senadora Escudero, solicitando informes sobre la cantidad de","Quote opens the paragraph directly after the label, at the top of the page.",
415,2010-08-25_r16,2010-08-25_r16_ORDINARIA.pdf,47,Sr. Presidente (Romero),Sr. Presidente (Romero).,yes,yes,same-paragraph,none,high,"Si no se va a hacer uso de la palabra, vamos a proceder a","Quote is the last line of the page, continuing the same paragraph opened by the label.",
416,2010-09-08_r17,2010-09-08_r17_ORDINARIA.pdf,12,Sr. Presidente,Sr. Presidente.,yes,yes,same-paragraph,none,high,Queda sancionado el proyecto de ley. Se comunicará a la Honorable Cámara de Diputados.,Quote is the entire paragraph after the label.,
417,2010-09-08_r17,2010-09-08_r17_ORDINARIA.pdf,25,Sra. Bortolozzi,Sra. Bortolozzi.,yes,yes,same-paragraph,none,high,"Todo esto significa que quiero, como todos nosotros, que hoy aprobemos este proyecto de","Preceded by stage direction ""Ocupa la Presidencia el señor vicepresidente del H. Senado, senador Juan Carlos Marino."" which sits before this paragraph, not inside it.",
418,2010-09-08_r17,2010-09-08_r17_ORDINARIA.pdf,27,Sra. Escudero,Sra. Escudero.,yes,yes,same-paragraph,none,high,Señor presidente: voy a empezar también recordando lo que fueron los años 2003 y,Quote opens the paragraph directly after the label.,
419,2010-09-29_r18,2010-09-29_r18_ORDINARIA.pdf,67,Sra. Fellner,Sra. Fellner.,yes,yes,same-paragraph,none,high,¿Cuánto hace?,Quote is the entire (short) paragraph after the label.,
420,2010-09-29_r18,2010-09-29_r18_ORDINARIA.pdf,67,Sra. Montero,Sra. Montero.,yes,yes,same-paragraph,none,high,El tema del uniforme estuvo zanjado y el tema de la beca…,Quote is the entire paragraph after the label.,
421,2010-09-29_r18,2010-09-29_r18_ORDINARIA.pdf,94,Sra. Escudero,Sra. Escudero.,yes,yes,same-paragraph,none,high,Señor presidente: el voto es electrónico y ya está el reflejo de cómo votó,Quote opens the paragraph directly after the label.,
422,2010-09-29_r18,2010-09-29_r18_ORDINARIA.pdf,105,Sr. Presidente,Sr. Presidente.,yes,yes,same-paragraph,none,high,"Procedemos a votar entonces. Senador Fernández: ¿ha hecho una propuesta? ¿En general, todos los",Quote is the entire paragraph after the label.,
423,2010-09-29_r18,2010-09-29_r18_ORDINARIA.pdf,109,Sra. Bongiorno,Sra. Bongiorno.,yes,yes,same-paragraph,none,high,"Señor presidente: claro, pero está presentado votar todos los artículos con dos opciones en",Quote opens the paragraph directly after the label.,
424,2010-09-29_r18,2010-09-29_r18_ORDINARIA.pdf,151,Sra. Quintela,Sra. Quintela.,yes,yes,same-paragraph,none,high,Señor presidente: creo que hay que actuar en forma muy sincera y no demagógica.,Quote is the entire paragraph after the label.,
425,2010-10-13_r19,2010-10-13_r19_ORDINARIA.pdf,32,Sr. Cano,Sr. Cano.,yes,yes,same-paragraph,none,high,"Señor presidente: para no asentir con el silencio algunas cosas que se han dicho,",Quote opens the paragraph directly after the label.,
426,2010-10-20_r20,2010-10-20_r20_ORDINARIA.pdf,51,Sr. Cabanchik,Sr. Cabanchik.,yes,yes,same-paragraph,none,high,Señor presidente: leo el texto que había propuesto como declaración del Senado. El Senado,"Quoted text opens the paragraph under section heading ""23 REPUDIO DE HECHOS DE VIOLENCIA"".",
427,2010-11-03_r21,2010-11-03_r21_ORDINARIA.pdf,38,Sr. Presidente,Sr. Presidente.,yes,yes,same-paragraph,none,high,Tiene la palabra el señor senador Pampuro.,None.,
428,2010-11-03_r21,2010-11-03_r21_ORDINARIA.pdf,55,Sr. Morales,Sr. Morales.,yes,yes,same-paragraph,none,high,Señor presidente: quiero solicitar que el tema sea pasado para la próxima sesión y,None.,
429,2010-11-24_r23,2010-11-24_r23_ORDINARIA.pdf,80,Sr. Presidente (Marino),Sr. Presidente (Marino).,yes,yes,same-paragraph,none,high,"Senadora: la senadora Fellner le solicita una interrupción, ¿la concede?",None.,
430,2010-11-24_r23,2010-11-24_r23_ORDINARIA.pdf,107,Sra. Di Perna,Sra. Di Perna.,yes,yes,same-paragraph,none,high,El artículo que ha sido aprobado por la Cámara de Diputados dice que el,None.,
431,2010-11-24_r23,2010-11-24_r23_ORDINARIA.pdf,114,Sr. Presidente,Sr. Presidente.,yes,yes,same-paragraph,none,high,Tiene la palabra el señor senador Filmus.,None.,
432,2010-11-24_r23,2010-11-24_r23_ORDINARIA.pdf,117,Sr. Presidente,Sr. Presidente.,yes,yes,same-paragraph,none,high,Aprobado.,"""Aprobado."" occurs once on the page, immediately after a vote is practiced.",
433,2010-12-15_r24,2010-12-15_r24_EXTRAORDINARIA.pdf,56,Sr. Presidente,Sr. Presidente.,yes,yes,same-paragraph,none,high,Tiene la palabra el señor senador Pichetto.,None.,
434,2010-12-15_r24,2010-12-15_r24_EXTRAORDINARIA.pdf,62,Sr. Presidente,Sr. Presidente.,yes,yes,same-paragraph,none,high,No hay dictamen impreso. Tiene la palabra el señor senador Guinle.,None.,
435,2010-12-15_r24,2010-12-15_r24_EXTRAORDINARIA.pdf,63,Sr. Juez,Sr. Juez.,yes,yes,same-paragraph,none,high,"Señor presidente: conforme a lo que acordamos ayer en labor parlamentaria, quiero comunicarle que,",None.,
436,2010-12-15_r24,2010-12-15_r24_EXTRAORDINARIA.pdf,76,Sr. Presidente,Sr. Presidente.,yes,yes,same-paragraph,none,high,"Si no se hace uso de la palabra, se va a votar. –",None.,
437,2010-12-15_r24,2010-12-15_r24_EXTRAORDINARIA.pdf,80,Sra. Escudero,Sra. Escudero.,yes,yes,same-paragraph,none,high,Pero se debe votar el tratamiento sobre tablas.,None.,
438,2010-12-22_r25,2010-12-22_r25_ESPECIAL.pdf,14,Sr. Presidente,Sr. Presidente.,yes,yes,same-paragraph,none,high,Tiene la palabra la señora senadora Bortolozzi de Bogado.,None.,
439,2011-03-01_r00,2011-03-01_r00_ASAMBLEA.pdf,7,Sra. Presidenta de la Nación,Sra. Presidenta de la Nación.,yes,yes,previous-page,none,high,"Lo paradójico es que el año de mayor crecimiento de las reservas fue, precisamente,","Turn opens on printed page 6 with ""Sra. Presidenta de la Nación. – Gracias. Muchas gracias."" and the quoted words appear in the continuing speech on printed page 7; no new label intervenes.",
440,2011-03-01_r00,2011-03-01_r00_ASAMBLEA.pdf,22,Sra. Presidenta de la Nación,Sra. Presidenta de la Nación.,yes,yes,previous-page,none,high,"Déjenselo decidir a la gente, que es más fácil, que es más democrático y","Last label before the quote on printed page 21 is ""Sra. Presidenta de la Nación."" (after interruptions of ""(Aplausos.)"" and ""Manifestaciones en las galerías.""); her speech continues onto printed page 22 where the quoted words appear, no new label before them.",
441,2011-03-16_r02,2011-03-16_r02_ORDINARIA.pdf,20,Sr. Presidente,Sr. Presidente.,yes,yes,same-paragraph,none,high,Tiene la palabra el señor senador Giustiniani.,None.,
442,2011-03-16_r02,2011-03-16_r02_ORDINARIA.pdf,74,Sr. Presidente,Sr. Presidente.,yes,yes,same-paragraph,none,high,Tiene la palabra la señora senadora Escudero.,None.,
443,2011-03-30_r03,2011-03-30_r03_ORDINARIA.pdf,30,Sr. Morales,Sr. Morales.,yes,yes,same-paragraph,none,high,Señor presidente: solicito preferencia que anticipé al presidente de la Comisión de Presupuesto y,None.,
444,2011-03-30_r03,2011-03-30_r03_ORDINARIA.pdf,61,Sra. Negre de Alonso,Sra. Negre de Alonso.,yes,yes,same-paragraph,none,high,Recuerde la ley de bienes culturales.,None.,
445,2011-03-30_r03,2011-03-30_r03_ORDINARIA.pdf,64,Sr. Presidente,Sr. Presidente.,yes,yes,same-paragraph,none,high,"No va a tener los dos tercios, senador Morales. ¿Quiere votarlo?",None.,
446,2011-03-30_r03,2011-03-30_r03_ORDINARIA.pdf,76,Sra. Escudero,Sra. Escudero.,yes,yes,same-paragraph,none,high,Con la modificación que habíamos planteado.,None.,
447,2011-03-30_r03,2011-03-30_r03_ORDINARIA.pdf,76,Sr. Presidente,Sr. Presidente.,yes,yes,same-paragraph,none,high,"Sí, esa propuesta ya había sido aceptada.",None.,
448,2011-03-30_r03,2011-03-30_r03_ORDINARIA.pdf,85,Sr. Verna,Sr. Verna.,yes,yes,same-paragraph,none,high,"Señor presidente: mientras encuentran el texto unificado, ¿por qué no votamos el expediente S.-104/11,",None.,
449,2011-04-13_r04,2011-04-13_r04_ORDINARIA.pdf,24,Sr. Presidente,Sr. Presidente.,yes,yes,same-paragraph,none,high,Tiene la palabra el señor senador Morales.,None.,
450,2011-04-13_r04,2011-04-13_r04_ORDINARIA.pdf,44,Sr. Fernández,Sr. Fernández.,yes,yes,same-paragraph,none,high,Única interrupción que le voy a dar. Única.,None.,
451,2011-04-13_r04,2011-04-13_r04_ORDINARIA.pdf,57,Sr. Presidente,Sr. Presidente.,yes,yes,same-paragraph,none,high,"El senador Cano le solicita una interrupción, ¿se la concede?","Clear single occurrence; ""Sr. Presidente. – El senador Cano le solicita una interrupción, ¿se la concede?""",
452,2011-05-04_r05,2011-05-04_r05_ORDINARIA.pdf,30,Sr. Lores,Sr. Lores.,yes,yes,same-paragraph,none,high,"Solicito una interrupción, señor presidente.","""Sr. Lores. – Solicito una interrupción, señor presidente.""",
453,2011-06-01_r07,2011-06-01_r07_ORDINARIA.pdf,59,Sr. Morales,Sr. Morales.,yes,yes,same-paragraph,none,high,"Sí, a la correctiva. Sugiero la siguiente redacción, aunque, de todos modos, la presidenta","Quote spans two printed paragraphs (""Sí, a la correctiva."" and ""Sugiero la siguiente redacción..."") but no new bold label intervenes, so both belong to Sr. Morales's turn.",
454,2011-06-01_r07,2011-06-01_r07_ORDINARIA.pdf,66,Sr. Presidente (Pampuro),Sr. Presidente (Pampuro).,yes,yes,same-paragraph,none,high,El señor senador Rodríguez Saá también se manifestó en el mismo sentido.,"""Sr. Presidente (Pampuro). – El señor senador Rodríguez Saá también se manifestó en el mismo sentido.""",
455,2011-06-01_r07,2011-06-01_r07_ORDINARIA.pdf,96,Sr. Pichetto,Sr. Pichetto.,yes,yes,same-paragraph,none,high,"Estamos de acuerdo si hacemos un tratamiento rápido, porque en cualquier momento nos quedamos","""Sr. Pichetto. – Estamos de acuerdo si hacemos un tratamiento rápido, porque en cualquier momento nos quedamos sin quórum.""",
456,2011-06-29_r08,2011-06-29_r08_ORDINARIA.pdf,52,Sr. Presidente (Romero),Sr. Presidente (Romero).,yes,yes,same-paragraph,none,high,Tiene la palabra la señora senadora Corpacci.,"""Sr. Presidente (Romero). – Tiene la palabra la señora senadora Corpacci.""",
457,2011-06-29_r08,2011-06-29_r08_ORDINARIA.pdf,75,Sr. Giustiniani,Sr. Giustiniani.,yes,yes,same-paragraph,none,high,Señor presidente: un primer elemento sobre el que yo quiero llamar la atención es,"""Sr. Giustiniani.– Señor presidente: un primer elemento sobre el que yo quiero llamar la atención es...""",
458,2011-07-27_r09,2011-07-27_r09_ORDINARIA.pdf,26,Sr. Presidente,Sr. Presidente.,yes,yes,same-paragraph,none,high,.─ Cómo no. Tiene la palabra el señor senador Morales.,"""Sr. Presidente.─ Cómo no."" followed on the next line (same turn, no new label) by ""Tiene la palabra el señor senador Morales.""",
459,2011-08-31_r10,2011-08-31_r10_ORDINARIA.pdf,20,Sr. Presidente,Sr. Presidente.,yes,yes,same-paragraph,none,medium,Aprobado.,"ambiguous — ""Aprobado."" is printed twice on this page (end of Plan de Labor item, and end of Licencia del senador Mestre item), both under the label ""Sr. Presidente."" so the label is the same either way.",
460,2011-08-31_r10,2011-08-31_r10_ORDINARIA.pdf,20,Sr. Presidente,Sr. Presidente.,yes,yes,same-paragraph,none,medium,Aprobado.,"ambiguous — same duplicate ""Aprobado."" situation as case 459 on the same page; both instances are labeled ""Sr. Presidente.""",
461,2011-08-31_r10,2011-08-31_r10_ORDINARIA.pdf,45,Sra. Presidenta (Escudero),Sra. Presidenta (Escudero).,yes,yes,same-paragraph,none,high,Tiene la palabra la señora senadora Monllau.,"""Sra. Presidenta (Escudero). – Tiene la palabra la señora senadora Monllau.""",
462,2011-11-02_r12,2011-11-02_r12_ORDINARIA.pdf,62,Sr. Presidente (Basualdo),Sr. Presidente (Basualdo).,yes,yes,same-paragraph,none,high,Tiene la palabra el señor senador Pichetto.,"""Sr. Presidente (Basualdo). – Tiene la palabra el señor senador Pichetto.""",
463,2011-11-02_r12,2011-11-02_r12_ORDINARIA.pdf,72,Sr. Secretario (Estrada),Sr. Secretario (Estrada).,yes,yes,same-paragraph,none,high,"Si les parece bien, respecto de los otros proyectos, podemos leer los números de","""Sr. Secretario (Estrada). – Si les parece bien, respecto de los otros proyectos, podemos leer los números de los expedientes.""",
464,2011-11-30_r13,2011-11-30_r13_ESPECIAL.pdf,10,Sr. Roldán,Sr. Roldán.,yes,yes,same-paragraph,none,high,Señor presidente: atento a que yo invisto una representación en este Senado de la,"""Sr. Roldán. – Señor presidente: atento a que yo invisto una representación en este Senado de la Nación...""",
465,2011-11-30_r14,2011-11-30_r14_ORDINARIA.pdf,3,Sr. Presidente,Sr. Presidente.,yes,yes,same-paragraph,none,high,Aprobado.,"""Sr. Presidente. – Aprobado."" (single occurrence on this page, under Renuncias de Señores Senadores).",
466,2011-11-30_r14,2011-11-30_r14_ORDINARIA.pdf,3,Sr. Presidente,Sr. Presidente.,yes,yes,same-paragraph,none,high,Corresponde tomar los juramentos de estilo a los senadores reemplazantes.,"""Sr. Presidente. – Corresponde tomar los juramentos de estilo a los senadores reemplazantes.""",
467,2011-12-14_r15,2011-12-14_r15_EXTRAORDINARIA.pdf,9,Sr. Martínez,Sr. Martínez.,yes,yes,same-paragraph,none,high,"Señor presidente: en concordancia con lo que planteó el senador Guinle, nosotros vamos a","""Sr. Martínez. – Señor presidente: en concordancia con lo que planteó el senador Guinle, nosotros vamos a acompañar...""",
468,2011-12-14_r15,2011-12-14_r15_EXTRAORDINARIA.pdf,9,Sr. Presidente,Sr. Presidente.,yes,yes,same-paragraph,none,medium,Tiene la palabra el señor senador Guinle.,"ambiguous — ""Tiene la palabra el señor senador Guinle."" is printed twice on this page (once right after Cabanchik/Martínez remarks, once after ""Aprobada."" near the bottom); both are governed by the label ""Sr. Presidente.""",
469,2011-12-21_r16,2011-12-21_r16_EXTRAORDINARIA.pdf,40,Sr. Morales,Sr. Morales.,yes,yes,same-paragraph,none,high,"Sí, como no.","""Sr. Morales. – Sí, como no."" is the first line on the page, with its own label printed on the same page.",
470,2011-12-21_r16,2011-12-21_r16_EXTRAORDINARIA.pdf,46,Sr. Presidente,Sr. Presidente.,yes,yes,same-paragraph,none,high,Se abre la votación en general. –,"""Sr. Presidente. – Se abre la votación en general."" followed by the stage direction ""Se practica la votación por medios electrónicos,"" which does not end the turn.",
471,2011-12-21_r16,2011-12-21_r16_EXTRAORDINARIA.pdf,47,Sr. Morales,Sr. Morales.,yes,yes,same-paragraph,none,high,Señor presidente: en el mismo sentido de lo que acaba de plantear el senador,"""Sr. Morales. – Señor presidente: en el mismo sentido de lo que acaba de plantear el senador Giustiniani...""",
472,2011-12-21_r16,2011-12-21_r16_EXTRAORDINARIA.pdf,84,Sr. Giustiniani,Sr. Giustiniani.,yes,yes,same-paragraph,none,high,Esas reformas estructurales de las que estamos hablando refieren a la política tributaria y,"Label appears right after the stage direction ""Ocupa la Presidencia la señora presidenta provisional del H. Senado, senadora Beatriz L. Rojkés de Alperovich,"" which does not end the prior turn but the new label ""Sr. Giustiniani."" governs the quoted words directly.",
473,2011-12-21_r16,2011-12-21_r16_EXTRAORDINARIA.pdf,117,Sr. Morales,Sr. Morales.,yes,yes,same-paragraph,none,high,La entrega de la Patria. Algún día vamos a discutir de todos los temas.,"""Sr. Morales. – La entrega de la Patria. Algún día vamos a discutir de todos los temas.""",
474,2011-12-21_r16,2011-12-21_r16_EXTRAORDINARIA.pdf,124,Sra. Escudero,Sra. Escudero.,yes,yes,same-paragraph,none,medium,Eran 271 puntos de riesgo país en 2007.,"ambiguous — ""Eran 271 puntos de riesgo país en 2007."" is printed twice in a row on this page, both times under the label ""Sra. Escudero.""",
475,2011-12-21_r16,2011-12-21_r16_EXTRAORDINARIA.pdf,124,Sra. Escudero,Sra. Escudero.,yes,yes,same-paragraph,none,medium,Eran 271 puntos de riesgo país en 2007.,"ambiguous — same duplicate quote as case 474 on the same page; both instances are labeled ""Sra. Escudero.""",
476,2011-12-22_r17,2011-12-22_r17_EXTRAORDINARIA.pdf,60,Sra. Morandini,Sra. Morandini.,yes,yes,same-paragraph,none,high,"No. Voy a terminar y, después…","Exact match ""No. Voy a terminar y, después…"" printed directly after the bold label.",
477,2011-12-22_r17,2011-12-22_r17_EXTRAORDINARIA.pdf,74,Sra. Presidenta (Rojkés de Alperovich),Sra. Presidenta (Rojkés de Alperovich).,yes,yes,same-paragraph,none,high,"Gracias, senador. El senador Guinle ya se comprometió en tal sentido. Tiene la palabra","Exact match; the President then says ""Tiene la palabra el senador Guinle"" in the next paragraph under a different label.",
478,2011-12-22_r17,2011-12-22_r17_EXTRAORDINARIA.pdf,113,Sr. Secretario (Estrada),Sr. Secretario (Estrada).,yes,yes,same-paragraph,none,high,Se registran 51 votos por la afirmativa y 12 por la negativa. –,"Page has two similar vote-result lines; only this one uses ""Se registran"" (the other, for Capítulo I, says ""Resultan 51 votos afirmativos y 12 negativos""), so the wording pins it to the artículo 3° vote.",
479,2012-03-01_r00,2012-03-01_r00_ASAMBLEA.pdf,12,Sra. Presidenta de la Nación,Sra. Presidenta de la Nación.,yes,yes,previous-page,none,high,"Para los que no saben, no fue a fondos de afuera, no fue a","Label printed on page 6; no new label appears on pages 7-12, so the speech carries forward unbroken to the quoted words on page 12.",
480,2012-03-01_r00,2012-03-01_r00_ASAMBLEA.pdf,20,Sra. Presidenta de la Nación,Sra. Presidenta de la Nación.,yes,yes,previous-page,(Aplausos.),high,Así que yo les puedo asegurar que esta presidenta no solamente quiere cuidar el,"Label printed on page 6, unbroken through page 20; ""(Aplausos.)"" appears in the same paragraph right after the quoted words.",
481,2012-03-01_r00,2012-03-01_r00_ASAMBLEA.pdf,21,Sra. Presidenta de la Nación,Sra. Presidenta de la Nación.,yes,yes,previous-page,(aplausos),high,"porque sabemos que es una importante fuente de recursos para las provincias, para sus","Label printed on page 6, unbroken through page 21; ""(aplausos)"" appears in the same paragraph immediately before the quoted words.",
482,2012-03-01_r00,2012-03-01_r00_ASAMBLEA.pdf,36,Sra. Presidenta de la Nación,Sra. Presidenta de la Nación.,yes,yes,previous-page,none,high,"Por otra parte, vamos a tomar como Poder Ejecutivo todas las medidas que siempre",Label printed on page 35 (same speech that includes the exhibited-graph stage direction); no new label before the quote on page 36.,
483,2012-03-21_r03,2012-03-21_r03_ORDINARIA.pdf,42,Sr. Verani,Sr. Verani.-,yes,yes,previous-page,(risas),high,; que las manijas están al lado de los trenes y no se las,"Label printed on page 40, unbroken through page 42; ""(risas)"" appears in the same paragraph just before the quoted words.",
484,2012-04-25_r04,2012-04-25_r04_ESPECIAL.pdf,178,Sr. Secretario (Estrada),Sr. Secretario (Estrada).,yes,yes,same-paragraph,none,medium,Resultan 47 votos por la afirmativa y 19 por la negativa. –,"ambiguous - the identical words ""Resultan 47 votos por la afirmativa y 19 por la negativa."" are printed twice on this page (once for artículo 2°, once for artículo 3°), both under the same speaker label, so the label is certain but the specific instance is not distinguishable.",
485,2012-04-25_r04,2012-04-25_r04_ESPECIAL.pdf,178,Sr. Secretario (Estrada),Sr. Secretario (Estrada).,yes,yes,same-paragraph,none,medium,Resultan 47 votos por la afirmativa y 19 por la negativa. –,"ambiguous - duplicate of case 484; same quoted words appear twice on the page under the same label, so which instance is meant cannot be determined, though the label itself is unambiguous.",
486,2012-05-09_r05,2012-05-09_r05_ORDINARIA.pdf,22,Sr. Presidente,Sr. Presidente.,yes,yes,same-paragraph,none,high,Queda aprobada la declaración. Se procederá en consecuencia.,"Exact match, followed only by a footnote marker (not furniture text) referencing the Apéndice.",
487,2012-05-16_r06,2012-05-16_r06_ORDINARIA.pdf,10,Sra. Presidenta (Rojkés de Alperovich),Sra. Presidenta (Rojkés de Alperovich).,yes,yes,same-paragraph,none,high,Adelante,"Single-word turn ""Adelante"" printed directly after the label.",
488,2012-05-16_r06,2012-05-16_r06_ORDINARIA.pdf,17,Sra. Presidenta (Rojkés de Alperovich),Sra. Presidenta (Rojkés de Alperovich).,yes,yes,same-paragraph,none,high,"Corresponde considerar en conjunto los dictámenes de comisión con proyectos de comunicación, resolución y",Exact match.,
489,2012-05-16_r06,2012-05-16_r06_ORDINARIA.pdf,17,Sra. Presidenta (Rojkés de Alperovich),Sra. Presidenta (Rojkés de Alperovich).,yes,yes,same-paragraph,none,high,"Perdón, secretario.","Exact match, immediately follows the senator Borello interjection ""Señora presidenta…"" on the same page.",
490,2012-05-16_r06,2012-05-16_r06_ORDINARIA.pdf,55,Sra. Presidenta (Rojkés de Alperovich),Sra. Presidenta (Rojkés de Alperovich).,yes,yes,same-paragraph,none,high,Tiene la palabra el señor senador Pichetto.,Exact match.,
491,2012-05-16_r06,2012-05-16_r06_ORDINARIA.pdf,55,Sr. Pichetto,Sr. Pichetto.,yes,yes,same-paragraph,none,high,"¿Me permite hacer el desarrollo histórico, senador? Porque yo he sido la víctima: no","Exact match, follows directly after the Sr. Sanz interjection ""Cuente cuáles son los victimarios…"" on the same page.",
492,2012-05-30_r07,2012-05-30_r07_ORDINARIA.pdf,16,Sr. Presidente,Sr. Presidente.,yes,yes,same-paragraph,none,high,"En consecuencia, por 40 votos afirmativos y 16 negativos quedan aprobados ambos decretos de",Exact match.,
493,2012-05-30_r08,2012-05-30_r08_INFORMATIVA_ESPECIAL.pdf,68,Sr. Presidente,Sr. Presidente.,yes,yes,same-paragraph,none,high,"Para cerrar esta reunión, tiene la palabra el senador Pichetto.",Exact match.,
494,2012-07-11_r11,2012-07-11_r11_ORDINARIA.pdf,19,Sr. Presidente,Sr. Presidente.,yes,yes,same-paragraph,none,high,¡Por favor!,"Exact match, single-word exclamation printed directly after the label.",
495,2012-07-11_r11,2012-07-11_r11_ORDINARIA.pdf,62,Sr. Presidente,Sr. Presidente.,yes,yes,same-paragraph,none,high,Queda definitivamente sancionado el proyecto de ley. Se harán las comunicaciones correspondientes.,Exact match.,
496,2012-08-15_r12,2012-08-15_r12_ORDINARIA.pdf,57,Sr. Presidente,Sr. Presidente.,yes,yes,same-paragraph,none,high,Queda definitivamente sancionado el proyecto de ley. Se harán las comunicaciones correspondientes.,"Exact match, closing the ""Propiedad del Estado Nacional"" item.",
497,2012-08-16_r13,2012-08-16_r13_ESPECIAL.pdf,33,Sr. Presidente,Sr. Presidente.,yes,yes,same-paragraph,none,high,Tiene la palabra la senadora Morandini.,"Exact match, follows the Sra. Morandini/Sr. Godoy exchange on the page.",
498,2012-08-16_r13,2012-08-16_r13_ESPECIAL.pdf,49,Sr. Mayans,Sr. Mayans.,yes,yes,same-paragraph,(Risas),high,¡El Minotauro!,"Exact match; ""(Risas)"" is printed in the same line immediately after the quoted exclamation.",
499,2012-08-16_r13,2012-08-16_r13_ESPECIAL.pdf,90,Sr. Secretario (Estrada),Sr. Secretario (Estrada).,yes,yes,same-paragraph,none,high,Resultan 43 votos por la afirmativa; 21 por la negativa.,Exact match.,
500,2012-09-05_r14,2012-09-05_r14_ORDINARIA.pdf,10,Sr. Presidente,Sr. Presidente.-,yes,yes,same-paragraph,none,high,Tiene la palabra el señor senador Pichetto.,Exact match.,
501,2012-09-05_r14,2012-09-05_r14_ORDINARIA.pdf,21,Sr. Secretario (Estrada),Sr. Secretario (Estrada).-,yes,yes,same-paragraph,none,high,"A continuación, corresponde considerar en forma conjunta los siguientes órdenes del día de la","Opening line of section 10, spoken by the secretary.",
502,2012-09-05_r14,2012-09-05_r14_ORDINARIA.pdf,21,Sr. Presidente,Sr. Presidente.-,yes,yes,same-paragraph,none,high,"Si no hay objeción, votaremos los cinco proyectos en forma conjunta.",None.,
503,2012-09-12_r15,2012-09-12_r15_ORDINARIA.pdf,35,Sr. Mayans,Sr. Mayans.-,yes,yes,same-paragraph,none,high,Pero hicieron la conferencia.,"Short interjection, label immediately precedes the quoted words.",
504,2012-09-12_r15,2012-09-12_r15_ORDINARIA.pdf,80,Sr. Filmus,Sr. Filmus.-,yes,yes,same-paragraph,none,high,Señor presidente: voy a hacer tres reflexiones y una propuesta. La primera reflexión hace,None.,
505,2012-09-12_r15,2012-09-12_r15_ORDINARIA.pdf,84,Sr. Cano,Sr. Cano.-,yes,yes,same-paragraph,none,high,Transfiere las cuentas sueldo a los bancos privados: es lo mismo. Es lo que,None.,
506,2012-10-17_r17,2012-10-17_r17_ORDINARIA.pdf,28,Sr. Secretario (Estrada),Sr. Secretario (Estrada).-,yes,yes,same-paragraph,none,high,"Órdenes del día números 970, 986 a 988, 990, 994, 1.001, 1.002 y 1.164",None.,
507,2012-10-25_r18,2012-10-25_r18_ESPECIAL.pdf,22,Sr. Barrionuevo,Sr. Barrionuevo.-,yes,yes,same-paragraph,none,high,Quiero dejar constancia de lo siguiente: esta es una sesión especial en la que,None.,
508,2012-10-25_r18,2012-10-25_r18_ESPECIAL.pdf,43,Sr. Rodríguez Saá,Sr. Rodríguez Saá.-,yes,yes,same-paragraph,none,high,¿Me permite una interrupción?,None.,
509,2012-10-31_r19,2012-10-31_r19_ORDINARIA.pdf,32,Sr. Presidente,Sr. Presidente.-,yes,yes,same-paragraph,none,high,Tiene la palabra la señora senadora Negre de Alonso.,None.,
510,2012-11-14_r20,2012-11-14_r20_ORDINARIA.pdf,14,Sra. Presidenta (Rojkés de Alperovich),Sra. Presidenta (Rojkés de Alperovich).-,yes,yes,same-paragraph,none,high,Tiene la palabra el senador Marino.,None.,
511,2012-11-14_r20,2012-11-14_r20_ORDINARIA.pdf,17,Sra. Presidenta (Rojkés de Alperovich),Sra. Presidenta (Rojkés de Alperovich).-,yes,yes,same-paragraph,none,high,En consideración la moción de preferencia formulada por el señor senador Giustiniani. Si no,None.,
512,2012-11-14_r20,2012-11-14_r20_ORDINARIA.pdf,43,Sra. Presidenta (Rojkés de Alperovich),Sra. Presidenta (Rojkés de Alperovich).-,yes,yes,same-paragraph,none,high,"Si hay asentimiento, así se hará.",None.,
513,2012-11-14_r20,2012-11-14_r20_ORDINARIA.pdf,108,Sr. Mayans,Sr. Mayans.-,yes,yes,same-paragraph,none,high,Sigamos por temario.,None.,
514,2012-11-28_r21,2012-11-28_r21_ORDINARIA.pdf,64,Sra. Presidenta (Rojkés de Alperovich),Sra. Presidenta (Rojkés de Alperovich).-,yes,yes,same-paragraph,none,high,"Para una interrupción, tiene la palabra el señor senador Fernández.",None.,
515,2012-11-28_r21,2012-11-28_r21_ORDINARIA.pdf,97,Sra. Giménez,Sra. Giménez.-,yes,yes,same-paragraph,none,high,Señor presidente: había un proyecto de ley que solicité sea incluido entre los temas,None.,
516,2012-11-29_r22,2012-11-29_r22_ORDINARIA.pdf,71,Sr. Presidente,Sr. Presidente.-,yes,yes,same-paragraph,none,high,Corresponde considerar el dictamen de la Comisión de Presupuesto y Hacienda en el proyecto,None.,
517,2012-11-29_r22,2012-11-29_r22_ORDINARIA.pdf,76,Sr. Pichetto,Sr. Pichetto.-,yes,yes,same-paragraph,none,high,Hay un conjunto de proyectos de ley que a ser considerados sobre tablas que,None.,
518,2012-11-29_r22,2012-11-29_r22_ORDINARIA.pdf,77,Sr. Giustiniani,Sr. Giustiniani.-,yes,yes,same-paragraph,none,high,"¡No, perdón! Un segundo. Lo que estamos aceptando son las modificaciones de la Cámara",None.,
519,2013-02-21_r24,2013-02-21_r24_EXTRAORDINARIA.pdf,6,Sr. Presidente,Sr. Presidente.-,yes,yes,same-paragraph,none,high,Tiene la palabra el señor senador Giustiniani.,None.,
520,2013-02-21_r24,2013-02-21_r24_EXTRAORDINARIA.pdf,60,Sr. López,Sr. López.-,yes,yes,same-paragraph,none,high,Señora presidenta: aun a riesgo de insistir y de decir cosas que ya han,None.,
521,2013-02-21_r24,2013-02-21_r24_EXTRAORDINARIA.pdf,69,Sra. Escudero,Sra. Escudero.-,yes,yes,same-paragraph,none,high,Creo que el senador Mayans está teniendo una actitud sexista. Aquí muchos leen los,None.,
522,2013-02-28_r01,2013-02-28_r01_PREPARATORIA.pdf,3,Sr. Presidente,Sr. Presidente.-,yes,yes,same-paragraph,none,high,Queda abierta la sesión preparatoria.,None.,
523,2013-03-01_r00,2013-03-01_r00_ASAMBLEA.pdf,19,Sra. Presidenta de la Nación,Sra. Presidenta de la Nación.-,yes,yes,previous-page,none,high,"Con los recursos que también se han destinado a este sector, se ha incentivado","Continuous speech opened on printed page 6 (image p0006) with the label ""Sra. Presidenta de la Nación. -""; no new bold label appears before the quoted words on printed page 19 (image p0019), only paragraph breaks and (Aplausos.) interjections, so the same label carries forward across all 14 images.",
524,2013-03-01_r00,2013-03-01_r00_ASAMBLEA.pdf,31,Sra. Presidenta de la Nación,Sra. Presidenta de la Nación.-,yes,yes,previous-page,none,high,"No están hablando con genocidas. Están hablando con gobiernos democráticos, con gobiernos que son","Same continuous speech as case 523, opened on printed page 6 (image p0006) with the label ""Sra. Presidenta de la Nación. -"". The quoted words fall on printed page 31 (image p0031), still before the label reappears later on that same page after a gallery interruption, so the original label from page 6 still governs.",
525,2013-03-20_r03,2013-03-20_r03_ORDINARIA.pdf,49,Sra. Negre de Alonso,Sra. Negre de Alonso.-,yes,yes,same-paragraph,none,high,Señor presidente: no solamente no puede aplaudir la gente que está en las galerías,None.,
526,2013-03-20_r03,2013-03-20_r03_ORDINARIA.pdf,53,Sr. Presidente,Sr. Presidente. -,yes,yes,same-paragraph,none,high,"En consideración los tres proyectos, órdenes del día 2, 3 y 5. Si no",none,
527,2013-04-17_r04,2013-04-17_r04_ESPECIAL.pdf,89,Sr. Morales,Sr. Morales.-,yes,yes,same-paragraph,none,high,¡Hagan lo que quieran!,none,
528,2013-04-17_r04,2013-04-17_r04_ESPECIAL.pdf,108,Sr. Pichetto,Sr. Pichetto.-,yes,yes,same-paragraph,none,high,"Pida, señor presidente, que me dejen hablar porque no estoy agraviando a nadie ni",none,
529,2013-04-18_r05,2013-04-18_r05_ESPECIAL.pdf,18,Sr. Presidente,Sr. Presidente.-,yes,yes,same-paragraph,none,high,Senador Cimadevilla: el señor senador Fernández le solicita una interrupción. ¿Se la concede?,none,
530,2013-04-24_r06,2013-04-24_r06_ORDINARIA.pdf,20,Sra. Escudero,Sra. Escudero.-,yes,yes,same-paragraph,none,high,Es una acción de la policía de la provincia Salta. La provincia fue incapaz,none,
531,2013-04-24_r06,2013-04-24_r06_ORDINARIA.pdf,70,Sr. Fernández,Sr. Fernández.-,yes,yes,same-paragraph,none,high,"Presidente: acá la única diferencia que hay es el corrimiento. El 9, 10 y",none,
532,2013-04-24_r06,2013-04-24_r06_ORDINARIA.pdf,77,Sr. Presidente,Sr. Presidente.-,yes,yes,same-paragraph,none,high,Tiene la palabra el señor senador Verna.,none,
533,2013-04-24_r06,2013-04-24_r06_ORDINARIA.pdf,79,Sr. Secretario (Estrada),Sr. Secretario (Estrada).-,yes,yes,same-paragraph,none,high,Resultan 53 votos afirmativos. Unanimidad.,none,
534,2013-05-22_r08,2013-05-22_r08_ORDINARIA.pdf,143,Sr. Presidente,Sr. Presidente.-,yes,yes,same-paragraph,none,high,"El señor secretario va a leer los tres proyectos y, si no hay ninguna",none,
535,2013-06-05_r10,2013-06-05_r10_INFORMATIVA_ESPECIAL.pdf,41,Sr. Jefe de Gabinete de Ministros,Sr. Jefe de Gabinete de Ministros.-,yes,yes,same-paragraph,none,high,La Gendarmería actuó sobre la base de lo que estaba fijado. Y reitero: fue,none,
536,2013-06-05_r10,2013-06-05_r10_INFORMATIVA_ESPECIAL.pdf,95,Sr. Filmus,Sr. Filmus.-,yes,yes,same-paragraph,none,high,Señor presidente: simplemente para dar unas cifras y precisar lo que señalaba recién el,none,
537,2013-07-03_r12,2013-07-03_r12_ORDINARIA.pdf,15,Sr. Presidente,Sr. Presidente.-,yes,yes,same-paragraph,none,high,Tiene la palabra el señor senador Pichetto.,none,
538,2013-07-03_r12,2013-07-03_r12_ORDINARIA.pdf,85,Sr. Presidente,Sr. Presidente.-,yes,yes,same-paragraph,none,high,Propongo que pongamos a votación todas las inserciones.,none,
539,2013-07-31_r13,2013-07-31_r13_ESPECIAL.pdf,24,Sr. Godoy,Sr. Godoy.-,yes,yes,same-paragraph,none,high,Señor presidente: compartimos la preocupación que ha manifestado el senador Sanz. Este es un,none,
540,2013-07-31_r13,2013-07-31_r13_ESPECIAL.pdf,25,Sra. Escudero,Sra. Escudero.-,yes,yes,same-paragraph,none,high,"Señor presidente: quiero solicitar una preferencia con dictamen de comisión para el expediente S.-1.766/12,",none,
541,2013-07-31_r13,2013-07-31_r13_ESPECIAL.pdf,40,Sr. Guastavino,Sr. Guastavino.-,yes,yes,same-paragraph,none,high,Quería preguntarle al senador Castillo si se estaba refiriendo a mí.,none,
542,2013-07-31_r13,2013-07-31_r13_ESPECIAL.pdf,75,Sr. Martínez,Sr. Martínez.-,yes,yes,same-paragraph,none,high,"Nosotros vamos a votar en contra el 417, el 426, el 427, el 434",none,
543,2013-09-12_r15,2013-09-12_r15_ORDINARIA.pdf,25,Sr. Fernández,Sr. Fernández.-,yes,yes,same-paragraph,none,high,"Señora presidenta: en mi condición de presidente de la Comisión de Presupuesto y Hacienda,",none,
544,2013-09-12_r15,2013-09-12_r15_ORDINARIA.pdf,40,Sra. Presidenta (Rojkés de Alperovich),Sra. Presidenta (Rojkés de Alperovich).-,yes,yes,same-paragraph,none,high,Tiene la palabra la señora senadora Escudero.,none,
545,2013-09-12_r15,2013-09-12_r15_ORDINARIA.pdf,67,Sr. Presidente,Sr. Presidente.-,yes,yes,same-paragraph,none,high,Exactamente; ese es el sentido de la votación.,none,
546,2013-10-09_r16,2013-10-09_r16_ESPECIAL.pdf,9,Sra. Presidenta (Rojkés de Alperovich),Sra. Presidenta (Rojkés de Alperovich).-,yes,yes,same-paragraph,none,high,"Perdón senador Cano, tiene la palabra el señor senador Pichetto.",none,
547,2013-10-09_r16,2013-10-09_r16_ESPECIAL.pdf,14,Sr. Secretario (Estrada),Sr. Secretario (Estrada).-,yes,yes,same-paragraph,none,high,"Senadores Fernández, Montero, Romero, Escudero y Linares, como miembros informantes. Luego continúan los senadores",none,
548,2013-10-09_r16,2013-10-09_r16_ESPECIAL.pdf,135,Sra. Negre de Alonso,Sra. Negre de Alonso.-,yes,yes,same-paragraph,none,high,Está firmado por los auditores de ustedes.,none,
549,2013-11-13_r17,2013-11-13_r17_ORDINARIA.pdf,18,Sra. Presidenta (Rojkés de Alperovich),Sra. Presidenta (Rojkés de Alperovich).-,yes,yes,same-paragraph,none,high,En consideración. Tiene la palabra el señor senador Guinle.,none,
550,2013-11-13_r17,2013-11-13_r17_ORDINARIA.pdf,37,Sr. Secretario (Estrada),Sr. Secretario (Estrada).-,yes,yes,same-paragraph,none,high,"En consecuencia, los votos afirmativos son 49. Unanimidad.",none,
551,2013-11-13_r17,2013-11-13_r17_ORDINARIA.pdf,54,Sr. Mayans,Sr. Mayans.-,yes,yes,same-paragraph,none,high,Obviamente que uno de los derechos fundamentales de las personas es el derecho a,none,
552,2013-11-13_r17,2013-11-13_r17_ORDINARIA.pdf,72,Sra. Presidenta (Rojkés de Alperovich),Sra. Presidenta (Rojkés de Alperovich).-,yes,yes,same-paragraph,none,high,"Si hay acuerdo, los podemos votar en un solo acto.",none,
553,2013-11-27_r18,2013-11-27_r18_ESPECIAL.pdf,10,Sr. Pichetto,Sr. Pichetto.-,yes,yes,same-paragraph,none,high,Solicito que los juramentos los hagamos por provincia y por abecedario. Me parece que,none,
554,2013-11-27_r18,2013-11-27_r18_ESPECIAL.pdf,11,Sr. Presidente,Sr. Presidente.-,yes,yes,same-paragraph,none,high,Señor senador nacional electo por la provincia del Chaco Ángel Rozas: ¿juráis a la,Quoted words are the continuation (within the same unlabeled paragraph block) of the presiding officer's turn reading successive oath formulas; no new bold label intervenes before Ángel Rozas's name.,
555,2013-11-27_r19,2013-11-27_r19_ESPECIAL.pdf,97,Sr. Petcoff Naidenoff,Sr. Petcoff Naidenoff.-,yes,yes,same-paragraph,none,high,"Son criterios de interpretación. Acá es taxativa, no analógica. Las disposiciones del Código no",none,
556,2013-12-04_r20,2013-12-04_r20_ORDINARIA.pdf,7,Sr. Pichetto,Sr. Pichetto.-,yes,yes,same-paragraph,none,high,¿Me concede una interrupción?,none,
557,2013-12-18_r21,2013-12-18_r21_EXTRAORDINARIA.pdf,73,Sr. Pichetto,Sr. Pichetto.-,yes,yes,same-paragraph,none,high,¿Saben por qué comparo?,none,
558,2013-12-18_r21,2013-12-18_r21_EXTRAORDINARIA.pdf,124,Sra. Negre de Alonso,Sra. Negre de Alonso.-,yes,yes,same-paragraph,none,high,quiero desear a todos una feliz Navidad y un feliz año 2014. No nos,none,
559,2014-02-28_r01,2014-02-28_r01_PREPARATORIA.pdf,8,Sra. Morandini,Sra. Morandini.-,yes,yes,same-paragraph,none,high,Pido la palabra...,none,
560,2014-03-01_r00,2014-03-01_r00_ASAMBLEA.pdf,5,Sr. Secretario (Estrada),Sr. Secretario (Estrada).,yes,yes,same-paragraph,none,high,"Para la Comisión de Exterior: por la Cámara de Senadores, Silvia García Larraburu, Inés",none,
561,2014-03-01_r00,2014-03-01_r00_ASAMBLEA.pdf,37,Sr. Presidente,Sr. Presidente.,yes,yes,same-paragraph,none,high,"Habiéndose cumplido el objetivo de esta solemne Asamblea, queda levantada la misma; muchas gracias.",none,
562,2014-03-12_r03,2014-03-12_r03_INFORMATIVA_ESPECIAL.pdf,59,Sr. Cimadevilla,Sr. Cimadevilla.-,yes,yes,same-paragraph,none,high,Entonces vamos a tener que cambiar la legislación.,none,
563,2014-03-12_r03,2014-03-12_r03_INFORMATIVA_ESPECIAL.pdf,61,Sr. Cimadevilla,Sr. Cimadevilla.-,yes,yes,same-paragraph,none,high,"De todas maneras, yo quisiera que me diga, frente al escenario actual, qué van",none,
564,2014-03-12_r03,2014-03-12_r03_INFORMATIVA_ESPECIAL.pdf,155,Sr. Jefe de Gabinete de Ministros,Sr. Jefe de Gabinete de Ministros.-,yes,yes,same-paragraph,none,high,Te planteo el dato correspondiente porque hay que plantearlo. Quiero explicar básicamente cómo se,none,
565,2014-04-09_r05,2014-04-09_r05_ORDINARIA.pdf,13,Sr. Presidente,Sr. Presidente.,yes,yes,same-paragraph,none,high,Senador Marino.,none,
566,2014-04-09_r05,2014-04-09_r05_ORDINARIA.pdf,40,Sra. Fellner,Sra. Fellner.,yes,yes,same-paragraph,none,high,"Yo solicitaba que pidiera silencio, pero ni al presidente lo tenía sentado escuchándome.",none,
567,2014-04-09_r05,2014-04-09_r05_ORDINARIA.pdf,50,Sr. Presidente,Sr. Presidente.,yes,yes,same-paragraph,none,high,Tiene la palabra la señora senadora Fellner.,none,
568,2014-04-30_r06,2014-04-30_r06_ORDINARIA.pdf,26,Sr. Fernández,Sr. Fernández.,yes,yes,same-paragraph,none,high,"Señor presidente: no quise interrumpir a la senadora Negre de Alonso, pero hay algunas",none,
569,2014-04-30_r06,2014-04-30_r06_ORDINARIA.pdf,41,Sr. Rodríguez Saá,Sr. Rodríguez Saá.,yes,yes,same-paragraph,none,high,"Finalizo con dos reflexiones políticas. Con respecto al poder de policía, que ha sido",none,
570,2014-04-30_r06,2014-04-30_r06_ORDINARIA.pdf,52,Sr. Morales,Sr. Morales.,yes,yes,same-paragraph,none,high,"Está haciendo lío, presidente.",none,
571,2014-05-07_r07,2014-05-07_r07_INFORMATIVA_ESPECIAL.pdf,29,Sr. Presidente (Zamora),Sr. Presidente (Zamora).,yes,yes,same-paragraph,none,high,Tiene la palabra la senadora Negre de Alonso.,none,
572,2014-05-07_r07,2014-05-07_r07_INFORMATIVA_ESPECIAL.pdf,33,Sr. Jefe de Gabinete de Ministros,Sr. Jefe de Gabinete de Ministros.,yes,yes,same-paragraph,none,high,¿Por qué tengo que responder si usted sabe leer y escribir? Hay 45 ausentes,none,
573,2014-05-07_r07,2014-05-07_r07_INFORMATIVA_ESPECIAL.pdf,50,Sr. Jefe de Gabinete de Ministros,Sr. Jefe de Gabinete de Ministros.,yes,yes,same-paragraph,none,high,"Está bien, toda la información complementaria que se",Quote is the last line of the page and the sentence is cut off; it clearly belongs to the paragraph opened by this label.,
574,2014-05-07_r07,2014-05-07_r07_INFORMATIVA_ESPECIAL.pdf,89,Sr. Marino,Sr. Marino.,yes,yes,same-paragraph,none,high,Cuando usted quiera.,none,
575,2014-05-07_r07,2014-05-07_r07_INFORMATIVA_ESPECIAL.pdf,92,Sr. Cimadevilla,Sr. Cimadevilla.,yes,yes,same-paragraph,none,high,"Bueno, le hago una pregunta yo. ¿Puede en el país haber veinticuatro políticas energéticas?",none,
576,2014-05-21_r08,2014-05-21_r08_ORDINARIA.pdf,41,Sr. Secretario (Estrada),Sr. Secretario (Estrada).,yes,yes,same-paragraph,none,high,Se registran 51 votos por la afirmativa. Unanimidad.,"Quote follows directly after ""Se practica la votación electrónica."" stage direction, under the Secretario's label.",
577,2014-05-28_r09,2014-05-28_r09_ORDINARIA.pdf,48,Sr. Solanas,Sr. Solanas.-,yes,yes,same-paragraph,none,high,Señor presidente: sumo unas palabras a esta extraordinaria iniciativa. Me sorprendió que no existiera,None.,
578,2014-05-28_r09,2014-05-28_r09_ORDINARIA.pdf,93,Sr. Marino,Sr. Marino.-,yes,yes,same-paragraph,none,high,"Señor presidente: realmente, me parece lamentable lo que hoy estamos tratando, un tema que",None.,
579,2014-07-02_r10,2014-07-02_r10_ORDINARIA.pdf,63,Sr. Presidente (Zamora),Sr. Presidente (Zamora).-,yes,yes,same-paragraph,none,high,"Para una interrupción, tiene la palabra el señor senador Pichetto.","This is the second of two consecutive ""Sr. Presidente (Zamora).-"" turns on the page; the quote belongs to the second one.",
580,2014-09-03_r13,2014-09-03_r13_ESPECIAL.pdf,235,Sr. Presidente (Petcoff Naidenoff),Sr. Presidente (Petcoff Naidenoff).-,yes,yes,same-paragraph,none,high,"El listado no lo terminó de leer el senador Fuentes, pero quiero dejar constancia",None.,
581,2014-09-03_r13,2014-09-03_r13_ESPECIAL.pdf,271,Sr. Álvarez,Sr. Álvarez.-,yes,yes,same-paragraph,none,high,"Perfecto, senador. Cuando habla de multas, nosotros estamos generando multas con escalas. Podemos generar",None.,
582,2014-09-03_r13,2014-09-03_r13_ESPECIAL.pdf,281,Sr. Presidente (Fuente),Sr. Presidente (Fuente).-,yes,yes,same-paragraph,none,high,"Vamos a llamar a Pablo Taussig, de la Asociación Cristiana de Dirigentes de Empresa,","This page prints the surname as ""(Fuente)"" without a final s, unlike other nearby pages where it appears as ""(Fuentes)""; reported exactly as printed here.",
583,2014-09-03_r13,2014-09-03_r13_ESPECIAL.pdf,306,Sr. Capitanich,Sr. Capitanich.-,yes,yes,same-paragraph,none,high,"¿Sabe lo que tiene que hacer usted? Primero, eso es una descripción de lo",None.,
584,2014-09-17_r14,2014-09-17_r14_ORDINARIA.pdf,13,Sr. Giustiniani,Sr. Giustiniani.-,yes,yes,same-paragraph,none,high,"Gracias, presidente. En el mismo sentido, pido una cuestión de privilegio por sentirme afectado",None.,
585,2014-09-17_r14,2014-09-17_r14_ORDINARIA.pdf,75,Sr. Presidente,Sr. Presidente.-,yes,yes,same-paragraph,none,high,"Entonces, ponemos a votación todos los proyectos en forma conjunta Tiene la palabra la",None.,
586,2014-10-08_r15,2014-10-08_r15_ESPECIAL.pdf,14,Sr. Presidente (Zamora),Sr. Presidente (Zamora).-,yes,yes,same-paragraph,none,high,Se van a votar los pedidos de inserción.,None.,
587,2014-10-08_r15,2014-10-08_r15_ESPECIAL.pdf,58,Sr. Martínez,Sr. Martínez.-,yes,yes,same-paragraph,none,high,¡Discúlpeme!,None.,
588,2014-10-29_r18,2014-10-29_r18_ORDINARIA.pdf,60,Sr. Presidente (Zamora),Sr. Presidente (Zamora).-,yes,yes,same-paragraph,none,high,"No, senadora. Solamente le aviso que está excedida en seis minutos. Nada más le",None.,
589,2014-10-29_r18,2014-10-29_r18_ORDINARIA.pdf,93,Sra. Elías de Perez,Sra. Elías de Perez.-,yes,yes,same-paragraph,none,high,Señor presidente: la verdad es que hemos escuchado de todo en esta tarde. Es,None.,
590,2014-10-29_r18,2014-10-29_r18_ORDINARIA.pdf,95,Sra. Elías de Perez,Sra. Elías de Perez.-,yes,yes,same-paragraph,none,high,Todo el día de hoy no me he levantado para nada; he escuchado a,None.,
591,2014-11-19_r19,2014-11-19_r19_ESPECIAL.pdf,11,Sra. Odarda,Sra. Odarda.-,yes,yes,same-paragraph,none,high,Señor presidente: también quiero rechazar las imputaciones que realizó el senador Fuentes respecto de,None.,
592,2014-12-17_r22,2014-12-17_r22_ORDINARIA.pdf,47,Sr. Presidente,NONE,no,no,previous-page,none,low,"Muchas gracias, senador. Entonces, vamos a utilizar el mecanismo propuesto, adicionando a los conjueces","Only page 48 was supplied, but the quote ""Muchas gracias, senador."" is the tail end of a paragraph printed on page 47 (not given); page 48 opens mid-paragraph with ""Entonces, vamos a utilizar el mecanismo propuesto..."" and carries no bold label of its own. No label is printed anywhere in the image I was given, so I report NONE rather than guess; this looks like a brief fault (page 47 should have been included).","parser right — the image is printed page 47 and its last line is 'Sr. Presidente.- Muchas gracias, senador.', the quoted words with their label. The reader believed it had been given page 48."
593,2014-12-17_r22,2014-12-17_r22_ORDINARIA.pdf,48,Sr. Presidente,Sr. Presidente.-,yes,yes,same-paragraph,none,high,"No vamos a repetir la lectura porque ya quedó suficientemente claro; aparte, está la",None.,
594,2014-12-17_r22,2014-12-17_r22_ORDINARIA.pdf,85,Sr. Presidente,Sr. Presidente.-,yes,yes,same-paragraph,none,high,Ahora vamos a tratar los sobre tablas.,None.,
595,2014-12-29_r23,2014-12-29_r23_ESPECIAL.pdf,25,Sr. Godoy,Sr. Godoy.-,yes,yes,same-paragraph,none,high,"Este convenio marco de complementación, de cooperación económica y de inversión fue firmado por",None.,
596,2014-12-29_r23,2014-12-29_r23_ESPECIAL.pdf,29,Sr. Marino,Sr. Marino.-,yes,yes,same-paragraph,none,high,"Leí perfectamente el artículo: la diferencia está en que los chinos vienen acá, no",None.,
597,2014-12-29_r23,2014-12-29_r23_ESPECIAL.pdf,44,Sr. Rozas,Sr. Rozas.-,yes,yes,same-paragraph,none,high,"Ahora, ¡todo es urgente!, ¡todo es rápido! Desde el 18 de julio tuvieron los",None.,
598,2014-12-29_r23,2014-12-29_r23_ESPECIAL.pdf,45,Sr. Presidente,Sr. Presidente.-,yes,yes,same-paragraph,none,high,"Entonces, que todos puedan tener un feliz año nuevo con sus familias, para compartir.",None.,
599,2015-02-12_r24,2015-02-12_r24_ESPECIAL.pdf,12,Sr. Pichetto,Sr. Pichetto.-,yes,yes,same-paragraph,none,high,Bien. Autorizamos las inserciones y votamos la lista de oradores.,None.,
600,2015-03-01_r00,2015-03-01_r00_ASAMBLEA.pdf,20,Sra. Presidenta de la Nación,Sra. Presidenta de la Nación.-,yes,yes,previous-page,(aplausos),high,"; que hemos otorgado, a través de financiamiento blando, como les decía: Bicentenario, el","Single unbroken speech (the President's message to the Legislative Assembly) runs from page 7 through page 20 with no other bold speaker label appearing anywhere in between (only stage directions like ""(Aplausos.)"" interrupt it); the quote on page 20 is preceded in the same paragraph by ""(aplausos)"".",
601,2015-03-01_r00,2015-03-01_r00_ASAMBLEA.pdf,21,Sra. Presidenta de la Nación,Sra. Presidenta de la Nación.-,yes,yes,previous-page,(Aplausos.),high,Porque ¿a quién no le gusta comprar cosas lindas en doce cuotas sin interés?,"Label opens on p.7 (""Sra. Presidenta de la Nación.- Gracias, presidente."") and the speech continues uninterrupted (only Aplausos/Risas stage directions) through to the quote on p.21; checked an intermediate page (p.14) to confirm no new label appears.",
602,2015-03-11_r02,2015-03-11_r02_ORDINARIA.pdf,29,Sr. González,Sr. González.-,yes,yes,same-paragraph,none,high,Señor presidente: la verdad es que este tema nos toca a todos de manera,none,
603,2015-04-15_r03,2015-04-15_r03_ORDINARIA.pdf,12,Sra. Negre de Alonso,Sra. Negre de Alonso.-,yes,yes,same-paragraph,none,high,Exactamente.,"""Exactamente."" is the entire turn.",
604,2015-05-27_r04,2015-05-27_r04_ORDINARIA.pdf,28,Sr. Pichetto,Sr. Pichetto.-,yes,yes,same-paragraph,none,high,Señor presidente: el primer tema estamos de acuerdo en incorporarlo al paquete de leyes,none,
605,2015-05-27_r04,2015-05-27_r04_ORDINARIA.pdf,50,Sr. Presidente,Sr. Presidente.-,yes,yes,same-paragraph,none,high,Queda constancia del voto de la senadora Rojkés de Alperovich. Queda constancia de los,"Follows ""Sra. Rojkés de Alperovich.- Voto por la afirmativa.""; the quoted words themselves are the Presidente's response.",
606,2015-05-27_r04,2015-05-27_r04_ORDINARIA.pdf,88,Sr. Presidente,Sr. Presidente.-,yes,yes,same-paragraph,none,high,¿Por qué no las describe?,none,
607,2015-07-01_r05,2015-07-01_r05_ORDINARIA.pdf,16,Sr. Irrazábal,Sr. Irrazábal.-,yes,yes,same-paragraph,none,high,Señor presidente: en nombre del bloque del Frente para la Victoria y también como,none,
608,2015-07-01_r05,2015-07-01_r05_ORDINARIA.pdf,18,Sr. Presidente,Sr. Presidente.-,yes,yes,same-paragraph,none,high,"Claro, vamos a concluir el homenaje. Si no se hace uso de la palabra,",none,
609,2015-07-01_r05,2015-07-01_r05_ORDINARIA.pdf,22,Sr. Mayans,Sr. Mayans.-,yes,yes,same-paragraph,none,high,Señor presidente: nosotros preferimos que este proyecto pase a comisión para debatirlo allí.,none,
610,2015-07-01_r05,2015-07-01_r05_ORDINARIA.pdf,27,Sra. Michetti,Sra. Michetti.-,yes,yes,same-paragraph,none,high,Señor presidente: vamos a votar en contra de toda la lista que acaba de,"Printed without a space as ""Sra. Michetti-"" is not the case here; page shows ""Sra. Michetti.-"" with the period-dash form.",
611,2015-07-01_r05,2015-07-01_r05_ORDINARIA.pdf,29,Sr. Verna,Sr. Verna.-,yes,yes,same-paragraph,none,high,"¿Ah, sí? Bueno, pero el “generalmente” no está escrito. Modifique el reglamento y después",none,
612,2015-07-01_r05,2015-07-01_r05_ORDINARIA.pdf,80,Sra. Fellner,Sra. Fellner.-,yes,yes,earlier-on-page,none,high,"Gracias, presidente. Usted sabe que a veces, cuando se dicen expresiones fuera del micrófono","The label ""Sra. Fellner.- Gracias, presidente."" appears as a short opening line, and the quoted words begin the next paragraph of the same uninterrupted turn (no new bold label between them).",
613,2015-07-01_r05,2015-07-01_r05_ORDINARIA.pdf,84,Sra. Negre de Alonso,Sra. Negre de Alonso.-,yes,yes,same-paragraph,none,high,"Nosotros vamos a votar, salvo el senador Garramuño, en contra el artículo 2º. Y",none,
614,2015-07-29_r06,2015-07-29_r06_ORDINARIA.pdf,12,Sr. Presidente,Sr. Presidente.-,yes,yes,same-paragraph,none,high,Tiene la palabra el senador Pichetto.,none,
615,2015-07-29_r06,2015-07-29_r06_ORDINARIA.pdf,17,Sra. Rojkés de Alperovich,Sra. Rojkés de Alperovich.-,yes,yes,same-paragraph,none,high,Es muy buena esta iniciativa y es especialmente satisfactorio para mí el reconocimiento que,none,
616,2015-07-29_r06,2015-07-29_r06_ORDINARIA.pdf,18,Sr. Presidente,Sr. Presidente.-,yes,yes,same-paragraph,none,high,Tiene la palabra el senador Rozas.,none,
617,2015-07-29_r06,2015-07-29_r06_ORDINARIA.pdf,21,Sr. Cimadevilla,Sr. Cimadevilla.-,yes,yes,same-paragraph,none,high,"Señor presidente: hay varias cosas que habría que mejorar en el proyecto. Por ejemplo,",none,
618,2015-07-29_r06,2015-07-29_r06_ORDINARIA.pdf,34,Sr. Presidente,Sr. Presidente.-,yes,yes,same-paragraph,none,high,Tiene la palabra el señor senador Giustiniani.,none,
619,2015-07-29_r06,2015-07-29_r06_ORDINARIA.pdf,38,Sr. Presidente,Sr. Presidente.-,yes,yes,same-paragraph,none,high,Por eso.,"""Por eso."" is the entire turn.",
620,2015-08-26_r07,2015-08-26_r07_ORDINARIA.pdf,18,Sr. Secretario (Estrada),Sr. Secretario (Estrada).-,yes,yes,previous-page,- Los dictámenes en consideración cuyos textos se incluyen en el Apéndice son los siguientes:,medium,": Vocal de la Cámara Federal de Apelaciones de Salta, provincia de Salta, Sala","The label opens on p.17 (""Sr. Secretario (Estrada).- Entonces, para vocal de la Cámara Federal de Apelaciones de Salta...""); the quoted words are inside a formatted list of nominee titles on p.18 that follows a stage-direction line, still under the same uninterrupted turn since no new bold label intervenes.",
621,2015-08-26_r07,2015-08-26_r07_ORDINARIA.pdf,21,Sr. Presidente,Sr. Presidente.-,yes,yes,same-paragraph,none,high,"Muchas gracias, senadora. Senador Mansilla, tiene la palabra.",none,
622,2015-08-26_r07,2015-08-26_r07_ORDINARIA.pdf,30,Sr. Marino,Sr. Marino.-,yes,yes,same-paragraph,none,high,Señor presidente: me parece que nos estamos yendo de la esencia del proyecto de,none,
623,2015-09-16_r08,2015-09-16_r08_ORDINARIA.pdf,10,Sr. Abal Medina,Sr. Abal Medina.-,yes,yes,same-paragraph,none,high,"Señor presidente: quería solicitar una preferencia para la próxima sesión respecto al expediente S.-2.587/15,",none,
624,2015-09-16_r08,2015-09-16_r08_ORDINARIA.pdf,11,Sra. Morandini,Sra. Morandini.-,yes,yes,same-paragraph,none,high,Señor presidente: he solicitado la palabra para pedir que se habilite sobre tablas una,none,
625,2015-09-16_r08,2015-09-16_r08_ORDINARIA.pdf,19,Sr. Presidente,Sr. Presidente.-,yes,yes,same-paragraph,none,high,Corresponde la consideración de los órdenes del día con proyectos de ley que se,none,
626,2015-09-16_r08,2015-09-16_r08_ORDINARIA.pdf,27,Sra. Montero,Sra. Montero.-,yes,yes,previous-page,"running head/page-number lines (""16 de septiembre de 2015 / Sesión ordinaria / Pág. 25"", ""...Pág. 26"", ""...Pág. 27"") and footer ""Dirección General de Taquígrafos"" interrupt this paragraph at each page break as it runs from p.24 to p.27",high,que está en caos en cuanto al manejo de los recursos humanos. Somos casi,"Turn opens with ""Sra. Montero.-"" on p.24 and continues uninterrupted by any new bold label through p.27, where the quoted words appear near the top; the turn ends only when ""Sr. Presidente.- Senadora Negre de Alonso: tiene la palabra."" appears later on p.27.",
627,2015-09-16_r08,2015-09-16_r08_ORDINARIA.pdf,27,Sra. Negre de Alonso,Sra. Negre de Alonso.-,yes,yes,same-paragraph,none,high,"Señor presidente: el objeto de este proyecto de ley, como lo dijo el miembro",Label and quoted words appear in the same paragraph on p.27.,
628,2015-09-16_r08,2015-09-16_r08_ORDINARIA.pdf,65,Sr. Presidente,Sr. Presidente.-,yes,yes,same-paragraph,none,high,"Por favor, senador Pichetto.","""Sr. Presidente.- Por favor, senador Pichetto."" is a short, single-line turn.",
629,2015-10-07_r09,2015-10-07_r09_ORDINARIA.pdf,26,Sr. Presidente,Sr. Presidente.-,yes,yes,same-paragraph,none,high,¿La ponemos a votación?,"""Sr. Presidente.- ¿La ponemos a votación?"" is a short, single-line turn.",
630,2015-10-07_r09,2015-10-07_r09_ORDINARIA.pdf,67,Sr. Abal Medina,Sr. Abal Medina.-,yes,yes,same-paragraph,none,high,"Sí, se incluyó, senadora.","""Sr. Abal Medina.- Sí, se incluyó, senadora."" is a short, single-line turn.",
631,2015-10-28_r10,2015-10-28_r10_ORDINARIA.pdf,69,Sr. Rodríguez Saá,Sr. Rodríguez Saá.-,yes,yes,previous-page,"running head/page-number line (""28 de octubre de 2015 / Sesión ordinaria / Pág. 67"", ""...Pág. 68"", ""...Pág. 69"") and footer ""Dirección General de Taquígrafos"" interrupt this paragraph at each page break as it runs from p.66 to p.69",high,va a haber devaluación y que el dólar va a costar en el orden,"Turn opens with ""Sr. Rodríguez Saá.-"" on p.66 and continues uninterrupted by any new bold label through p.69, where the quoted words appear at the very top of the page; the turn ends with ""Por lo tanto, vamos a votar en contra, señor presidente. Nada más."" later on p.69, followed by ""Sr. Presidente.- Tiene la palabra el señor senador Morales.""",
632,2015-11-04_r00,2015-11-04_r00_ASAMBLEA.pdf,5,Sr. Presidente,Sr. Presidente.-,yes,yes,same-paragraph,none,high,"Como es de práctica, si hay asentimiento, esta Presidencia procederá a designar una comisión",Label and quoted words appear in the same paragraph on p.5.,
633,2015-11-04_r00,2015-11-04_r00_ASAMBLEA.pdf,7,Sr. Presidente,Sr. Presidente.-,yes,yes,same-paragraph,none,high,"Muchas gracias. Queda, entonces, levantada la Asamblea Legislativa.","""Sr. Presidente.- Muchas gracias."" is immediately followed, in the same paragraph, by ""Queda, entonces, levantada la Asamblea Legislativa. (Aplausos.)""; the parenthetical does not end the turn.",
634,2015-12-03_r12,2015-12-03_r12_ESPECIAL.pdf,9,Sr. Pichetto,Sr. Pichetto.-,yes,yes,same-paragraph,none,high,Presidente…,"""Sr. Pichetto.- Presidente…"" is a short interjection right after ""Senador Rozas…"" (an unlabeled stage direction/interruption by the presiding officer, not a new speaker label).",
635,2015-12-03_r12,2015-12-03_r12_ESPECIAL.pdf,11,Sr. Rozas,Sr. Rozas.-,yes,no,same-paragraph,none,medium,"Señor presidente, señores senadores: en nombre del bloque de la Unión Cívica Radical, propongo","The single page given (p.11) ends mid-sentence with ""...en nombre del bloque de la Unión"" — the words ""Cívica Radical, propongo"" that complete the quoted phrase are not visible on this page (they would continue onto p.12, not supplied). The visible text matches the start of the quote exactly and is the last, unclosed paragraph on the page, opened by ""Sr. Rozas.-"", so that is the closest/only candidate label.",
636,2015-12-03_r12,2015-12-03_r12_ESPECIAL.pdf,13,Sr. Presidente,Sr. Presidente.-,yes,yes,same-paragraph,none,high,En consideración.,"ambiguous — ""En consideración."" is printed three times on p.13 (after the Rebot, Tunessi, and Estrada proposals), each time under the identical label ""Sr. Presidente.-""; the label is not in doubt but which of the three occurrences this case refers to cannot be determined from the quote alone.",
637,2015-12-03_r12,2015-12-03_r12_ESPECIAL.pdf,13,Sr. Presidente,Sr. Presidente.-,yes,yes,same-paragraph,none,high,En consideración.,"ambiguous — same as case 636: ""En consideración."" appears three times on p.13, all under ""Sr. Presidente.-""; label is certain, specific occurrence is not distinguishable.",
638,2015-12-03_r12,2015-12-03_r12_ESPECIAL.pdf,13,Sr. Presidente,Sr. Presidente.-,yes,yes,same-paragraph,none,high,En consideración.,"ambiguous — same as cases 636/637: ""En consideración."" appears three times on p.13, all under ""Sr. Presidente.-""; label is certain, specific occurrence is not distinguishable.",
639,2016-04-27_r04,2016-04-27_r04_ESPECIAL.pdf,53,Sra. García,Sra. García.-,yes,yes,previous-page,"running head/page-number line (""27 de abril de 2016 / Sesión especial / Pág. 51"", ""...Pág. 52"", ""...Pág. 53"") and footer ""Dirección General de Taquígrafos"" interrupt this paragraph at each page break as it runs from p.50 to p.53",high,"que reclamaba el PJ, esa misma gobernabilidad que reclamaban los gobernadores del PJ, finalmente","Turn opens with ""Sra. García.-"" on p.50 (right after ""Sr. Presidente (Pinedo).- Tiene la palabra la señora senadora García."") and continues uninterrupted through p.53, where the quoted words appear at the very top of the page; the turn ends with ""Muchas gracias."" shortly after, followed by ""Sr. Presidente (Pinedo).- Tiene la palabra el señor senador Basualdo.""",
640,2016-05-18_r05,2016-05-18_r05_ESPECIAL.pdf,11,Sr. Pais,Sr. Pais.-,yes,yes,same-paragraph,none,high,Señor presidente: solicito moción de preferencia con despacho de comisión de dos proyectos: el,Label and quoted words appear in the same paragraph on p.11.,
641,2016-05-18_r05,2016-05-18_r05_ESPECIAL.pdf,20,Sr. Cobos,Sr. Cobos.-,yes,yes,same-paragraph,none,high,"Sí, por supuesto.","""Sr. Cobos.- Sí, por supuesto."" is a short, single-line turn answering a question from senator Presidente (Pinedo).",
642,2016-06-08_r08,2016-06-08_r08_ORDINARIA.pdf,55,Sra. Presidente,Sra. Presidente.-,yes,yes,same-paragraph,none,high,Tiene la palabra la señora senadora Fellner.,"""Sra. Presidente.- Tiene la palabra la señora senadora Fellner."" is spoken by the presiding officer, not by Fellner herself, who has not yet taken the floor.",
643,2016-06-15_r09,2016-06-15_r09_ESPECIAL.pdf,44,Sr. Mera,Sr. Mera.-,yes,yes,same-paragraph,none,high,Que termine el senador.,"""Sr. Mera.- Que termine el senador."" is a short, single-line turn.",
644,2016-07-13_r11,2016-07-13_r11_ORDINARIA.pdf,64,Sra. Sacnun,Sra. Sacnun.-,yes,yes,same-paragraph,none,high,"Sí, ya redondeo. No defendían la integración de capital, que, justamente, es lo que","""Sra. Sacnun.- Sí, ya redondeo."" is directly followed, in the same paragraph, by ""No defendían la integración de capital, que, justamente, es lo que..."" — the quoted phrase spans both sentences.",
645,2016-07-13_r11,2016-07-13_r11_ORDINARIA.pdf,95,Sra. Presidente,Sra. Presidenta.-,no,yes,same-paragraph,none,high,Vamos a votar todo junto porque hay unanimidad en los proyectos.,Label and quoted words appear in the same paragraph on p.95.,"parser right — the page prints 'Sra. Presidente.-'. The reader wrote 'Presidenta', adding a feminine ending the edition does not print; this sitting prints the masculine form 154 times."
646,2016-08-10_r12,2016-08-10_r12_ORDINARIA.pdf,29,Sra. Presidente,Sra. Presidente.-,yes,yes,same-paragraph,none,high,Vamos a votar el Orden del Día Nº 417/16.,"Label and quoted words appear in the same paragraph on p.29 (""Sra. Presidente.- Vamos a votar el Orden del Día Nº 417/16."").",
647,2016-08-10_r12,2016-08-10_r12_ORDINARIA.pdf,34,Sra. Presidente,Sra. Presidente.-,yes,yes,same-paragraph,none,high,"Muchísimas gracias, senador Guastavino: ha sido claro. El senador Urtubey tiene la palabra.","""Sra. Presidente.- Muchísimas gracias, senador Guastavino: ha sido claro."" is followed, in the same paragraph, by the unindented continuation line ""El senador Urtubey tiene la palabra."" — the full quoted sentence spans both lines.",
648,2016-08-10_r12,2016-08-10_r12_ORDINARIA.pdf,54,Sra. Presidente,Sra. Presidente.-,yes,yes,same-paragraph,none,high,Senador Pinedo.,"""Sra. Presidente.- Senador Pinedo."" is a short, single-line turn.",
649,2016-08-10_r12,2016-08-10_r12_ORDINARIA.pdf,68,Sra. Presidente,Sra. Presidente.-,yes,yes,same-paragraph,none,high,Aprobado.,"""Sra. Presidente.- Aprobado."" carries a footnote marker (39, referencing ""Ver el Apéndice."" at the bottom of the page) but that footnote text itself is not printed inside the paragraph.",
650,2016-09-07_r13,2016-09-07_r13_ORDINARIA.pdf,17,Sra. Presidente,Sra. Presidente.-,yes,yes,same-paragraph,none,high,Se toma nota. ¿Hay algún otro pedido?,Label and quoted words appear in the same paragraph on p.17.,
651,2016-09-07_r13,2016-09-07_r13_ORDINARIA.pdf,23,Sr. Guastavino,Sr. Guastavino.,yes,yes,same-paragraph,none,high,"Gracias, presidenta. Como bien informaba el secretario, son dos proyectos: uno, por el que",Label opens the paragraph directly; quote is the first sentence after it.,
652,2016-09-07_r13,2016-09-07_r13_ORDINARIA.pdf,47,Sra. Negre de Alonso,Sra. Negre de Alonso.,yes,yes,same-paragraph,none,high,Siempre lo hemos venido diciendo por interbloque. Yo presenté y firmé con disidencia parcial.”,Label opens the paragraph directly; quote is the first sentence after it.,
653,2016-09-07_r13,2016-09-07_r13_ORDINARIA.pdf,95,Sr. Pinedo,Sr. Pinedo.,yes,yes,same-paragraph,none,high,Hay una propuesta de la oposición de modificar el inciso m) del artículo 8º.,Label opens the paragraph directly; quote is the first sentence after it.,
654,2016-09-07_r13,2016-09-07_r13_ORDINARIA.pdf,115,Sr. Pichetto,Sr. Pichetto.,yes,yes,same-paragraph,none,high,Termine.,"Very short turn (""Termine."") immediately after Sr. Martínez (E. F.) is interrupted; label governs the whole one-word turn.",
655,2016-09-21_r14,2016-09-21_r14_ESPECIAL.pdf,51,Sr. Secretario (Tunessi),Sr. Secretario (Tunessi).,yes,yes,same-paragraph,none,high,"Resultan afirmativos, 38 votos; negativos, 22 votos; cero abstenciones para el artículo 30 del",Vote-tally announcement; label opens the paragraph directly.,
656,2016-09-28_r15,2016-09-28_r15_INFORMATIVA_ESPECIAL.pdf,17,Sr. Presidente (Pinedo),Sr. Presidente (Pinedo).,yes,yes,same-paragraph,none,high,"Gracias, señor senador. Tiene la palabra la senadora Luna.",Label opens the paragraph directly; quote is the full two-sentence turn.,
657,2016-09-28_r15,2016-09-28_r15_INFORMATIVA_ESPECIAL.pdf,20,Sr. Presidente (Pinedo),Sr. Presidente (Pinedo).,yes,yes,same-paragraph,none,high,"Le ruego que se fije el tiempo, senador.",Label opens the paragraph directly.,
658,2016-10-19_r16,2016-10-19_r16_ORDINARIA.pdf,44,Sr. Secretario (Tunessi),Sr. Secretario (Tunessi).,yes,yes,same-paragraph,none,high,Se había pedido que fuera a dictamen.,Label opens the paragraph directly; short one-sentence turn.,
659,2016-11-02_r17,2016-11-02_r17_ORDINARIA.pdf,47,Sra. Riofrío,Sra. Riofrío.,yes,yes,same-paragraph,none,high,Señor presidente: solamente es para pedir autorización para abstenerme en el orden del día,Label opens the paragraph directly; quote is the first sentence after it.,
660,2016-11-16_r18,2016-11-16_r18_ORDINARIA.pdf,35,Sr. Presidente (Pinedo),Sr. Presidente (Pinedo).,yes,yes,same-paragraph,none,high,"Sí, yo voy a pedir silencio, señora senadora. Continúa en el uso de la","Label opens the paragraph directly; quote spans into the second sentence (""Continúa en el uso de la palabra..."").",
661,2016-11-16_r18,2016-11-16_r18_ORDINARIA.pdf,82,Sra. Rodríguez Machado,Sra. Rodríguez Machado.,yes,yes,same-paragraph,none,low,Mi voto es positivo.,"Ambiguous — ""Mi voto es positivo."" is printed three times in a row on this page, each under a different label (Sra. Rodríguez Machado, Sr. Martínez (E. F.), Sr. Petcoff Naidenoff). This case is assigned the first (topmost) occurrence; cases 662 and 663 are assigned the second and third occurrences respectively, in the absence of any other distinguishing information.",
662,2016-11-16_r18,2016-11-16_r18_ORDINARIA.pdf,82,Sr. Martínez (E. F.),Sr. Martínez (E. F.).,yes,yes,same-paragraph,none,low,Mi voto es positivo.,"Ambiguous — same quote ""Mi voto es positivo."" appears three times on this page under three different labels. This case is assigned the second (middle) occurrence; see note on case 661.",
663,2016-11-16_r18,2016-11-16_r18_ORDINARIA.pdf,82,Sr. Petcoff Naidenoff,Sr. Petcoff Naidenoff.,yes,yes,same-paragraph,none,low,Mi voto es positivo.,"Ambiguous — same quote ""Mi voto es positivo."" appears three times on this page under three different labels. This case is assigned the third (bottom) occurrence; see note on case 661.",
664,2016-11-23_r19,2016-11-23_r19_ORDINARIA.pdf,15,Sr. Presidente (Pinedo),Sr. Presidente (Pinedo).,yes,yes,same-paragraph,none,high,Afirmativo.,"Follows ""- Se practica la votación a mano alzada."" stage direction, which does not break the turn; label opens the paragraph directly.",
665,2016-11-23_r19,2016-11-23_r19_ORDINARIA.pdf,21,Sra. Giménez,Sra. Giménez.,yes,yes,same-paragraph,none,high,"Solicito una preferencia con dictamen de comisión para el expediente S.-4.194/16, que es presentado",Label opens the paragraph directly; quote is the first sentence after it.,
666,2016-11-23_r19,2016-11-23_r19_ORDINARIA.pdf,99,Sra. García,Sra. García.,yes,yes,same-paragraph,none,high,Para aclarar la abstención en el mismo sentido que la senadora Fernández Sagasti.,Label opens the paragraph directly; short one-sentence turn.,
667,2016-11-23_r19,2016-11-23_r19_ORDINARIA.pdf,102,Sra. Presidente,Sra. Presidente.,yes,yes,same-paragraph,none,high,"Perfecto. Bueno. Listo. Entonces, vamos a votar el O.D. Nº 1.222/16, primero. Senadora Mirkin.",Label opens the paragraph directly.,
668,2016-11-23_r19,2016-11-23_r19_ORDINARIA.pdf,105,Sra. Presidente,Sra. Presidente.,yes,yes,same-paragraph,none,high,No sé. Están a los gritos pelados. Se va a votar del 9º al,Label opens the paragraph directly.,
669,2016-11-23_r19,2016-11-23_r19_ORDINARIA.pdf,109,Sra. Presidente,Sra. Presidente.,yes,yes,same-paragraph,none,high,"¡Ahora vienen! ¡Ahora vienen! ¡Por favor, tranquilos! Votamos en una sola votación a mano",Label opens the paragraph directly; quote spans into the next sentence about voting.,
670,2016-11-30_r20,2016-11-30_r20_ORDINARIA.pdf,85,Sr. Basualdo,Sr. Basualdo.,yes,yes,same-paragraph,none,high,Acá lo dijo.,Label opens the paragraph directly; three-word turn.,
671,2016-11-30_r20,2016-11-30_r20_ORDINARIA.pdf,120,Sra. Odarda,Sra. Odarda.,yes,yes,same-paragraph,none,high,"Está bien; me corresponde hablar como autora del proyecto, pero no hay problema. Que",Label opens the paragraph directly.,
672,2016-11-30_r20,2016-11-30_r20_ORDINARIA.pdf,127,Sra. Presidente,Sra. Presidente.,yes,yes,same-paragraph,none,high,Muchas gracias a usted. Tiene la palabra el senador Caserio.,Label opens the paragraph directly; quote spans the full two-line turn.,
673,2016-11-30_r20,2016-11-30_r20_ORDINARIA.pdf,173,Sra. Presidente,Sra. Presidente.,yes,yes,same-paragraph,"a footnote marker ""73"" appears mid-quote (after ""Aprobado."") but no footnote text is printed inline",high,"Aprobado. No, no tiene unanimidad, lamento decirle.","Label opens the paragraph directly; quote spans ""Aprobado."" and the following sentence ""No, no tiene unanimidad, lamento decirle."" in the same turn.",
674,2016-12-14_r21,2016-12-14_r21_EXTRAORDINARIA.pdf,9,Sr. Pichetto,Sr. Pichetto.,yes,yes,same-paragraph,none,high,En una sola votación.,"Label opens the paragraph directly; short confirming turn following Sra. Presidente's ""Sí, correcto.""",
675,2016-12-21_r22,2016-12-21_r22_EXTRAORDINARIA.pdf,36,Sr. Castillo,Sr. Castillo.,yes,yes,same-paragraph,none,high,"Señora presidenta: vamos a ser cortitos, como se nos ha pedido. En verdad, nada",Label opens the paragraph directly; quote is the first sentence after it.,
676,2016-12-21_r22,2016-12-21_r22_EXTRAORDINARIA.pdf,44,Sra. Presidente,Sra. Presidente.-,yes,yes,same-paragraph,none,high,Le doy de más.,"Label immediately precedes the quoted words, on the same page.",
677,2016-12-21_r22,2016-12-21_r22_EXTRAORDINARIA.pdf,57,Sr. Petcoff Naidenoff,Sr. Petcoff Naidenoff.-,yes,yes,same-paragraph,none,high,"No, los que estén previamente en el uso de la palabra.",None.,
678,2016-12-21_r22,2016-12-21_r22_EXTRAORDINARIA.pdf,60,Sra. Presidente,Sra. Presidente.-,yes,yes,same-paragraph,none,high,Pasa a la Comisión de Asuntos Constitucionales.,"The identical phrase ""Pasa a la Comisión de Asuntos Constitucionales."" also appears earlier in this same document (a different session moment, page 57) under the same label ""Sra. Presidente.-""; within the given page it appears only once, so no ambiguity on this image.",
679,2017-03-29_r02,2017-03-29_r02_ORDINARIA.pdf,20,Sra. Presidente,Sra. Presidente.-,yes,yes,same-paragraph,none,high,Muchas gracias.,None.,
680,2017-03-29_r02,2017-03-29_r02_ORDINARIA.pdf,87,Sra. Negre de Alonso,Sra. Negre de Alonso.-,yes,yes,same-paragraph,none,high,"Bueno, está bien, que se vote así, presidente. No tengo problema.","A stage direction (""Varios señores senadores hablan a la vez."") appears between this speaker's prior turn and this one, but it precedes the label rather than sitting inside this paragraph.",
681,2017-03-29_r02,2017-03-29_r02_ORDINARIA.pdf,89,Sr. Presidente (Pinedo),Sr. Presidente (Pinedo).-,yes,yes,same-paragraph,none,high,Lo vamos a separar. Lo que va a hacer la Presidencia es poner a,None.,
682,2017-04-25_r03,2017-04-25_r03_ESPECIAL.pdf,5,Sr. Abal Medina,Sr. Abal Medina.-,yes,yes,same-paragraph,none,high,"Señor presidente: muy brevemente, porque es conocido por todos y por todas y las",None.,
683,2017-04-25_r03,2017-04-25_r03_ESPECIAL.pdf,6,Sr. Martínez (A. A.),Sr. Martínez (A. A.).-,yes,yes,same-paragraph,none,high,Solicito que se ratifiquen las autoridades.,None.,
684,2017-04-26_r05,2017-04-26_r05_ESPECIAL.pdf,27,Sr. Presidente (Pinedo),Sr. Presidente (Pinedo).-,yes,yes,same-paragraph,none,high,"Senadora, le pide una interrupción el senador Cabral.",None.,
685,2017-04-26_r05,2017-04-26_r05_ESPECIAL.pdf,37,Sr. Braillard Poccard,Sr. Braillard Poccard.-,yes,yes,same-paragraph,none,high,"Gracias, señor presidente. Es muy poco lo que quiero decir. Simplemente, reitero una vez",None.,
686,2017-05-10_r06,2017-05-10_r06_ESPECIAL.pdf,9,Sr. Presidente (Pinedo),Sr. Presidente (Pinedo).-,yes,yes,same-paragraph,none,high,"Señora senadora, no quiero interrumpir, pero les digo a todos los señores senadores que",None.,
687,2017-05-31_r07,2017-05-31_r07_ORDINARIA.pdf,42,Sr. Mayans,Sr. Mayans.-,yes,yes,same-paragraph,none,high,Había tres proyectos en labor parlamentaria.,None.,
688,2017-06-28_r08,2017-06-28_r08_INFORMATIVA_ESPECIAL.pdf,52,Sr. Solanas,Sr. Solanas.-,yes,yes,same-paragraph,none,high,"Bueno, le pido que me haga una excepción, yo rara vez lo pido. ¡Hoy",None.,
689,2017-07-12_r09,2017-07-12_r09_ESPECIAL.pdf,6,Sr. Presidente (Pinedo),Sr. Presidente (Pinedo).-,yes,yes,same-paragraph,none,high,Tiene la palabra la señora senadora Crexell.,None.,
690,2017-07-12_r09,2017-07-12_r09_ESPECIAL.pdf,22,Sr. Presidente (Marino),Sr. Presidente (Marino).-,yes,yes,same-paragraph,none,high,"Si hacen silencio, por favor, vamos a escuchar al miembro informante.",None.,
691,2017-08-23_r10,2017-08-23_r10_ORDINARIA.pdf,35,Sra. Presidente,Sra. Presidente.-,yes,yes,same-paragraph,none,high,Senador Rozas.,"Further down the same page the same speaker says ""Senador Rozas…"" (with ellipsis, not a period) in a separate turn; the exact quoted words ""Senador Rozas."" with a period match only the first, earlier occurrence.",
692,2017-08-23_r10,2017-08-23_r10_ORDINARIA.pdf,51,Sra. Kunath,Sra. Kunath.-,yes,yes,same-paragraph,none,high,¿Está incluido el proyecto O.D. Nº 1.251/16?,None.,
693,2017-08-23_r10,2017-08-23_r10_ORDINARIA.pdf,55,Sra. Odarda,Sra. Odarda.-,yes,yes,same-paragraph,none,high,"Perdón, yo tengo derecho a hablar y hacer una manifestación porque no es lo",None.,
694,2017-08-23_r10,2017-08-23_r10_ORDINARIA.pdf,56,Sra. García Larraburu,Sra. García Larraburu.-,yes,yes,same-paragraph,none,high,Me permite una interrupción.,None.,
695,2017-08-23_r10,2017-08-23_r10_ORDINARIA.pdf,56,Sra. Presidente,Sra. Presidente.-,yes,yes,same-paragraph,none,high,¿Le da una interrupción?,"A similar but longer line, ""¿Le da una interrupción a las señora senadora Kunath?"", appears later on the same page under the same label; it is not an exact match to the shorter quoted words, so no real ambiguity.",
696,2017-08-23_r10,2017-08-23_r10_ORDINARIA.pdf,69,Sra. Elías de Perez,Sra. Elías de Perez.-,yes,yes,same-paragraph,none,high,"…Y el cuarto punto era que las provincias, que en ese momento representaban un","The quoted words begin with an ellipsis, continuing this senator's speech after being interrupted by a ""Murmullos en el recinto."" stage direction and a brief chair intervention; the label reprinted right before the quote is hers.",
697,2017-08-23_r10,2017-08-23_r10_ORDINARIA.pdf,73,Sra. Almirón,Sra. Almirón.-,yes,yes,same-paragraph,none,high,"Nos vamos a abstener en los artículos 5º, 6º y 8º.",None.,
698,2017-09-06_r11,2017-09-06_r11_INFORMATIVA_ESPECIAL.pdf,11,Sra. Presidente,Sra. Presidente.-,yes,yes,same-paragraph,none,high,"Senador Godoy, por favor… Por favor, le pido, senador, sea respetuoso del tiempo de",None.,
699,2017-09-06_r11,2017-09-06_r11_INFORMATIVA_ESPECIAL.pdf,12,Sra. Presidente,Sra. Presidente.-,yes,yes,same-paragraph,none,high,Tiene la palabra el senador Mayans.,None.,
700,2017-09-06_r11,2017-09-06_r11_INFORMATIVA_ESPECIAL.pdf,12,Sra. Presidente,Sra. Presidente.-,yes,yes,same-paragraph,none,high,"No, sí, digo que no en la cotidianeidad de que no hemos tenido siempre…",None.,
701,2017-09-07_r12,2017-09-07_r12_ORDINARIA.pdf,23,Sr. Presidente (Pinedo),Sr. Presidente (Pinedo).,yes,yes,same-paragraph,none,high,Señor senador Pichetto.,Label opens the paragraph immediately before the quoted words.,
702,2017-09-07_r12,2017-09-07_r12_ORDINARIA.pdf,23,Sr. Presidente (Pinedo),Sr. Presidente (Pinedo).,yes,yes,same-paragraph,none,high,"Si no le parece mal, senadora, se va a incorporar al grupo que se",None.,
703,2017-09-07_r12,2017-09-07_r12_ORDINARIA.pdf,32,Sr. Fuentes,Sr. Fuentes.,yes,yes,same-paragraph,none,high,Insisto que quiero hablar para aclarar el tema sobre la posición del señor senador,None.,
704,2017-09-07_r12,2017-09-07_r12_ORDINARIA.pdf,34,Sr. Pichetto,Sr. Pichetto.,yes,yes,same-paragraph,none,high,"Bueno, votemos primero la de tablas...",None.,
705,2017-09-07_r12,2017-09-07_r12_ORDINARIA.pdf,52,Sr. Secretario (Tunessi),Sr. Secretario (Tunessi).,yes,yes,same-paragraph,none,high,"No identificados, tres.",None.,
706,2017-09-07_r12,2017-09-07_r12_ORDINARIA.pdf,52,Sr. Secretario (Tunessi),Sr. Secretario (Tunessi).,yes,yes,same-paragraph,none,high,Iturrez de Cappellini y Pichetto faltan votar.,Last line printed on the page.,
707,2017-09-27_r13,2017-09-27_r13_ESPECIAL.pdf,4,Sr. Presidente (Pinedo),Sr. Presidente (Pinedo).,yes,yes,same-paragraph,none,high,"De conformidad con lo dispuesto por el artículo 187 del Reglamento, la Presidencia informa",None.,
708,2017-09-27_r13,2017-09-27_r13_ESPECIAL.pdf,8,Sr. Presidente (Pinedo),Sr. Presidente (Pinedo).,yes,yes,same-paragraph,none,high,"En realidad, ya se votó el tratamiento sobre tablas. Igual, siguiendo su propuesta, lo",None.,
709,2017-09-27_r13,2017-09-27_r13_ESPECIAL.pdf,47,Sr. Presidente (Pinedo),Sr. Presidente (Pinedo).,yes,yes,same-paragraph,none,high,"Gracias, señor senador. La senadora Fiore Viñuales tiene la palabra.","The quote spans ""Gracias, señor senador."" and the following line ""La senadora Fiore Viñuales tiene la palabra."", both under the same label, before the next bold label (Sra. Fiore Viñuales) begins.",
710,2017-11-01_r14,2017-11-01_r14_ESPECIAL.pdf,7,Sr. Presidente (Pinedo),Sr. Presidente (Pinedo).,yes,yes,same-paragraph,none,high,Se van a insertar los proyectos de homenaje de la senadora y del senador,None.,
711,2017-11-01_r15,2017-11-01_r15_INFORMATIVA_ESPECIAL.pdf,16,Sr. Mayans,Sr. Mayans.,yes,yes,same-paragraph,none,high,"Presidente: gracias. Simplemente, quería decirle al jefe de Gabinete que nosotros somos una de",None.,
712,2017-11-29_r18,2017-11-29_r18_ORDINARIA.pdf,44,Sr. Mayans,Sr. Mayans.,yes,yes,same-paragraph,none,high,"No quiero contradecir a mi bloque. Quiero abstenerme, presidenta.",None.,
713,2017-11-29_r18,2017-11-29_r18_ORDINARIA.pdf,46,Sra. Presidente,Sra. Presidente.,yes,yes,same-paragraph,none,high,Eso es lo que pedí: que por favor se pusiera a consideración.,None.,
714,2017-11-29_r18,2017-11-29_r18_ORDINARIA.pdf,102,Sr. Presidente (Pinedo),Sr. Presidente (Pinedo).,yes,yes,same-paragraph,none,high,"Gracias, señor senador. Senadora Pilatti: tiene la palabra.","Quote spans ""Gracias, señor senador."" and ""Senadora Pilatti: tiene la palabra."", both under the same label.",
715,2017-12-27_r19,2017-12-27_r19_EXTRAORDINARIA.pdf,15,Sra. Presidente,Sra. Presidente.,yes,yes,same-paragraph,none,high,"Gracias, secretario. Ahora, por Secretaría se dará lectura de los proyectos.",None.,
716,2017-12-27_r19,2017-12-27_r19_EXTRAORDINARIA.pdf,76,Sra. Presidente,Sra. Presidente.,yes,yes,same-paragraph,none,high,"Gracias, senadora. Estoy tratando de que no pasemos los 15 minutos, que es el",None.,
717,2017-12-27_r19,2017-12-27_r19_EXTRAORDINARIA.pdf,158,Sr. Secretario (Tunessi),Sr. Secretario (Tunessi).,yes,yes,same-paragraph,none,high,El título I comprende los artículos 1º…,None.,
718,2017-12-27_r19,2017-12-27_r19_EXTRAORDINARIA.pdf,160,Sra. Presidente,Sra. Presidente.,yes,yes,same-paragraph,none,high,Tiene la palabra el señor senador Martínez.,None.,
719,2018-02-28_r01,2018-02-28_r01_PREPARATORIA.pdf,9,Sr. Secretario (Tunessi),Sr. Secretario (Tunessi).,yes,yes,same-paragraph,none,high,"Resultan: afirmativos, 44 votos; negativos, 18 votos y cero abstenciones.",None.,
720,2018-03-21_r02,2018-03-21_r02_ORDINARIA.pdf,66,Sra. Presidente,Sra. Presidente.,yes,yes,same-paragraph,none,high,Ya se ha tomado nota. Se ordena ahora por la Prosecretaría. Lo que propongo,None.,
721,2018-03-21_r02,2018-03-21_r02_ORDINARIA.pdf,71,Sra. Presidente,Sra. Presidente.,yes,yes,same-paragraph,none,high,Ahora vamos a votar en particular el título I.,None.,
722,2018-04-18_r03,2018-04-18_r03_ORDINARIA.pdf,56,Sra. Presidente,Sra. Presidente.,yes,yes,same-paragraph,none,high,Perdón. Espere…,"Same page has an earlier ""Sra. Presidente.- Sí. Perdón..."" turn; the quoted ""Perdón. Espere…"" is a distinct, later paragraph under a second Sra. Presidente label.",
723,2018-04-18_r03,2018-04-18_r03_ORDINARIA.pdf,56,Sra. Fernández Sagasti,Sra. Fernández Sagasti.,yes,yes,same-paragraph,none,high,¿Puedo seguir con la alocución? Le pido que me tome el tiempo…,"A later paragraph on the same page is misprinted ""Sr. Fernández Sagasti.-"" (masculine) for the same speaker, but that is a different paragraph, not this one.",
724,2018-04-18_r03,2018-04-18_r03_ORDINARIA.pdf,79,Sr. Petcoff Naidenoff,Sr. Petcoff Naidenoff.,yes,yes,same-paragraph,none,high,"No, no hay inconveniente, presidenta. Para dar una idea de lo que estamos hablando",None.,
725,2018-04-18_r03,2018-04-18_r03_ORDINARIA.pdf,113,Sr. Secretario (Tunessi),Sr. Secretario (Tunessi).,yes,yes,same-paragraph,none,high,Habría que votar el paquete…,None.,
726,2018-04-25_r04,2018-04-25_r04_ESPECIAL.pdf,64,Sr. Bullrich,Sr. Bullrich.-,yes,yes,same-paragraph,none,high,Pedí una interrupción.,none,
727,2018-04-25_r04,2018-04-25_r04_ESPECIAL.pdf,68,Sr. Secretario (Tunessi),Sr. Secretario (Tunessi).-,yes,yes,same-paragraph,none,high,"El inciso e) : “En forma unipersonal, en la audiencia de control de la",none,
728,2018-04-25_r04,2018-04-25_r04_ESPECIAL.pdf,68,Sra. Presidente,Sra. Presidente.-,yes,yes,same-paragraph,none,high,"Perfecto. Ahora vamos a votar del artículo 9º al artículo 15, todos juntos, porque",none,
729,2018-04-25_r04,2018-04-25_r04_ESPECIAL.pdf,70,Sra. Presidente,Sra. Presidente.-,yes,yes,same-paragraph,none,high,Vamos a votar ahora los artículos del 26 al 29. No tienen modificaciones.,none,
730,2018-04-25_r05,2018-04-25_r05_INFORMATIVA_ESPECIAL.pdf,12,Sra. Presidente,Sra. Presidente.-,yes,yes,same-paragraph,none,high,Gracias senadora. Tiene la palabra el senador Catalán Magni.,none,
731,2018-04-25_r05,2018-04-25_r05_INFORMATIVA_ESPECIAL.pdf,16,Sra. Presidente,Sra. Presidente.-,yes,yes,same-paragraph,none,high,"Gracias, senador Luenzo. Tiene la palabra el senador Omar Perotti.",none,
732,2018-04-25_r05,2018-04-25_r05_INFORMATIVA_ESPECIAL.pdf,54,Sr. Presidente (Marino),Sr. Presidente (Marino).-,yes,yes,same-paragraph,none,high,Señora senadora: se ha cumplido su tiempo.,none,
733,2018-05-30_r06,2018-05-30_r06_ESPECIAL.pdf,55,Sr. Presidente (Perotti),Sr. Presidente (Perotti).-,yes,yes,same-paragraph,none,high,"¿Le concede la interrupción, senador?",none,
734,2018-05-30_r06,2018-05-30_r06_ESPECIAL.pdf,137,Sra. Presidente,Sra. Presidente.-,yes,yes,same-paragraph,none,high,"Gracias, senador. No está el senador Rodríguez Saá. ¿Alguien va a hacer uso de",none,
735,2018-05-30_r06,2018-05-30_r06_ESPECIAL.pdf,147,Sra. Presidente,Sra. Presidente.-,yes,yes,same-paragraph,none,high,Por la negativa.,none,
736,2018-06-27_r08,2018-06-27_r08_INFORMATIVA_ESPECIAL.pdf,41,Sr. Jefe de Gabinete de Ministros,Sr. Jefe de Gabinete de Ministros.-,yes,yes,same-paragraph,none,high,"Se la vamos a enviar por escrito. Senadora Mirkin: respecto al tema tarifario, no;",none,
737,2018-08-08_r10,2018-08-08_r10_ESPECIAL.pdf,9,Sr. Presidente (Pinedo),Sr. Presidente (Pinedo).-,yes,yes,same-paragraph,none,high,La cuestión pasa a la Comisión de Asuntos Constitucionales y se procederá en materia,none,
738,2018-08-08_r10,2018-08-08_r10_ESPECIAL.pdf,13,Sr. Presidente (Pinedo),Sr. Presidente (Pinedo).-,yes,yes,same-paragraph,none,high,"Su tiempo se acaba, senador.",none,
739,2018-08-08_r10,2018-08-08_r10_ESPECIAL.pdf,26,Sra. Presidente,Sra. Presidente.-,yes,yes,same-paragraph,none,high,Aprobado. Ahora le toca a la senadora Durango.,none,
740,2018-08-08_r10,2018-08-08_r10_ESPECIAL.pdf,101,Sra. Presidente,Sra. Presidente.-,yes,yes,same-paragraph,none,high,Me toca conducir a mí...,none,
741,2018-08-08_r10,2018-08-08_r10_ESPECIAL.pdf,101,Sr. Petcoff Naidenoff,Sr. Petcoff Naidenoff.-,yes,yes,same-paragraph,none,high,"Pero que termine, presidenta. Estamos discutiendo y no tiene sentido. Que termine la senadora...",none,
742,2018-08-08_r10,2018-08-08_r10_ESPECIAL.pdf,140,Sra. Presidente,Sra. Presidente.-,yes,yes,same-paragraph,none,high,"Perdón, no le entendí. ¿Puede leer la frase de nuevo?",none,
743,2018-08-09_r11,2018-08-09_r11_ESPECIAL_EN_MINORIA.pdf,6,Sra. Presidente,Sra. Presidente.-,yes,yes,same-paragraph,none,high,Senadora Solari Quintana.,"The quoted words are the Presidente calling on senator Solari Quintana to speak, not spoken by Solari Quintana herself.",
744,2018-08-22_r13,2018-08-22_r13_ESPECIAL.pdf,71,Sr. Pichetto,Sr. Pichetto.-,yes,yes,same-paragraph,none,high,"Dígale que se dirija a la Cámara, no a mí, presidenta. No tengo ninguna",none,
745,2018-08-22_r13,2018-08-22_r13_ESPECIAL.pdf,86,Sra. Presidente,Sra. Presidente.-,yes,yes,same-paragraph,none,high,¡Ay! Por favor. Es un agregado lo que tiene. No es una modificación de,none,
746,2018-08-22_r13,2018-08-22_r13_ESPECIAL.pdf,88,Sr. Guastavino,Sr. Guastavino.-,yes,yes,same-paragraph,none,high,"Sin ánimo de incomodar a nadie, aparte…",none,
747,2018-08-22_r13,2018-08-22_r13_ESPECIAL.pdf,110,Sra. Crexell,Sra. Crexell.-,yes,yes,same-paragraph,none,high,"Gracias, señor presidente. La verdad es que he escuchado con mucha atención a todos",none,
748,2018-08-22_r13,2018-08-22_r13_ESPECIAL.pdf,137,Sra. Presidente,Sra. Presidente.-,yes,yes,same-paragraph,none,high,"Sí, por eso dije que usted es el último.",none,
749,2018-10-10_r16,2018-10-10_r16_ORDINARIA.pdf,45,Sr. Presidente (Pinedo),Sr. Presidente (Pinedo).-,yes,yes,same-paragraph,none,high,Invito al señor senador Braillard Poccard a proceder al izamiento de la bandera nacional,none,
750,2018-10-10_r16,2018-10-10_r16_ORDINARIA.pdf,54,Sr. Presidente (Pinedo),Sr. Presidente (Pinedo).-,yes,yes,same-paragraph,none,high,Pasa a la Comisión de Asuntos Constitucionales.,none,
751,2018-10-10_r16,2018-10-10_r16_ORDINARIA.pdf,63,Sr. Presidente (Pinedo),Sr. Presidente (Pinedo).-,yes,yes,same-paragraph,none,high,No siempre se cierra la lista de oradores.,Quote is a direct sentence within Pinedo's paragraph responding to Fernández Sagasti.,
752,2018-11-14_r17,2018-11-14_r17_ESPECIAL.pdf,57,Sra. Crexell,Sra. Crexell.-,yes,yes,same-paragraph,none,high,Hoy nos encontramos debatiendo un proyecto de presupuesto en un escenario muy distinto a,"Second sentence of Crexell's paragraph, opening her intervention.",
753,2018-11-14_r17,2018-11-14_r17_ESPECIAL.pdf,114,Sr. Poggi,Sr. Poggi.-,yes,yes,same-paragraph,none,high,Finalizo diciendo que aplaudo el mayor federalismo fiscal que existe en la Argentina. Repudio,Quote is the opening sentence of Poggi's paragraph.,
754,2018-11-14_r17,2018-11-14_r17_ESPECIAL.pdf,205,Sr. De Angeli,Sr. De Angeli.-,yes,yes,same-paragraph,none,high,"Señor presidente: en el mismo sentido que el senador Martínez, voy a sacar mi",none,
755,2018-11-14_r17,2018-11-14_r17_ESPECIAL.pdf,205,Sra. Rodríguez Machado,Sra. Rodríguez Machado.-,yes,yes,same-paragraph,none,high,"Señor presidente: en el mismo sentido que el senador Martínez y, por corresponder a","Case 754 and 755 quote near-identical opening clauses from two different, consecutive speakers (De Angeli then Rodríguez Machado); not ambiguous since wording differs slightly (""voy a sacar mi"" vs ""y, por corresponder a"").",
756,2018-12-12_r19,2018-12-12_r19_EXTRAORDINARIA.pdf,27,"Sra. González, Nancy Susana","Sra. González, Nancy Susana.-",yes,yes,same-paragraph,none,high,¿Me deja terminar de hablar?,none,
757,2018-12-19_r20,2018-12-19_r20_EXTRAORDINARIA.pdf,27,Sra. Presidente,Sra. Presidente.-,yes,yes,same-paragraph,none,high,Tiene la palabra el senador Pino Solanas.,none,
758,2018-12-19_r20,2018-12-19_r20_EXTRAORDINARIA.pdf,55,"Sra. González, Nancy Susana","Sra. González, Nancy Susana.-",yes,yes,same-paragraph,none,high,"Gracias, señora presidenta. La verdad que…",none,
759,2019-02-27_r01,2019-02-27_r01_PREPARATORIA.pdf,20,Sr. Petcoff Naidenoff,Sr. Petcoff Naidenoff.-,yes,yes,same-paragraph,none,high,Señora presidenta: es a los efectos de ratificar para el cargo de presidente provisional,none,
760,2019-03-01_r00,2019-03-01_r00_ASAMBLEA.pdf,12,Sr. Presidente de la Nación,Sr. Presidente de la Nación.-,yes,yes,previous-page,"running head/page number between p.11 and p.12 (""1° de marzo de 2019 — Asamblea Legislativa — Pág. 12"")",high,Se cambia en serio cuando un millón y medio de personas consiguen acceso a,"The paragraph begun on page 11 (""Lamentablemente, los chicos son los más golpeados..."") runs across the page break onto page 12 with no new label before the quoted words.",
761,2019-03-01_r00,2019-03-01_r00_ASAMBLEA.pdf,15,Sr. Presidente de la Nación,Sr. Presidente de la Nación.-,yes,yes,previous-page,"running head/page number between p.14 and p.15 (""1° de marzo de 2019 — Asamblea Legislativa — Pág. 15"")",high,¡Y este ahorro nos permite hacer más obras para la gente!,"Last label on page 14 (""Insisto en que sus insultos..."") governs the unbroken paragraph continuing onto page 15 where the quote appears.",
762,2019-03-01_r00,2019-03-01_r00_ASAMBLEA.pdf,19,Sr. Presidente de la Nación,Sr. Presidente de la Nación.-,yes,yes,previous-page,"running head/page number between p.18 and p.19 (""1° de marzo de 2019 — Asamblea Legislativa — Pág. 19"")",high,"Y que sea difícil, que lleve más tiempo no significa que no lo estemos","Last label on page 18 (""La integración internacional nos obliga a ser mejores..."") carries forward through the page break to the quoted sentence on page 19.",
763,2019-03-20_r02,2019-03-20_r02_ORDINARIA.pdf,31,Sra. Fernández Sagasti,Sra. Fernández Sagasti.-,yes,yes,same-paragraph,none,high,"Básicamente lo que está solicitando es si podemos hacer silencio, para que nos escuchemos.",none,
764,2019-03-20_r02,2019-03-20_r02_ORDINARIA.pdf,47,Sr. Presidente (Pinedo),Sr. Presidente (Pinedo).-,yes,yes,same-paragraph,none,high,Usted limítese a plantear la cuestión de privilegio y deje que la Presidencia conduzca,none,
765,2019-03-20_r02,2019-03-20_r02_ORDINARIA.pdf,73,Sr. Presidente (Pinedo),Sr. Presidente (Pinedo).-,yes,yes,same-paragraph,none,high,"Corresponde la consideración de los órdenes del día con proyectos de comunicación, declaración y","Quote opens the paragraph under item ""25. Consideración en conjunto de órdenes del día"".",
766,2019-03-27_r03,2019-03-27_r03_ORDINARIA_CONTINUACION.pdf,4,Sr. Presidente (Pinedo),Sr. Presidente (Pinedo).-,yes,yes,same-paragraph,none,high,Tiene la palabra el senador Pichetto.,none,
767,2019-03-27_r03,2019-03-27_r03_ORDINARIA_CONTINUACION.pdf,7,Sr. Bullrich,Sr. Bullrich.-,yes,yes,same-paragraph,none,high,"Simplemente, como aclaración: ya están convocadas las comisiones para las 14 horas en el",none,
768,2019-05-22_r06,2019-05-22_r06_ESPECIAL.pdf,5,Sra. Presidente (Michetti),Sra. Presidente (Michetti).-,yes,yes,same-paragraph,none,high,Se incorporarán al Diario de Sesiones la nota de varios señores y señoras senadoras,none,
769,2019-05-22_r06,2019-05-22_r06_ESPECIAL.pdf,17,Sr. Rozas,Sr. Rozas.-,yes,yes,same-paragraph,none,high,¡Hablaron todos menos nosotros!,none,
770,2019-05-22_r06,2019-05-22_r06_ESPECIAL.pdf,39,Sr. Pichetto,Sr. Pichetto.-,yes,yes,same-paragraph,none,high,No.,"Short one-word turn (""No."") replying to Sra. Presidente (Michetti)'s question.",
771,2019-05-22_r06,2019-05-22_r06_ESPECIAL.pdf,48,Sr. Bullrich,Sr. Bullrich.-,yes,yes,same-paragraph,none,high,Pido una interrupción.,none,
772,2019-05-22_r06,2019-05-22_r06_ESPECIAL.pdf,52,Sra. Durango,Sra. Durango.-,yes,yes,same-paragraph,none,high,"Muchas gracias, señor presidente. Quiero decirle que generar incentivos para el desarrollo de lo",none,
773,2019-05-22_r06,2019-05-22_r06_ESPECIAL.pdf,82,Sra. Presidente (Michetti),Sra. Presidente (Michetti).-,yes,yes,same-paragraph,none,high,Perdón. No dialoguen. Lo que toca ahora es debatir el proyecto. O sea que,none,
774,2019-07-17_r07,2019-07-17_r07_ORDINARIA.pdf,56,Sr. Secretario (Tunessi),Sr. Secretario (Tunessi).-,yes,yes,same-paragraph,none,medium,"Reunión, 1","ambiguous — the fragment ""Reunión, 1"" recurs three times in the same paragraph (""2ª Reunión, 1ª Sesión..."", ""3ª Reunión, 1ª Sesión..."", ""4ª Reunión, 1ª Sesión...""), all governed by the same single label, so the label is certain even though the exact occurrence is not.",
775,2019-07-17_r07,2019-07-17_r07_ORDINARIA.pdf,56,Sr. Secretario (Tunessi),Sr. Secretario (Tunessi).-,yes,yes,same-paragraph,none,medium,"Reunión, 1","ambiguous — identical quote to case 774; the fragment ""Reunión, 1"" recurs three times in the same single-labeled paragraph, so which exact occurrence is meant is unclear, but the governing label is the same regardless.",
776,2019-07-17_r07,2019-07-17_r07_ORDINARIA.pdf,59,Sr. Presidente (Pinedo),Sr. Presidente (Pinedo).-,yes,yes,same-paragraph,none,high,"Prefiero, senador, que termine con su moción y, después, en todo caso, considero otras",none,
777,2019-07-17_r07,2019-07-17_r07_ORDINARIA.pdf,60,Sr. Presidente (Pinedo),Sr. Presidente (Pinedo).-,yes,yes,same-paragraph,none,high,"¿Tiene el número, señora senadora?",none,
778,2019-07-17_r07,2019-07-17_r07_ORDINARIA.pdf,92,Sra. Durango,Sra. Durango.-,yes,yes,same-paragraph,none,high,Gracias. Como yo acuerdo con todas y cada una de las palabras que argumentó,none,
779,2019-07-17_r07,2019-07-17_r07_ORDINARIA.pdf,94,Sr. Presidente (Pinedo),Sr. Presidente (Pinedo).-,yes,yes,same-paragraph,none,high,"En primer lugar, vamos a votar en general y en particular, con el agregado",none,
780,2019-07-17_r07,2019-07-17_r07_ORDINARIA.pdf,154,Sr. Presidente (Pinedo),Sr. Presidente (Pinedo).-,yes,yes,earlier-on-page,none,medium,Programa de televisión “Con vos 24 horas” que se emite por canal América. (S.-,"Quoted text is the first line of a printed list of pending agenda items (""- Los proyectos en consideración son los siguientes:"" precedes it, itself an italic stage direction). No new bold label appears between the Presidente's last spoken line and this list, so per the rule that only a bold label ends a turn, the list still falls under Sr. Presidente (Pinedo); it is not spoken text in the ordinary sense.",
781,2019-09-18_r08,2019-09-18_r08_ESPECIAL.pdf,8,Sr. Bullrich,Sr. Bullrich.-,yes,yes,same-paragraph,none,high,Señora presidenta: para el proyecto 28/2018…,none,
782,2019-09-18_r08,2019-09-18_r08_ESPECIAL.pdf,61,Sr. Snopek,Sr. Snopek.-,yes,yes,same-paragraph,none,high,Presidenta...,none,
783,2019-11-13_r09,2019-11-13_r09_ESPECIAL.pdf,6,Sra. Presidente (Michetti),Sra. Presidente (Michetti).-,yes,yes,same-paragraph,none,high,Tiene la palabra el señor senador Fuentes.,none,
784,2019-11-13_r09,2019-11-13_r09_ESPECIAL.pdf,9,Sr. Caserio,Sr. Caserio.-,yes,yes,same-paragraph,none,high,Bueno…,none,
785,2019-11-13_r09,2019-11-13_r09_ESPECIAL.pdf,25,Sr. Presidente (Pinedo),Sr. Presidente (Pinedo).-,yes,yes,same-paragraph,none,high,"Gracias, senador. Senadora Pilatti, tiene la palabra.",none,
786,2019-11-13_r09,2019-11-13_r09_ESPECIAL.pdf,55,Sr. Presidente (Pinedo),Sr. Presidente (Pinedo).-,yes,yes,same-paragraph,none,high,"¿Todo el bloque va a hacer lo mismo? No. Entonces, vamos a someter a",none,
787,2019-11-13_r09,2019-11-13_r09_ESPECIAL.pdf,56,Sr. Presidente (Pinedo),Sr. Presidente (Pinedo).-,yes,yes,same-paragraph,(Risas.),high,…porque es la última vez probablemente que hable en la Cámara…,"The quoted words follow a ""(Risas.)"" stage direction within the same paragraph opened by Sr. Presidente (Pinedo); the interruption does not end the turn.",
788,2019-11-27_r10,2019-11-27_r10_ESPECIAL.pdf,7,Sr. Petcoff Naidenoff,Sr. Petcoff Naidenoff.-,yes,yes,same-paragraph,none,high,Pedí la palabra a los efectos de solicitar que se conceda la licencia por,none,
789,2019-11-27_r10,2019-11-27_r10_ESPECIAL.pdf,10,Sra. Presidente (Michetti),Sra. Presidente (Michetti).-,yes,yes,same-paragraph,none,high,Aprobado.,none,
790,2019-11-27_r10,2019-11-27_r10_ESPECIAL.pdf,10,Sra. Presidente (Michetti),Sra. Presidente (Michetti).-,yes,yes,same-paragraph,none,high,"Señor senador nacional electo por la Ciudad Autónoma de Buenos Aires, don Martín Lousteau:",none,
791,2019-11-27_r10,2019-11-27_r10_ESPECIAL.pdf,10,Sra. Presidente (Michetti),Sra. Presidente (Michetti).-,yes,yes,same-paragraph,(Aplausos.),high,"Señor senador nacional electo por la Ciudad Autónoma de Buenos Aires, don Mariano Recalde:","The Recalde oath question follows ""(Aplausos.)"" within the same paragraph opened by Sra. Presidente (Michetti) after Lousteau's oath; the applause does not end the turn.",
792,2019-11-27_r10,2019-11-27_r10_ESPECIAL.pdf,11,Sr. senador electo De Angeli,Sr. senador electo De Angeli.-,yes,yes,same-paragraph,none,high,"¡Por los valores, por los principios que me enseñó mi padre, sí, juro!",none,
793,2019-11-27_r10,2019-11-27_r10_ESPECIAL.pdf,21,Sra. Presidente (Michetti),Sra. Presidente (Michetti).-,yes,yes,same-paragraph,none,high,Aprobada por unanimidad.,none,
794,2019-12-10_r00,2019-12-10_r00_ASAMBLEA.pdf,19,Sr. Presidente de la Nación,Sr. Presidente de la Nación.-,yes,yes,previous-page,(Aplausos.),high,Porque una Justicia demorada y manipulada significa una democracia acosada y denegada. Queremos una,"Turn opens on printed page 10 with this label and continues uninterrupted by any new bold label through printed page 19, where the quoted words appear after an ""(Aplausos.)"" interruption within the same running speech.",
795,2019-12-20_r11,2019-12-20_r11_EXTRAORDINARIA.pdf,7,Sra. Presidenta (Fernández de Kirchner),Sra. Presidenta (Fernández de Kirchner).-,yes,yes,same-paragraph,none,high,"Le reformulo la pregunta: ¿desde el momento en que usted tenga las copias, de",none,
796,2019-12-20_r11,2019-12-20_r11_EXTRAORDINARIA.pdf,22,Sr. Petcoff Naidenoff,Sr. Petcoff Naidenoff.-,yes,yes,same-paragraph,none,high,Proponemos al doctor Juan Pedro Tunessi como prosecretario parlamentario.,none,
797,2019-12-20_r11,2019-12-20_r11_EXTRAORDINARIA.pdf,141,Sra. Presidenta (Fernández de Kirchner),Sra. Presidenta (Fernández de Kirchner).-,yes,yes,same-paragraph,none,high,"Bien; acá lo tengo anotado, que era lo que me había alcanzado el doctor",none,
798,2019-12-20_r11,2019-12-20_r11_EXTRAORDINARIA.pdf,142,Sra. Vega,Sra. Vega.-,yes,yes,same-paragraph,none,high,Señora presidenta: voy a abstenerme.,none,
799,2020-02-05_r12,05-02-2020_ESPECIAL_EXTRAORDINARIA.pdf,6,Sr. Mayans,Sr. Mayans.-,yes,yes,previous-page,none,high,"Justamente, yo estaba en contacto con Cabral porque él estaba por visitar Formosa. Esa","Turn opens on printed page 5 with this label (""Sí, presidente: por supuesto que los que me precedieron..."") and continues without interruption onto printed page 6, where the quoted words appear as a direct continuation of the same paragraph.",
800,2020-02-20_r13,20-02-2020_EXTRAORDINARIA.pdf,39,Sr. De Angeli,Sr. De Angeli.-,yes,yes,same-paragraph,none,high,Haga lo que quiera.,none,
801,2020-03-01_r00,01-03-2020_ASAMBLEA.pdf,18,Sr. Presidente de la Nación,Sr. Presidente de la Nación.,yes,yes,previous-page,(Aplausos.),high,Nos proponemos impulsar un reordenamiento de la Justicia Federal que evite el cajoneo o,"One continuous presidential address opening on page 8; pages 9-16 spot-checked (9, 12, 15) show only (Aplausos.) interruptions, no new speaker labels, before the quote on page 18.",
802,2020-03-12_r02,12-03-2020_ESPECIAL.pdf,8,Sr. Fiad,Sr. Fiad.-,yes,yes,same-paragraph,none,high,"Permítame que termine. Por eso es que, con todos estos motivos expuestos, solicito que","Quote spans ""Permítame que termine."" and the following sentence, both within the same Sr. Fiad. paragraph.",
803,2020-03-12_r02,12-03-2020_ESPECIAL.pdf,15,Sra. Presidenta (Fernández de Kirchner),Sra. Presidenta (Fernández de Kirchner).-,yes,yes,same-paragraph,none,high,"Gracias, senador.",None.,
804,2020-03-12_r02,12-03-2020_ESPECIAL.pdf,22,Sra. Presidenta (Fernández de Kirchner),Sra. Presidenta (Fernández de Kirchner).-,yes,yes,same-paragraph,none,high,Bien. Tiene la palabra el senador Martínez.,None.,
805,2020-03-12_r02,12-03-2020_ESPECIAL.pdf,87,Sra. Presidenta (Fernández de Kirchner),Sra. Presidenta (Fernández de Kirchner).-,yes,yes,same-paragraph,none,high,"Primero, vamos a votar a mano alzada las inserciones y las abstenciones.",None.,
806,2020-06-04_r05,04-06-2020_ESPECIAL.pdf,21,Sra. Presidenta (Fernández de Kirchner),Sra. Presidenta (Fernández de Kirchner).-,yes,yes,same-paragraph,none,high,"Gracias, señor senador. Tiene la palabra el senador Schiavoni.",None.,
807,2020-06-04_r05,04-06-2020_ESPECIAL.pdf,73,Sra. Presidenta (Fernández de Kirchner),Sra. Presidenta (Fernández de Kirchner).-,yes,yes,same-paragraph,none,high,¿Pide la palabra senadora Durango?,None.,
808,2020-06-11_r06,11-06-2020_ESPECIAL.pdf,19,Sr. Mayans,Sr. Mayans.-,yes,yes,same-paragraph,none,high,"No discutamos. Avancemos, avancemos, por favor.",None.,
809,2020-06-18_r07,18-06-2020_INFORMATIVA_ESPECIAL.pdf,18,Sr. De Angeli,Sr. De Angeli.-,yes,yes,same-paragraph,none,high,Discúlpeme; tengo que seguir un poquito más. Me voy a tomar… Hay algunos senadores,None.,
810,2020-06-24_r08,24-06-2020_ESPECIAL.pdf,55,Sra. Presidenta (Rodríguez Machado),Sra. Presidenta (Rodríguez Machado).-,yes,yes,same-paragraph,none,high,"Está con el micrófono abierto, senador Castillo. Tiene la palabra ahora la senadora Silvia","A shorter, partial version of similar wording (""Tiene la palabra ahora la senadora Silvia Sapag."") also appears at the very top of the page as a carried-over continuation, but it lacks ""Está con el micrófono abierto, senador Castillo,"" so only the second occurrence matches the full quote; not truly ambiguous.",
811,2020-07-23_r09,23-07-2020_ESPECIAL.pdf,58,Sra. Duré,Sra. Duré.-,yes,yes,same-paragraph,none,high,"Muchas gracias, señor presidente. ¿Me escucha ahí?",None.,
812,2020-07-30_r10,30-07-2020_ESPECIAL.pdf,45,Sr. Petcoff Naidenoff,Sr. Petcoff Naidenoff.-,yes,yes,same-paragraph,none,high,"Perdón, ¿se salteó a algún orador? Veo que hay un senador que está levantando",None.,
813,2020-07-30_r10,30-07-2020_ESPECIAL.pdf,97,Sr. Mayans,Sr. Mayans.-,yes,yes,same-paragraph,none,high,Redondeo… Perfecto. Creo que no tenemos otro camino que caminar hacia la economía… Tenemos,None.,
814,2020-07-30_r10,30-07-2020_ESPECIAL.pdf,98,Sra. Presidenta (Fernández de Kirchner),Sra. Presidenta (Fernández de Kirchner).-,yes,yes,same-paragraph,none,high,Senador Mayans: ¿terminó su intervención?,None.,
815,2020-08-13_r11,13-08-2020_ESPECIAL.pdf,78,Sra. Presidenta (Ledesma Abdala),Sra. Presidenta (Ledesma Abdala).-,yes,yes,same-paragraph,none,high,"Aprobadas. Por favor, les pido a quienes tengan las cámaras apagadas que las enciendan,","A footnote reference marker ""7"" appears immediately after ""Aprobadas."" in the paragraph, but the footnote text itself (""Ver el Apéndice."") sits separately at the bottom of the page.",
816,2020-09-03_r13,03-09-2020_ESPECIAL.pdf,10,Sra. Presidenta (Fernández de Kirchner),Sra. Presidenta (Fernández de Kirchner).-,yes,yes,same-paragraph,none,high,Tiene la palabra el senador Naidenoff para una cuestión de privilegio.,None.,
817,2020-09-03_r13,03-09-2020_ESPECIAL.pdf,18,Sra. Mirkin,Sra. Mirkin.-,yes,yes,same-paragraph,none,high,"Gracias, señora presidenta. En primer lugar, comparto plenamente lo expresado por nuestro presidente de",None.,
818,2020-09-03_r13,03-09-2020_ESPECIAL.pdf,93,Sr. Secretario (Fuentes),Sr. Secretario (Fuentes).-,yes,yes,same-paragraph,none,high,"Gracias, senadora. Senador Weretilneck: afirmativo. Senador Zimmermann: el sentido de su voto.",None.,
819,2020-09-03_r13,03-09-2020_ESPECIAL.pdf,99,Sr. Lousteau,Sr. Lousteau.-,yes,yes,same-paragraph,none,high,El avance tecnológico de mayor velocidad de difusión en la historia del planeta. Por,"A near-identical sentence (""El avance tecnológico de mayor velocidad de difusión en la historia del planeta."") is spoken twice on the page by the same speaker (once before a stage direction, once after); the quoted instance beginning ""Por"" matches only the second, opening occurrence of his paragraph.",
820,2020-09-16_r14,16-09-2020_ESPECIAL.pdf,7,Sra. Presidenta (Fernández de Kirchner),Sra. Presidenta (Fernández de Kirchner).-,yes,yes,same-paragraph,none,high,Yo debo tener… Debe ser culpa mía que no sé hablar bien y no,None.,
821,2020-09-16_r14,16-09-2020_ESPECIAL.pdf,7,Sra. Durango,Sra. Durango.-,yes,yes,same-paragraph,none,high,"Perfecto, perfecto. Muchas gracias.",None.,
822,2020-10-02_r15,02-10-2020_ESPECIAL.pdf,17,Sr. Mayans,Sr. Mayans.-,yes,yes,same-paragraph,(Risas.),high,"Estaba muy enojado, parece, Luis. Pero en realidad, acá, el tema es el siguiente.","The stage direction (Risas.) sits inside the same paragraph, between ""no te enojes tanto…"" and ""Estaba muy enojado, parece, Luis.""",
823,2020-10-02_r15,02-10-2020_ESPECIAL.pdf,22,Sr. Secretario (Fuentes),Sr. Secretario (Fuentes).-,yes,yes,same-paragraph,none,high,"Gracias, senadora. Senadora Gladys González: ausente. Senadora María Teresa González: afirmativo. Senadora Nancy González:",None.,
824,2020-10-02_r15,02-10-2020_ESPECIAL.pdf,39,Sra. Presidenta (Ledesma Abdala),Sra. Presidenta (Ledesma Abdala).-,yes,yes,same-paragraph,none,high,"Gracias, senador. Tiene la palabra el senador Lousteau.",None.,
825,2020-10-02_r15,02-10-2020_ESPECIAL.pdf,61,Sr. Presidente (Closs),Sr. Presidente (Closs).-,yes,yes,same-paragraph,none,high,"Diríjase a la Presidencia, por favor, senador.",None.,
826,2020-10-07_r16,07-10-2020_INFORMATIVA_ESPECIAL.pdf,30,"Sr. Martínez, Julio","Sr. Martínez, Julio.-",yes,yes,same-paragraph,none,high,"Señor jefe de Gabinete: soy senador de La Rioja, cuyo sector agropecuario se encuentra","Label appears twice in a row (first ""Buenas tardes…"" cut by ""Contenido no inteligible."", then repeated before the quoted words); both instances are the same speaker, no ambiguity.",
827,2020-10-07_r16,07-10-2020_INFORMATIVA_ESPECIAL.pdf,71,Sra. Presidenta (Ledesma Abdala),Sra. Presidenta (Ledesma Abdala).-,yes,yes,same-paragraph,none,high,"Gracias, senador. Tiene la palabra, como último orador, el senador Mayans.",none,
828,2020-10-15_r18,15-10-2020_ORDINARIA.pdf,8,Sr. Secretario (Fuentes),Sr. Secretario (Fuentes).-,yes,yes,same-paragraph,none,high,Orden del Día N° 187/20: Dictamen en el proyecto de ley de la señora,none,
829,2020-10-29_r19,29-10-2020_ORDINARIA.pdf,19,Sr. Fiad,Sr. Fiad.-,yes,yes,same-paragraph,none,high,Negativo.,"The word ""Negativo"" also appears in ""Sra. Giacoppo.- Negativo, voto por el retiro."" and inside the secretary's own speech (""¡Ah! Gladys González. Negativo.""), but only ""Sr. Fiad.- Negativo."" matches the quoted words exactly (standalone, nothing else).",
830,2020-10-29_r19,29-10-2020_ORDINARIA.pdf,43,Sr. Presidente (Closs),Sr. Presidente (Closs).-,yes,yes,same-paragraph,none,high,"Gracias, señora senadora. Vamos a poner en consideración todas las preferencias planteadas, con dictamen",none,
831,2020-10-29_r19,29-10-2020_ORDINARIA.pdf,128,Sr. Cobos,Sr. Cobos.-,yes,yes,same-paragraph,none,high,"Ahora, presidenta.",none,
832,2020-11-05_r21,05-11-2020_ESPECIAL.pdf,8,Sra. Presidenta (Fernández de Kirchner),Sra. Presidenta (Fernández de Kirchner).-,yes,yes,same-paragraph,none,high,"Gracias, señora senadora. Para otra moción de preferencia…",none,
833,2020-11-12_r22,12-11-2020_ESPECIAL.pdf,66,Sr. Presidente (Closs),Sr. Presidente (Closs).-,yes,yes,same-paragraph,none,high,"Gracias, señora senadora. Tiene la palabra el senador Claudio Poggi.",none,
834,2020-11-30_r25,30-11-2020_ORDINARIA_CONTINUACIÓN.pdf,21,Sra. Del Valle Giménez,Sra. Del Valle Giménez.-,yes,yes,same-paragraph,none,medium,Afirmativo.,"The word ""afirmativo"" (lowercase, as part of a roll-call list under the secretary's running paragraph) appears many times on the page. The exact standalone quote ""Afirmativo."" with a capital letter and nothing else after it matches only ""Sra. Del Valle Giménez.- Afirmativo.""; reported as the best match, but flagging that this is a repetitive roll-call page.",
835,2020-11-30_r25,30-11-2020_ORDINARIA_CONTINUACIÓN.pdf,23,Sr. Secretario (Fuentes),Sr. Secretario (Fuentes).-,yes,yes,same-paragraph,none,high,"Orden del Día N° 544/20: dictamen en el proyecto de ley venido en revisión,",none,
836,2020-12-04_r26,04-12-2020_ESPECIAL.pdf,6,Sr. Secretario (Fuentes),Sr. Secretario (Fuentes).-,yes,yes,same-paragraph,none,high,Gracias senadora. Senadora Gladys González: ¿su voto?,none,
837,2020-12-04_r26,04-12-2020_ESPECIAL.pdf,34,Sra. Presidenta (Ledesma Abdala),Sra. Presidenta (Ledesma Abdala).-,yes,yes,same-paragraph,none,high,"Se rechaza. No puede volver a comisión. Muy bien, seguimos con la lista de",none,
838,2020-12-10_r27,10-12-2020_ESPECIAL.pdf,27,Sr. Schiavoni,Sr. Schiavoni.-,yes,yes,same-paragraph,none,high,"Ya redondeo, presidenta. Si queremos discutir en serio la coparticipación, si ese es el",none,
839,2021-02-04_r29,04-02-2021_EXTRAORDINARIA.pdf,47,Sra. Presidenta (Ledesma Abdala),Sra. Presidenta (Ledesma Abdala).-,yes,yes,same-paragraph,none,high,"Gracias, senador. Tiene la palabra senador Mayans. Senador Mayans…",none,
840,2021-02-24_r30,24-02-2021_EXTRAORDINARIA.pdf,83,"Sra. González, María Teresa","Sra. González, María Teresa.-",yes,yes,same-paragraph,none,high,"Perdón, una deuda de 89.000 millones, 44.500 millones de dólares… Una senadora preopinante aclaraba","This exact label recurs lower on the same page for a later paragraph (""Y es, precisamente, adonde este proyecto...""); the quoted words belong to the first (upper) occurrence.",
841,2021-02-24_r30,24-02-2021_EXTRAORDINARIA.pdf,87,Sra. Presidenta (Ledesma Abdala),Sra. Presidenta (Ledesma Abdala).-,yes,yes,same-paragraph,none,high,Corresponde la consideración del orden del día del que por Secretaría se dará lectura.,none,
842,2021-02-24_r30,24-02-2021_EXTRAORDINARIA.pdf,103,Sr. Secretario (Fuentes),Sr. Secretario (Fuentes).-,yes,yes,same-paragraph,none,high,"Senador Costa: ausente. Senador Leavy: su voto, por favor…",none,
843,2021-03-01_r00,01-03-2021_ASAMBLEA.pdf,7,Sra. Presidenta (Fernández de Kirchner),Sra. Presidenta (Fernández de Kirchner).-,yes,yes,same-paragraph,none,high,Por Secretaría se va a dar lectura al respectivo listado de legisladores y legisladoras.,none,
844,2021-03-01_r00,01-03-2021_ASAMBLEA.pdf,15,Sr. Presidente de la Nación,Sr. Presidente de la Nación.-,yes,yes,same-paragraph,(Aplausos.),medium,"Tuvo cuatro años para hablar. ¿Por qué no me deja hablar a mí, por","An earlier bold label on the same page is printed without the period after ""Sr"" (""Sr Presidente de la Nación.-""); the paragraph containing the quoted words uses the period (""Sr. Presidente de la Nación.-""), which is reported verbatim as it appears immediately before the quote.",
845,2021-03-01_r00,01-03-2021_ASAMBLEA.pdf,22,Sr. Fernández,Sr. Fernández.-,yes,yes,previous-page,(Aplausos.),high,El proyecto prevé la utilización del cultivo exclusivamente con fines de industrialización para uso,"Turn opens with ""Sr. Fernández.-"" on page 19 and continues uninterrupted (only applause/interruption markers, no new bold label) through pages 20, 21, and 22, where the quoted words appear.",
846,2021-03-25_r03,25-03-2021_ESPECIAL.pdf,29,Sra. Presidenta (Rodríguez Machado),Sra. Presidenta (Rodríguez Machado).-,yes,yes,same-paragraph,none,high,"Senadora Sacnun: nos estamos comunicando con usted, también privadamente, pero le informo que no",none,
847,2021-03-25_r03,25-03-2021_ESPECIAL.pdf,59,Sr. Romero,Sr. Romero.-,yes,yes,same-paragraph,none,high,"Por la negativa en los órdenes del día 600, 625, 626 y 659.",none,
848,2021-03-25_r03,25-03-2021_ESPECIAL.pdf,76,Sr. Secretario (Fuentes),Sr. Secretario (Fuentes).-,yes,yes,same-paragraph,none,high,Senador Rodas: ¿su voto?,"The phrase ""Senador Rodas: ¿su voto?"" is printed twice in a row on the page (once as a plain continuation line, once repeated right after under an explicit bold label); both belong to the same speaker, Sr. Secretario (Fuentes), so attribution is not actually ambiguous.",
849,2021-04-08_r04,08-04-2021_ESPECIAL.pdf,45,Sr. Secretario (Fuentes),Sr. Secretario (Fuentes).-,yes,yes,same-paragraph,none,high,"Giacoppo: afirmativo. Giménez… Senadora Crexell: ¿su voto, por favor?","The quoted words span from the bold label ""Giacoppo: afirmativo."" through the plain continuation lines ""Giménez… Senadora Crexell: ¿su voto, por favor?"", all part of the same secretary's turn.",
850,2021-04-08_r04,08-04-2021_ESPECIAL.pdf,64,Sr. Neder,Sr. Neder.-,yes,yes,same-paragraph,none,high,"Sigo, entonces.",none,
851,2021-04-08_r04,08-04-2021_ESPECIAL.pdf,112,Sra. Fernández Sagasti,Sra. Fernández Sagasti.-,yes,yes,same-paragraph,none,high,"Sí, lo quería decir de una manera no tan lineal… En sus delirios de",Label appears directly before the quoted words in the same paragraph.,
852,2021-05-13_r05,13-05-2021_ESPECIAL.pdf,18,Sra. Presidenta (Ledesma Abdala),Sra. Presidenta (Ledesma Abdala).-,yes,yes,same-paragraph,none,high,"Gracias, senadora. Para otra moción de preferencia, tiene la palabra senadora Crexell.",Label directly precedes the quoted words.,
853,2021-05-13_r05,13-05-2021_ESPECIAL.pdf,45,Sr. Secretario (Fuentes),Sr. Secretario (Fuentes).-,yes,yes,same-paragraph,none,high,Giacoppo: negativo. Gracias. Giménez: afirmativo. Gladys González: negativo. María Teresa González: ¿su voto?,"Roll-call reading; ""Giacoppo: negativo. Gracias."" opens under this label, and the following unlabeled names (Giménez, Gladys González, María Teresa González) continue the same paragraph since no new bold label interrupts before them.",
854,2021-05-13_r05,13-05-2021_ESPECIAL.pdf,60,Sra. Presidenta (Ledesma Abdala),Sra. Presidenta (Ledesma Abdala).-,yes,yes,same-paragraph,none,high,"Tiempo, senador.","Exact match ""Tiempo, senador."" directly after the label.",
855,2021-05-13_r05,13-05-2021_ESPECIAL.pdf,102,Sra. Sacnun,Sra. Sacnun.-,yes,yes,same-paragraph,none,high,"Gracias, presidenta. Este proyecto de ley tiene fundamentos históricos, políticos, culturales y sociológicos. Históricos",Label directly precedes the quoted words.,
856,2021-05-20_r06,20-05-2021_ESPECIAL.pdf,121,Sra. Presidenta (Fernández de Kirchner),Sra. Presidenta (Fernández de Kirchner).-,yes,yes,same-paragraph,none,high,Tiene la palabra el senador Julio Martínez. –,"Text reads ""Tiene la palabra el senador Julio Martínez."" followed by a stage direction ""-Luego de unos instantes:"" which does not end the turn.",
857,2021-05-20_r06,20-05-2021_ESPECIAL.pdf,126,Sra. Presidenta (Fernández de Kirchner),Sra. Presidenta (Fernández de Kirchner).-,yes,yes,same-paragraph,none,high,"Aprobado. Se lanza la votación, en una sola votación en particular y en general.",Exact match directly after the label.,
858,2021-06-02_r07,02-06-2021_ESPECIAL.pdf,6,Sra. Presidenta (Fernández de Kirchner),Sra. Presidenta (Fernández de Kirchner).-,yes,yes,same-paragraph,none,high,"Gracias, señora senadora.",Label and quoted words both appear at the top of the given page.,
859,2021-06-02_r07,02-06-2021_ESPECIAL.pdf,64,Sr. Secretario (Fuentes),Sr. Secretario (Fuentes).-,yes,yes,same-paragraph,none,high,Ausente. Senador Rodríguez Saá: ¿su voto?,"""Ausente."" is spoken under this label; the following unlabeled line ""Senador Rodríguez Saá: ¿su voto?"" continues the same paragraph before the next stage direction.",
860,2021-06-03_r08,03-06-2021_INFORMATIVA_ESPECIAL.pdf,35,Sr. Cobos,Sr. Cobos.-,yes,yes,same-paragraph,none,high,"Gracias, presidente. Bienvenido, señor jefe de Gabinete y todo el equipo que lo acompaña.",Exact match directly after the label.,
861,2021-06-03_r08,03-06-2021_INFORMATIVA_ESPECIAL.pdf,47,Sra. Rodríguez Machado,Sra. Rodríguez Machado.-,yes,yes,same-paragraph,none,high,"Perdón, no sé si van a judicializar la opinión de la oposición.",Exact match directly after the label.,
862,2021-06-24_r09,24-06-2021_ESPECIAL.pdf,21,Sra. Presidenta (Fernández de Kirchner),Sra. Presidenta (Fernández de Kirchner).-,yes,yes,same-paragraph,none,high,Por Secretaría se dará lectura a la lista de oradores.,Exact match directly after the label.,
863,2021-06-24_r09,24-06-2021_ESPECIAL.pdf,27,Sr. Secretario (Fuentes),Sr. Secretario (Fuentes).-,yes,yes,same-paragraph,none,high,Taiana: afirmativo. Tapia: negativo. Uñac: afirmativo. Vega: negativo. Verasay: negativo. Weretilneck: afirmativo. Zimmermann: negativo.,"Roll-call reading; ""Taiana: afirmativo."" opens under this label, and the unlabeled names that follow (Tapia, Uñac, Vega, Verasay, Weretilneck, Zimmermann) continue the same paragraph.",
864,2021-06-24_r09,24-06-2021_ESPECIAL.pdf,130,Sr. Presidente (Rodríguez),Sr. Presidente (Rodríguez).-,yes,yes,same-paragraph,none,high,"Gracias, senador. Tiene la palabra la senadora Clara Vega.",Exact match directly after the label.,
865,2021-06-24_r09,24-06-2021_ESPECIAL.pdf,144,Sr. Secretario (Fuentes),Sr. Secretario (Fuentes).-,yes,yes,same-paragraph,none,high,"Negativo. Gracias, senadora. Senadora María Teresa González: afirmativo. Senadora Nancy González: afirmativo. Guerra: afirmativo.","""Negativo. Gracias, senadora."" opens under this label; the unlabeled roll-call names that follow (María Teresa González, Nancy González, Guerra) continue the same paragraph.",
866,2021-07-15_r10,15-07-2021_ESPECIAL.pdf,24,Sra. Presidenta (Ledesma Abdala),Sra. Presidenta (Ledesma Abdala).-,yes,yes,same-paragraph,none,high,Resultan aprobadas. Propongo que se vote en una sola votación por medios electrónicos los,Exact match directly after the label.,
867,2021-07-15_r10,15-07-2021_ESPECIAL.pdf,56,Sra. Presidenta (Ledesma Abdala),Sra. Presidenta (Ledesma Abdala).-,yes,yes,same-paragraph,none,high,Corresponde la consideración del orden del día que por Secretaría se enunciará.,Exact match directly after the label.,
868,2021-07-15_r10,15-07-2021_ESPECIAL.pdf,68,Sr. Presidente (Closs),Sr. Presidente (Closs).-,yes,yes,same-paragraph,none,high,"Gracias, señora senadora. Tiene la palabra la senadora Laura Rodríguez Machado.",Exact match directly after the label.,
869,2021-07-15_r10,15-07-2021_ESPECIAL.pdf,113,Sra. Presidenta (Rodríguez Machado),Sra. Presidenta (Rodríguez Machado).-,yes,yes,same-paragraph,none,high,"Señor senador: disculpe, pero tiene casi su tiempo cumplido. Si puede, redondee. Muchísimas gracias.",Exact match directly after the label.,
870,2021-07-15_r10,15-07-2021_ESPECIAL.pdf,167,Sra. Presidenta (Ledesma Abdala),Sra. Presidenta (Ledesma Abdala).-,yes,yes,same-paragraph,none,high,"Muy bien. Hay asentimiento. Entonces, propongo que se vote en general y en particular,","""Muy bien. Hay asentimiento."" opens the paragraph under this label; ""Entonces, propongo que se vote en general y en particular,"" continues the same paragraph without a new label.",
871,2021-08-19_r11,19-08-2021_ESPECIAL.pdf,24,Sr. Presidente (Closs),Sr. Presidente (Closs).-,yes,yes,same-paragraph,none,high,"A continuación, procedemos a sesión de acuerdos. Corresponde la consideración de los órdenes del","Exact match directly after the label, immediately following the bold section title ""9. Tratamiento en conjunto de dictámenes de la Comisión de Acuerdos"" (which is furniture, not part of the paragraph).",
872,2021-08-19_r11,19-08-2021_ESPECIAL.pdf,35,Sra. Giacoppo,Sra. Giacoppo.-,yes,yes,same-paragraph,none,high,"¿Ahora me escucha, señor presidente?",Exact match directly after the label.,
873,2021-10-28_r13,28-10-2021_ORDINARIA.pdf,5,Sra. Catalfamo,Sra. Catalfamo.-,yes,yes,same-paragraph,none,high,"Gracias, señora presidenta. Yo iba a hacer un pedido de preferencia, pero lo voy",Exact match directly after the label.,
874,2021-10-28_r13,28-10-2021_ORDINARIA.pdf,17,Sra. Presidenta (Ledesma Abdala),Sra. Presidenta (Ledesma Abdala).-,yes,yes,same-paragraph,none,high,"Gracias, senadora. Corresponde aprobar la lista de oradores de la que se dará lectura",Exact match directly after the label.,
875,2021-12-09_r14,09-12-2021_ESPECIAL.pdf,5,Sr. Mayans,Sr. Mayans.-,yes,yes,same-paragraph,none,high,"Buen día, presidente. ¿Cómo está?... Presidenta, ¿cómo está? ¿Bien?",Exact match directly after the label.,
876,2021-12-09_r15,09-12-2021_ORDINARIA.pdf,36,Sra. Presidenta (Ledesma Abdala),Sra. Presidenta (Ledesma Abdala).-,yes,yes,same-paragraph,none,high,Se procede a votar la lista de oradores.,"Found directly: ""Sra. Presidenta (Ledesma Abdala).- Se procede a votar la lista de oradores.""",
877,2021-12-09_r15,09-12-2021_ORDINARIA.pdf,81,Sr. Prosecretario (Tunessi),Sr. Prosecretario (Tunessi).-,yes,yes,same-paragraph,none,high,"Sí, pero vote, senadora. Ahora, cuando vuelva a votar, hágalo electrónicamente, por favor.",none,
878,2021-12-09_r15,09-12-2021_ORDINARIA.pdf,89,Sr. Prosecretario (Tunessi),Sr. Prosecretario (Tunessi).-,yes,yes,same-paragraph,none,high,"Podríamos considerar los senadores que se abstienen, porque subsiste el quórum. Que me digan",none,
879,2022-03-01_r00,01-03-2022_ASAMBLEA.pdf,29,Sr. Presidente de la Nación,Sr. Presidente de la Nación.-,yes,yes,previous-page,none,high,Estamos iniciando la construcción del Espacio de Memoria y las actividades en el ex,"Label printed only on the first image (printed page 21); the turn runs uninterrupted (only ""(Aplausos.)"" and one ""–Manifestaciones simultáneas."" break it, neither of which end a turn) all the way through printed page 29, where the quoted words appear.",
880,2022-03-17_r02,17-03-2022_ESPECIAL.pdf,7,Sra. Presidenta (Fernández de Kirchner),Sra. Presidenta (Fernández de Kirchner).-,yes,yes,same-paragraph,none,high,"No, no, no. La preferencia, cuando hace uso de la palabra un senador para",none,
881,2022-03-17_r02,17-03-2022_ESPECIAL.pdf,28,Sr. Closs,Sr. Closs.-,yes,yes,same-paragraph,none,high,O habiendo tomado 100.000 “palos” y déficit cero.,none,
882,2022-03-17_r02,17-03-2022_ESPECIAL.pdf,91,Sr. Kueider,Sr. Kueider.-,yes,yes,same-paragraph,none,high,"Después está el movimiento. Y en consecuencia, voy a acompañar firmemente a mi presidente",none,
883,2022-03-17_r02,17-03-2022_ESPECIAL.pdf,108,Sra. Presidenta (Losada),Sra. Presidenta (Losada).-,yes,yes,same-paragraph,none,high,"Gracias, senador. Tiene la palabra, senador Luis Naidenoff.",none,
884,2022-04-07_r03,07-04-2022_ESPECIAL.pdf,77,Sra. Fernández Sagasti,Sra. Fernández Sagasti.-,yes,yes,same-paragraph,none,medium,Hablando de legislar para la coyuntura.,"The exact sentence ""Hablando de legislar para la coyuntura."" is printed as its own paragraph under this label. The same words also appear earlier on the page, lowercase, inside a longer sentence (""hablando de legislar para la coyuntura: ...""), also spoken by this same label, so attribution is not actually in doubt, but both occurrences exist on the page.",
885,2022-04-07_r03,07-04-2022_ESPECIAL.pdf,77,Sra. Fernández Sagasti,Sra. Fernández Sagasti.-,yes,no,same-paragraph,none,low,"Sí, sí. En primer lugar, que dicho cargo recaiga sobre Nazareno es enviar a","Only the opening ""Sí, sí."" of the quoted words is printed, as the very last line on the page (""Sra. Fernández Sagasti.- Sí, sí.""). The continuation ""En primer lugar, que dicho cargo recaiga sobre Nazareno es enviar a"" is not printed anywhere on the supplied page, and no further page was given, so it cannot be verified.",
886,2022-05-12_r04,12-05-2022_ESPECIAL.pdf,12,Sra. Presidenta (Ledesma Abdala),Sra. Presidenta (Ledesma Abdala).-,yes,yes,same-paragraph,none,high,"Silencio, por favor. A ver, a ver…",none,
887,2022-05-12_r04,12-05-2022_ESPECIAL.pdf,14,Sr. Petcoff Naidenoff,Sr. Petcoff Naidenoff.-,yes,yes,same-paragraph,none,high,"Ah, bueno.",none,
888,2022-05-12_r04,12-05-2022_ESPECIAL.pdf,33,Sra. Corpacci,Sra. Corpacci.-,yes,yes,same-paragraph,none,high,"Muchas gracias, señora presidenta. En primer lugar, quiero tomar el homenaje que hicieron todos",none,
889,2022-05-12_r04,12-05-2022_ESPECIAL.pdf,48,Sra. Presidenta (Ledesma Abdala),Sra. Presidenta (Ledesma Abdala).-,yes,yes,same-paragraph,"""–Los órdenes del día en consideración son los siguientes:""",high,Reconocimiento del Tratado Interprovincial de creación de la Región Norte Grande Argentino (NOA-NEA). (O.D.,The quoted words are the first item of the order-of-the-day list read into the record within the presiding officer's own turn; no new bold label intervenes before it.,
890,2022-05-12_r04,12-05-2022_ESPECIAL.pdf,49,Sra. Presidenta (Ledesma Abdala),Sra. Presidenta (Ledesma Abdala).-,yes,yes,same-paragraph,none,high,"Resulta aprobada. Sí, senador Cornejo.",none,
891,2022-05-12_r04,12-05-2022_ESPECIAL.pdf,63,Sr. Lousteau,Sr. Lousteau.-,yes,yes,same-paragraph,none,high,Después él va a tener su tiempo y va a hablar.,none,
892,2022-05-12_r04,12-05-2022_ESPECIAL.pdf,71,Sra. Presidenta (Losada),Sra. Presidenta (Losada).-,yes,yes,same-paragraph,none,high,"Gracias, señora presidenta. Tiene la palabra la senadora Ana Ianni.",none,
893,2022-06-02_r06,02-06-2022_INFORMATIVA_ESPECIAL.pdf,86,Sr. Cornejo,Sr. Cornejo.-,yes,yes,same-paragraph,none,high,"Escuchá. Después, te vamos a escuchar a vos.",none,
894,2022-06-30_r07,30-06-2022_ORDINARIA.pdf,4,Sra. Presidenta (Fernández de Kirchner),Sra. Presidenta (Fernández de Kirchner).-,yes,yes,same-paragraph,none,high,Opera sobre las bancas de los señores senadores y senadoras el plan de labor,none,
895,2022-06-30_r07,30-06-2022_ORDINARIA.pdf,22,Sra. Fernández Sagasti,Sra. Fernández Sagasti.-,yes,yes,same-paragraph,none,high,"Gracias, señora presidenta. La verdad es que no le encuentro sentido reglamentario y político",none,
896,2022-06-30_r07,30-06-2022_ORDINARIA.pdf,23,Sra. Presidenta (Ledesma Abdala),Sra. Presidenta (Ledesma Abdala).-,yes,yes,same-paragraph,none,high,"Bien, queda constancia.",none,
897,2022-06-30_r07,30-06-2022_ORDINARIA.pdf,76,Sr. Zimmermann,Sr. Zimmermann.-,yes,yes,same-paragraph,none,high,"Muchas gracias, presidente. Yo quiero pedirles a mis pares, la senadora Gladys González y",none,
898,2022-06-30_r07,30-06-2022_ORDINARIA.pdf,108,Sra. Catalfamo,Sra. Catalfamo.-,yes,yes,previous-page,none,high,La pandemia del VIH lleva más de 40 años y no tenemos vacunas ni,"Label is printed on the first image (printed page 106: ""Tiene la palabra, senadora Catalfamo."" / ""Sra. Catalfamo.- Muchas gracias, presidenta.""); her turn continues without interruption through page 107 and into page 108, where the quoted words appear, still before she says ""Muchas gracias, señora presidenta."" and yields the floor.",
899,2022-06-30_r07,30-06-2022_ORDINARIA.pdf,117,Sr. Presidente (Closs),Sr. Presidente (Closs).-,yes,yes,same-paragraph,none,high,Resultan aprobadas. Propongo que se vote por medios electrónicos en una sola votación en,none,
900,2022-06-30_r07,30-06-2022_ORDINARIA.pdf,117,Sr. Presidente (Closs),Sr. Presidente (Closs).-,yes,yes,same-paragraph,none,high,Resultan aprobadas. Propongo que se vote por medios electrónicos en una sola votación en,Identical case to 899 (same page image and same quoted words).,
901,2022-08-10_r08,10-08-2022_ESPECIAL.pdf,15,Sra. Presidenta (Ledesma Abdala),Sra. Presidenta (Ledesma Abdala).-,yes,yes,same-paragraph,none,high,Se va a votar la lista de oradores a mano alzada.,Direct match on the page.,
902,2022-08-10_r08,10-08-2022_ESPECIAL.pdf,18,"Sra. González, Gladys","Sra. González, Gladys.-",yes,yes,same-paragraph,none,high,"Gracias, presidenta. Creo que todos coincidimos en que el rol de los brigadistas que",Direct match on the page.,
903,2022-08-10_r08,10-08-2022_ESPECIAL.pdf,20,Sra. Di Tullio,Sra. Di Tullio.-,yes,yes,same-paragraph,none,high,"Yo la escuché; la escuché. Mire, presidenta, más allá de las palabras honrosas, descriptivas,",Direct match on the page.,
904,2022-09-01_r09,01-09-2022_ESPECIAL.pdf,34,Sra. Presidenta (Ledesma Abdala),Sra. Presidenta (Ledesma Abdala).-,yes,yes,same-paragraph,none,high,¿Comparte…?,Direct match on the page.,
905,2022-09-01_r09,01-09-2022_ESPECIAL.pdf,34,Sr. Secretario (Fuentes),Sr. Secretario (Fuentes).-,yes,yes,same-paragraph,none,high,Pregúntele si comparte…,Direct match on the page.,
906,2022-09-01_r09,01-09-2022_ESPECIAL.pdf,52,Sra. Presidenta (Ledesma Abdala),Sra. Presidenta (Ledesma Abdala).-,yes,yes,same-paragraph,none,high,¿En qué quedamos?,Direct match on the page.,
907,2022-09-01_r09,01-09-2022_ESPECIAL.pdf,68,Sra. Tagliaferri,Sra. Tagliaferri.-,yes,yes,same-paragraph,none,high,…que son productivas y que son buenas para la Argentina. Aclaro el sentido en,Direct match on the page.,
908,2022-09-01_r09,01-09-2022_ESPECIAL.pdf,75,Sra. Ávila,Sra. Ávila.-,yes,yes,same-paragraph,none,high,Señora presidenta…,Direct match on the page.,
909,2022-09-01_r09,01-09-2022_ESPECIAL.pdf,87,Sr. Lewandowski,Sr. Lewandowski.-,yes,yes,same-paragraph,none,high,"Gracias, señora presidenta. Yo saludo este tipo de leyes; que tengamos el consenso necesario,",Direct match on the page.,
910,2022-09-08_r10,08-09-2022_ESPECIAL.pdf,22,Sr. Secretario (Fuentes),Sr. Secretario (Fuentes).-,yes,yes,same-paragraph,none,high,Texto unificado. “El Senado de la Nación declara: su más enérgico repudio al intento,Direct match on the page.,
911,2022-09-08_r10,08-09-2022_ESPECIAL.pdf,22,Sra. Presidenta (Ledesma Abdala),Sra. Presidenta (Ledesma Abdala).-,yes,yes,same-paragraph,(Aplausos.),high,Por unanimidad resulta aprobado. Se realizarán las comunicaciones pertinentes.,"The stage direction ""(Aplausos.)"" appears right after the quoted words within the same paragraph; it does not end the turn.",
912,2022-09-22_r11,22-09-2022_ESPECIAL.pdf,70,Sra. Presidenta (Tagliaferri),Sra. Presidenta (Tagliaferri).-,yes,yes,same-paragraph,none,high,"Senador Mayans, tiene la palabra.","An earlier, differently-worded line (""Senador Mayans, es el momento de cierre."") by the same presiding label could be mistaken for a partial match, but the exact quoted phrase appears only once, in a later paragraph also under Sra. Presidenta (Tagliaferri).",
913,2022-10-27_r12,27-10-2022_ESPECIAL.pdf,25,Sra. Duré,Sra. Duré.-,yes,yes,same-paragraph,none,high,"Gracias, señora presidenta. Primero, quiero saludar a cada uno de los artistas, actrices, actores,",Direct match on the page.,
914,2022-10-27_r12,27-10-2022_ESPECIAL.pdf,50,Sra. Presidenta (Losada),Sra. Presidenta (Losada).-,yes,yes,same-paragraph,none,high,"Gracias, senador Zimmermann. Tiene la palabra el senador Leavy.",Direct match on the page.,
915,2022-10-27_r12,27-10-2022_ESPECIAL.pdf,62,Sra. Presidenta (Losada),Sra. Presidenta (Losada).-,yes,yes,same-paragraph,none,high,"Gracias, senadora. Comienzan los cierres. Tiene la palabra la senadora Vigo.",Direct match on the page.,
916,2022-10-27_r12,27-10-2022_ESPECIAL.pdf,86,Sra. Presidenta (Ledesma Abdala),Sra. Presidenta (Ledesma Abdala).-,yes,yes,same-paragraph,none,high,"Gracias senadora. Antes de darle la palabra al último orador, pido a los senadores",Direct match on the page.,
917,2022-10-27_r12,27-10-2022_ESPECIAL.pdf,90,Sra. Presidenta (Ledesma Abdala),Sra. Presidenta (Ledesma Abdala).-,yes,yes,same-paragraph,none,high,"Gracias, senadora. Tiene la palabra senador Yedlin.",Direct match on the page.,
918,2022-11-16_r13,16-11-2022_ESPECIAL.pdf,22,Sr. Secretario (Fuentes),Sr. Secretario (Fuentes).-,yes,yes,same-paragraph,none,high,Orden del Día N° 429/22. Dictamen en el mensaje del Poder Ejecutivo solicitando acuerdo,Direct match on the page.,
919,2023-02-23_r01,23-02-2023_PREPARATORIA.pdf,7,Sr. Snopek,Sr. Snopek.-,yes,yes,same-paragraph,none,high,"Sí, señora presidenta. Es para decir que desde el bloque Unidad Federal vamos a",Direct match on the page.,
920,2023-03-01_r00,01-03-2023_ASAMBLEA.pdf,7,Sra. Presidenta (Fernández de Kirchner),Sra. Presidenta (Fernández de Kirchner).-,yes,yes,same-paragraph,none,high,Por Secretaría se dará lectura al mensaje y decreto del Poder Ejecutivo convocando a,Direct match on the page.,
921,2023-03-01_r00,01-03-2023_ASAMBLEA.pdf,8,Sra. Presidenta (Fernández de Kirchner),Sra. Presidenta (Fernández de Kirchner).-,yes,yes,same-paragraph,none,high,Si hay asentimiento del resto de los diputados y senadores…,Direct match on the page.,
922,2023-03-01_r00,01-03-2023_ASAMBLEA.pdf,33,Sr. Presidente de la Nación,Sr. Presidente de la Nación.-,yes,yes,same-paragraph,none,high,Los ejemplos…,"The page has two short lines by the same speaker (""Los ejemplos…"" then, after a stage direction, ""Los ejemplos abundan.""); only the first exactly matches the quoted words, and both are under the same label so there is no attribution ambiguity.",
923,2023-03-01_r00,01-03-2023_ASAMBLEA.pdf,34,Sr. Presidente de la Nación,Sr. Presidente de la Nación.-,yes,yes,same-paragraph,none,high,Nosotros no trasladamos jueces e integramos cámaras para incidir en causas en las que,Direct match on the page.,
924,2023-03-01_r00,01-03-2023_ASAMBLEA.pdf,38,Sr. Presidente de la Nación,Sr. Presidente de la Nación.-,yes,yes,same-paragraph,none,high,"Senadoras, senadores, diputados, diputadas, pueblo de mi patria: cuando discutimos grandes fortunas, lo que",Direct match on the page.,
925,2023-03-30_r02,30-03-2023_ESPECIAL.pdf,4,Sr. Lewandowski,Sr. Lewandowski.-,yes,yes,same-paragraph,none,high,Perfecto.,Direct match on the page.,
926,2023-03-30_r02,30-03-2023_ESPECIAL.pdf,15,Sr. Petcoff Naidenoff,Sr. Petcoff Naidenoff.-,yes,yes,same-paragraph,none,high,"Voy a terminar, presidenta.",Quote is a standalone paragraph opened by this label.,
927,2023-03-30_r02,30-03-2023_ESPECIAL.pdf,37,Sr. Yedlin,Sr. Yedlin.-,yes,yes,same-paragraph,none,high,"Gracias, señor presidente. Voy a ser muy cortito. Aquellos que somos legisladores hace un",Label immediately opens the paragraph containing the quote.,
928,2023-04-13_r03,13-04-2023_ORDINARIA.pdf,51,Sra. Presidenta (Fernández de Kirchner),Sra. Presidenta (Fernández de Kirchner).-,yes,yes,same-paragraph,none,high,"Muchas gracias, señora senadora. Vamos a proceder a la votación en particular y en",none,
929,2023-04-13_r03,13-04-2023_ORDINARIA.pdf,59,Sra. Presidenta (Fernández de Kirchner),Sra. Presidenta (Fernández de Kirchner).-,yes,yes,same-paragraph,none,high,"¿Se identificaron ya? ¿Quiénes faltan identificarse? Fíjense, por favor.",none,
930,2023-04-13_r03,13-04-2023_ORDINARIA.pdf,75,Sra. Presidenta (Ledesma Abdala),Sra. Presidenta (Ledesma Abdala).-,yes,yes,same-paragraph,none,high,"Ah, ¿quiere expresarlo a viva voz?",none,
931,2023-04-13_r03,13-04-2023_ORDINARIA.pdf,83,Sra. Presidenta (Losada),Sra. Presidenta (Losada).-,yes,yes,same-paragraph,none,high,¿Están todos identificados?,none,
932,2023-05-11_r04,11-05-2023_INFORMATIVA_ESPECIAL.pdf,4,Sr. Secretario (Fuentes),Sr. Secretario (Fuentes).-,yes,yes,same-paragraph,none,high,Invito al señor jefe de Gabinete de Ministros a brindar su respectivo informe,none,
933,2023-05-11_r04,11-05-2023_INFORMATIVA_ESPECIAL.pdf,41,Sra. Presidenta (Ledesma Abdala),Sra. Presidenta (Ledesma Abdala).-,yes,yes,same-paragraph,none,high,"Gracias, senadora. Tiene la palabra, senador Linares.",none,
934,2023-05-11_r04,11-05-2023_INFORMATIVA_ESPECIAL.pdf,51,Sr. Schiavoni,Sr. Schiavoni.-,yes,yes,same-paragraph,none,high,"Gracias, presidente y comprovinciano. Gracias, ministro, por su presencia, cumpliendo con el deber que",none,
935,2023-07-12_r05,12-07-2023_EN_MINORÍA.pdf,4,Sra. Presidenta (Ledesma Abdala),Sra. Presidenta (Ledesma Abdala).-,yes,yes,same-paragraph,none,high,"Señores senadores y señoras senadoras, por favor, si se identifican…",none,
936,2023-07-12_r05,12-07-2023_EN_MINORÍA.pdf,4,Sr. Mayans,Sr. Mayans.-,yes,yes,same-paragraph,none,high,"Gracias, señora presidenta. Nosotros aspiramos a tener sesión. Está la propuesta de los distintos",none,
937,2023-09-28_r06,28-09-2023_ESPECIAL.pdf,7,Sr. Rodríguez Saá,Sr. Rodríguez Saá.-,yes,yes,same-paragraph,none,low,Sí.,"ambiguous — the exact word ""Sí."" appears twice on this page as a full paragraph, once under Sr. Rodríguez Saá.- and once under Sra. Presidenta (Ledesma Abdala).-; assigned the first (earlier) occurrence to this case, the second to case 938, but either page instance could be the one intended.",
938,2023-09-28_r06,28-09-2023_ESPECIAL.pdf,7,Sra. Presidenta (Ledesma Abdala),Sra. Presidenta (Ledesma Abdala).-,yes,yes,same-paragraph,none,low,Sí.,"ambiguous — same page and same word ""Sí."" also appears earlier under Sr. Rodríguez Saá.- (assigned to case 937); assigned the second (later) occurrence to this case.",
939,2023-09-28_r06,28-09-2023_ESPECIAL.pdf,23,Sra. Presidenta (Ledesma Abdala),Sra. Presidenta (Ledesma Abdala).-,yes,yes,same-paragraph,none,high,"Gracias, senadora. Tiene la palabra el senador… Ah, perdón…",none,
940,2023-09-28_r06,28-09-2023_ESPECIAL.pdf,52,Sra. Presidenta (Ledesma Abdala),Sra. Presidenta (Ledesma Abdala).-,yes,yes,same-paragraph,none,high,"Silencio, senador Juez.",none,
941,2023-09-28_r06,28-09-2023_ESPECIAL.pdf,53,Sra. Presidenta (Ledesma Abdala),Sra. Presidenta (Ledesma Abdala).-,yes,yes,same-paragraph,none,high,"¡No dialoguen senador Mayans, senador juez! ¡Por favor, no dialoguen!",none,
942,2023-09-28_r06,28-09-2023_ESPECIAL.pdf,55,Sra. Presidenta (Ledesma Abdala),Sra. Presidenta (Ledesma Abdala).-,yes,yes,same-paragraph,none,high,Estamos ante un empate.,none,
943,2023-09-28_r06,28-09-2023_ESPECIAL.pdf,55,Sra. Presidenta (Ledesma Abdala),Sra. Presidenta (Ledesma Abdala).-,yes,yes,same-paragraph,none,high,"En lugar de abrir de nuevo la discusión, si ratifican o rectifican.",none,
944,2023-09-28_r06,28-09-2023_ESPECIAL.pdf,113,Sr. Bensusán,Sr. Bensusán.-,yes,yes,same-paragraph,none,high,"Gracias, señora presidenta. Previamente y en función de lo que se ha manifestado en",none,
945,2023-09-28_r06,28-09-2023_ESPECIAL.pdf,123,Sra. Presidenta (Ledesma Abdala),Sra. Presidenta (Ledesma Abdala).-,yes,yes,same-paragraph,none,high,"Gracias, senadora. Tiene la palabra senador Rodríguez.",none,
946,2023-09-28_r06,28-09-2023_ESPECIAL.pdf,132,Sra. Presidenta (Ledesma Abdala),Sra. Presidenta (Ledesma Abdala).-,yes,yes,same-paragraph,none,high,". Conforme al artículo 81 de la Constitución, se comunica a la Cámara de","Paragraph text begins with a stray period before ""Conforme al artículo 81...""; the label itself is exact.",
947,2023-09-28_r06,28-09-2023_ESPECIAL.pdf,154,Sr. Rodríguez,Sr. Rodríguez.-,yes,yes,same-paragraph,none,high,Gracias. Gracias.,none,
948,2023-09-28_r06,28-09-2023_ESPECIAL.pdf,163,Sr. Vischi,Sr. Vischi.-,yes,yes,same-paragraph,none,high,"Voy a votar en contra nomás, señora presidente.",none,
949,2023-09-28_r06,28-09-2023_ESPECIAL.pdf,163,Sra. Presidenta (Ledesma Abdala),Sra. Presidenta (Ledesma Abdala).-,yes,yes,same-paragraph,none,high,"Bien. Entonces, no habiendo…",none,
950,2023-09-28_r06,28-09-2023_ESPECIAL.pdf,165,Sra. Presidenta (Ledesma Abdala),Sra. Presidenta (Ledesma Abdala).-,yes,yes,same-paragraph,none,high,"Con 36 votos afirmativos, 15 votos negativos y 2 abstenciones, resulta aprobado.",none,
951,2023-11-29_r00,29-11-2023_ASAMBLEA.pdf,8,Sr. Secretario (Fuentes),Sr. Secretario (Fuentes).-,yes,yes,same-paragraph,none,high,"Senadora Sandra Mendoza, diputado José Luis Gioja, senador Adolfo Rodríguez Saá, diputada Susana Graciela",Quote is the opening list of names read by the secretary.,
952,2023-11-29_r00,29-11-2023_ASAMBLEA.pdf,8,Sra. Presidenta (Fernández de Kirchner),Sra. Presidenta (Fernández de Kirchner).-,yes,yes,same-paragraph,none,high,"Invito a la diputada Carolina Píparo a que dé lectura, como miembro informante de","Under section heading ""4. Resultado definitivo de los comicios del 19 de noviembre de 2023"" but that heading is not inside the paragraph.",
953,2023-11-29_r00,29-11-2023_ASAMBLEA.pdf,8,Sr. Secretario (Fuentes),Sr. Secretario (Fuentes).-,yes,yes,same-paragraph,none,high,Proyecto de resolución. Atento que los resultados verificados de la elección de presidente y,"Last paragraph on the page, beginning ""Proyecto de resolución.""",
954,2023-12-07_r07,07-12-2023_ESPECIAL.pdf,4,Sra. Presidenta (Ledesma Abdala),Sra. Presidenta (Ledesma Abdala).-,yes,yes,same-paragraph,none,high,Buenas tardes.,"First speech on the page, preceded only by the italic session-opening stage direction (outside the paragraph).",
955,2023-12-13_r08,13-12-2023_ESPECIAL.pdf,5,Sra. Presidente (Villarruel),Sra. Presidente (Villarruel).-,yes,yes,same-paragraph,none,high,Buenas tardes. Con la presencia de 38 senadores queda abierta la sesión del día,"Quote spans the label's opening sentence and the following indented continuation line, both part of the same turn.",
956,2023-12-13_r08,13-12-2023_ESPECIAL.pdf,5,Sr. Mayans,Sr. Mayans.-,yes,yes,same-paragraph,none,high,"Gracias, presidenta. En primer lugar, nosotros queremos plantear que coincidimos plenamente con lo que",none,
957,2023-12-13_r08,13-12-2023_ESPECIAL.pdf,13,Sr. Romero,Sr. Romero.-,yes,yes,same-paragraph,none,high,Yo voy a hablar. Creo que es una falta de respeto obstruir de esta,"This is the second ""Sr. Romero.-"" label on the page, printed again after ""-Manifestaciones simultáneas."" interrupted his prior turn; both instances are the same speaker so the label text is identical either way.",
958,2023-12-13_r08,13-12-2023_ESPECIAL.pdf,43,Sra. Presidente (Villarruel),Sra. Presidenta (Villarruel).-,no,yes,same-paragraph,none,high,"Silencio, por favor. Gracias.","Short interjection paragraph following ""-Manifestaciones simultáneas."" (that furniture is before the paragraph, not inside it).",parser right — the page prints 'Sra. Presidente (Villarruel).-'. Same added feminine ending as case 645; this sitting prints the masculine form 145 times.
959,2024-02-23_r01,23-02-2024_PREPARATORIA.pdf,7,Sra. Presidente (Villarruel),Sra. Presidente (Villarruel).-,yes,yes,same-paragraph,none,high,"Bueno. Entonces, vamos a comenzar con un homenaje. Tiene usted la palabra, senador.",Quote spans the label's opening sentence and its indented continuation line within the same turn.,
960,2024-02-23_r01,23-02-2024_PREPARATORIA.pdf,23,Sr. Paoltroni,Sr. Paoltroni.-,yes,yes,same-paragraph,none,high,¡La hora!,Short exclamation during an exchange with Sr. Parrilli.,
961,2024-03-01_r00,01-03-2024_ASAMBLEA.pdf,8,Sr. Secretario (Giustinian),Sr. Secretario (Giustinian).-,yes,yes,same-paragraph,none,high,"Comisión de Recepción Exterior: senador Enrique Martín Goerling Lara, senadora Beatriz Luisa Ávila, senadora",Reading of the reception commission's roster.,
962,2024-03-01_r00,01-03-2024_ASAMBLEA.pdf,18,Sr. Presidente de la Nación,Sr. Presidente de la Nación.-,yes,yes,previous-page,none,high,y pasó exactamente lo que dijimos: la oferta de bienes en el mercado se,"Turn opens on printed page 9 with ""Sr. Presidente de la Nación.-"" and continues uninterrupted (only ""(Aplausos.)""/""(Aplausos y manifestaciones.)"" markers, no new bold label) all the way through printed page 18, where the quoted words appear.",
963,2024-03-14_r02,14-03-2024_ESPECIAL.pdf,7,Sr. Leavy,Sr. Leavy.-,yes,yes,same-paragraph,none,high,"Señora presidenta, para hacerle un homenaje a una gran mujer, una gran luchadora, una",Opening of a homage speech.,
964,2024-03-14_r02,14-03-2024_ESPECIAL.pdf,19,Sra. Terenzi,Sra. Terenzi.-,yes,yes,same-paragraph,none,high,Sigo y vuelvo a enfocar. Esta deuda con el Fondo Fiduciario para el Desarrollo,"This is the second ""Sra. Terenzi.-"" label on the page, printed again after ""-Se interrumpe momentáneamente el audio."" / ""-Luego de unos instantes:"" broke her prior turn.",
965,2024-03-14_r02,14-03-2024_ESPECIAL.pdf,49,Sra. Fernández Sagasti,Sra. Fernández Sagasti.-,yes,yes,same-paragraph,none,high,Se tiene que votar. No había lista de oradores.,"The same label appears earlier on the page with similar but reordered wording (""No había lista de oradores. Se vota. Se tiene que votar.""); the exact quoted order (""Se tiene que votar. No había lista de oradores."") matches only the later occurrence, also under Sra. Fernández Sagasti, so there is no attribution ambiguity.",
966,2024-06-12_r05,12-06-2024_ESPECIAL.pdf,146,Sr. Juez,Sr. Juez.-,yes,yes,same-paragraph,none,high,"Probablemente, con miradas distintas, acá hay algunos senadores que pueden atestiguar lo que estoy",none,
967,2024-06-12_r05,12-06-2024_ESPECIAL.pdf,183,Sra. Presidente (Villarruel),Sra. Presidente (Villarruel).-,yes,yes,same-paragraph,none,high,"Propongo se vote, entonces, en particular y por medios electrónicos, el Título IV, “Promoción",none,
968,2024-06-12_r05,12-06-2024_ESPECIAL.pdf,185,Sra. Presidente (Villarruel),Sra. Presidente (Villarruel).-,yes,yes,same-paragraph,none,high,"Ya está decidida la votación por títulos, senador. Igualmente, ahora le va a responder",none,
969,2024-06-12_r05,12-06-2024_ESPECIAL.pdf,190,Sr. Parrilli,Sr. Parrilli.-,yes,yes,same-paragraph,none,high,Usted respete…,none,
970,2024-06-12_r05,12-06-2024_ESPECIAL.pdf,259,Sr. Romero,Sr. Romero.-,yes,yes,same-paragraph,none,high,"No, creo que no queda afuera...",none,
971,2024-06-12_r05,12-06-2024_ESPECIAL.pdf,280,Sra. Fernández Sagasti,Sra. Fernández Sagasti.-,yes,yes,same-paragraph,none,high,"Gracias, presidente. A los fines prácticos, como es un título que tiene cuatro artículos",none,
972,2024-07-04_r06,04-07-2024_ESPECIAL.pdf,10,Sr. Atauche,Sr. Atauche.-,yes,yes,same-paragraph,none,high,"Perdón, presidente. Quiero ver si podemos aclarar un poco el sentido del voto, porque",none,
973,2024-07-04_r06,04-07-2024_ESPECIAL.pdf,12,Sr. Romero,Sr. Romero.-,yes,yes,same-paragraph,none,high,"Digo que no encuentro razón, ni práctica, ni regla...",none,
974,2024-07-04_r06,04-07-2024_ESPECIAL.pdf,15,Sr. Mayans,Sr. Mayans.-,yes,yes,same-paragraph,none,high,Yo pensé que usted era radical.,none,
975,2024-07-04_r06,04-07-2024_ESPECIAL.pdf,62,Sr. Presidente (Abdala),Sr. Presidente (Abdala).-,yes,yes,same-paragraph,none,high,Tiene la palabra el senador Paoltroni.,none,
976,2024-07-04_r06,04-07-2024_ESPECIAL.pdf,64,Sr. Mayans,Sr. Mayans.-,yes,yes,same-paragraph,none,high,"Gracias. Se aproxima. El sentido es que, por lo que pasó con esta redacción,","Quote begins with the label's own opening word ""Gracias.""",
977,2024-07-04_r06,04-07-2024_ESPECIAL.pdf,64,Sr. Presidente (Abdala),Sr. Presidente (Abdala).-,yes,yes,same-paragraph,none,high,Y cuál votamos primero: ¿la de él o la tuya?,Quote is the entire content of this short paragraph.,
978,2024-07-04_r06,04-07-2024_ESPECIAL.pdf,71,Sr. Presidente (Abdala),Sr. Presidente (Abdala).-,yes,yes,same-paragraph,none,high,Tiene la palabra la senadora Alicia Kirchner.,Quote is the entire content of this short paragraph.,
979,2024-08-22_r07,22-08-2024_ORDINARIA.pdf,9,Sr. Romero,Sr. Romero.-,yes,yes,same-paragraph,none,high,"… decidir esta proporcionalidad... Senador Mayans, lo he escuchado y le pido que haga","This is a rapid back-and-forth exchange; the quote continues directly from ""Sr. Romero.- … decidir esta proporcionalidad..."" into the next line addressed to Mayans, all within Romero's own paragraph, not Mayans's.",
980,2024-08-22_r07,22-08-2024_ORDINARIA.pdf,25,Sr. Lousteau,Sr. Lousteau.-,yes,yes,same-paragraph,none,high,"Nosotros nos hacemos cargo. Ustedes no. Esa privatización de los fondos de pensión... Porque,",Quote begins with the label's own opening sentence and continues into the immediately following indented paragraph of the same turn.,
981,2024-08-22_r07,22-08-2024_ORDINARIA.pdf,72,Sr. Presidente (Abdala),Sr. Presidente (Abdala).-,yes,yes,earlier-on-page,(Aplausos.),high,"A continuación, el Anexo I del orden del día.","Quote is the last line of a multi-sentence turn; the stage direction ""(Aplausos.)"" appears earlier in the same unbroken turn, before the quoted words.",
982,2024-08-22_r07,22-08-2024_ORDINARIA.pdf,81,Sr. Presidente (Abdala),Sr. Presidente (Abdala).-,yes,yes,same-paragraph,none,high,"Gracias, senador Atauche. Si algún otro senador más, eventualmente, quiere la palabra… De lo",Quote begins with the label's own opening words.,
983,2024-08-22_r08,22-08-2024_ESPECIAL.pdf,9,Sr. Presidente (Abdala),Sr. Presidente (Abdala).-,yes,yes,same-paragraph,none,high,"Gracias, senador. Tiene la palabra el senador Romero.","Quote is the entire content of this short paragraph, last line on the page.",
984,2024-09-12_r09,12-09-2024_ORDINARIA.pdf,29,Sr. Lewandowski,Sr. Lewandowski.-,yes,yes,same-paragraph,(Risas.),high,"Con... Si lo quieren sacar sin dictamen, vamos para adelante.","The stage direction ""(Risas.)"" immediately follows the quoted words within the same paragraph.",
985,2024-09-12_r09,12-09-2024_ORDINARIA.pdf,54,Sr. Presidente (Abdala),Sr. Presidente (Abdala).-,yes,yes,same-paragraph,none,high,"Gracias, senadora. Es tomado en cuenta y se verá en el momento de la",Quote begins with the label's own opening words.,
986,2024-09-12_r09,12-09-2024_ORDINARIA.pdf,76,Sra. Presidente (Villarruel),Sra. Presidente (Villarruel).-,yes,yes,earlier-on-page,none,high,Se vota.,"The bold label reads only ""Aprobado.""; ""Se vota."" appears several unlabeled continuation lines later within the same unbroken turn.",
987,2024-09-12_r09,12-09-2024_ORDINARIA.pdf,134,Sr. Presidente (Abdala),Sr. Presidente (Abdala).-,yes,yes,same-paragraph,none,high,Aprobadas. Acá hay que definir si se va a votar en general o en,"Quote begins with the label's own opening word ""Aprobadas.""",
988,2024-09-12_r09,12-09-2024_ORDINARIA.pdf,144,Sra. Presidente (Sapag),Sra. Presidente (Sapag).-,yes,yes,same-paragraph,none,high,"Gracias, senador Parrilli. Tiene la palabra el senador Blanco.",Quote is the entire content of this short paragraph.,
989,2024-09-12_r09,12-09-2024_ORDINARIA.pdf,154,Sr. Paoltroni,Sr. Paoltroni.-,yes,yes,same-paragraph,none,high,"Señor presidente: propongo que votemos como está determinado, o que levantemos la sesión y",Quote begins with the label's own opening words.,
990,2024-09-26_r10,26-09-2024_ORDINARIA.pdf,6,Sra. Presidente (Villarruel),Sra. Presidente (Villarruel).-,yes,yes,same-paragraph,none,high,"Termino la frase y lo dejo hablar, Mayans. Se requieren los dos tercios. Ahora",Quote begins with the label's own opening words.,
991,2024-09-26_r10,26-09-2024_ORDINARIA.pdf,22,Sr. Mayans,Sr. Mayans.-,yes,yes,same-paragraph,none,high,¿Es con dictamen?,Quote is the entire content of this short paragraph.,
992,2024-09-26_r10,26-09-2024_ORDINARIA.pdf,22,Sra. Presidente (Villarruel),Sra. Presidente (Villarruel).-,yes,yes,same-paragraph,none,high,"Para otra moción de preferencia, tiene el uso de la palabra el senador Marcelo","A bold section title (""13. Moción de preferencia planteada por el señor senador Lewandowski"") precedes this paragraph but is not inside it.",
993,2024-09-26_r10,26-09-2024_ORDINARIA.pdf,44,Sr. Presidente (Abdala),Sr. Presidente (Abdala).-,yes,yes,same-paragraph,none,high,"Senador Parrilli, el senador Pablo Blanco le pide una interrupción.",Quote is the entire content of this short paragraph.,
994,2024-09-26_r10,26-09-2024_ORDINARIA.pdf,48,Sra. Losada,Sra. Losada.-,yes,yes,same-paragraph,none,high,"Respecto de la constitucionalidad o no de este proyecto de ley, pido permiso para","Losada speaks twice on this page separated by a Parrilli interjection; the quote matches the second ""Sra. Losada.-"" paragraph, which opens with these exact words.",
995,2024-09-26_r10,26-09-2024_ORDINARIA.pdf,61,Sra. Presidente (Villarruel),Sra. Presidente (Villarruel).-,yes,yes,same-paragraph,none,high,"Corresponde, por tanto, constituir la Cámara en comisión y designar las autoridades. Si hay",Quote begins with the label's own opening words.,
996,2024-11-27_r11,27-11-2024_INFORMATIVA_ESPECIAL.pdf,54,Sra. Presidente (Villarruel),Sra. Presidente (Villarruel).-,yes,yes,same-paragraph,none,high,"…y no perdamos el respeto. No perdamos el respeto, senador.","Villarruel's label appears twice nearby (once as ""No dialoguen, por favor.""); the quote matches the later, more specific paragraph beginning ""...y no perdamos el respeto.""",
997,2024-12-12_r12,12-12-2024_ESPECIAL.pdf,7,Sra. Presidente (Villarruel),Sra. Presidente (Villarruel).-,yes,yes,same-paragraph,none,high,"Ahora la voy a someter, pero primero le doy el uso de la palabra",Quote begins with the label's own opening words.,
998,2024-12-12_r12,12-12-2024_ESPECIAL.pdf,52,Sra. Di Tullio,Sra. Di Tullio.-,yes,yes,same-paragraph,none,high,"Ok, nos reuniríamos afuera los presidentes de bloque. Sí. Gracias, presidenta.",Quote is the entire content of this short paragraph.,
