case,session,pdf,page,parser_speaker,blind_read_label,agree,words_found,label_distance,furniture_in_paragraph,confidence,opening_words,reader_notes
1,2000-02-23_r01,2000-02-23_r01_PREPARATORIA.pdf,3,Sr. PRESIDENTE,Sr. PRESIDENTE.-,yes,yes,same-paragraph,none,high,Para una manifestación en minoría tiene la palabra el señor senador por Salta.,Clean scan; label and quoted words in the same line/paragraph.
2,2000-02-23_r01,2000-02-23_r01_PREPARATORIA.pdf,3,Sr. SALA,Sr. SALA.-,yes,yes,same-paragraph,none,high,"Señor presidente: es para proponer que si dentro de cinco minutos no tenemos quórum,",Clean scan; label and quoted words in the same paragraph.
3,2000-02-23_r01,2000-02-23_r01_PREPARATORIA.pdf,4,Sr. PRESIDENTE,Sr. PRESIDENTE.-,yes,yes,same-paragraph,"superscript footnote marker ""1"" printed immediately after the quoted sentence, referring to a footnote (""Ver el Apéndice."") at the bottom of the page",high,Se procederá en consecuencia.,"Quoted words ""Se procederá en consecuencia."" appear once, followed directly by the footnote digit ""1"" within the same paragraph."
4,2000-02-23_r01,2000-02-23_r01_PREPARATORIA.pdf,5,Sr. GALVÁN,Sr. GALVÁN.-,yes,yes,same-paragraph,none,high,"Señor presidente: si bien es cierto que, como corresponde, nos estamos ateniendo estrictamente a","Quoted words begin the first paragraph at the top of the later page, directly after the label."
5,2000-02-23_r01,2000-02-23_r01_PREPARATORIA.pdf,5,Sr. ALASINO,Sr. ALASINO.-,yes,yes,same-paragraph,none,high,Señor presidente: acompañamos la propuesta del señor senador Galván.,Clean scan; label and quoted words in the same paragraph.
6,2000-02-23_r01,2000-02-23_r01_PREPARATORIA.pdf,5,Sr. ULLOA,Sr. ULLOA.-,yes,yes,same-paragraph,none,high,"Señor presidente: en el caso particular del vicepresidente 2, en representación de los partidos",Clean scan; label and quoted words in the same paragraph.
7,2000-02-23_r01,2000-02-23_r01_PREPARATORIA.pdf,5,Sr. PRESIDENTE,Sr. PRESIDENTE.-,yes,yes,same-paragraph,none,high,Aprobado.,"The word ""Aprobado."" is short and generic but only one instance appears on the supplied pages, directly after the label."
8,2000-02-23_r01,2000-02-23_r01_PREPARATORIA.pdf,6,Sr. PRESIDENTE,Sr. PRESIDENTE.-,yes,yes,same-paragraph,none,high,Invito al señor senador Ruggero Preto a acercarse al estrado de la Presidencia para,Clean scan; label and quoted words in the same paragraph.
9,2000-03-01_r00,2000-03-01_r00_ASAMBLEA.pdf,5,Sr. PRESIDENTE,Sr. PRESIDENTE.-,yes,yes,same-paragraph,none,high,"Si hay asentimiento, así se procederá.","Printed page numbers on the supplied images read ""2"" and ""3"", not ""4""/""5"" as described in the case list, but the quoted words appear only once across the two pages, directly after the label, so identification is unambiguous."
10,2000-03-01_r00,2000-03-01_r00_ASAMBLEA.pdf,6,Sr. PRESIDENTE,Sr. PRESIDENTE.-,yes,yes,same-paragraph,none,high,Continúa la sesión. Invito al señor presidente de la Nación Argentina a exponer su,"Printed page number on the later image reads ""4"", not ""6"" as described in the case list. The quoted words open a new paragraph right under the section heading ""4 Mensaje del señor presidente de la Nación,"" with the label ""Sr. PRESIDENTE.-"" starting that same paragraph; the heading itself is a separate line above the paragraph, not inside it."
11,2000-10-03_r54,2000-10-03_r54_ESPECIAL.pdf,3,Sr. Losada,Sr. Losada.-,yes,yes,same-paragraph,none,high,Antes de levantar la reunión volveríamos a hacer uso de la palabra para formular,Clean scan; label and quoted words in the same paragraph.
12,2000-10-03_r54,2000-10-03_r54_ESPECIAL.pdf,3,Sr. Rodríguez Saá,Sr. Rodríguez Saá.-,yes,yes,same-paragraph,none,high,¿Hay dictamen impreso?,Clean scan; label and quoted words in the same paragraph.
13,2001-07-18_r45,2001-07-18_r45_ORDINARIA.pdf,13,Sr. Yoma,Sr. Yoma.,yes,yes,same-paragraph,none,high,Señor presidente: además de adherir al contenido del proyecto —ya que se trata de,Clear match; label immediately precedes the quoted words on page 13.
14,2001-07-18_r45,2001-07-18_r45_ORDINARIA.pdf,36,Sr. Presidente (Losada),Sr. Presidente (Losada).,yes,yes,same-paragraph,"the item-73 approval sentence is immediately followed (in the extracted text) by the section number ""74"" that heads the next item, ""Acuerdos con el Ministerio de Trabajo alemán""",high,Queda aprobada la declaración. Se procederá en consecuencia.,"Quoted text is the closing line of item 73 (""Foro Internacional de Emprendedores""); the trailing ""74"" is the number of the following section heading, not part of the spoken sentence."
15,2001-07-18_r45,2001-07-18_r45_ORDINARIA.pdf,36,Sr. Presidente (Losada),Sr. Presidente (Losada).,yes,yes,same-paragraph,"the item-74 approval sentence is immediately followed (in the extracted text) by the section number ""75"" that heads the next item, ""V Congreso Argentino de Educación Física y Ciencia""",high,Queda aprobada la declaración. Se procederá en consecuencia.,"Same pattern as case 14, one item later on the same page; the sentence ""Queda aprobada la declaración. Se procederá en consecuencia."" recurs identically for each item on this page, distinguished only by the trailing section number."
16,2001-07-18_r45,2001-07-18_r45_ORDINARIA.pdf,56,Sr. Presidente (Losada),Sr. Presidente (Losada).,yes,yes,same-paragraph,none,high,Esta Presidencia quiere hacer saber a los señores senadores que en la casa hay,Clear match on page 56.
17,2001-11-07_r69,2001-11-07_r69_ORDINARIA.pdf,18,Sr. Verna,Sr. Verna.,yes,yes,same-paragraph,none,high,Señor presidente: solicito que se comunique esta sanción a la Cámara de Diputados con,Clear match on page 18.
18,2001-11-14_r71,2001-11-14_r71_ORDINARIA.pdf,10,Sr. Martínez Almudevar,Sr. Martínez Almudevar.,yes,yes,same-paragraph,none,high,Porque fue girado a la Comisión de Presupuesto y Hacienda y no a la,Clear match on page 10; this is a short one-line reply to a question from Sr. Moreau.
19,2001-11-14_r71,2001-11-14_r71_ORDINARIA.pdf,22,Sr. Presidente (Menem),Sr. Presidente (Menem).,yes,yes,same-paragraph,none,high,Corresponde considerar el dictamen de la Comisión de Industria en el proyecto de declaración,"Clear match on page 22, opening item 51 ""II Exposición Industrial del Conurbano Sur""."
20,2001-11-14_r71,2001-11-14_r71_ORDINARIA.pdf,29,Sr. Presidente (Menem),Sr. Presidente (Menem).,yes,yes,same-paragraph,none,high,En consideración el artículo 1 con las modificaciones propuestas. Tiene la palabra el señor,Clear match on page 29.
21,2001-11-28_r73,2001-11-28_r73_ORDINARIA.pdf,20,Sr. Presidente (Losada),Sr. Presidente (Losada). —,yes,yes,same-paragraph,none,high,Corresponde considerar el mensaje del Poder Ejecutivo por el que se solicita acuerdo para,"Label opens the same paragraph as the quoted words (page 20, under heading ""Jueza de la Cámara Federal del Apelaciones de Rosario, Santa Fe""); the identical phrase ""Corresponde considerar el mensaje del Poder Ejecutivo por el que se solicita acuerdo para"" recurs three more times later on page 20 for other nominees, each also preceded by the same ""Sr. Presidente (Losada). —"" label, so the wording is not unique to this instance but the governing label is consistent throughout."
22,2001-11-28_r73,2001-11-28_r73_ORDINARIA.pdf,20,Sr. Presidente (Losada),Sr. Presidente (Losada).,yes,yes,same-paragraph,none,medium,Corresponde considerar el mensaje del Poder Ejecutivo por el que se solicita acuerdo para,"The exact phrase ""Corresponde considerar el mensaje del Poder Ejecutivo por el que se solicita acuerdo para"" recurs verbatim four times on page 20 (for the Rosario, Santa Fe judge, Concepción del Uruguay judge, and Tucumán judge nominations), each time introduced directly by ""Sr. Presidente (Losada). —"", so the governing label is the same regardless of which occurrence is meant, but I cannot tell from the supplied excerpt which specific occurrence this case targets."
23,2001-11-28_r73,2001-11-28_r73_ORDINARIA.pdf,20,Sr. Presidente (Losada),Sr. Presidente (Losada).,yes,yes,same-paragraph,none,medium,Corresponde considerar el mensaje del Poder Ejecutivo por el que se solicita acuerdo para,"Identical pages and quoted words to case 22; same phrase recurs four times on page 20, each preceded directly by ""Sr. Presidente (Losada). —"", so the label is unambiguous even though the specific occurrence intended is not distinguishable from the excerpt alone."
24,2001-11-28_r73,2001-11-28_r73_ORDINARIA.pdf,20,Sr. Presidente (Losada),Sr. Presidente (Losada).,yes,yes,same-paragraph,none,medium,Corresponde considerar el mensaje del Poder Ejecutivo por el que se solicita acuerdo para,"Identical pages and quoted words to cases 22 and 23; same phrase recurs four times on page 20, each preceded directly by ""Sr. Presidente (Losada). —"", so the label is unambiguous even though the specific occurrence intended is not distinguishable from the excerpt alone."
25,2002-04-11_r05,2002-04-11_r05_ESPECIAL.pdf,2,Sr. Presidente (Maqueda),Sr. Presidente (Maqueda). —,yes,yes,same-paragraph,none,high,Queda abierta la sesión especial.,"Clear scan, label directly precedes quoted words."
26,2002-04-11_r05,2002-04-11_r05_ESPECIAL.pdf,2,Sr. Presidente (Maqueda),Sr. Presidente (Maqueda). —,yes,yes,same-paragraph,none,high,"Se encuentra en antesala el señor jefe de Gabinete de Ministros, contador Jorge Milton","Clear scan, label directly precedes quoted words."
27,2002-04-11_r05,2002-04-11_r05_ESPECIAL.pdf,12,Sr. Jefe de Gabinete de Ministros,Sr. Jefe de Gabinete de Ministros. —,yes,yes,same-paragraph,none,high,"Respecto del acuerdo con el Fondo Monetario Internacional, efectivamente existe un cronograma de negociaciones.","Clear scan, label directly precedes quoted words."
28,2002-04-11_r05,2002-04-11_r05_ESPECIAL.pdf,18,Sra. Escudero,Sra. Escudero. —,yes,yes,same-paragraph,none,high,"Señor presidente: dado que varias preguntas quedaron sin contestar, quiero preguntarle al jefe de","Clear scan, label directly precedes quoted words."
29,2002-04-11_r05,2002-04-11_r05_ESPECIAL.pdf,19,Sr. Presidente (López Arias),Sr. Presidente (López Arias). —,yes,yes,same-paragraph,none,high,"Gracias, señor jefe. Senadora Halak, ¿va a hacer uso de la palabra?","Clear scan, label directly precedes quoted words."
30,2002-04-11_r05,2002-04-11_r05_ESPECIAL.pdf,23,Sr. Losada,Sr. Losada.—,yes,yes,same-paragraph,none,high,Señor presidente y señor jefe de Gabinete de Ministros: quiero decir que al igual,"Clear scan, label directly precedes quoted words."
31,2002-04-11_r05,2002-04-11_r05_ESPECIAL.pdf,29,Sr. Presidente (López Arias),Sr. Presidente (López Arias). —,yes,yes,same-paragraph,none,high,Tiene la palabra el señor jefe de Gabinete de Ministros.,"Clear scan, label directly precedes quoted words."
32,2002-04-11_r05,2002-04-11_r05_ESPECIAL.pdf,31,Sra. Presidenta (Fernández de Kirchner),Sra. Presidenta (Fernández de Kirchner). —,yes,yes,same-paragraph,none,high,Muy bien. Una pregunta y nada más.,"Clear scan, label directly precedes quoted words."
33,2002-04-11_r05,2002-04-11_r05_ESPECIAL.pdf,36,Sra. Perceval,Sra. Perceval. —,yes,yes,same-paragraph,none,high,"No; gracias, señor presidente.","Similar short turns nearby (Sra. Müller ""No, señor presidente."", Sr. Ochoa ""No haré uso de la palabra, señor presidente."") but only Sra. Perceval's turn matches the exact quoted wording ""No; gracias, señor presidente."""
34,2002-04-11_r05,2002-04-11_r05_ESPECIAL.pdf,42,Sra. Gómez de Bertone,Sra. Gómez de Bertone. —,yes,yes,same-paragraph,none,high,Señor jefe de Gabinete: mi pregunta se refiere a los fondos viales e hídricos.,"Clear scan, label directly precedes quoted words."
35,2002-04-11_r05,2002-04-11_r05_ESPECIAL.pdf,52,Sr. Maestro,Sr. Maestro.—,yes,yes,same-paragraph,none,high,"Gracias, señor presidente. Simplemente, queremos manifestar nuestro profundo rechazo a las palabras peyorativas formuladas","Clear scan, label directly precedes quoted words."
36,2002-08-22_r20,2002-08-22_r20_EN_MINORIA.pdf,5,Sr. Presidente (López Arias),Sr. Presidente (López Arias). —,yes,yes,same-paragraph,none,high,Quedará constancia. Continúa la toma de lista de los senadores presentes.,"""Quedará constancia."" begins the labeled turn; ""Continúa la toma de lista de los senadores presentes."" is an indented continuation sentence of the same turn with no intervening label, so the same label governs both parts of the quote."
37,2003-03-26_r05,2003-03-26_r05_ORDINARIA.pdf,34,Sr. Presidente (Gioja),Sr. Presidente (Gioja). —,yes,yes,same-paragraph,none,high,Senador Morales: el senador Baglini le solicita una interrupción. ¿Se la concede?,Clean scan; the label and quoted words are in the same line/paragraph on page 34.
38,2003-05-25_r00,2003-05-25_r00_ASAMBLEA.pdf,10,Sr. Presidente de la Nación Argentina,Sr. Presidente de la Nación Argentina. –,yes,yes,earlier-page,none,high,"Así, en una práctica que no debe repetirse, era muy difícil distinguir la solución","Quoted words are part of the presidential message that begins on page 9 under the label ""Sr. Presidente de la Nación Argentina. –"" and continues unbroken (no new label) onto page 10 where the quote appears."
39,2003-06-18_r12,2003-06-18_r12_ORDINARIA.pdf,85,Sra. Escudero,Sra. Escudero . —,yes,yes,same-paragraph,none,high,Señor presidente: quiero que quede constancia de mi voto negativo conrelación a los artículos,Clean scan; label and quoted words are in the same paragraph on page 85.
40,2003-09-17_r22,2003-09-17_r22_ORDINARIA.pdf,7,Sr. Presidente (Gioja),Sr. Presidente (Gioja). —,yes,yes,earlier-same-page,none,medium,Proyecto de declaración de la senadora Conti declarando de interésparlamentario “El Encuentro Nacional de,"The quoted words are not spoken directly but appear inside the printed ""Plan de labor parlamentaria"" document text, introduced on the same page 7 by ""Sr. Presidente (Gioja). — Obra sobre las bancas el texto del plan de labor..."" followed by the stenographer note ""— El texto es el siguiente:"" before the quoted list item. That presidential label is the last one printed before the quote."
41,2003-09-17_r22,2003-09-17_r22_ORDINARIA.pdf,17,Sr. Presidente (Gioja),Sr. Presidente (Gioja). —,yes,yes,same-paragraph,none,high,"Corresponde considerar el dictamen de las comisiones de Minería,Energía y Combustibles y de Ambiente","Item 31, ""Orden del Día N° 549 - Efectos carcinógenicos en actividades mineras,"" on page 17; label and quote in same paragraph. A near-identical phrase (same commission names) also opens item 32 lower on the same page, but the exact quoted wording matches item 31."
42,2003-09-17_r22,2003-09-17_r22_ORDINARIA.pdf,17,Sr. Presidente (Gioja),Sr. Presidente (Gioja). —,yes,yes,same-paragraph,none,high,"Corresponde considerar el dictamen de las comisiones de Minería,Energía y Combustibles y de Ambiente","Identical page images to case 41 (same sitting, same page 17, same quote and match location in item 31). A similarly worded phrase also appears in item 32 lower on the page, both governed by the same style of label."
43,2003-11-04_r29,2003-11-04_r29_TRIBUNAL_DE_JUICIO_POLITICO.pdf,91,Sr. Presidente (Yoma),Sr. Presidente (Yoma). —,yes,yes,same-paragraph,none,high,"De todos modos, las mayorías exigidas no son para funcionar sinopara dictaminar...",Clean scan; label and quoted words are in the same paragraph at the bottom of page 91.
44,2003-11-04_r29,2003-11-04_r29_TRIBUNAL_DE_JUICIO_POLITICO.pdf,94,Sr. Fanelli Evans,Sr. Fanelli Evans. —,yes,yes,same-paragraph,none,high,"Los teníamos en cuenta, pero no siempre se seguían.Hay que tener en cuenta que","Clean scan; label and quoted words are in the same paragraph on page 94 (this is a witness answer, not a senator)."
45,2003-11-04_r29,2003-11-04_r29_TRIBUNAL_DE_JUICIO_POLITICO.pdf,98,Sr. Yoma,Sr. Yoma. -,yes,yes,same-paragraph,none,high,"¿Y no considera usted que, como miembro del Tribunal Jurisdiccional, cuyasdecisiones son inapelables, podrían",Clean scan; label and quoted words are in the same paragraph on page 98.
46,2003-11-19_r33,2003-11-19_r33_ORDINARIA.pdf,21,Sr. Presidente,Sr. Presidente. —,yes,yes,same-paragraph,none,medium,"En consideración en general.Si no se hace uso de la palabra, se va a","The exact phrase ""En consideración en general. Si no se hace uso de la palabra, se va a votar."" appears twice on page 21 (Orden del Día N° 957 and N° 958), each preceded by its own ""Sr. Presidente. —"" label with no surname in parentheses in this sitting. Both instances have the identical governing label, so the attribution is unaffected by the ambiguity."
47,2003-11-19_r33,2003-11-19_r33_ORDINARIA.pdf,21,Sr. Presidente,Sr. Presidente. —,yes,yes,same-paragraph,none,medium,"En consideración en general.Si no se hace uso de la palabra, se va a","Identical page images and case setup to case 46 (same sitting, same page 21, same quote appearing twice under identical-style labels)."
48,2003-12-04_r40,2003-12-04_r40_ORDINARIA.pdf,55,Sr. Presidente,Sr. Presidente. —,yes,yes,same-paragraph,none,high,Queda aprobada la declaración. Se procederá en consecuencia.,"On page 55, ""Queda aprobada la declaración. Se procederá en consecuencia."" appears once, under Orden del Día N° 1303 (item 143, Proyecto de Energías Renovables en el Mercado Rural); the other similar closing lines on this page say ""la comunicación"" instead of ""la declaración,"" so the match is unambiguous."
49,2004-05-19_r11,2004-05-19_r11_ORDINARIA.pdf,59,Sr. Giustiniani,Sr. Giustiniani.,yes,yes,same-paragraph,none,high,"Señor presidente: quiero adelantar mi voto negativo al proyecto entratamiento, es decir, a la","Label opens the very paragraph containing the quoted words, on page 59; page 58 is the preceding speaker's (unlabeled continuation) text."
50,2004-06-30_r15,2004-06-30_r15_ESPECIAL.pdf,31,Sr. Pichetto,Sr. Pichetto.,yes,yes,same-paragraph,none,high,"Señor presidente: si bien sé que no hay quórum, quisiera clarificar cómo sigueel desarrollo","On page 31, under section heading ""6 Manifestaciones en minoría"", sequence is ""Sr. Pichetto. — Pido la palabra."" then ""Sr. Presidente (Guinle). — Tiene la palabra el senador Pichetto."" then the quoted words open the next paragraph under ""Sr. Pichetto."""
51,2004-07-07_r16,2004-07-07_r16_ORDINARIA.pdf,44,Sr. Presidente (Guinle),Sr. Presidente (Guinle).,yes,yes,same-paragraph,none,high,Señora senadora: si puede ir terminando...,Short interjection on page 44 asking the senator to finish; clear single instance.
52,2004-07-07_r16,2004-07-07_r16_ORDINARIA.pdf,63,Sr. López Arias,Sr. López Arias.,yes,yes,same-paragraph,none,high,"Señor presidente: es ventajoso hablar a esta altura de la tarde, porque casitodos los",Label and quote both on page 63; page 62 carries the prior speaker's (Sr. Presidente/unnamed senator) unrelated remarks.
53,2004-07-07_r16,2004-07-07_r16_ORDINARIA.pdf,170,Sr. Presidente (Guinle),Sr. Presidente (Guinle).,yes,yes,same-paragraph,none,high,Por Secretaría se procederá a dar lectura a dos artículos delReglamento y luego le,Found on page 170 in the exchange about the disputed vote; label immediately precedes the quoted words.
54,2004-08-04_r17,2004-08-04_r17_ORDINARIA.pdf,17,Sr. Presidente,Sr. Presidente .,yes,yes,same-paragraph,none,medium,Queda aprobada la resolución. Se procederá en consecuencia.,"The exact phrase ""Queda aprobada la resolución. Se procederá en consecuencia."" is a boilerplate line that recurs verbatim at least 5 times across pages 16-17 (once per Orden del Día item), always immediately after a label reading ""Sr. Presidente."" or ""Sr. Presidente ."" (spacing/period varies slightly by instance). Cannot determine which specific occurrence corresponds to this case, but every occurrence on page 17 is governed by the same speaker, so the attribution is unambiguous even though the exact instance is not identifiable."
55,2004-08-04_r17,2004-08-04_r17_ORDINARIA.pdf,17,Sr. Presidente,Sr. Presidente .,yes,yes,same-paragraph,none,medium,Queda aprobada la resolución. Se procederá en consecuencia.,"Same page pair and same boilerplate phrase as case 54 (""Queda aprobada la resolución. Se procederá en consecuencia.""), which recurs multiple times on pages 16-17, each time immediately after a ""Sr. Presidente."" label. Exact occurrence not distinguishable, but speaker is consistent across all instances."
56,2004-08-04_r17,2004-08-04_r17_ORDINARIA.pdf,17,Sr. Presidente,Sr. Presidente .,yes,yes,same-paragraph,none,medium,Queda aprobada la resolución. Se procederá en consecuencia.,"Same page pair and same recurring boilerplate phrase as cases 54 and 55; multiple identical instances on pages 16-17, all attributed to ""Sr. Presidente."" Exact occurrence not distinguishable, but speaker is consistent across all instances."
57,2004-08-11_r18,2004-08-11_r18_ORDINARIA.pdf,41,Sr. Fernández,Sr. Fernández.,yes,yes,same-paragraph,none,high,"Señor presidente: frente a la denominada crisis energética, el Poder Ejecutivo nacional remitió a","Senator Fernández (by Santa Cruz) begins his speech on page 41 with these words, right after being given the floor by Sr. Presidente (Guinle)."
58,2004-10-06_r27,2004-10-06_r27_ORDINARIA.pdf,51,Sra. Escudero,Sra. Escudero.,yes,yes,same-paragraph,none,high,Quisiera realizar una aclaración. señor presidente.,"Clear single instance on page 51, immediately after the previous speaker (Sra. Negre de Alonso) finishes."
59,2004-11-17_r33,2004-11-17_r33_ORDINARIA.pdf,50,Sr. Marino,Sr. Marino.,yes,yes,same-paragraph,none,high,Señor presidente: voy a fundamentar el voto afirmativo de nuestro bloque conrelación a este,"Found on page 50, following interventions by Sr. Presidente (Guinle), Sr. Losada, and Sra. Conti."
60,2004-11-24_r34,2004-11-24_r34_ORDINARIA.pdf,97,Sr. Presidente,Sr. Presidente.,yes,yes,same-paragraph,none,high,"La senadora me está pidiendo la palabra.¿Es por este tema o por otro, señora","Found on page 97, in an exchange where the president notes Senator Avelín is asking for the floor."
61,2005-06-01_r15,2005-06-01_r15_ORDINARIA.pdf,12,Sr. Losada,Sr. Losada.,yes,yes,same-paragraph,none,high,"Esto es posterior. Esto corresponde al tratamiento sobre tablas. Cuando llegueel momento, se vota","Quote is the opening of the ""Sr. Losada."" turn on page 12, immediately after ""Sr. Presidente. — Tiene la palabra el senador Losada."""
62,2005-07-27_r21,2005-07-27_r21_ORDINARIA.pdf,70,Sr. Presidente (Guinle),Sr. Presidente (Guinle).,yes,yes,same-paragraph,none,high,"Corresponde considerar el dictamen de la Comisión de Educación,Cultura, Ciencia y Tecnología en el","The quoted phrase ""Corresponde considerar el dictamen de la Comisión de Educación, Cultura, Ciencia y Tecnología en el"" opens item 229 at the top of page 70, but the same opening phrase also recurs for items 230 and 231 on page 70 and items 225-228 on page 69; every occurrence is governed by the identical label ""Sr. Presidente (Guinle)."" so the label is unambiguous despite the repeated wording."
63,2005-07-27_r21,2005-07-27_r21_ORDINARIA.pdf,70,Sr. Presidente (Guinle),Sr. Presidente (Guinle).,yes,yes,same-paragraph,none,high,"Corresponde considerar el dictamen de la Comisión de Educación,Cultura, Ciencia y Tecnología en el","Same pages/content as case 62 (different image files, identical scan). The quoted phrase recurs several times on pages 69-70, each time under ""Sr. Presidente (Guinle)."""
64,2005-07-27_r21,2005-07-27_r21_ORDINARIA.pdf,70,Sr. Presidente (Guinle),Sr. Presidente (Guinle).,yes,yes,same-paragraph,none,high,"Corresponde considerar el dictamen de la Comisión de Educación,Cultura, Ciencia y Tecnología en el","Same pages/content as cases 62-63 (different image files, identical scan). The quoted phrase recurs several times on pages 69-70, each time under ""Sr. Presidente (Guinle)."""
65,2005-08-25_r25,2005-08-25_r25_ORDINARIA.pdf,43,Sr. Presidente (Guinle),Sr. Presidente (Guinle).,yes,yes,same-paragraph,none,high,"Su modificación, señora senadora.","""Su modificación, señora senadora."" is the entire turn under ""Sr. Presidente (Guinle)."" on page 43, addressed to senadora Paz."
66,2005-09-07_r27,2005-09-07_r27_ORDINARIA.pdf,26,Sr. Presidente,Sr. Presidente.,yes,yes,same-paragraph,none,high,"En consideración en general.Si no se hace uso de la palabra, se va a","The quoted phrase ""En consideración en general. Si no se hace uso de la palabra, se va a"" recurs four times on page 26 (items under Orden del Día 807, 808, 809, 810), each time under the identical label ""Sr. Presidente."" with no parenthetical surname, so the label is unambiguous despite repetition."
67,2005-09-07_r27,2005-09-07_r27_ORDINARIA.pdf,26,Sr. Presidente,Sr. Presidente.,yes,yes,same-paragraph,none,high,"En consideración en general.Si no se hace uso de la palabra, se va a","Same pages/content as case 66 (different image files, identical scan). Phrase recurs 4 times on page 26, always under ""Sr. Presidente."""
68,2005-09-07_r27,2005-09-07_r27_ORDINARIA.pdf,26,Sr. Presidente,Sr. Presidente.,yes,yes,same-paragraph,none,high,"En consideración en general.Si no se hace uso de la palabra, se va a","Same pages/content as cases 66-67 (different image files, identical scan). Phrase recurs 4 times on page 26, always under ""Sr. Presidente."""
69,2005-09-07_r27,2005-09-07_r27_ORDINARIA.pdf,26,Sr. Presidente,Sr. Presidente.,yes,yes,same-paragraph,none,high,"En consideración en general.Si no se hace uso de la palabra, se va a","Same pages/content as cases 66-68 (different image files, identical scan). Phrase recurs 4 times on page 26, always under ""Sr. Presidente."""
70,2005-09-21_r29,2005-09-21_r29_ORDINARIA.pdf,51,Sr. Presidente,Sr. Presidente.,yes,yes,same-paragraph,none,high,Queda aprobada la declaración. Se procederá en consecuencia.,"The quoted phrase ""Queda aprobada la declaración. Se procederá en consecuencia."" recurs three times on page 51 (items 943, 946, 947), each time under the identical label ""Sr. Presidente."" with no parenthetical surname, so the label is unambiguous despite repetition."
71,2005-09-21_r29,2005-09-21_r29_ORDINARIA.pdf,51,Sr. Presidente,Sr. Presidente.,yes,yes,same-paragraph,none,high,Queda aprobada la declaración. Se procederá en consecuencia.,"Same pages/content as case 70 (different image files, identical scan). Phrase recurs 3 times on page 51, always under ""Sr. Presidente."""
72,2005-09-21_r29,2005-09-21_r29_ORDINARIA.pdf,51,Sr. Presidente,Sr. Presidente.,yes,yes,same-paragraph,none,high,Queda aprobada la declaración. Se procederá en consecuencia.,"Same pages/content as cases 70-71 (different image files, identical scan). Phrase recurs 3 times on page 51, always under ""Sr. Presidente."""
73,2006-02-15_r44,2006-02-15_r44_EXTRAORDINARIA.pdf,28,Sr. Presidente,Sr. Presidente. —,yes,yes,same-paragraph,none,high,"Adelante, senador Capitanich, para aclararlo.","Page 28 has two consecutive ""Sr. Presidente."" lines (""Adelante, senador Capitanich, para aclararlo."" then ""Tiene la palabra el señor senador Capitanich.""); the quoted words are governed by the first of the two, both attributed to Sr. Presidente."
74,2006-02-15_r44,2006-02-15_r44_EXTRAORDINARIA.pdf,43,Sr. Capitanich,Sr. Capitanich. —,yes,yes,same-paragraph,none,high,No se aceptan modificaciones por los argumentos vertidos.,Clear single occurrence on page 43.
75,2006-02-22_r45,2006-02-22_r45_EXTRAORDINARIA.pdf,41,Sr. Presidente,Sr. Presidente. —,yes,yes,same-paragraph,none,high,Continúa en el uso de la palabra el señor senador Rodríguez Saá.,Clear single occurrence on page 41.
76,2006-05-17_r09,2006-05-17_r09_ORDINARIA.pdf,45,Sr. Presidente,Sr. Presidente. —,yes,yes,same-paragraph,none,high,"Aprobados.Si no se hace uso de la palabra, se va a votar el pedido","The quoted text spans two consecutive short turns both labeled Sr. Presidente (""Aprobados."" then ""Si no se hace uso de la palabra...""); both are the same speaker, page 45."
77,2006-06-28_r13,2006-06-28_r13_ORDINARIA.pdf,18,Sr. Capitanich,Sr. Capitanich. —,yes,yes,same-paragraph,none,high,Señor presidente: solicito que se pasen a votar las inserciones y luego elproyecto de,Clear single occurrence on page 18.
78,2006-08-02_r17,2006-08-02_r17_ORDINARIA.pdf,40,Sr. Fernández de Kirchner,Sr. Fernández de Kirchner. —,yes,yes,same-paragraph,none,high,"Si no se oponen a votar en general y en particular en una solavotación,",Clear single occurrence on page 40.
79,2006-08-16_r19,2006-08-16_r19_ORDINARIA.pdf,9,Sra. Kirchner,Sra. Kirchner. —,yes,yes,same-paragraph,none,high,"Señor presidente, señores senadores: para poder contextualizar este proyecto deley en el escenario de","Clear single occurrence on page 9; speaker is identified two lines above as ""la señora senadora por Santa Cruz, senadora Kirchner."""
80,2006-10-04_r24,2006-10-04_r24_ORDINARIA.pdf,37,Sr. Pichetto,Sr. Pichetto. —,yes,yes,same-paragraph,none,high,¿Hay alguna disidencia?,Clear single occurrence on page 37.
81,2006-11-01_r26,2006-11-01_r26_ORDINARIA.pdf,14,Sr. Sanz,Sr. Sanz. —,yes,yes,same-paragraph,none,high,¡Nadie puede atribuirse la capacidad de evaluar una cuestión de privilegio!,"Clear single occurrence, first line of page 14."
82,2006-11-08_r27,2006-11-08_r27_ESPECIAL.pdf,12,Sr. Martínez,Sr. Martínez. —,yes,yes,same-paragraph,none,high,"La N° 232, concretamente. Imagino que el jefe de Gabinete habrá remitido esta cuestión",Clear single occurrence on page 12; senator Martínez questioning the Jefe de Gabinete de Ministros.
83,2006-12-06_r30,2006-12-06_r30_ORDINARIA.pdf,88,Sr. Martínez,Sr. Martínez. —,yes,yes,same-paragraph,none,high,"Señor presidente: efectivamente, se trata de llevar a una ley en particular loque ya","Clear single occurrence on page 88, right after a stenographer note that the vice president López Arias took the chair."
84,2006-12-13_r31,2006-12-13_r31_ORDINARIA.pdf,71,Sr. Presidente,Sr. Presidente. —,yes,yes,same-paragraph,none,high,"Por favor, respetemos al orador que está cerrando el debate.","Clear single occurrence on page 71, immediately after an interjection by Sra. Colombo and a ""Murmullos en el recinto"" stage note."
85,2007-03-14_r02,2007-03-14_r02_ORDINARIA.pdf,23,Sr. Capitanich,Sr. Capitanich. —,yes,yes,same-paragraph,none,high,En nuestra provincia del Chaco hemos llegado a tener 712.000 hectáreas desiembra de algodón,"A stenographer note (""— Ocupa la Presidencia la señora vicepresidenta..."") sits just before the label but is not itself a label; the quoted words open the Capitanich paragraph directly."
86,2007-03-28_r03,2007-03-28_r03_ORDINARIA.pdf,18,Sr. Capitanich,Sr. Capitanich. —,yes,yes,same-paragraph,none,high,¿Entonces no se excluye el Orden del Día N° 1.162?,"Clean match, label opens the paragraph containing the quoted question."
87,2007-05-02_r06,2007-05-02_r06_ORDINARIA.pdf,10,Sr. Presidente,Sr. Presidente. —,yes,yes,same-paragraph,none,high,"Las cuestiones de privilegio pasan a la Comisión de AsuntosConstitucionales, como habíamos hecho referencia.",Quoted sentence is the full turn of the presiding officer on page 10.
88,2007-07-04_r10,2007-07-04_r10_ORDINARIA.pdf,28,Sra. Presidenta (Curletti),Sra. Presidenta (Curletti). —,yes,yes,same-paragraph,none,high,Tiene la palabra la señora senadora Giustiniani.,Clean match near top of page 28.
89,2007-08-22_r12,2007-08-22_r12_ORDINARIA.pdf,36,Sr. Presidente,Sr. Presidente.,yes,yes,same-paragraph,none,high,Corresponde considerar el dictamen de la Comisión de Presupuesto yHacienda en el proyecto de,"Label and quoted words open a new item under the section heading ""16. Orden para la colocación de bonos de consolidación...""; the heading itself sits on the line above the label, not inside the paragraph."
90,2007-08-22_r12,2007-08-22_r12_ORDINARIA.pdf,49,Sr. Presidente,Sr. Presidente. —,yes,yes,same-paragraph,"footnote marker ""17"" (referencing ""Ver el Apéndice"") sits between ""Aprobado."" and the following sentence ""Si no se hace uso de la palabra...""",high,"Aprobado.Si no se hace uso de la palabra, se va a votar en general","The quoted words splice together the end of the labeled turn (""Aprobado."") with the start of the next, unlabeled continuation paragraph of the same speaker's turn; a footnote number is printed in between."
91,2007-11-07_r13,2007-11-07_r13_ORDINARIA.pdf,10,Sr. Presidente,Sr. Presidente. —,yes,yes,same-paragraph,none,high,Tiene la palabra la señora senadora Quintela.,"First line of page 10, clean match."
92,2007-11-21_r15,2007-11-21_r15_ORDINARIA.pdf,21,Sra. Escudero,Sra. Escudero. —,yes,yes,same-paragraph,none,high,"Artículo 5E: Considéranse Servicios Ambientales a los beneficios tangiblese intangibles, generados por los ecosistemas","Clean match; preceding line ""Tiene la palabra la señora senadora Escudero."" is part of the presiding officer's prior turn, not a label for this paragraph."
93,2007-11-21_r15,2007-11-21_r15_ORDINARIA.pdf,32,Sr. Sanz,Sr. Sanz. —,yes,yes,same-paragraph,none,high,"Disculpe, secretario, pero con la simple lectura no vamos a llegar a una buenasolución.Le","Clean match, top-of-item paragraph on page 32."
94,2007-11-28_r17,2007-11-28_r17_ESPECIAL.pdf,7,Sr. Pichetto,Sr. Pichetto.—,yes,yes,same-paragraph,none,high,"Señor presidente: es para proponer la elección de las autoridades de la Cámara.Indudablemente, se","This is the second of two ""Sr. Pichetto.—"" turns on page 7; the quoted words open the second one, which is the one that matters here."
95,2007-11-28_r18,2007-11-28_r18_ORDINARIA.pdf,10,Sr. Presidente (Pampuro),Sr. Presidente (Pampuro). —,yes,yes,same-paragraph,none,high,"Por favor, no dialoguen. Tiene la palabra el señor senador Morales.","Clean match, single short paragraph on page 10."
96,2007-12-19_r21,2007-12-19_r21_ORDINARIA.pdf,23,Sr. Presidente,Sr. Presidente. —,yes,yes,same-paragraph,none,high,"El senador Pichetto le solicita una interrupción, senador, ¿se la concede?","Clean match, single short paragraph on page 23."
97,2008-03-01_r00,2008-03-01_r00_ASAMBLEA.pdf,15,Sra. Presidenta de la Nación,Sra. Presidenta de la Nación. —,yes,yes,earlier-page,none,high,Es por ellos que todos los universitariosdebemos hacer el gran esfuerzo de entender la,"Same continuous speech runs from page 6 through page 15 with no intervening label; words appear run together on the page (""universitariosdebemos"") as noted."
98,2008-03-26_r03,2008-03-26_r03_ORDINARIA.pdf,69,Sr. Presidente,Sr. Presidente. —,yes,yes,same-paragraph,none,high,Se va a votar si se trata en primer lugar el proyecto sobre Seguridad,Quoted words open the paragraph directly after the label on page 69.
99,2008-03-26_r03,2008-03-26_r03_ORDINARIA.pdf,71,Sr. Presidente,Sr. Presidente. —,yes,yes,same-paragraph,none,high,Tiene la palabra el señor senador Pichetto.,"""Tiene la palabra el señor senador Pichetto."" is the president's line calling on Pichetto, on page 71; Pichetto's own turn follows immediately after."
100,2008-04-16_r05,2008-04-16_r05_ORDINARIA.pdf,27,Sr. Presidente,Sr. Presidente. —,yes,yes,same-paragraph,none,high,Tiene la palabra el señor senador Sanz.,"Quoted words form the president's full turn on page 27, calling on senator Sanz."
101,2008-07-16_r11,2008-07-16_r11_ORDINARIA.pdf,83,Sr. Torres,Sr. Torres. —,yes,yes,same-paragraph,none,high,"Para contestar esta pregunta creo, señor presidente, que tenemos queubicarnos en el momento histórico",none
102,2008-09-03_r14,2008-09-03_r14_ORDINARIA.pdf,124,Sr. Ríos,Sr. Ríos. —,yes,yes,same-paragraph,none,high,Señor presidente: le confieso que no le concedí la interrupción a lasenadora Negre de,none
103,2008-09-10_r15,2008-09-10_r15_ORDINARIA.pdf,39,Sr. Presidente,Sr. Presidente. —,yes,yes,same-paragraph,none,high,"Sí, pero igual no va a poder votar si no está presente.Se va votar.",none
104,2008-10-22_r18,2008-10-22_r18_ORDINARIA.pdf,40,Sr. Giustiniani,Sr. Giustiniani. —,yes,yes,same-paragraph,none,high,"He pedido la palabra al solo efecto de adelantar el voto afirmativo delbloque socialista,",none
105,2008-11-05_r19,2008-11-05_r19_ORDINARIA.pdf,15,Sr. Pichetto,Sr. Pichetto. —,yes,yes,same-paragraph,none,high,Así es.,"Short two-word turn (""Así es."") answering the president's question about agreement on a preference motion; appears only once on the page."
106,2008-11-26_r21,2008-11-26_r21_ORDINARIA.pdf,23,Sr. Presidente,Sr. Presidente. —,yes,yes,same-paragraph,none,high,"Señor senador Cabanchik: la señora senadora Giri le solicita unainterrupción, ¿se la concede?",none
107,2008-12-17_r23,2008-12-17_r23_ORDINARIA.pdf,30,Sr. Morales,Sr. Morales. —,yes,yes,same-paragraph,none,high,Los estados contables y los papeles de trabajo que sostienen los datos que sevuelcan,"Immediately preceded on the same page by ""Sr. Presidente (Pampuro). — Continúa en el uso de la palabra el senador Morales."", which hands the floor to Morales but does not itself govern the quoted words."
108,2008-12-17_r23,2008-12-17_r23_ORDINARIA.pdf,71,Sr. Presidente (Marino),Sr. Presidente (Marino). —,yes,yes,same-paragraph,none,high,Se va a votar el pedido de abstención solicitado por el senadorLores.,none
109,2009-03-26_r03,2009-03-26_r03_ORDINARIA.pdf,117,Sra. Fellner,Sra. Fellner.–,yes,yes,same-paragraph,none,high,"No, no le doy la palabra. ¡Déjeme terminar, por favor! Después, yo la escucho","Quote continues past given excerpt (""...a usted en todo lo que tenga para decir..."") but content matches."
110,2009-07-08_r06,2009-07-08_r06_ORDINARIA.pdf,27,Sr. Presidente,Sr. Presidente. —,yes,yes,same-paragraph,none,high,Por Secretaría se informará sobre el siguiente dictamen para considerar.,"Matches exactly under section heading ""12. Convenio de seguridad social con Chile""."
111,2009-08-05_r07,2009-08-05_r07_ORDINARIA.pdf,16,Sr. Presidente,Sr. Presidente. —,yes,yes,same-paragraph,none,high,Queda aprobada la designación del juez Márquez.,"Exact match, immediately followed by section heading ""7. Asuntos entrados (continuación)""."
112,2009-08-05_r07,2009-08-05_r07_ORDINARIA.pdf,69,Sr. Presidente,Sr. Presidente. —,yes,yes,same-paragraph,none,high,Aprobado.,"""Aprobado."" appears twice on page 69 (once with footnote marker 9, once without); both are governed by the same label ""Sr. Presidente."", so the ambiguity does not affect the attribution."
113,2009-09-09_r10,2009-09-09_r10_ORDINARIA.pdf,5,Sr. Presidente,Sr. Presidente.—,yes,yes,same-paragraph,none,high,"Corresponde considerar seguidamente la solicitud presentada por el señorsenador Norberto Massoni, quien ha pedido","Immediately preceded by section heading ""7. Licencia del senador Massoni""; heading is not inside the paragraph itself."
114,2009-09-09_r11,2009-09-09_r11_INFORMATIVA_ESPECIAL.pdf,45,Sr. Presidente (Marín),Sr. Presidente (Marín). —,yes,yes,same-paragraph,none,high,Tiene la palabra el señor jefe de Gabinete de Ministros.,Exact match at top of page 45.
115,2009-10-09_r13,2009-10-09_r13_ESPECIAL.pdf,197,Sr. Secretario (Estrada),Sr. Secretario (Estrada). —,yes,yes,same-paragraph,none,high,Se registran 44 votos afirmativos y 23 votos negativos.—,"A footnote marker ""35"" appears at the end of the following italicized apéndice-reference line, not within the quoted paragraph itself."
116,2009-10-21_r14,2009-10-21_r14_ORDINARIA.pdf,25,Sr. Presidente,Sr. Presidente. –,yes,yes,same-paragraph,none,high,Tiene la palabra la señora senadora Gallego.,"Immediately preceded by section heading ""11. Plan de labor (continuación)""; heading is not inside the paragraph itself."
117,2009-10-21_r14,2009-10-21_r14_ORDINARIA.pdf,52,Sr. Martínez (J.C.),Sr. Martínez (J.C.). —,yes,yes,earlier-page,none,high,produzcan tecnología de punta. No sólo va a permitir que se pueda avanzar enalgunos,"Page 52 (and page 51) carry no speaker label; the quoted words continue Sr. Martínez's uninterrupted speech begun with the label on page 50. A stenographer note on page 50 (""— Ocupa la Presidencia el señor presidente provisional... Pampuro."") intervenes between the label and the quote but does not end the turn (his label repeats unchanged right after it)."
118,2009-11-25_r18,2009-11-25_r18_ORDINARIA.pdf,72,Sra. Escudero,Sra. Escudero. -,yes,yes,same-paragraph,none,high,"Sí, la extensión de los beneficios.",None.
119,2009-11-25_r18,2009-11-25_r18_ORDINARIA.pdf,102,Sr. Marín,Sr. Marín. —,yes,yes,same-paragraph,none,high,"Señor presidente: compartiendo lo exteriorizado por los señores senadores,hay dos aspectos a puntualizar, uno",None.
120,2009-12-02_r20,2009-12-02_r20_ORDINARIA.pdf,120,Sr. Presidente,Sr. Presidente.—,yes,yes,same-paragraph,none,high,Tiene la palabra la señora senadora Quintela.,None.
121,2010-05-05_r08,2010-05-05_r08_ORDINARIA.pdf,5,Sr. Presidente,Sr. Presidente. –,yes,yes,same-paragraph,none,high,Queda aprobado el retiro del mensaje.,"Clean scan; label and quoted words are in the same short sentence, no ambiguity."
122,2010-05-19_r09,2010-05-19_r09_ORDINARIA.pdf,56,Sra. Escudero,Sra. Escudero. –,yes,yes,same-paragraph,none,high,"Creo que hay que votar todo lo anterior, porque este es uno de los",Clean scan; unambiguous single occurrence on page 56.
123,2010-06-30_r13,2010-06-30_r13_ORDINARIA.pdf,17,Sr. Presidente,Sr. Presidente. –,yes,yes,same-paragraph,none,high,Tiene la palabra el señor senador Calcagno y Maillmann.,Clean scan; unambiguous single occurrence on page 17.
124,2010-07-14_r14,2010-07-14_r14_ORDINARIA.pdf,119,Sr. Pérez Alsina,Sr. Pérez Alsina. –,yes,yes,same-paragraph,none,high,Señor presidente: quiero comenzar a exponer mis fundamentos –no pensaba hacerlo así– haciendo referencia,"Clean scan; page 118 is a continuation of a different senator's speech (Pérez Alsina's own remarks begin only on page 119), page 119 opens with the ""Sr. Pérez Alsina."" label immediately followed by the quoted words."
125,2010-09-08_r17,2010-09-08_r17_ORDINARIA.pdf,10,Sr. Guinle,Sr. Guinle. –,yes,yes,same-paragraph,none,high,"Señor presidente: en este caso, como bien decía el señor senador Martínez, se reproduce",Clean scan; unambiguous single occurrence on page 10.
126,2010-09-29_r18,2010-09-29_r18_ORDINARIA.pdf,87,Sr. Pichetto,Sr. Pichetto. –,yes,yes,same-paragraph,none,high,"Sí, porque era lento. Como decía, Prellezo fue condenado a reclusión perpetua. Acaba de","Quote spans the end of one sentence and the start of the next paragraph, both part of the same uninterrupted Pichetto turn; the ""Sí, porque era lento."" clause immediately follows the label."
127,2010-10-20_r20,2010-10-20_r20_ORDINARIA.pdf,51,Sr. Presidente (Romero),Sr. Presidente (Romero). –,yes,yes,same-paragraph,none,high,"Si no se hace uso de la palabra, se va a votar.",Clean scan; unambiguous single occurrence on page 51.
128,2010-11-03_r21,2010-11-03_r21_ORDINARIA.pdf,17,Sr. Presidente (Pampuro),Sr. Presidente (Pampuro). –,yes,yes,same-paragraph,none,high,Tiene la palabra la señora senadora Bongiorno.,Clean scan; unambiguous single occurrence on page 17.
129,2010-11-03_r21,2010-11-03_r21_ORDINARIA.pdf,42,Sr. Martínez (A.A.),Sr. Martínez (A.A.). –,yes,yes,same-paragraph,none,high,Señor presidente: queremos saber de qué tratan los dos proyectos que pidió la senadora,Clean scan; unambiguous single occurrence on page 42.
130,2010-11-03_r21,2010-11-03_r21_ORDINARIA.pdf,56,Sr. Presidente (Romero),Sr. Presidente (Romero). –,yes,yes,same-paragraph,none,high,Tiene la palabra la señora senadora Negre de Alonso.,Clean scan; unambiguous single occurrence on page 56.
131,2010-12-15_r24,2010-12-15_r24_EXTRAORDINARIA.pdf,66,Sr. Presidente,Sr. Presidente. –,yes,yes,same-paragraph,none,high,Tiene la palabra la señora senadora Escudero.,"The exact phrase ""Tiene la palabra la señora senadora Escudero."" appears twice on page 66 (once before Pichetto's ""Está cerrado el debate."", once before Escudero's abstention request); both instances are governed by an identical ""Sr. Presidente."" label in the same paragraph, so the answer is the same either way."
132,2010-12-15_r24,2010-12-15_r24_EXTRAORDINARIA.pdf,66,Sr. Presidente,Sr. Presidente. –,yes,yes,same-paragraph,none,high,Tiene la palabra la señora senadora Escudero.,"Duplicate of case 131 (same sitting, same page, same quote). The phrase appears twice on page 66; both occurrences are governed by an identical ""Sr. Presidente."" label in the same paragraph."
133,2011-03-30_r03,2011-03-30_r03_ORDINARIA.pdf,28,Sr. Presidente,Sr. Presidente. –,yes,yes,same-paragraph,none,high,"Si hay acuerdo, lo dejamos reservado en mesa. –","Quote is the entirety of a short Presidente turn under item 9 (libro ""Mendocinas crónicas""); label immediately precedes it on the same line."
134,2011-04-13_r04,2011-04-13_r04_ORDINARIA.pdf,11,Sr. Presidente,Sr. Presidente. –,yes,yes,same-paragraph,none,high,¿Hay acuerdo en que el día 3 de mayo sea tratado en comisiones?,"Clean match, label directly precedes the quoted question on the same line."
135,2011-05-04_r05,2011-05-04_r05_ORDINARIA.pdf,48,Sr. Presidente,Sr. Presidente. –,yes,yes,same-paragraph,"footnote reference marker ""1"" (tied to ""Ver el Apéndice."" at page bottom) is attached directly at the end of the quoted sentence",high,Queda definitivamente sancionado el proyecto de ley. Se harán las comunicaciones correspondientes.,"Quote ends the paragraph; a superscript ""1"" footnote call-out sits right after ""correspondientes."""
136,2011-05-11_r06,2011-05-11_r06_INFORMATIVA_ESPECIAL.pdf,35,Sr. Jefe de Gabinete de Ministros,Sr. Jefe de Gabinete de Ministros. –,yes,yes,earlier-page,none,high,había contado que es una pelea que se pierde; y hay que tratar de,"Quoted words open the supplied page 35 file, continuing an unbroken speech that began two pages earlier (""Sr. Jefe de Gabinete de Ministros. – La media hasta este momento..."" on the page-31 file) and continues uninterrupted through the intervening page (no new label on either page) until ""Sr. Presidente. – Tiene la palabra la senadora Negre de Alonso."" appears later on the same page as the quote, well after it."
137,2011-06-01_r07,2011-06-01_r07_ORDINARIA.pdf,36,Sr. Verna,Sr. Verna. –,yes,yes,same-paragraph,none,high,"Sí, cómo no. Le concedo una interrupción de la interrupción para ver si me","Label directly precedes the quote, answering senator Sanz's request for an interruption."
138,2011-06-29_r08,2011-06-29_r08_ORDINARIA.pdf,29,Sr. Fuentes,Sr. Fuentes. –,yes,yes,same-paragraph,none,high,Yo estaba anotado…,First line of the supplied page; label immediately precedes the quote.
139,2011-06-29_r08,2011-06-29_r08_ORDINARIA.pdf,68,Sr. Presidente,Sr. Presidente. –,yes,yes,same-paragraph,none,high,Tiene la palabra el senador Pichetto.,"Occurs under item 18 heading ""TRATAMIENTO EN CONJUNTO...""; label directly precedes the quote on the same line."
140,2011-07-27_r09,2011-07-27_r09_ORDINARIA.pdf,12,Sr. Morandini,Sra. Morandini. –,yes,yes,same-paragraph,none,high,Señor presidente: quiero también sumarme a este homenaje. Y no puedo dejar de advertir,Label immediately precedes the quote at the top of the page.
141,2011-11-02_r12,2011-11-02_r12_ORDINARIA.pdf,20,Sr. Presidente (Marino),Sr. Presidente (Marino). –,yes,yes,same-paragraph,none,high,Tiene la palabra el señor senador Lores.,"Only one occurrence of ""Tiene la palabra el señor senador Lores."" on the page; label directly precedes it."
142,2011-11-02_r12,2011-11-02_r12_ORDINARIA.pdf,61,Sr. Sanz,Sr. Sanz. –,yes,yes,same-paragraph,none,high,"Señor presidente: quiero dejar zanjado algo que quedó en la versión taquigráfica, planteado por","Label directly precedes the quote, given after Presidente (Basualdo) granted Sanz the floor for an interruption; the dash in the printed label is a slightly different glyph but the pattern is identical to other labels."
143,2011-12-21_r16,2011-12-21_r16_EXTRAORDINARIA.pdf,13,Sr. Presidente,Sr. Presidente. –,yes,yes,same-paragraph,none,high,"Queda aprobada y cerrada la lista de oradores. A continuación, ponemos en consideración la","Label directly precedes the quote; note an unrelated printed typo ""Sr. Presente."" appears a few lines above the quote (evidently a stray transcription slip in the original, not affecting this case)."
144,2011-12-22_r17,2011-12-22_r17_EXTRAORDINARIA.pdf,74,Sr. Martínez,Sr. Martínez. –,yes,yes,same-paragraph,none,high,"Gracias, señora presidenta. Hemos acompañado el dictamen y lo hemos hecho con la absoluta","Label immediately precedes the quote at the top of the page, following the presiding senator's grant of the floor to Martínez."
145,2012-03-01_r00,2012-03-01_r00_ASAMBLEA.pdf,26,Sra. Presidenta de la Nación,Sra. Presidenta de la Nación.,yes,yes,earlier-page,none,high,"En materia de obras, de 2003 a 2011 hubo 104 coches nuevos ya incorporados","Continuous speech by the President of the Nation begun on page 6 (label ""Sra. Presidenta de la Nación. — Muchas gracias..."") runs uninterrupted through pages 25 and 26 with no intervening label; the quoted words fall inside that same unbroken speech on page 26."
146,2012-03-21_r03,2012-03-21_r03_ORDINARIA.pdf,19,Sr. Giustiniani,Sr. Giustiniani.,yes,yes,same-paragraph,none,high,"Sí, cómo no.","""Sr. Giustiniani. – Sí, cómo no."" is a one-line turn on page 19, directly following a Presidencia line granting Pichetto an interruption."
147,2012-03-21_r03,2012-03-21_r03_ORDINARIA.pdf,36,Sra. Presidenta (Rojkés de Alperovich),Sra. Presidenta (Rojkés de Alperovich).,yes,yes,same-paragraph,none,high,Tiene la palabra el senador Juez.,"""Sra. Presidenta (Rojkés de Alperovich). — Tiene la palabra el senador Juez."" on page 36."
148,2012-04-25_r04,2012-04-25_r04_ESPECIAL.pdf,62,Sra. Presidenta (Rojkés de Alperovich),Sra. Presidenta (Rojkés de Alperovich).,yes,yes,same-paragraph,none,high,Tiene la palabra el señor senador Bermejo.,"""Sra. Presidenta (Rojkés de Alperovich). – Tiene la palabra el señor senador Bermejo."" on page 62."
149,2012-05-09_r05,2012-05-09_r05_ORDINARIA.pdf,103,Sr. Presidente,Sr. Presidente.,yes,yes,same-paragraph,none,high,Aprobado.,"""Sr. Presidente. – Aprobado."" on page 103, following the electronic vote. Page 102 has a similar but distinct line ""Aprobadas."" (plural) from the same speaker label about a different item; the singular ""Aprobado."" quoted matches page 103 exactly."
150,2012-05-30_r08,2012-05-30_r08_INFORMATIVA_ESPECIAL.pdf,13,Sr. Cano,Sr. Cano.,yes,yes,same-paragraph,none,high,"Señor presidente: en primer lugar, es real lo que planteó el jefe de Gabinete","""Sr. Cano. – Señor presidente: en primer lugar, es real lo que planteó el jefe de Gabinete con respecto al número de preguntas."" at bottom of page 13."
151,2012-08-15_r12,2012-08-15_r12_ORDINARIA.pdf,20,Sra. Montero,Sra. Montero.,yes,yes,same-paragraph,none,high,"Simplemente, quiero hacer un comentario, porque soy autora de un proyecto y el tema","""Sra. Montero. – Simplemente, quiero hacer un comentario, porque soy autora de un proyecto y el tema me interesa."" on page 20."
152,2012-09-12_r15,2012-09-12_r15_ORDINARIA.pdf,86,Sr. Morales,Sr. Morales.-,yes,yes,same-paragraph,none,high,"Hay muchas cuestiones que ha planteado el señor senador Filmus que, en lo personal,","On page 86: ""Sr. Presidente.- Continúa en el uso de la palabra el señor senador Morales."" followed immediately by ""Sr. Morales.- Hay muchas cuestiones que ha planteado el señor senador Filmus que, en lo personal, comparto...""; the quoted words belong to the Morales turn, not the preceding Presidente line."
153,2012-11-28_r21,2012-11-28_r21_ORDINARIA.pdf,12,Sr. Guinle,Sr. Guinle.-,yes,yes,same-paragraph,none,high,"Señor presidente: este dictamen, que en realidad es la promoción del vicealmirante D. Daniel","""Sr. Guinle.- Señor presidente: este dictamen, que en realidad es la promoción del vicealmirante D. Daniel Alberto Enrique Martín..."" on page 12. Page 11 supplied is a table-of-contents/Apéndice listing page, not speech text, and is irrelevant to this turn."
154,2012-11-28_r21,2012-11-28_r21_ORDINARIA.pdf,30,Sr. Morales,Sr. Morales.-,yes,yes,same-paragraph,none,high,"Señor presidente: pido que se incorpore en el plan de labor, como adelanté en","""Sr. Morales.- Señor presidente: pido que se incorpore en el plan de labor, como adelanté en la reunión de labor parlamentaria..."" on page 30."
155,2012-11-28_r21,2012-11-28_r21_ORDINARIA.pdf,94,Sr. Presidente,Sr. Presidente.-,yes,yes,same-paragraph,none,high,"Un segundo, secretario.","""Sr. Presidente.- Un segundo, secretario."" on page 94, interrupting the secretary mid-reading."
156,2012-11-29_r22,2012-11-29_r22_ORDINARIA.pdf,64,Sr. Presidente,Sr. Presidente.-,yes,yes,same-paragraph,none,high,Tiene la palabra el señor senador Petcoff Naidenoff.,"""Sr. Presidente.- Tiene la palabra el señor senador Petcoff Naidenoff."" on page 64."
157,2013-02-21_r24,2013-02-21_r24_EXTRAORDINARIA.pdf,64,Sr. Fernández,Sr. Fernández.-,yes,yes,same-paragraph,none,high,"Solicito una interrupción, señora presidenta.","Clean scan, quote appears once on page 64, label directly precedes it."
158,2013-03-01_r00,2013-03-01_r00_ASAMBLEA.pdf,9,Sra. Presidenta de la Nación,Sra. Presidenta de la Nación. –,yes,yes,earlier-page,none,high,¡Y no se la prestamos a ningún amigo ni a ningún empresario amigo! Se,"This is a single long speech by the president of the Nation beginning on page 6; no other speaker label appears through pages 7, 8, 9. Quote is the last line on page 9, cut off mid-sentence (""...Se"") and continuing onto the next page (not supplied), but matches the given words exactly up to that point."
159,2013-03-01_r00,2013-03-01_r00_ASAMBLEA.pdf,18,Sra. Presidenta de la Nación,Sra. Presidenta de la Nación. –,yes,yes,earlier-page,none,high,Ciencia y Tecnología no estaba creada…,"Same continuous presidential address as case 158; no intervening speaker label appears on pages 6, 17, or 18."
160,2013-04-17_r04,2013-04-17_r04_ESPECIAL.pdf,74,Sr. Cimadevilla,Sr. Cimadevilla.-,yes,yes,same-paragraph,none,high,"Una sola cosa, señor presidente, porque es grave. Estamos frente a proyectos de ley",Clean scan; label directly precedes quoted words on page 74.
161,2013-04-17_r04,2013-04-17_r04_ESPECIAL.pdf,146,Sr. Presidente,Sr. Presidente.-,yes,yes,same-paragraph,none,high,Por favor.,"""Por favor."" appears exactly once as a standalone turn on page 146, immediately after ""Sr. Guastavino.- Leo el último párrafo.""; no ambiguity."
162,2013-05-22_r08,2013-05-22_r08_ORDINARIA.pdf,133,Sr. Pichetto,Sr. Pichetto.-,yes,yes,same-paragraph,none,high,Yo lo escuché y no le pedí ninguna. Lo que quiero decir respecto del,Clean scan; label directly precedes quoted words on page 133.
163,2013-06-05_r10,2013-06-05_r10_INFORMATIVA_ESPECIAL.pdf,64,Sr. Presidente,Sr. Presidente.-,yes,yes,same-paragraph,none,high,"Una última intervención, para terminar el tema, senadora.",Clean scan; label directly precedes quoted words at bottom of page 64.
164,2013-06-26_r11,2013-06-26_r11_ORDINARIA.pdf,12,Sr. Pichetto,Sr. Pichetto.-,yes,yes,same-paragraph,none,high,Quiero decir que estoy de acuerdo.,"A section heading ""PLAN DE LABOR (Continuación)"" appears above on the same page but not inside the quoted paragraph itself."
165,2013-07-03_r12,2013-07-03_r12_ORDINARIA.pdf,37,Sra. Parrilli,Sra. Parrilli.-,yes,yes,same-paragraph,none,high,"Señor presidente: quería dejar constancia de que esta ley, que fue promovida por nuestra",Clean scan; label directly precedes quoted words on page 37.
166,2013-09-04_r14,2013-09-04_r14_ORDINARIA.pdf,114,Sr. Presidente (Marino),Sr. Presidente (Marino).-,yes,yes,same-paragraph,none,high,Por qué no nos ordenamos. Todos los que se han leído hasta el momento,Clean scan; label directly precedes quoted words on page 114.
167,2013-09-12_r15,2013-09-12_r15_ORDINARIA.pdf,84,Sr. Rodríguez Saá,Sr. Rodríguez Saá.-,yes,yes,same-paragraph,none,high,Señor presidente: votemos los cuatro proyectos en general y en particular. No hay objeciones.,Clean scan; label directly precedes quoted words on page 84.
168,2013-11-13_r17,2013-11-13_r17_ORDINARIA.pdf,70,Sra. Presidenta (Rojkés de Alperovich),Sra. Presidenta (Rojkés de Alperovich).-,yes,yes,same-paragraph,none,high,"Tiene la palabra la señora senadora Escudero, a fin de clarificar un poquito el",Clean scan; label directly precedes quoted words on page 70.
169,2014-03-26_r04,2014-03-26_r04_ESPECIAL.pdf,87,Sr. Pérsico,Sr. Pérsico. –,yes,yes,earlier-same-page,none,high,"Gracias. El senador hablaba de la buena conducción de YPF. Yo quisiera agregar, anticipando","Quoted words open a new unlabeled paragraph immediately following ""Sr. Pérsico. – Gracias."" on page 87, itself preceded by Sr. Presidente granting the interruption and Sra. Di Perna consenting; the topic (YPF praise) matches Pérsico's continuing turn."
170,2014-04-30_r06,2014-04-30_r06_ORDINARIA.pdf,6,Sr. Presidente,Sr. Presidente. –,yes,yes,same-paragraph,none,high,Tiene la palabra el señor senador De Angeli.,"Exact match, single occurrence on page 6."
171,2014-04-30_r06,2014-04-30_r06_ORDINARIA.pdf,65,Sr. Presidente,Sr. Presidente. –,yes,yes,same-paragraph,none,high,"Tiene la palabra la senadora Leguizamón. Por favor, muy breve. Y aclaro: no es","Quote spans the labeled line (""Tiene la palabra la senadora Leguizamón. Por favor, muy breve."") plus the following unlabeled paragraph (""Y aclaro: no es..."") which is a continuation of the same Presidente turn."
172,2014-05-07_r07,2014-05-07_r07_INFORMATIVA_ESPECIAL.pdf,29,Sr. Jefe de Gabinete de Ministros,Sr. Jefe de Gabinete de Ministros. –,yes,yes,same-paragraph,none,high,"Y, por último, lo que quiero transmitir es básicamente el tema de la emergencia","Exact match, single occurrence on page 29."
173,2014-05-21_r08,2014-05-21_r08_ORDINARIA.pdf,61,Sr. Presidente,Sr. Presidente. –,yes,yes,same-paragraph,none,high,Senador Urtubey.,"Exact match, single occurrence on page 61."
174,2014-07-02_r10,2014-07-02_r10_ORDINARIA.pdf,34,Sr. Secretario (Estrada),Sr. Secretario (Estrada).-,yes,yes,same-paragraph,none,high,"En primer término, corresponde tratar el orden del día 214, dictamen de la Comisión","Exact match, single occurrence on page 34."
175,2014-09-17_r14,2014-09-17_r14_ORDINARIA.pdf,37,Sr. Mayans,Sr. Mayans.-,yes,yes,same-paragraph,none,high,No estoy de acuerdo.,"Exact match at top of page 37; phrase ""No estoy de acuerdo"" is short and generic but the printed instance is unambiguous."
176,2014-09-17_r14,2014-09-17_r14_ORDINARIA.pdf,44,Sr. Fernández,Sr. Fernández.-,yes,yes,same-paragraph,none,medium,Pido la palabra.,"""Pido la palabra."" appears twice on page 44 (Sr. Fernández and, lower down, Sra. Negre de Alonso); also once on page 43 (Sr. Morales, different context). Cases 176 and 177 share an identical case description, so I assigned this to the first (upper) occurrence on page 44 in reading order; cannot confirm from the case list alone which occurrence each case number is meant to target."
177,2014-09-17_r14,2014-09-17_r14_ORDINARIA.pdf,44,Sra. Negre de Alonso,Sra. Negre de Alonso.-,yes,yes,same-paragraph,none,medium,Pido la palabra.,"""Pido la palabra."" appears twice on page 44 (Sr. Fernández, then lower down Sra. Negre de Alonso). Assigned this case to the second (lower) occurrence since case 176 was assigned to the first; the case list does not distinguish which occurrence maps to which case number."
178,2014-12-17_r22,2014-12-17_r22_ORDINARIA.pdf,79,Sr. Presidente,Sr. Presidente.-,yes,yes,same-paragraph,none,high,Senador Godoy.,"Exact match, single occurrence on page 79."
179,2014-12-17_r22,2014-12-17_r22_ORDINARIA.pdf,81,Sr. Morales,Sr. Morales.-,yes,yes,same-paragraph,none,high,Con menos de 48 votos se rechaza. No tiene que opinar el secretario.,"Exact match, single occurrence on page 81."
180,2014-12-29_r23,2014-12-29_r23_ESPECIAL.pdf,18,Sr. Presidente,Sr. Presidente.-,yes,yes,same-paragraph,none,high,"Gracias, senador Rozas. Senadora Negre: tiene el uso de la palabra.","Quote spans the labeled line (""Gracias, senador Rozas."") plus the following unlabeled short paragraph (""Senadora Negre: tiene el uso de la palabra."") which is a continuation of the same Presidente turn, on page 18."
181,2015-03-01_r00,2015-03-01_r00_ASAMBLEA.pdf,22,Sra. Presidenta de la Nación,"Sra. Presidenta de la Nación.- Gracias, presidente.",yes,yes,earlier-page,none,high,No hay que estar nunca distraído; jamás. Néstor nunca estaba distraído. ¿Con cuántos productos,Speech by the president of the Nation begins on page 7 with the label and runs unbroken (no intervening labels) through pages 21-22 where the quoted words appear.
182,2015-03-01_r00,2015-03-01_r00_ASAMBLEA.pdf,44,Sra. Presidenta de la Nación,"Sra. Presidenta de la Nación.- No, no me cambies de tema",yes,yes,earlier-page,none,high,"Yo quiero sumarles a los 85 muertos de la AMIA, los 29 muertos de","The label on page 35 (mid-speech, after a stenographer note about Julián Domínguez speaking off-mic) is the last label before the quoted words on page 44; no intervening label appears on page 43."
183,2015-05-27_r04,2015-05-27_r04_ORDINARIA.pdf,45,Sr. Presidente,Sr. Presidente.-,yes,yes,same-paragraph,none,high,Tiene la palabra la senadora de la Rosa.,"""Tiene la palabra la senadora de la Rosa."" is the last sentence of the Sr. Presidente turn on page 45, immediately followed by Sra. de la Rosa's own turn."
184,2015-05-27_r04,2015-05-27_r04_ORDINARIA.pdf,104,Sr. Urtubey,Sr. Urtubey.-,yes,yes,same-paragraph,none,high,Hay un tema de tipo legislativo. No podemos suprimir ese artículo porque estamos hablando,"Quoted words open the Sr. Urtubey turn on page 104, right after Sr. Presidente gives him the floor."
185,2015-07-01_r05,2015-07-01_r05_ORDINARIA.pdf,13,Sr. Presidente,Sr. Presidente. –,yes,yes,same-paragraph,none,high,Queda abierta la sesión.,"A stenographer date/place note (""En la Ciudad Autónoma de Buenos Aires, a las 15 y 12..."") precedes the label as a separate line, not inside the quoted paragraph itself."
186,2015-07-16_r00,2015-07-16_r00_REUNION_CONJ_AMBAS_CAMARAS.pdf,13,Sr. Presidente del Estado Plurinacional de Bolivia,Sr. Presidente del Estado Plurinacional de Bolivia.- Muchas gracias.,yes,yes,earlier-page,none,high,"Estamos convencidos de que en esta demanda, con el apoyo de casi todo el",President Evo Morales's speech starts on page 7 and continues unbroken through pages 12-13 where the quoted words appear.
187,2015-07-29_r06,2015-07-29_r06_ORDINARIA.pdf,15,Sr. Secretario (Estrada),Sr. Secretario (Estrada).-,yes,yes,same-paragraph,none,high,"Órdenes del día 395, 396, 403 a 407, 411 a 421, 457, 458, 460",The list of order-of-the-day numbers is read directly by the secretary; quoted words open that same turn on page 15.
188,2015-08-26_r07,2015-08-26_r07_ORDINARIA.pdf,43,Sr. Presidente,Sr. Presidente.-,yes,yes,same-paragraph,none,high,"Por favor, la senadora está leyendo el proyecto.","Short interjection turn on page 43, sandwiched between a stenographer note about Sra. Fellner gesturing and Sra. Montero's continued reading."
189,2015-08-26_r07,2015-08-26_r07_ORDINARIA.pdf,58,Sr. Pichetto,Sr. Pichetto.-,yes,yes,same-paragraph,none,high,Pongo en conocimiento de todos los bloques que vamos a sesionar el día 9,"Quoted words open the Sr. Pichetto turn on page 58 under section heading ""23. Manifestaciones.""; heading is a separate preceding line, not inside the paragraph."
190,2015-09-16_r08,2015-09-16_r08_ORDINARIA.pdf,65,Sr. Abal Medina,Sr. Abal Medina.-,yes,yes,same-paragraph,none,high,"La única modificación es en el artículo 16, que incorpora un inciso c) con","Quoted words open the Sr. Abal Medina turn on page 65, answering Sr. Presidente's question about the modification."
191,2015-10-07_r09,2015-10-07_r09_ORDINARIA.pdf,22,Sr. Presidente,Sr. Presidente.-,yes,yes,same-paragraph,none,high,Corresponde considerar el dictamen de la Comisión de Relaciones Exteriores y Culto en el,"Quoted words open the Sr. Presidente turn on page 22, right after section heading ""12. Declaración de Orden Público...""; heading is a separate preceding line, not inside the paragraph."
192,2015-10-28_r10,2015-10-28_r10_ORDINARIA.pdf,11,Sr. Pichetto,Sr. Pichetto.-,yes,yes,same-paragraph,none,high,Es tácito…,"Short interjection ""Es tácito…"" on page 11 amid a rapid back-and-forth between Rodríguez Saá, Pichetto, and the Presidente."
193,2016-03-01_r00,2016-03-01_r00_ASAMBLEA.pdf,11,Sra. Presidente,Sra. Presidente.-,yes,yes,same-paragraph,none,high,"Silencio, por favor.","Vice President (Senate presiding officer) interjects ""Silencio, por favor."" mid-speech; label opens the same line as the quote. The speech itself is by ""Sr. Presidente de la Nación."" on adjacent lines but does not govern this quote."
194,2016-03-01_r00,2016-03-01_r00_ASAMBLEA.pdf,16,Sr. Presidente de la Nación,Sr. Presidente de la Nación.-,yes,yes,earlier-page,none,high,Ha habido un gran consenso en que no podemos seguir votando como lo hicimos,"Page 16 is unbroken continuation of the President's speech begun on page 15 with no intervening label; last label found is ""Sr. Presidente de la Nación.-"" on page 15."
195,2016-03-09_r02,2016-03-09_r02_ORDINARIA.pdf,13,Sr. Pichetto,Sr. Pichetto.-,yes,yes,same-paragraph,none,high,Que no se lea…,"Clean match, label directly opens the quoted line."
196,2016-03-30_r03,2016-03-30_r03_ESPECIAL.pdf,27,Sra. Presidente,Sra. Presidente.-,yes,yes,same-paragraph,none,high,"Gracias, senador Linares. Voy a manifestarles que, dado que tenemos conformación de interbloques y","Clean match on page 27, label directly opens the quoted line."
197,2016-09-21_r14,2016-09-21_r14_ESPECIAL.pdf,47,Sra. Crexell,Sra. Crexell.-,yes,yes,same-paragraph,none,high,"En general, negativo.",Clean match; short exchange amid roll-call voting.
198,2016-09-21_r14,2016-09-21_r14_ESPECIAL.pdf,48,Sr. Secretario (Tunessi),Sr. Secretario (Tunessi).-,yes,yes,same-paragraph,none,high,"Afirmativos, 48 votos; negativos, 12 votos; abstenciones, cero votos, para los artículos 5º, 6º,","Clean match, label directly opens the quoted line reporting the vote tally."
199,2016-10-19_r16,2016-10-19_r16_ORDINARIA.pdf,50,Sr. Petcoff Naidenoff,Sr. Petcoff Naidenoff.-,yes,yes,same-paragraph,none,high,Señor presidente: el proyecto que hoy estamos tratando tiene mucho que ver con la,"Clean match, label directly opens the quoted line."
200,2016-11-02_r17,2016-11-02_r17_ORDINARIA.pdf,108,Sr. Presidente (Pinedo),Sr. Presidente (Pinedo).-,yes,yes,same-paragraph,none,high,"Corresponde votar el tratamiento sobre tablas. Si no se hace uso de la palabra,","Clean match, label directly opens the quoted line."
201,2016-11-23_r19,2016-11-23_r19_ORDINARIA.pdf,18,Sra. Crexell,Sra. Crexell.-,yes,yes,same-paragraph,none,high,Vamos a pedir después el tratamiento sobre tablas del proyecto de comunicación.,"Clean match, label directly opens the quoted line."
202,2016-11-23_r19,2016-11-23_r19_ORDINARIA.pdf,24,Sr. Secretario (Tunessi),Sr. Secretario (Tunessi).-,yes,yes,same-paragraph,none,high,"Órdenes del día números: 583, por el que se modifica el artículo124 de la","Clean match, label directly opens the long list-reading paragraph containing the quote."
203,2016-11-30_r20,2016-11-30_r20_ORDINARIA.pdf,138,Sra. Presidente,Sra. Presidente.-,yes,yes,same-paragraph,none,high,"Ahora vamos a ir artículo por artículo, y van a plantear las modificaciones. Va","Clean match at top of page 138, label directly opens the quoted line."
204,2016-12-21_r22,2016-12-21_r22_EXTRAORDINARIA.pdf,63,Sra. Rodríguez Machado,Sra. Rodríguez Machado.-,yes,yes,same-paragraph,none,high,"Sí, senadora. Yo, lo que solicito, si les parece, son dos modificaciones más en","Quote spans the short reply ""Sí, senadora."" and the following indented continuation sentence, both part of the same uninterrupted turn by this speaker; no other label intervenes."
205,2017-03-29_r02,2017-03-29_r02_ORDINARIA.pdf,39,Sra. Presidente,Sra. Presidente.-,yes,yes,same-paragraph,none,high,Tiene la palabra el senador Luenzo.,"Clean match; label and quoted words open the same line/paragraph starting section ""15. Cuestión de privilegio""."
206,2017-03-29_r02,2017-03-29_r02_ORDINARIA.pdf,88,Sr. Presidente (Pinedo),Sr. Presidente (Pinedo).-,yes,yes,same-paragraph,none,high,"Muchas gracias, señor senador.","Clean match, unambiguous."
207,2017-04-25_r04,2017-04-25_r04_INFORMATIVA_ESPECIAL.pdf,53,Sr. Linares,Sr. Linares.-,yes,yes,same-paragraph,none,high,"Gracias, presidenta. Señor ministro: la verdad es que este ejercicio de continuidad de conversaciones","Quoted text spans a paragraph break (""Gracias, presidenta."" ends one line, ""Señor ministro: la verdad es..."" begins an indented continuation paragraph of the same turn); the label itself directly precedes the first part of the quote."
208,2017-05-31_r07,2017-05-31_r07_ORDINARIA.pdf,26,Sr. Secretario (Tunessi),Sr. Secretario (Tunessi).-,yes,yes,same-paragraph,none,high,Mensajes que solicitan acuerdo para designar: juez del Juzgado Nacional de Primera Instancia en,"Section heading ""7. Asuntos entrados. Mensajes solicitando acuerdos"" sits above the paragraph, not inside it."
209,2017-05-31_r07,2017-05-31_r07_ORDINARIA.pdf,28,Sra. Presidente,Sra. Presidente.-,yes,yes,same-paragraph,none,high,"Sí, tenemos los dos tercios. Para una moción, tiene la palabra el senador Cobos.","Clean match, unambiguous."
210,2017-05-31_r07,2017-05-31_r07_ORDINARIA.pdf,54,Sr. Presidente (Pinedo),Sr. Presidente (Pinedo).-,yes,yes,same-paragraph,none,high,Corresponde autorizar las inserciones y las abstenciones.,"Clean match, unambiguous."
211,2017-06-28_r08,2017-06-28_r08_INFORMATIVA_ESPECIAL.pdf,15,Sra. Presidente,Sra. Presidente.-,yes,yes,same-paragraph,none,high,"Gracias, senadora Durango. Tiene la palabra la senadora Beatriz Mirkin.","Clean match, unambiguous."
212,2017-07-12_r09,2017-07-12_r09_ESPECIAL.pdf,11,Sr. Presidente (Pinedo),Sr. Presidente (Pinedo).-,yes,yes,same-paragraph,none,high,Tiene la palabra el senador Urtubey.,"Clean match, unambiguous; preceding text on both pages is a long unlabeled list of ""Solicitud de acuerdo..."" items but the quoted words themselves sit right after the label."
213,2017-08-23_r10,2017-08-23_r10_ORDINARIA.pdf,56,Sra. Elías de Perez,Sra. Elías de Perez.-,yes,yes,same-paragraph,none,high,Señora presidente: por supuesto que sostenemos la idea de que es necesario aumentar sostenidamente,"Clean match, unambiguous."
214,2017-08-23_r10,2017-08-23_r10_ORDINARIA.pdf,79,Sr. Secretario (Tunessi),Sr. Secretario (Tunessi).-,yes,yes,same-paragraph,none,high,Ya está habilitado. ¿Para qué la Cámara en comisión?,"Clean match, unambiguous."
215,2017-11-29_r18,2017-11-29_r18_ORDINARIA.pdf,132,Sr. Petcoff Naidenoff,Sr. Petcoff Naidenoff.-,yes,yes,same-paragraph,none,high,Presidente: la Argentina es compleja y creo que a lo largo de este debate,"Preceding line ""Senador Naidenoff, tiene el cierre."" (spoken by Sr. Presidente (Pinedo)) introduces the turn, but the actual governing label printed immediately before the quoted words is Sr. Petcoff Naidenoff."
216,2017-11-29_r18,2017-11-29_r18_ORDINARIA.pdf,147,Sr. Presidente (Pinedo),Sr. Presidente (Pinedo).-,yes,yes,same-paragraph,none,high,No le haga caso.,"Short interjection; followed in the same line by stenographer note ""(Risas.)"", which is not page apparatus."
217,2018-04-18_r03,2018-04-18_r03_ORDINARIA.pdf,26,Sra. Odarda,Sra. Odarda.-,yes,yes,same-paragraph,none,high,Usted me va a decir si va al final o no. Es solamente un,"Clear scan, quote matches exactly the start of Sra. Odarda's turn on page 26."
218,2018-04-18_r03,2018-04-18_r03_ORDINARIA.pdf,26,Sra. Presidente,Sra. Presidente.-,yes,yes,same-paragraph,none,high,"Va a ir al final, entonces.","Clear scan, quote is the entire turn ""Va a ir al final, entonces."" on page 26."
219,2018-04-25_r04,2018-04-25_r04_ESPECIAL.pdf,58,Sra. Presidente,Sra. Presidente.-,yes,yes,same-paragraph,none,high,"De nada. Vamos a votar la moción de orden, pero la vamos a votar","Clear scan, quote begins the turn on page 58."
220,2018-04-25_r05,2018-04-25_r05_INFORMATIVA_ESPECIAL.pdf,34,Sra. Presidente,Sra. Presidente.-,yes,yes,same-paragraph,none,high,"Muchas gracias. Entonces, ahora sí, veinticinco minutos para el Frente para la Victoria y","Clear scan, quote begins the turn on page 34."
221,2018-05-30_r06,2018-05-30_r06_ESPECIAL.pdf,15,Sra. Presidente,Sra. Presidente.-,yes,yes,same-paragraph,none,high,"Ahora, sí, se va a votar en general y en particular en una sola","Clear scan, quote begins the turn on page 15; this paragraph is set with slightly wider line spacing than the rest of the page but is a normal speech paragraph, not apparatus."
222,2018-07-04_r09,2018-07-04_r09_ORDINARIA.pdf,11,Sra. Presidente,Sra. Presidente.-,yes,yes,same-paragraph,none,high,Tiene la palabra la senadora Fernández Sagasti.,"Clear scan. The exact phrase ""Tiene la palabra la senadora Fernández Sagasti."" appears once as its own full turn on page 11; a similar but non-identical phrase (""Entonces, tiene la palabra la senadora Fernández Sagasti, primero."") appears a few lines later under the same speaker label, so not a true duplicate of the quoted words."
223,2018-08-08_r10,2018-08-08_r10_ESPECIAL.pdf,47,Sra. Presidente,Sra. Presidente.-,yes,yes,same-paragraph,none,high,"Muchas gracias a usted, senadora. Tiene la palabra el senador Ojeda.","Clear scan, quote begins the turn on page 47."
224,2018-08-08_r10,2018-08-08_r10_ESPECIAL.pdf,61,Sra. Mirkin,Sra. Mirkin.-,yes,yes,same-paragraph,none,high,"Buenas tardes, señora presidenta: muchas gracias por otorgarme el uso de la palabra. La","Clear scan, quote begins the turn on page 61; immediately preceding line ""Tiene la palabra la senadora Mirkin."" is part of the prior Sra. Presidente turn, not the governing label."
225,2018-08-08_r10,2018-08-08_r10_ESPECIAL.pdf,161,Sr. Castillo,Sr. Castillo.-,yes,yes,same-paragraph,none,high,"La ley de matrimonio igualitario –lo dije acá, en este recinto–, ¿saben cómo fue?","Clear scan, quote begins the turn on page 161; Sr. Castillo's speech continues from page 160 but the quoted sentence itself starts a fresh paragraph under his own label on page 161."
226,2018-08-22_r13,2018-08-22_r13_ESPECIAL.pdf,86,Sr. Pais,Sr. Pais.-,yes,yes,same-paragraph,none,high,"Porque, en el primer artículo, hay acuerdo general. Le puedo asegurar que va a","Clear scan, quote begins the turn on page 86."
227,2018-10-10_r16,2018-10-10_r16_ORDINARIA.pdf,94,Sra. Kunath,Sra. Kunath.-,yes,yes,same-paragraph,none,high,Señor presidente: quiero pedir tratamiento preferencial para un proyecto de mi autoría. Es el,"Clear scan, quote begins the turn on page 94."
228,2018-12-19_r20,2018-12-19_r20_EXTRAORDINARIA.pdf,14,Sra. Mirkin,Sra. Mirkin.-,yes,yes,same-paragraph,none,high,Es para plantear una cuestión de privilegio.,"Clear scan, quote is the entire turn on page 14, directly below the section heading ""9. Cuestión de privilegio planteada por la señora senadora Mirkin"" and the preceding ""Sra. Presidente.- Senadora Mirkin."" line; heading is a separate line, not inside the paragraph."
229,2019-03-01_r00,2019-03-01_r00_ASAMBLEA.pdf,12,Sr. Presidente de la Nación,Sr. Presidente de la Nación.-,yes,yes,earlier-page,none,high,Es un acto despreciable; y la violación a una niña es doblemente despreciable.,"Quote is mid-speech on page 12, no new label between it and the last label on page 11; the long speech carries no label on page 12 until after the quote."
230,2019-03-27_r04,2019-03-27_r04_INFORMATIVA_ESPECIAL.pdf,57,Sr. Presidente (Pinedo),Sr. Presidente (Pinedo).-,yes,yes,same-paragraph,none,high,"No dialoguen, senadores. Continúe, senador Naidenoff.",Label directly opens the paragraph containing the quoted words on page 57.
231,2019-04-16_r05,2019-04-16_r05_ESPECIAL.pdf,25,Sra. Presidente (Michetti),Sra. Presidente (Michetti).-,yes,yes,same-paragraph,none,high,"Gracias, senador. Pasa a la Comisión de Asuntos Constitucionales.","""Gracias, senador."" and ""Pasa a la Comisión de Asuntos Constitucionales."" are both part of the same labeled turn on page 25, the second sentence simply starts a new indented line within the same speaker's turn."
232,2019-04-16_r05,2019-04-16_r05_ESPECIAL.pdf,31,Sr. Fuentes,Sr. Fuentes.-,yes,yes,same-paragraph,none,high,"No, mi amigo. Es lo que tengo. Vamos a tener que improvisar. Discúlpeme. Le",Exact match on page 31.
233,2019-04-16_r05,2019-04-16_r05_ESPECIAL.pdf,64,Sr. Mera,Sr. Mera.-,yes,yes,same-paragraph,none,high,"Gracias, senador. Simplemente, sobre dos de las observaciones que ha hecho la senadora Fiore,",Exact match on page 64.
234,2019-04-16_r05,2019-04-16_r05_ESPECIAL.pdf,81,Sr. Rozas,Sr. Rozas.-,yes,yes,same-paragraph,none,high,Usted no vio que yo miré hacia la bancada justicialista.,"Exact match on page 81, followed by ""(Risas.)"" within the same turn."
235,2019-05-22_r06,2019-05-22_r06_ESPECIAL.pdf,13,"Sr. Martínez, Julio César","Sr. Martínez, Julio César.-",yes,yes,same-paragraph,none,high,Simplemente les agradezco a todos y les pido que se reconozca a esta norma,Exact match on page 13.
236,2019-05-22_r06,2019-05-22_r06_ESPECIAL.pdf,15,Sra. Presidente (Michetti),Sra. Presidente (Michetti).-,yes,yes,same-paragraph,none,high,Aprobado con despacho.,"""Aprobado con despacho."" is the entire turn, at the bottom of page 15."
237,2019-09-18_r08,2019-09-18_r08_ESPECIAL.pdf,37,Sr. Rodríguez Saá,Sr. Rodríguez Saá.-,yes,yes,same-paragraph,none,high,"Gracias, presidente. Voy a ser muy breve. Estamos prorrogando una política vigente desde 2002.",Exact match on page 37.
238,2019-11-13_r09,2019-11-13_r09_ESPECIAL.pdf,17,Sra. Rodríguez Machado,Sra. Rodríguez Machado.-,yes,yes,same-paragraph,none,high,"Gracias, presidenta. La verdad que no creo que haya un solo legislador, un solo",Exact match on page 17.
239,2019-11-27_r10,2019-11-27_r10_ESPECIAL.pdf,9,Sra. Presidente (Michetti),Sra. Presidente (Michetti).-,yes,yes,same-paragraph,none,high,Aprobado.,"""Aprobado."" is the whole turn on page 9, following the vote on Orden del Día N 527; a similarly worded ""Resulta aprobada por unanimidad."" appears earlier on the same page but is a different phrase from a different speaker (the secretary), so no true ambiguity."
240,2019-12-10_r00,2019-12-10_r00_ASAMBLEA.pdf,23,Sr. Presidente de la Nación,Sr. Presidente de la Nación.-,yes,yes,earlier-page,none,high,"Quiero ponerme al frente de sus demandas. Buscaremos reducir, a través de diversos instrumentos,","Long presidential address begun on page 10 with the label ""Sr. Presidente de la Nación.-""; no new speaker label appears anywhere on pages 22 or 23, so that label still governs the quoted words on page 23."
241,2020-02-05_r12,05-02-2020_ESPECIAL_EXTRAORDINARIA.pdf,9,Sra. Presidenta (Ledesma Abdala),Sra. Presidenta (Ledesma Abdala).-,yes,yes,same-paragraph,none,high,Pasan a la Comisión de Acuerdos para su tratamiento.,"Quote is the second sentence of the Presidenta's turn, right after she lists the ambassador nomination expedientes; label and quote are in the same paragraph on page 9."
242,2020-03-12_r02,12-03-2020_ESPECIAL.pdf,10,Sr. Parrilli,Sr. Parrilli.-,yes,yes,same-paragraph,none,high,Sí…,"""Sí…"" is the whole turn, immediately after the label, on page 10."
243,2020-03-12_r02,12-03-2020_ESPECIAL.pdf,16,Sra. Giacoppo,Sra. Giacoppo.-,yes,yes,same-paragraph,none,high,"Planteo una cuestión de privilegio, porque la única senadora que responde al pedido de","Quote opens Giacoppo's turn on page 16, directly after her label."
244,2020-05-13_r03,13-05-2020_ESPECIAL.pdf,54,Sra. Presidenta (Fernández de Kirchner),Sra. Presidenta (Fernández de Kirchner).-,yes,yes,same-paragraph,none,high,"Gracias, señora senadora. Tiene la palabra el senador Parrilli.","Exact phrase ""Gracias, señora senadora. Tiene la palabra el senador Parrilli."" appears directly after the Presidenta's label on page 54."
245,2020-07-23_r09,23-07-2020_ESPECIAL.pdf,23,Sr. Secretario (Fuentes),Sr. Secretario (Fuentes).-,yes,yes,same-paragraph,none,high,Expediente CD.- 98/19. Proyecto de ley en revisión que declara de interés nacional la,"Quote is the start of the Secretary's reading of the expediente CD.-98/19, on page 23, directly after his label."
246,2020-07-30_r10,30-07-2020_ESPECIAL.pdf,76,Sr. Basualdo,Sr. Basualdo.-,yes,yes,same-paragraph,none,high,"Gracias, señora presidenta. La verdad es que hoy estamos todos orgullosos de poder votar","Quote opens Basualdo's turn on page 76, directly after his label."
247,2020-09-03_r13,03-09-2020_ESPECIAL.pdf,10,Sra. Presidenta (Fernández de Kirchner),Sra. Presidenta (Fernández de Kirchner).-,yes,yes,same-paragraph,none,high,Pasa a la Comisión de Asuntos Constitucionales.,"""Pasa a la Comisión de Asuntos Constitucionales."" is the whole turn on page 10, directly after the label."
248,2020-10-07_r16,07-10-2020_INFORMATIVA_ESPECIAL.pdf,22,Sra. Presidenta (Ledesma Abdala),Sra. Presidenta (Ledesma Abdala).-,yes,yes,same-paragraph,none,medium,"Termine, senadora Giacoppo.","The exact phrase ""Termine, senadora Giacoppo."" appears TWICE on page 22 (once after Nancy González's interruption, once after Giacoppo continues speaking), both times spoken by the same presiding officer, so the speaker attribution is unambiguous even though the quote itself is not unique on the page."
249,2020-10-08_r17,08-10-2020_ESPECIAL.pdf,88,Sra. Presidenta (Fernández de Kirchner),Sra. Presidenta (Fernández de Kirchner).-,yes,yes,same-paragraph,none,high,Para dejar constancia en la versión taquigráfica que el sistema funciona y fue acordado,"Quote opens the Presidenta's turn on page 88, directly after her label, responding to senator Bullrich's remarks about voting from his office."
250,2020-11-05_r21,05-11-2020_ESPECIAL.pdf,68,Sr. Prosecretario (Tunessi),Sr. Prosecretario (Tunessi).-,yes,approx,same-paragraph,none,medium,¿Quién? ¿Schiavoni?... Snopek: ausente. Solari Quintana: ausente. Tagliaferri: afirmativo. Taiana: afirmativo. Tapia: afirmativo. Uñac:,"Only the opening of the quote, ""¿Quién? ¿Schiavoni?... Snopek: ausente. Solari Quintana: ausente."", is visible on the supplied page-68 image, printed directly after the Prosecretario's label as part of his reading of the roll-call vote; the remainder of the quoted string (""Tagliaferri... Taiana... Tapia... Uñac:"") is not visible on this page image (it would continue the same alphabetical roll call, presumably on the following page, not supplied). The visible portion is unambiguously governed by Sr. Prosecretario (Tunessi)."
251,2020-11-27_r24,27-11-2020_ESPECIAL.pdf,113,Sra. Giménez,"AMBIGUOUS -- appears twice on page 113: ""Sra. Giménez.- Afirmativo, señor secretario."" and, several lines later, ""Sra. Mirkin.- Afirmativo, señor secretario.""",yes,yes,same-paragraph,none,low,"Afirmativo, señor secretario.","The same words are spoken by two senators on this page. The reader found both printed labels and their order; the parser records the two turns in that same order, so both are confirmed by position, not by a unique quotation. The generic phrase ""Afirmativo, señor secretario."" is a stock roll-call response and appears twice on the supplied page, said by two different senators (Giménez, then Mirkin), each time as the whole of their turn, immediately after their own label. Cannot determine from the quote alone which occurrence is intended."
252,2020-11-27_r24,27-11-2020_ESPECIAL.pdf,113,Sra. Mirkin,"AMBIGUOUS -- appears twice on page 113: ""Sra. Giménez.- Afirmativo, señor secretario."" and, several lines later, ""Sra. Mirkin.- Afirmativo, señor secretario.""",yes,yes,same-paragraph,none,low,"Afirmativo, señor secretario.","The same words are spoken by two senators on this page. The reader found both printed labels and their order; the parser records the two turns in that same order, so both are confirmed by position, not by a unique quotation. Identical case to CASE 251 (same sitting, same pages, same quoted words). The generic phrase ""Afirmativo, señor secretario."" appears twice on the supplied page, said by two different senators (Giménez, then Mirkin), each time as the whole of their turn, immediately after their own label. Cannot determine from the quote alone which occurrence is intended."
253,2021-02-04_r29,04-02-2021_EXTRAORDINARIA.pdf,29,Sra. Crexell,Sra. Crexell.-,yes,yes,same-paragraph,none,high,"Sí, también voy a votar en contra del Orden del Día 726; el resto,",Label directly opens the sentence containing the quoted words on page 29.
254,2021-02-04_r29,04-02-2021_EXTRAORDINARIA.pdf,48,Sr. Parrilli,Sr. Parrilli.-,yes,yes,same-paragraph,none,high,"Simplemente, una interrupción para mencionarle que en 1915 se crea en los Estados Unidos","Label directly opens the sentence containing the quoted words on page 48, right after a ""Manifestaciones simultáneas."" stenographer note."
255,2021-02-24_r30,24-02-2021_EXTRAORDINARIA.pdf,70,Sra. Giménez,Sra. Giménez.-,yes,yes,same-paragraph,none,high,"Gracias, señora presidenta. Voy a solicitar autorización para leer algunos datos. De lo que",Label directly opens the sentence containing the quoted words on page 70.
256,2021-04-08_r04,08-04-2021_ESPECIAL.pdf,66,Sr. Presidente (Closs),Sr. Presidente (Closs).-,yes,yes,same-paragraph,none,high,Yo la escucho perfecto. Sí. Adelante.,Label directly opens the sentence containing the quoted words on page 66.
257,2021-05-20_r06,20-05-2021_ESPECIAL.pdf,10,Sr. Parrilli,Sr. Parrilli.-,yes,yes,same-paragraph,none,high,Presidenta: muchas gracias. Simplemente quiero adherir a las palabras del compañero Jorge Taiana y,Label directly opens the sentence containing the quoted words on page 10.
258,2021-07-15_r10,15-07-2021_ESPECIAL.pdf,59,Sr. Secretario (Fuentes),Sr. Secretario (Fuentes).-,yes,yes,same-paragraph,none,high,Mayans: afirmativo. Senador Schiavoni: ¿su voto?,"This is a roll-call vote reading on page 59; the label opens ""Mayans: afirmativo."" and the following indented line ""Senador Schiavoni: ¿su voto?"" continues within the same secretary turn, no new label intervening."
259,2021-07-15_r10,15-07-2021_ESPECIAL.pdf,167,Sra. Presidenta (Ledesma Abdala),Sra. Presidenta (Ledesma Abdala).-,yes,yes,same-paragraph,none,high,Se cierra la votación.,Label directly opens the sentence containing the quoted words on page 167.
260,2021-08-19_r11,19-08-2021_ESPECIAL.pdf,23,Sra. Presidenta (Ledesma Abdala),Sra. Presidenta (Ledesma Abdala).-,yes,yes,same-paragraph,none,high,Tiene la palabra para un homenaje senadora Durango.,"A section heading ""8. Homenajes (Continuación.)"" precedes the label as a separate heading, not inside the paragraph itself; label directly opens the quoted sentence."
261,2021-08-19_r11,19-08-2021_ESPECIAL.pdf,91,Sra. Presidenta (Ledesma Abdala),Sra. Presidenta (Ledesma Abdala).-,yes,yes,same-paragraph,none,high,"Silencio, por favor. Quedan dos minutos, quince segundos, señora senadora Rodríguez Machado.",Label directly opens the sentence containing the quoted words at the bottom of page 91.
262,2021-10-06_r12,06-10-2021_ESPECIAL.pdf,61,Sr. Mayans,Sr. Mayans.-,yes,yes,same-paragraph,none,high,"No, no… ¿Por qué no funciona mi micrófono?",Label directly opens the sentence containing the quoted words on page 61.
263,2021-12-09_r15,09-12-2021_ORDINARIA.pdf,62,Sr. Prosecretario (Tunessi),Sr. Prosecretario (Tunessi).-,yes,yes,same-paragraph,none,high,Se comunica a la Cámara de Diputados.,"The exact wording ""Se comunica a la Cámara de Diputados."" (with ""la"") appears once, spoken by the Prosecretario; two lines below, the Presidenta says a similar but not identical phrase, ""Se comunica a Cámara de Diputados."" (without ""la"") -- that near-duplicate is not the quoted text."
264,2021-12-09_r15,09-12-2021_ORDINARIA.pdf,63,Sra. Almirón,Sra. Almirón.-,yes,yes,same-paragraph,none,high,"Gracias, presidenta. Del 2019 a esta parte, ampliando derechos, garantizándoles derechos. Por eso, me","Label directly opens the sentence containing the quoted words on page 63; this is the second of two ""Sra. Almirón.-"" turns on the page (the first was interrupted by ""Murmullos en el recinto."" and a Presidenta interjection), and the quoted words belong to the resumed turn."
265,2022-03-17_r02,17-03-2022_ESPECIAL.pdf,69,Sra. Giménez,Sra. Giménez.-,yes,yes,same-paragraph,none,high,"Gracias, señora presidenta. En primer lugar, quiero expresar mi reconocimiento a nuestro presidente, Alberto","Quoted words open the senadora Giménez's turn on page 69, right after presidenta gives her the floor."
266,2022-03-17_r02,17-03-2022_ESPECIAL.pdf,121,Sr. Mayans,Sr. Mayans.-,yes,yes,earlier-page,none,high,¿Qué vas a querer hablar de esto? ¡Si tenés que ir preso! Si hablás,"Quoted words sit mid-paragraph on page 121 with no intervening label; the last label before them is Sr. Mayans on page 120, and his speech runs uninterrupted (aside from stenographer notes like ""Manifestaciones simultáneas"" and ""(Risas.)"") onto page 121."
267,2022-05-12_r04,12-05-2022_ESPECIAL.pdf,19,Sr. Petcoff Naidenoff,Sr. Petcoff Naidenoff.-,yes,yes,same-paragraph,none,high,"Presidenta: “Ningún senador o diputado, desde el día de su elección hasta el de","Quote is the article-69 recitation opening his turn on page 19, under heading ""10. Cuestión de Privilegio planteada por el señor senador Petcoff Naidenoff."""
268,2022-05-12_r04,12-05-2022_ESPECIAL.pdf,49,Sra. Presidenta (Ledesma Abdala),Sra. Presidenta (Ledesma Abdala).-,yes,yes,same-paragraph,none,high,Corresponde leer lista de oradores por Secretaría.,Straightforward presiding-officer instruction on page 49.
269,2022-06-30_r07,30-06-2022_ORDINARIA.pdf,83,"Sra. González, Gladys","Sra. González, Gladys.-",yes,yes,same-paragraph,none,high,"Sí, señora presidenta. En el Orden del Día Nº 76/22, que es justamente la",Quote opens her turn reading proposed modifications on page 83.
270,2022-06-30_r07,30-06-2022_ORDINARIA.pdf,104,Sra. García Larraburu,Sra. García Larraburu.-,yes,yes,earlier-page,none,high,Fue un largo camino y se trabajó de manera articulada. También tuvimos el gran,"Quoted words continue her uninterrupted speech from page 103 onto page 104; no label appears on page 104 until after this text (""Sra. Presidenta (Ledesma Abdala).- Gracias, senadora."" comes later, following her closing thanks)."
271,2022-09-01_r09,01-09-2022_ESPECIAL.pdf,32,Sra. Ianni,Sra. Ianni.-,yes,yes,same-paragraph,none,high,"Gracias, señora presidenta. Mire, estoy escuchando con atención desde que dimos inicio a esta",Quote opens her turn on page 32.
272,2022-09-01_r09,01-09-2022_ESPECIAL.pdf,38,Sra. Presidenta (Losada),Sra. Presidenta (Losada).-,yes,approx,same-paragraph,none,medium,"Gracias, senadora. Tiene la palabra el senador Parrilli.","Only ""Gracias, senadora."" is visible as the last line of page 38 (immediately followed by the page footer); the second half of the quoted phrase, ""Tiene la palabra el senador Parrilli."", does not appear on the supplied page image, so it may fall on an unsupplied following page. The visible portion is governed by ""Sra. Presidenta (Losada).-""."
273,2022-09-01_r09,01-09-2022_ESPECIAL.pdf,71,Sra. Presidenta (Ledesma Abdala),Sra. Presidenta (Ledesma Abdala).-,yes,yes,same-paragraph,none,high,Continúa la sesión. Corresponde considerar por Secretaría los órdenes del día que por Secretaría,"Quote opens the turn on page 71, just below the section heading ""22. Tratamiento en conjunto de los órdenes del día..."", which precedes the paragraph but is not inside it."
274,2022-09-22_r11,22-09-2022_ESPECIAL.pdf,21,Sra. Presidenta (Ledesma Abdala),Sra. Presidenta (Ledesma Abdala).-,yes,yes,same-paragraph,none,high,Sí; por eso.,"Short reply ""Sí; por eso."" on page 21, found once, in exchange with Sr. Lousteau and Sr. Snopek."
275,2022-10-27_r12,27-10-2022_ESPECIAL.pdf,59,Sr. Rodas,Sr. Rodas.-,yes,yes,same-paragraph,none,high,"Muchísimas gracias, presidenta.","Closing line of Sr. Rodas's turn on page 59, right before presidenta gives the floor to senadora Álvarez Rivero."
276,2022-11-16_r13,16-11-2022_ESPECIAL.pdf,41,Sra. Presidenta (Ledesma Abdala),Sra. Presidenta (Ledesma Abdala).-,yes,yes,same-paragraph,none,high,Se convierte en ley y se comunica al Poder Ejecutivo nacional. Ahora corresponde votar,Vote-result announcement on page 41.
277,2023-03-30_r02,30-03-2023_ESPECIAL.pdf,32,Sra. Presidenta (Ledesma Abdala),Sra. Presidenta (Ledesma Abdala).-,yes,yes,same-paragraph,none,high,"Gracias, senador. Tiene la palabra senadora González.",Label and quoted words appear on the same line/paragraph on page 32.
278,2023-04-13_r03,13-04-2023_ORDINARIA.pdf,4,Sra. Presidenta (Fernández de Kirchner),Sra. Presidenta (Fernández de Kirchner).-,yes,yes,same-paragraph,none,high,"Sometemos el pedido de retiro a consideración del cuerpo, a mano alzada.","Found under item 3 ""Retiro de mensaje"" on page 4; label directly precedes the quoted words."
279,2023-04-13_r03,13-04-2023_ORDINARIA.pdf,33,Sra. Presidenta (Ledesma Abdala),Sra. Presidenta (Ledesma Abdala).-,yes,yes,same-paragraph,none,high,No le he registrado el…,"Line reads ""Sra. Presidenta (Ledesma Abdala).- No le he registrado el…"" on page 33, part of a rapid exchange with ""Manifestaciones simultáneas"" interjections."
280,2023-05-11_r04,11-05-2023_INFORMATIVA_ESPECIAL.pdf,26,Sra. Presidenta (Ledesma Abdala),Sra. Presidenta (Ledesma Abdala).-,yes,yes,same-paragraph,none,high,"Gracias, senadora. Tiene la palabra, senadora Giacoppo.",Found on page 26 immediately after the previous senator's closing remarks.
281,2023-05-11_r04,11-05-2023_INFORMATIVA_ESPECIAL.pdf,35,Sr. Jefe de Gabinete de Ministros,Sr. Jefe de Gabinete de Ministros.-,yes,yes,same-paragraph,none,high,"…de las provincias argentinas en otro tipo de obras, en otro tipo de servicios.","Quoted words are the continuation of an interrupted sentence; the label reappears directly before them on page 35 after Sra. Tagliaferri's brief interjection ""Estaban destinados a la Ciudad."""
282,2023-09-28_r06,28-09-2023_ESPECIAL.pdf,52,Sr. Juez,Sr. Juez.-,yes,yes,same-paragraph,none,high,Ustedes que se robaron un cargo que no les correspondía. ¡No sea caradura! ¡Con,Found on page 52 directly after a stenographer note about off-mic remarks by senator Juez.
283,2023-09-28_r06,28-09-2023_ESPECIAL.pdf,54,Sra. Presidenta (Ledesma Abdala),Sra. Presidenta (Ledesma Abdala).-,yes,yes,same-paragraph,none,high,"Sí, senador Mayans.","Found on page 54; the exact phrase appears once on this page, though similar short exchanges with ""senador Mayans"" appear elsewhere on the surrounding pages."
284,2023-09-28_r06,28-09-2023_ESPECIAL.pdf,163,Sra. Presidenta (Ledesma Abdala),Sra. Presidenta (Ledesma Abdala).-,yes,yes,same-paragraph,none,high,"Sí, senador Vischi tiene la palabra.","Found on page 163 directly after senator Vischi's own interjection ""Presidenta…""."
285,2023-12-07_r07,07-12-2023_ESPECIAL.pdf,13,Sra. Presidenta (Ledesma Abdala),Sra. Presidenta (Ledesma Abdala).-,yes,yes,earlier-same-page,none,medium,Señora senadora electa por la provincia de Jujuy Vilma Facunda Bedia: ¿juráis a la,"This is a formulaic oath-taking sequence; each ""Señor/Señora senador/a electo/a..."" oath question is a new indented paragraph that is not re-labeled, continuing the Presidenta's turn from the preceding ""Si así no lo hiciereis..."" line on the same page 13."
286,2023-12-13_r08,13-12-2023_ESPECIAL.pdf,5,Sra. Presidente (Villarruel),Sra. Presidente (Villarruel).-,yes,yes,same-paragraph,none,high,Invito al senador Esteban Abdala a proceder al izamiento de la bandera nacional en,"Found on page 5 under item 1, ""Izamiento de la bandera nacional""."
287,2023-12-13_r08,13-12-2023_ESPECIAL.pdf,22,Sra. Presidente (Villarruel),Sra. Presidente (Villarruel).-,yes,yes,same-paragraph,none,high,"La moción de orden es a mano alzada, senador. Está aprobada la moción de",Found on page 22 amid a rapid back-and-forth with senator Andrada over a point of order.
288,2023-12-13_r08,13-12-2023_ESPECIAL.pdf,39,Sra. Di Tullio,Sra. Di Tullio.-,yes,yes,same-paragraph,none,high,Hay que votar el cierre de la lista de oradores.,"Found on page 39, directly after Sra. Fernández Sagasti's similar remark about closing the speakers' list."
289,2024-02-23_r01,23-02-2024_PREPARATORIA.pdf,11,Sra. Presidente (Villarruel),Sra. Presidente (Villarruel).-,yes,yes,same-paragraph,none,high,"Senadora: por favor, no se contesta.","Quote appears as ""Sra. Presidente (Villarruel).- Senadora: por favor, no se contesta."" right after Sra. Fernández Sagasti's line, label immediately governs the words."
290,2024-03-14_r02,14-03-2024_ESPECIAL.pdf,24,Sra. Losada,Sra. Losada.-,yes,yes,same-paragraph,none,high,El gobernador de la provincia tuvo que sacar a su familia de la provincia.,"Clear label-quote pair on page 24: ""Sra. Losada.- El gobernador de la provincia tuvo que sacar a su familia de la provincia."""
291,2024-06-12_r05,12-06-2024_ESPECIAL.pdf,184,Sra. Terenzi,Sra. Terenzi.-,yes,yes,same-paragraph,none,high,"Estamos en Modernización laboral. Perfecto. No, no lo votamos todavía, senadora Huala. Yo voy","Page 184: ""Sra. Terenzi.- Estamos en Modernización laboral. Perfecto. No, no lo votamos todavía, senadora Huala. Yo voy a proponer algo..."" A later, unrelated line on the same page spells the surname ""Terezi"" (typo by the president addressing her), but the governing label itself reads ""Terenzi""."
292,2024-06-12_r05,12-06-2024_ESPECIAL.pdf,265,Sr. Presidente (Abdala),Sr. Presidente (Abdala).-,yes,yes,same-paragraph,none,high,Por supuesto que sí.,"Page 265: ""Sr. Salino.- ¿Podría repetir lo que tenemos que modificar respecto al dictamen? Sr. Presidente (Abdala).- Por supuesto que sí."" Label immediately precedes the quoted words."
293,2024-06-12_r05,12-06-2024_ESPECIAL.pdf,271,Sr. Blanco,Sr. Blanco.-,yes,yes,same-paragraph,none,high,Tiene que ver con las excepciones del impuesto a las ganancias.,"Page 271: ""Sr. Blanco.- Tiene que ver con las excepciones del impuesto a las ganancias."""
294,2024-06-12_r05,12-06-2024_ESPECIAL.pdf,284,Sr. Presidente (Abdala),Sr. Presidente (Abdala).-,yes,yes,same-paragraph,none,high,"Se les pide orden y algo de disciplina a la hora de votar, por","Page 284: ""Sr. Presidente (Abdala).- Se les pide orden y algo de disciplina a la hora de votar, por favor."""
295,2024-07-04_r06,04-07-2024_ESPECIAL.pdf,12,Sr. Mayans,Sr. Mayans.-,yes,yes,same-paragraph,none,high,"¿Pero el senador Romero tiene un bloque de cuatro miembros, presidente, o es presidente","Page 12: ""Sr. Mayans.- ¿Pero el senador Romero tiene un bloque de cuatro miembros, presidente, o es presidente del interbloque?"""
296,2024-07-04_r06,04-07-2024_ESPECIAL.pdf,15,Sr. Presidente (Abdala),Sr. Presidente (Abdala).-,yes,yes,same-paragraph,none,high,"Gracias, senadora. Vuelvo a reiterarle: se puso a votación la preferencia del senador Vischi.","Page 15: ""Sr. Presidente (Abdala).- Gracias, senadora. Vuelvo a reiterarle: se puso a votación la preferencia del senador Vischi."""
297,2024-07-04_r06,04-07-2024_ESPECIAL.pdf,30,Sr. Presidente (Abdala),Sr. Presidente (Abdala).-,yes,yes,same-paragraph,none,high,"Gracias, senadora Duré. Pasa a la Comisión de Asuntos Constitucionales, para su tratamiento.","Page 30: ""Sr. Presidente (Abdala).- Gracias, senadora Duré. Pasa a la Comisión de Asuntos Constitucionales, para su tratamiento."""
298,2024-07-04_r06,04-07-2024_ESPECIAL.pdf,34,Sr. Presidente (Abdala),Sr. Presidente (Abdala).-,yes,yes,same-paragraph,none,high,Me parece que no.,"Page 34: ""Sr. Mayans.- Orden 57/24, propuestas 17 y 19. Sr. Presidente (Abdala).- Me parece que no."""
299,2024-08-22_r07,22-08-2024_ORDINARIA.pdf,35,Sr. Rejal,Sr. Rejal.-,yes,approx,same-paragraph,none,medium,"Gracias, señor presidente. Un sector muy sensible de la sociedad argentina está esperando que","Page 35's last line reads ""Sr. Rejal.- Gracias, señor presidente."" immediately above the page footer; only that opening clause of the quote is visible on the supplied page image, the continuation ""Un sector muy sensible de la sociedad argentina está esperando que"" is not visible (presumably on the following, unsupplied page) but there is no intervening label, so the same turn/label governs it."
300,2024-08-22_r07,22-08-2024_ORDINARIA.pdf,80,Sr. Secretario (Giustinian),Sr. Secretario (Giustinian).-,yes,yes,same-paragraph,none,high,"Expediente S.-1.517/24, de los senadores Romero, Arce, Tagliaferri, Espínola, Di Tullio, Atauche, Mayans, Vischi","Page 80: ""Sr. Secretario (Giustinian).- Expediente S.-1.517/24, de los senadores Romero, Arce, Tagliaferri, Espínola, Di Tullio, Atauche, Mayans, Vischi y Blanco: proyecto de resolución..."""
