case,session,pdf,page,parser_speaker,blind_read_label,agree,words_found,label_distance,furniture_in_paragraph,confidence,opening_words,reader_notes,checked_by_hand_afterwards
1,2020-03-01_r00,01-03-2020_ASAMBLEA.pdf,13,Sr. Presidente de la Nación,Sr. Presidente de la Nación,yes,yes,previous-page,none,high,quien de modo singular y ante los líderes de las finanzas internacionales volvió a,"Turn opens on p.8 (""Sr. Presidente de la Nación.- Señora vicepresidenta...""); no new bold label appears anywhere on pages 9-13, only running heads/footers and (Aplausos.) interruptions between paragraphs, so the same label still governs the quoted words on p.13.",
2,2022-03-01_r00,01-03-2022_ASAMBLEA.pdf,21,Sr. Presidente de la Nación,Sr. Presidente de la Nación,yes,yes,same-paragraph,none,high,Pido autorización para que me dejen continuar. Muchas gracias. Y mientras actuamos defendiendo los,"The quoted words are the opening sentence of the label's own paragraph, right after a ""-Manifestaciones simultáneas."" stage direction.",
3,2023-03-01_r00,01-03-2023_ASAMBLEA.pdf,11,Sr. Presidente de la Nación,Sr. Presidente de la Nación,yes,yes,previous-page,none,high,"También me equivoqué, por supuesto, pero cuando lo advertí fui capaz de revisar y","Turn opens on p.9 (""Sr. Presidente de la Nación.- Buenos días a todos...""); no new bold label appears on p.10 or p.11, so the same label carries forward to the quoted words on p.11.",
4,2022-09-01_r09,01-09-2022_ESPECIAL.pdf,19,Sra. Presidenta (Ledesma Abdala),Sra. Presidenta (Ledesma Abdala),yes,yes,same-paragraph,none,high,"Gracias, señor senador.","Quoted words are the entire content of the label's paragraph, immediately after a senator's ""(Aplausos.)""-closed turn.",
5,2022-09-01_r09,01-09-2022_ESPECIAL.pdf,34,Sra. Presidenta (Ledesma Abdala),Sra. Presidenta (Ledesma Abdala),yes,yes,same-paragraph,none,high,"Entonces, se ponen en consideración las mociones presentadas por los senadores Mayans y Naidenoff.",Quoted words are the entire content of the label's paragraph.,
6,2021-06-02_r07,02-06-2021_ESPECIAL.pdf,57,Sr. Secretario (Fuentes),Sr. Secretario (Fuentes),yes,yes,same-paragraph,none,high,"Repito, senador Rodríguez Saá: ¿su voto? –","Quoted words are the entire content of the label's paragraph, following a ""-Luego de unos instantes:"" stage direction.",
7,2021-06-02_r07,02-06-2021_ESPECIAL.pdf,62,Sr. Secretario (Fuentes),Sr. Secretario (Fuentes),yes,yes,same-paragraph,none,high,Negativo Fiad. Gracias. García Larraburu: afirmativo. Giacoppo: afirmativo. Senadora Giménez: ¿su voto?,"The plain (non-bold) roll-call lines ""García Larraburu: afirmativo. Giacoppo: afirmativo. Senadora Giménez: ¿su voto?"" continue the Secretary's paragraph, as no bold label intervenes between ""Negativo Fiad. Gracias."" and them.",
8,2022-06-02_r06,02-06-2022_INFORMATIVA_ESPECIAL.pdf,35,Sr. Blanco,Sr. Blanco,yes,yes,same-paragraph,none,high,"Buenas tardes, ministro. Voy a hacer un comentario sobre el inicio de su exposición","Quoted words are the entire content of the label's paragraph, right after the presiding senator says ""Tiene la palabra el senador Pablo Blanco.""",
9,2022-06-02_r06,02-06-2022_INFORMATIVA_ESPECIAL.pdf,60,Sr. Linares,Sr. Linares,yes,yes,same-paragraph,none,high,"Gracias, señor presidente. Bienvenido, compañero jefe de Gabinete de Ministros. Es un placer escucharlo.",Quoted words are the entire content of the label's paragraph.,
10,2020-10-02_r15,02-10-2020_ESPECIAL.pdf,30,Sra. Presidenta (Ledesma Abdala),Sra. Presidenta (Ledesma Abdala),yes,yes,same-paragraph,none,high,"Muy bien, entonces sometemos a votación el pedido de preferencia. Voten por favor a",Quoted words are the entire content of the label's paragraph.,
11,2023-11-02_r00,02-11-2023_ASAMBLEA.pdf,8,Sra. Senadora Corpacci,Sra. Senadora Corpacci,yes,yes,earlier-on-page,none,high,"que representan el 36,78 por ciento del total de votos afirmativos válidamente emitidos. La","Label opens the turn near the top of p.8 (""Sra. Senadora Corpacci.- Muchas gracias.""); quoted words appear several paragraphs later on the same page, with no intervening bold label.",
12,2021-06-03_r08,03-06-2021_INFORMATIVA_ESPECIAL.pdf,28,Sra. Tapia,Sra. Tapia,yes,yes,same-paragraph,none,high,"Ya termino, presidente. Ministro: yo quisiera saber las razones de este cambio, y por","The quote starts in the label's own line (""Ya termino, presidente."") and continues into the immediately following indented continuation of the same turn (""Ministro: yo quisiera saber..."").",
13,2020-09-03_r13,03-09-2020_ESPECIAL.pdf,91,Sr. Secretario (Fuentes),Sr. Secretario (Fuentes),yes,yes,same-paragraph,none,high,Gracias. ¿Senador Costa? Senador Costa: su voto. Costa: ausente. Senadora Crexell: el sentido de,Quoted words are the entire content of the label's paragraph.,
14,2020-09-03_r13,03-09-2020_ESPECIAL.pdf,152,Sra. Presidenta (Fernández de Kirchner),Sra. Presidenta (Fernández de Kirchner),yes,yes,same-paragraph,none,high,"Le voy a conceder la palabra un minutito al señor secretario parlamentario, para una",Quoted words are the entire content of the label's paragraph.,
15,2024-07-04_r06,04-07-2024_ESPECIAL.pdf,44,Sr. Presidente (Abdala),Sr. Presidente (Abdala),yes,yes,same-paragraph,none,high,"No interrumpamos, senadora. Si tenemos que estar cuatro horas, estaremos cuatro o doce, pero",Quoted words are the entire content of the label's paragraph.,
16,2024-07-04_r06,04-07-2024_ESPECIAL.pdf,63,Sr. Pagotto,Sr. Pagotto,yes,yes,same-paragraph,none,high,"A eso iba, a eso iba.","Quoted words are the entire content of the label's paragraph, spoken right after another senator's interruption ends.",
17,2024-07-04_r06,04-07-2024_ESPECIAL.pdf,71,Sr. Presidente (Abdala),Sr. Presidente (Abdala),yes,yes,same-paragraph,none,high,Seguimos con el orden del día: declaración de duelo nacional en homenaje a las,Quoted words are the entire content of the label's paragraph.,
18,2020-12-04_r26,04-12-2020_ESPECIAL.pdf,4,Sra. Presidenta (Fernández de Kirchner),Sra. Presidenta (Fernández de Kirchner),yes,yes,same-paragraph,none,high,Invito al senador Antonio Rodas a izar el pabellón nacional y a mantenemos de,Quoted words are the entire content of the label's paragraph.,
19,2022-04-07_r03,07-04-2022_ESPECIAL.pdf,13,Sr. Mayans,Sr. Mayans,yes,yes,same-paragraph,none,high,"No, no, no. Por eso lo digo. Si hay una persona que no está","Quoted words are the entire content of the label's paragraph, spoken after a stage direction (""El señor senador Petcoff Naidenoff realiza manifestaciones fuera del alcance del micrófono."").",
20,2022-04-07_r03,07-04-2022_ESPECIAL.pdf,14,Sr. Mayans,Sr. Mayans,yes,yes,same-paragraph,none,high,"No, no dialoguemos. Tiene razón, presidenta.",Quoted words are the entire content of the label's paragraph.,
21,2022-04-07_r03,07-04-2022_ESPECIAL.pdf,48,Sra. Corpacci,Sra. Corpacci,yes,yes,same-paragraph,none,high,"…Solari Quintana – perdón, senadora– me parece que tiene de rico que contempla el","Quoted words are the entire content of the label's paragraph; the ellipsis marks that Corpacci's sentence, naming ""Solari Quintana,"" was interrupted mid-word by Sr. Weretilneck's one-word interjection just before her label.",
22,2023-12-07_r07,07-12-2023_ESPECIAL.pdf,10,Sra. Presidenta (Ledesma Abdala),Sra. Presidenta (Ledesma Abdala),yes,yes,same-paragraph,none,high,Resultan aprobadas en los términos requeridos.,"Quoted words are the entire content of the label's paragraph, right after a ""-Se practica la votación a mano alzada."" stage direction.",
23,2021-04-08_r04,08-04-2021_ESPECIAL.pdf,82,Sr. Leavy,Sr. Leavy,yes,yes,same-paragraph,none,high,"Gracias, señor presidente. En primer lugar, quiero agradecerle a nuestro presidente de la Nación,",Quoted words are the entire content of the label's paragraph.,
24,2020-10-08_r17,08-10-2020_ESPECIAL.pdf,28,Sra. Giménez,Sra. Giménez,yes,yes,same-paragraph,none,high,"Gracias, señora presidenta. Para sumarme en los homenajes. Este día, 8 de octubre, es",Quoted words are the entire content of the label's paragraph.,
25,2020-10-08_r17,08-10-2020_ESPECIAL.pdf,53,Sr. Blanco,Sr. Blanco,yes,yes,same-paragraph,none,high,"¿Me escucha, presidenta?","An earlier ""Sr. Blanco.-"" paragraph on the same page reads differently (""Presidenta, la verdad es que...""); only this later, shorter paragraph matches the quoted words exactly, so it is not ambiguous.",
26,2020-10-08_r17,08-10-2020_ESPECIAL.pdf,57,Sra. Durango,Sra. Durango.-,yes,yes,same-paragraph,none,high,"… Sabemos de los avances en materia de género que tiene nuestro país, no","Quote follows an interruption (""¿Me escucha bien?"" / ""Sra. Presidenta (Ledesma Abdala).- Sí."") but the paragraph resumes with a fresh ""Sra. Durango.-"" label immediately before the quoted words.",
27,2021-12-09_r14,09-12-2021_ESPECIAL.pdf,5,Sra. Presidenta (Fernández de Kirchner),Sra. Presidenta (Fernández de Kirchner).-,yes,yes,same-paragraph,none,high,¡Por favor!,"Short one-line turn, unambiguous.",
28,2021-12-09_r15,09-12-2021_ORDINARIA.pdf,12,Sra. Presidenta (Ledesma Abdala),Sra. Presidenta (Ledesma Abdala).-,yes,yes,same-paragraph,none,high,Obra sobre las bancas el plan de labor aprobado en la reunión de labor,"Opening line of the page, unambiguous.",
29,2022-08-10_r08,10-08-2022_ESPECIAL.pdf,77,Sr. Mayans,Sr. Mayans.-,yes,yes,same-paragraph,none,high,"Gracias, señora presidente. En realidad, estos pactos fiscales se vienen realizando desde hace tiempo",None.,
30,2023-12-10_r00,10-12-2023_ASAMBLEA.pdf,7,Sra. Presidenta (Fernández de Kirchner),Sra. Presidenta (Fernández de Kirchner).-,yes,yes,same-paragraph,none,high,"Ah, perdón. Tiene razón el secretario parlamentario, me salteé la lectura de la resolución",None.,
31,2023-05-11_r04,11-05-2023_INFORMATIVA_ESPECIAL.pdf,56,Sr. Mayans,Sr. Mayans.-,yes,yes,previous-page,none,high,"Y yo creo que a usted tampoco, ministro. Pero ¿quién tiene ese poder –esto","Label ""Sr. Mayans.-"" printed on page 55; the same paragraph runs uninterrupted across the page break onto page 56, where the quoted words appear after an intervening ""(Risas.)"" stage direction (does not end the turn).",
32,2020-06-11_r06,11-06-2020_ESPECIAL.pdf,66,Sra. Presidenta (Ledesma Abdala),Sra. Presidenta (Ledesma Abdala).-,yes,yes,same-paragraph,none,high,"Gracias, senadora. Por Secretaría se dará lectura de los órdenes del día que vamos",None.,
33,2022-05-12_r04,12-05-2022_ESPECIAL.pdf,20,Sra. Petcoff Naidenoff,Sra. Petcoff Naidenoff.-,yes,yes,same-paragraph,none,high,Lo planteé tranquilamente: contra la bancada del oficialismo.,None.,
34,2022-05-12_r04,12-05-2022_ESPECIAL.pdf,20,Sra. Presidenta (Ledesma Abdala),Sra. Presidenta (Ledesma Abdala).-,yes,yes,same-paragraph,none,high,¿Contra quién es la cuestión de privilegio?,None.,
35,2022-05-12_r04,12-05-2022_ESPECIAL.pdf,83,Sra. Presidenta (Losada),Sra. Presidenta (Losada).-,yes,yes,same-paragraph,none,high,"Gracias, senadora. Tiene la palabra el senador Romero.",None.,
36,2022-05-12_r04,12-05-2022_ESPECIAL.pdf,107,Sra. Presidenta (Ledesma Abdala),Sra. Presidenta (Ledesma Abdala).-,yes,yes,same-paragraph,none,high,"No dialoguen entre ustedes, por favor.",None.,
37,2024-06-12_r05,12-06-2024_ESPECIAL.pdf,51,Sr. Presidente (Abdala),Sr. Presidente (Abdala).-,yes,yes,same-paragraph,none,high,"Gracias, senador Alfredo De Angeli. A continuación, tiene la palabra el senador Mariano Recalde.",None.,
38,2024-06-12_r05,12-06-2024_ESPECIAL.pdf,118,Sra. Silva,Sra. Silva.-,yes,no,same-paragraph,none,medium,"Muchas gracias, señor presidente. Quiero comenzar rechazando toda forma de violencia. Verdaderamente, lo que","Page image ends right after ""Sra. Silva.- Muchas gracias, señor presidente."" The quoted words (""Quiero comenzar rechazando toda forma de violencia..."") do not appear anywhere on this page image; they would continue on the next page, which was not supplied. Reporting the closest (last) label on the page as instructed.",
39,2024-06-12_r05,12-06-2024_ESPECIAL.pdf,145,Sra. Presidente (Villarruel),Sra. Presidente (Villarruel).-,yes,yes,same-paragraph,none,high,"Gracias, senador. Tiene la palabra el senador Juez.","Printed as ""Sra. Presidente"" (not ""Presidenta""); transcribed verbatim.",
40,2024-06-12_r05,12-06-2024_ESPECIAL.pdf,232,Sr. Blanco,Sr. Blanco.-,yes,yes,same-paragraph,none,high,"Muchas gracias, presidente. En la discusión en comisión de este tema, firmé el dictamen",None.,
41,2024-06-12_r05,12-06-2024_ESPECIAL.pdf,275,Sr. Mayans,Sr. Mayans.-,yes,yes,same-paragraph,none,high,"Pero es ridículo, señor presidente.",None.,
42,2024-06-12_r05,12-06-2024_ESPECIAL.pdf,285,Sr. Secretario (Giustinian),Sr. Secretario (Giustinian).-,yes,yes,same-paragraph,none,high,¿Se abstiene?,"""¿Se abstiene?"" appears only once on the page, under this label.",
43,2024-09-12_r09,12-09-2024_ORDINARIA.pdf,5,Sra. Presidente (Villarruel),Sra. Presidente (Villarruel).-,yes,yes,same-paragraph,none,high,Obra sobre las bancas el plan de labor acordado en la reunión de labor,"Printed as ""Sra. Presidente"" (not ""Presidenta""); transcribed verbatim.",
44,2024-09-12_r09,12-09-2024_ORDINARIA.pdf,8,Sr. Presidente (Abdala),Sr. Presidente (Abdala).-,yes,yes,same-paragraph,none,high,"Sí, gracias, senadora. Tiene la palabra el senador Mayans.",None.,
45,2024-09-12_r09,12-09-2024_ORDINARIA.pdf,30,Sra. González,Sra. González.-,yes,yes,same-paragraph,none,high,"Muy buenas tardes, señor presidente. El motivo de la cuestión de preferencia es un",None.,
46,2024-09-12_r09,12-09-2024_ORDINARIA.pdf,135,Sr. Secretario (Giustinian),Sr. Secretario (Giustinian).-,yes,yes,same-paragraph,none,high,"Resultado: 56 votos afirmativos, 11 negativos, una abstención.","A corrected tally (""57 afirmativos, 10 negativos..."") appears immediately after under the same label; the quoted figures are the first-reported result.",
47,2020-11-12_r22,12-11-2020_ESPECIAL.pdf,99,Sr. Romero,Sr. Romero.-,yes,yes,same-paragraph,none,high,Todas las variables que este presupuesto –o este proyecto de presupuesto– proclama para el,"""Sr. Romero.-"" appears three times in quick succession on the page (short exchanges), then a fourth time introducing this longer paragraph containing the quoted words.",
48,2024-12-12_r12,12-12-2024_ESPECIAL.pdf,24,Sr. De Angeli,Sr. De Angeli.-,yes,yes,same-paragraph,none,high,"Mirá, mirá… ¿Saben esto? ¿Saben esto? Ven esta foto, ¿no? ¿Ven esta foto?",None.,
49,2024-12-12_r12,12-12-2024_ESPECIAL.pdf,26,Sra. Pilatti Vergara,Sra. Pilatti Vergara.-,yes,yes,same-paragraph,none,high,"Gracias, presidenta. La verdad es que estoy cansada y me agito de escuchar la",None.,
50,2023-04-13_r03,13-04-2023_ORDINARIA.pdf,16,Sra. Presidenta (Ledesma Abdala),Sra. Presidenta (Ledesma Abdala).-,yes,yes,same-paragraph,none,high,Disculpe senador. Usted está contestando… No se pueden contestar las cuestiones de privilegio.,None.,
51,2023-04-13_r03,13-04-2023_ORDINARIA.pdf,69,Sra. Presidenta (Ledesma Abdala),Sra. Presidenta (Ledesma Abdala).-,yes,yes,same-paragraph,none,high,"Gracias, senadora. La última oradora, senadora Corpacci.","Quoted words are the second sentence of the paragraph, right after ""Gracias, senadora.""",
52,2021-05-13_r05,13-05-2021_ESPECIAL.pdf,45,Sra. Giacoppo,Sra. Giacoppo.-,yes,yes,same-paragraph,none,high,"Negativo, señor secretario.","Exact phrase ""Negativo, señor secretario."" appears under Sra. Giacoppo's label; a different senator's ""Afirmativo, señor secretario."" appears elsewhere on the page but is not this quote.",
53,2021-05-13_r05,13-05-2021_ESPECIAL.pdf,60,Sra. Presidenta (Ledesma Abdala),Sra. Presidenta (Ledesma Abdala).-,yes,yes,same-paragraph,none,high,"Gracias, senador. Tiene la palabra senador Doñate.","Quoted words are the whole paragraph (""Gracias, senador. / Tiene la palabra senador Doñate."").",
54,2020-08-13_r11,13-08-2020_ESPECIAL.pdf,95,Sra. Presidenta (Ledesma Abdala),Sra. Presidenta (Ledesma Abdala).-,yes,yes,same-paragraph,none,high,"Después sigue usted, senador Romero. La lista está así.",Quoted words are the whole paragraph.,
55,2020-08-13_r11,13-08-2020_ESPECIAL.pdf,105,Sra. Presidenta (Ledesma Abdala),Sra. Presidenta (Ledesma Abdala).-,yes,yes,same-paragraph,none,high,"Sí, por supuesto; le he dado la palabra a usted.",None.,
56,2020-08-13_r11,13-08-2020_ESPECIAL.pdf,109,Sr. Secretario (Fuentes),Sr. Secretario (Fuentes).-,yes,yes,same-paragraph,none,high,"Gracias, senadora. Senador Montenegro: afirmativo. Senador Neder: afirmativo. Senadora Olalla: afirmativo. Senador Pais: afirmativo.","""Gracias, senadora."" plus the four vote lines that follow are all part of the same Secretario turn (roll-call reading), no new bold label intervenes.",
57,2020-08-13_r11,13-08-2020_ESPECIAL.pdf,139,Sr. Schiavoni,Sr. Schiavoni.-,yes,yes,same-paragraph,none,high,"Negativo, señor secretario.","Other similar-sounding negatives on the page (""Negativo, presidente""/""Negativo, señor Fuentes"" by Petcoff Naidenoff; ""Negativo, secretario"" by Poggi) do not match the exact wording ""Negativo, señor secretario."" — only Schiavoni's line matches verbatim.",
58,2023-12-13_r08,13-12-2023_ESPECIAL.pdf,13,Sra. Presidente (Villarruel),Sra. Presidente (Villarruel).-,yes,yes,same-paragraph,none,high,"Les pido, por favor, que no interrumpamos al senador. Cada uno tuvo derecho de",Quoted words are the whole paragraph.,
59,2023-12-13_r08,13-12-2023_ESPECIAL.pdf,21,Sr. Andrada,Sr. Andrada.-,yes,yes,same-paragraph,none,high,No. Señora presidenta…,"The paragraph reads ""No. / Señora presidenta…"" under this label.",
60,2024-05-15_r04,15-05-2024_INFORMATIVA_ESPECIAL.pdf,54,Sra. Giménez Navarro,Sra. Giménez Navarro.-,yes,yes,same-paragraph,none,high,Buenas tardes a todos y a todas; bienvenido al señor jefe de Gabinete. Viniendo,Quoted words open the paragraph.,
61,2024-05-15_r04,15-05-2024_INFORMATIVA_ESPECIAL.pdf,71,"Sra. López, María Florencia","Sra. López, María Florencia.-",yes,yes,same-paragraph,none,high,"Permítame. Aparte de eso, y esto es muy importante porque yo quiero que usted","Quoted words are ""Permítame."" followed immediately by ""Aparte de eso..."", both in the same paragraph after a stage direction ""(Manifestaciones fuera del alcance del micrófono.)"" that does not break the turn.",
62,2021-07-15_r10,15-07-2021_ESPECIAL.pdf,12,Sr. Mayans,Sr. Mayans.-,yes,yes,same-paragraph,none,high,En el Salón Gris.,"Full paragraph is just ""En el Salón Gris.""",
63,2021-07-15_r10,15-07-2021_ESPECIAL.pdf,26,Sr. Secretario (Fuentes),Sr. Secretario (Fuentes).-,yes,yes,same-paragraph,none,high,"Ausente. No es mi día hoy, evidentemente.","Paragraph reads ""Ausente. / No es mi día hoy, evidentemente. (Risas.)"" — the ""(Risas.)"" stage direction does not end the turn.",
64,2021-07-15_r10,15-07-2021_ESPECIAL.pdf,70,Sra. López Valverde,Sra. López Valverde.-,yes,yes,same-paragraph,none,high,"Gracias, señor presidente. Para mí, esta es una tarde muy importante y estamos dando",Quoted words open the paragraph.,
65,2021-07-15_r10,15-07-2021_ESPECIAL.pdf,96,Sra. Presidenta (Ledesma Abdala),Sra. Presidenta (Ledesma Abdala).-,yes,yes,same-paragraph,none,high,Se comunica a la Cámara de Diputados.,"Full paragraph is just ""Se comunica a la Cámara de Diputados.""",
66,2021-07-15_r10,15-07-2021_ESPECIAL.pdf,109,Sr. Secretario (Fuentes),Sr. Secretario (Fuentes).-,yes,yes,same-paragraph,none,medium,Senadora Giménez: ¿su voto?,"""Senadora Giménez: ¿su voto?"" is printed twice in a row on this page — first as a plain (non-bold) roll-call line inside the ongoing Secretario turn, then repeated after ""-Luego de unos instantes:"" under an explicit new ""Sr. Secretario (Fuentes).-"" label. Both instances are the same speaker, so the label text is unambiguous, but I flag the duplication since the brief asks me to.",
67,2021-07-15_r10,15-07-2021_ESPECIAL.pdf,123,Sra. Elías de Perez,Sra. Elías de Perez.-,yes,yes,same-paragraph,none,high,"… distintos compromisos ambientales en el mundo que iban, justamente, en consonancia con esta","This is a repeated label after a ""-Contenido no inteligible."" interruption; printed as ""Sra. Elías de Perez.-…"" with the ellipsis immediately preceding the quoted words.",
68,2021-07-15_r10,15-07-2021_ESPECIAL.pdf,139,Sr. Presidente (Closs),Sr. Presidente (Closs).-,yes,yes,same-paragraph,none,high,"No me duplique el tiempo, por favor, senadora. Gracias.",Quoted words are the whole paragraph.,
69,2021-07-15_r10,15-07-2021_ESPECIAL.pdf,169,Sra. Presidenta (Ledesma Abdala),Sra. Presidenta (Ledesma Abdala).-,yes,yes,same-paragraph,none,high,Se cierra la votación.,"Full paragraph is just ""Se cierra la votación.""",
70,2020-10-15_r18,15-10-2020_ORDINARIA.pdf,40,Sr. Marino,Sr. Marino.-,yes,yes,same-paragraph,none,high,"...Santa Rosa, donde no tiene ningún tipo de información, cero información. Porque si bien","This label reopens the senator's turn after a ""-Contenido no inteligible."" interruption; the quote begins right after the ellipsis that follows the label.",
71,2022-03-17_r02,17-03-2022_ESPECIAL.pdf,121,Sr. Mayans,Sr. Mayans.-,yes,yes,previous-page,"running head at the page break (""17 de marzo de 2022 / Sesión especial / Pág. 121"")",high,Ella quería ser la embajadora o canciller acá. Díganme una cosa: ¿es elegante el,"Label is printed only on page 120; the turn continues uninterrupted (through several ""(Risas.)"" stage directions and the page break) onto page 121, where the quoted words appear. No new bold label appears before the quote on page 121.",
72,2024-04-18_r03,18-04-2024_ORDINARIA.pdf,32,Sra. Presidente (Villarruel),Sra. Presidente (Villarruel).-,yes,yes,same-paragraph,none,high,"Aprobadas. Propongo que se vote, en general y en particular, en una sola votación,","Paragraph reads ""Aprobadas. / Propongo que se vote, en general y en particular, en una sola votación, por medios electrónicos...""",
73,2021-05-20_r06,20-05-2021_ESPECIAL.pdf,17,Sra. Presidenta (Ledesma Abdala),Sra. Presidenta (Ledesma Abdala).-,yes,yes,same-paragraph,none,high,"Resulta aprobada. Tiene la palabra, senador Rodríguez Saá.","Paragraph reads ""Resulta aprobada. / Tiene la palabra, senador Rodríguez Saá.""",
74,2021-05-20_r06,20-05-2021_ESPECIAL.pdf,119,Sra. Presidenta (Fernández de Kirchner),Sra. Presidenta (Fernández de Kirchner).-,yes,yes,same-paragraph,none,high,"Autorización para todo… Bueno, ahora sí podemos lanzar la votación. Se lanza… Sí, claro,","Paragraph reads ""Autorización para todo… / Bueno, ahora sí podemos lanzar la votación. Se lanza… Sí, claro, en una sola votación...""",
75,2000-02-23_r01,2000-02-23_r01_PREPARATORIA.pdf,3,Sr. PRESIDENTE,Sr. PRESIDENTE.-,yes,yes,same-paragraph,none,high,Vamos a continuar llamando durante cinco minutos más.,"This is an older (2000) preparatory-session record printed with all-caps speaker surnames (e.g. ""Sr. PRESIDENTE.-"", ""Sr. SALA.-""), unlike the later sessions' mixed-case labels; transcribed exactly as printed.",
76,2000-02-23_r01,2000-02-23_r01_PREPARATORIA.pdf,3,Sr. SALA,Sr. SALA.-,yes,yes,same-paragraph,none,high,"Que se llame durante cinco minutos más, señor presidente.","Straightforward, single paragraph on p0003.",
77,2000-02-23_r01,2000-02-23_r01_PREPARATORIA.pdf,4,Sr. PRESIDENTE,Sr. PRESIDENTE.-,yes,yes,same-paragraph,none,high,Con treinta y ocho senadores presentes queda abierta la sesión preparatoria.,"Opening line of the sesión preparatoria, first paragraph on p0004.",
78,2000-02-23_r01,2000-02-23_r01_PREPARATORIA.pdf,5,Sr. PRESIDENTE,Sr. PRESIDENTE.-,yes,yes,same-paragraph,none,high,"Con respecto a la moción del señor senador Galván, correspondería efectuar votación nominal. A",None.,
79,2000-02-23_r01,2000-02-23_r01_PREPARATORIA.pdf,5,Sr. PRESIDENTE,Sr. PRESIDENTE.-,yes,yes,same-paragraph,none,high,"Si hay asentimiento, se procederá de acuerdo con la moción del señor senador Ulloa.","Followed by the italicized stage direction ""-Asentimiento."" on the next line, but that line is outside this paragraph.",
80,2000-02-23_r01,2000-02-23_r01_PREPARATORIA.pdf,5,Sr. ROMERO FERIS,Sr. ROMERO FERIS.-,yes,yes,same-paragraph,none,high,Señor presidente: apoyo la moción formulada por el señor senador Ulloa.,None.,
81,2000-02-23_r01,2000-02-23_r01_PREPARATORIA.pdf,6,Sr. ALASINO,Sr. ALASINO.-,yes,yes,same-paragraph,none,high,Señor presidente: pido la palabra para una aclaración.,None.,
82,2000-02-23_r01,2000-02-23_r01_PREPARATORIA.pdf,6,Sr. PRESIDENTE,Sr. PRESIDENTE.-,yes,yes,same-paragraph,none,high,"Señor senador Ruggero Preto: ¿Juráis a la Patria, por Dios y estos Santos Evangelios,","Preceded by the italic stage direction ""-Puestos de pie los señores senadores y el público:"" on its own line, not inside this paragraph.",
83,2000-02-23_r01,2000-02-23_r01_PREPARATORIA.pdf,7,Sr. PRESIDENTE,Sr. PRESIDENTE.-,yes,yes,same-paragraph,(Aplausos.),medium,"Si así no lo hiciereis, Dios y la Patria os lo demanden.","Ambiguous — the exact same sentence ""Si así no lo hiciereis, Dios y la Patria os lo demanden."" is printed twice on p0007 (after Cafiero's and after Genoud's oath), both times under the identical label Sr. PRESIDENTE.-. Reporting the first (Cafiero) occurrence; the label is the same either way.",
84,2000-02-23_r01,2000-02-23_r01_PREPARATORIA.pdf,7,Sr. PRESIDENTE,Sr. PRESIDENTE.-,yes,yes,same-paragraph,(Aplausos.),medium,"Si así no lo hiciereis, Dios y la Patria os lo demanden.","Ambiguous — same duplicated sentence as case 83, on the same page; reporting the second (Genoud) occurrence, but the label is identical in both places.",
85,2000-02-23_r01,2000-02-23_r01_PREPARATORIA.pdf,7,Sr. PRESIDENTE,Sr. PRESIDENTE.-,yes,yes,same-paragraph,none,high,"Señor senador José Genoud: ¿Juráis a la Patria, por Dios y estos Santos Evangelios,","Printed with no space between the label and the following word (""Sr. PRESIDENTE.-Señor senador José Genoud""), a spacing quirk of this page, not a different label.",
86,2000-03-01_r00,2000-03-01_r00_ASAMBLEA.pdf,5,Sr. PRESIDENTE,Sr. PRESIDENTE.-,yes,yes,same-paragraph,none,high,Queda abierta la sesión de la Asamblea Legislativa convocada a los fines previstos por,"Opening line of the Asamblea Legislativa session, p0005.",
87,2000-03-01_r00,2000-03-01_r00_ASAMBLEA.pdf,6,Sr. PRESIDENTE DE LA NACIÓN,Sr. PRESIDENTE DE LA NACIÓN.-,yes,yes,same-paragraph,none,high,Señor vicepresidente de la Nación y presidente de esta Honorable Asamblea; señor presidente provisional,None.,
88,2000-03-01_r00,2000-03-01_r00_ASAMBLEA.pdf,8,Sr. PRESIDENTE DE LA NACIÓN,Sr. PRESIDENTE DE LA NACIÓN.-,yes,no,previous-page,(Manifestaciones y aplausos en las bancas y en las galerías.),low,Y tengo un mensaje para los contrabandistas: tienen en mí a un acérrimo enemigo.,"The quoted words (""Y tengo un mensaje para los contrabandistas..."") do not appear anywhere in the three supplied images (p0006–p0008); the tax-evasion paragraph on p0008 ends with ""(Manifestaciones y aplausos en las bancas y en las galerías.)"" and the ""contrabandistas"" line evidently begins the very next paragraph, which is not among the supplied pages. Reporting the label that governs the whole unbroken speech across the given pages as the closest.","parser right on the speaker — but the quoted words are printed on page 9, not on page 8 as the brief said: the turn's block carries a page-8 fragment that later cleaning removed, so the page recorded for it is one earlier than where its first words appear. A fault in the locator, not in the attribution."
89,2000-03-01_r00,2000-03-01_r00_ASAMBLEA.pdf,8,Sr. PRESIDENTE DE LA NACIÓN,Sr. PRESIDENTE DE LA NACIÓN.-,yes,yes,previous-page,(Manifestaciones y aplausos en las bancas y en las galerías.),high,"Por eso, señores legisladores, será mejor que avisen en sus provincias que este gobierno",Quote found on p0008 (last supplied image); label was printed on p0006 and never changes across the intervening pages.,
90,2000-03-01_r00,2000-03-01_r00_ASAMBLEA.pdf,9,Sr. PRESIDENTE DE LA NACIÓN,Sr. PRESIDENTE DE LA NACIÓN.-,yes,yes,previous-page,(Aplausos.),high,Los argentinos estamos acostumbrados a que los gobiernos no hablen de ciertos problemas. La,"Quote found on p0009 (last supplied image); ""(Aplausos.)"" appears earlier in the same paragraph, right before the quoted sentence. Label unchanged since p0006.",
91,2000-03-01_r00,2000-03-01_r00_ASAMBLEA.pdf,11,Sr. PRESIDENTE DE LA NACIÓN,Sr. PRESIDENTE DE LA NACIÓN.-,yes,yes,previous-page,none,high,Debemos decidirnos a asumir el desafío del conocimiento. Hoy más que nunca el mundo,Quote found on p0011 (last supplied image); label unchanged since p0006 across all six pages.,
92,2000-10-03_r54,2000-10-03_r54_ESPECIAL.pdf,3,Sr. Presidente (Genoud),Sr. Presidente (Genoud).-,yes,yes,same-paragraph,none,high,Estamos en eso.,None.,
93,2000-10-03_r54,2000-10-03_r54_ESPECIAL.pdf,4,Sr. Presidente (Genoud),Sr. Presidente (Genoud).-,yes,yes,same-paragraph,none,high,Tiene la palabra el senador Rodríguez Saá para una manifestación en minoría.,None.,
94,2000-10-03_r54,2000-10-03_r54_ESPECIAL.pdf,5,Sr. Agúndez,Sr. Agúndez.-,yes,yes,same-paragraph,none,high,Señor presidente: en ese entendimiento hemos estado trabajando con este proyecto y otras iniciativas,None.,
95,2001-07-18_r45,2001-07-18_r45_ORDINARIA.pdf,12,Sr. Presidente (Losada),Sr. Presidente (Losada).,yes,yes,same-paragraph,none,high,Corresponde considerar si se trata sobre tablas el proyecto de comunicación del señor senador,"Printed as ""Sr. Presidente (Losada). — Corresponde considerar..."" (em dash, not a hyphen, separates label from speech on this page).",
96,2001-07-18_r45,2001-07-18_r45_ORDINARIA.pdf,13,Sr. Presidente (Losada),Sr. Presidente (Losada).,yes,yes,same-paragraph,none,high,"En primer lugar, corresponde votar el tratamiento sobre tablas.",None.,
97,2001-07-18_r45,2001-07-18_r45_ORDINARIA.pdf,34,Sr. Presidente (Losada),Sr. Presidente (Losada).,yes,yes,same-paragraph,none,medium,Queda aprobada la comunicación. Se procederá en consecuencia.,"Ambiguous — the identical sentence ""Queda aprobada la comunicación. Se procederá en consecuencia."" is printed twice on p0034 (closing item 68 and again closing item 69), both under the identical label Sr. Presidente (Losada). Reporting the first (item 68) occurrence.",
98,2001-07-18_r45,2001-07-18_r45_ORDINARIA.pdf,34,Sr. Presidente (Losada),Sr. Presidente (Losada).,yes,yes,same-paragraph,none,medium,Queda aprobada la comunicación. Se procederá en consecuencia.,"Ambiguous — same duplicated sentence as case 97, on the same page; reporting the second (item 69) occurrence, but the label is identical either way.",
99,2001-07-18_r45,2001-07-18_r45_ORDINARIA.pdf,51,Sr. Presidente (Menem),Sr. Presidente (Menem).,yes,yes,same-paragraph,none,high,Tiene la palabra el señor senador Villarroel.,None.,
100,2001-11-07_r69,2001-11-07_r69_ORDINARIA.pdf,5,Sr. Presidente (Menem),Sr. Presidente (Menem).,yes,yes,same-paragraph,none,high,Continúa la lectura de los Asuntos entrados.,None.,
101,2001-11-07_r69,2001-11-07_r69_ORDINARIA.pdf,7,Sr. Presidente (Menem),Sr. Presidente (Menem).,yes,yes,same-paragraph,none,high,Secretaría entiende que todos los proyectos con pedido de tratamiento en la sesión anterior,Label opens the paragraph containing the quoted words directly.,
102,2001-11-07_r69,2001-11-07_r69_ORDINARIA.pdf,12,Sr. Presidente (Menem),Sr. Presidente (Menem).,yes,yes,same-paragraph,none,high,Tiene la palabra el señor senador por Córdoba.,Label opens the paragraph containing the quoted words directly.,
103,2001-11-07_r69,2001-11-07_r69_ORDINARIA.pdf,29,Sr. Presidente (Losada),Sr. Presidente (Losada).,yes,yes,same-paragraph,none,high,Tiene la palabra la señora senadora por San Luis.,Label opens the paragraph containing the quoted words directly.,
104,2001-11-07_r69,2001-11-07_r69_ORDINARIA.pdf,33,Sr. Presidente (Losada),Sr. Presidente (Losada).,yes,yes,same-paragraph,none,high,Queda sancionado el proyecto de ley. Se comunicará a la Honorable Cámara de Diputados.,Label opens the paragraph containing the quoted words directly; only one occurrence on the page.,
105,2001-11-07_r69,2001-11-07_r69_ORDINARIA.pdf,36,Sr. Presidente (Losada),Sr. Presidente (Losada).,yes,yes,same-paragraph,none,high,Queda aprobado el artículo 2° con la modificación propuesta. Continúa la consideración en particular.,Label opens the paragraph containing the quoted words directly.,
106,2001-11-07_r69,2001-11-07_r69_ORDINARIA.pdf,39,Sr. Presidente (Losada),Sr. Presidente (Losada).,yes,yes,same-paragraph,none,high,Tiene la palabra el señor senador Molinari Romero.,Label opens the paragraph containing the quoted words directly.,
107,2001-11-14_r71,2001-11-14_r71_ORDINARIA.pdf,25,Sr. Martínez Almudevar,Sr. Martínez Almudevar.,yes,yes,same-paragraph,none,high,De acuerdo.,Short one-line turn; label opens the paragraph containing the quoted words.,
108,2001-11-14_r71,2001-11-14_r71_ORDINARIA.pdf,34,Sr. Presidente (Menem),Sr. Presidente (Menem).,yes,yes,same-paragraph,none,high,Queda cerrada la conferencia.,Label opens the paragraph containing the quoted words directly.,
109,2001-11-28_r73,2001-11-28_r73_ORDINARIA.pdf,44,Sr. Gioja,Sr. Gioja.,yes,yes,same-paragraph,none,low,Pido la palabra.,"Ambiguous — ""Pido la palabra."" is printed twice on this page as a complete turn, once under Sr. Gioja and once under Sr. Molinari Romero, with no other text to distinguish which one the brief intends. Reporting Sr. Gioja (the earlier of the two) but this choice has no principled basis.",
110,2001-11-28_r73,2001-11-28_r73_ORDINARIA.pdf,59,Sr. Presidente (Losada),Sr. Presidente (Losada).,yes,yes,same-paragraph,none,high,"Corresponde considerar el proyecto de comunicación de los señores senadores Maya, Arnold y otros",Label opens the paragraph containing the quoted words directly.,
111,2001-11-28_r73,2001-11-28_r73_ORDINARIA.pdf,61,Sr. Villaverde,Sr. Ulloa.,phrase-printed-twice,yes,same-paragraph,none,low,Pido la palabra.,"Ambiguous — ""Pido la palabra."" is printed twice on this page, once under Sr. Ulloa and once under Sr. Villaverde, with nothing else to distinguish them. Reporting Sr. Ulloa (the earlier of the two) but this choice has no principled basis.","parser right — page 61 prints 'Pido la palabra.' twice, once under Sr. Ulloa and once under Sr. Villaverde, and the parser records both turns, one under each. Cases 111 and 112 are those two turns; the reader reported the first occurrence for both."
112,2001-11-28_r73,2001-11-28_r73_ORDINARIA.pdf,61,Sr. Ulloa,Sr. Ulloa.,yes,yes,same-paragraph,none,low,Pido la palabra.,"Same page and same quoted words as case 111. Ambiguous — ""Pido la palabra."" appears twice, once under Sr. Ulloa and once under Sr. Villaverde, with nothing else to distinguish them. Reporting Sr. Ulloa (the earlier of the two) but this choice has no principled basis.",
113,2001-11-28_r73,2001-11-28_r73_ORDINARIA.pdf,62,Sr. Presidente (Losada),Sr. Presidente (Losada).,yes,yes,same-paragraph,none,high,Señor senador: hay que votar en particular. Estamos sin quórum. —,"Label opens the paragraph containing the quoted words; the quote is immediately followed by the stage direction ""— Se llama para formar quórum."" within the same turn.",
114,2001-11-28_r73,2001-11-28_r73_ORDINARIA.pdf,65,Sra. Sapag,Sra. Sapag.,yes,yes,same-paragraph,none,high,Señor presidente: existe un dictamen independiente del proyecto del señor senador Cafiero y del,Label opens the paragraph containing the quoted words directly.,
115,2002-04-11_r05,2002-04-11_r05_ESPECIAL.pdf,2,Sr. Presidente (Maqueda),Sr. Presidente (Maqueda).,yes,yes,same-paragraph,none,high,Invito al señor senador Busti a proceder al izamiento de la bandera nacional en,Label opens the paragraph containing the quoted words directly.,
116,2002-04-11_r05,2002-04-11_r05_ESPECIAL.pdf,2,Sr. Presidente (Maqueda),Sr. Presidente (Maqueda).,yes,yes,same-paragraph,none,high,Aprobado. Mientras el señor secretario invita al señor jefe de Gabinete de Ministros a,Label opens the paragraph containing the quoted words directly.,
117,2002-04-11_r05,2002-04-11_r05_ESPECIAL.pdf,16,Sr. Presidente (López Arias),Sr. Presidente (López Arias).—,yes,yes,same-paragraph,none,high,Muchas gracias. Me avisan que la señora senadora Colombo no se encuentra. Señor senador,"Label opens the paragraph containing the quoted words directly; note the page prints the dash attached to the label with no space (""(López Arias).— Muchas gracias..."").",
118,2002-04-11_r05,2002-04-11_r05_ESPECIAL.pdf,23,Sr. Presidente (López Arias),Sr. Presidente (López Arias).—,yes,yes,same-paragraph,none,high,"Señora senadora Isidori, ¿va a hacer uso de la palabra?",Label opens the paragraph containing the quoted words directly.,
119,2002-04-11_r05,2002-04-11_r05_ESPECIAL.pdf,25,Sr. Losada,Sr. Losada.,yes,yes,same-paragraph,none,high,"Señor presidente: si usted me autoriza, tengo una pregunta. Así redondeamos. Fue muy ponderable",Label opens the paragraph containing the quoted words directly.,
120,2002-04-11_r05,2002-04-11_r05_ESPECIAL.pdf,26,Sr. Presidente (López Arias),Sr. Presidente (López Arias).,yes,yes,same-paragraph,none,high,Señor senador: no vamos a dialogar. Señor jefe de Gabinete de Ministros: dé la,Label opens the paragraph containing the quoted words directly.,
121,2002-04-11_r05,2002-04-11_r05_ESPECIAL.pdf,26,Sr. Presidente (López Arias),Sr. Presidente (López Arias).,yes,yes,same-paragraph,none,high,Tiene la palabra el señor senador Martí.,Label opens the paragraph containing the quoted words directly.,
122,2002-04-11_r05,2002-04-11_r05_ESPECIAL.pdf,36,Sra. Raso,Sra. Raso.,yes,yes,same-paragraph,none,high,"Sí, señor presidente: voy a referirme a dos preguntas. Con respecto a la pregunta",Label opens the paragraph containing the quoted words directly.,
123,2002-04-11_r05,2002-04-11_r05_ESPECIAL.pdf,39,Sr. Jefe de Gabinete de Ministros,Sr. Jefe de Gabinete de Ministros.,yes,yes,same-paragraph,none,high,"Señor presidente: respecto del tema del gasoil, quiero ratificar lo que manifesté anteriormente. Aproximadamente,",Label opens the paragraph containing the quoted words directly.,
124,2002-04-11_r05,2002-04-11_r05_ESPECIAL.pdf,39,Sr. Presidente (López Arias),Sr. Presidente (López Arias).,yes,yes,same-paragraph,none,high,"Hecha la aclaración, tiene la palabra el señor jefe de Gabinete de Ministros.",Label opens the paragraph containing the quoted words directly.,
125,2002-04-11_r05,2002-04-11_r05_ESPECIAL.pdf,41,Sr. Mayans,Sr. Mayans.,yes,yes,same-paragraph,none,high,"Señor presidente: voy a ser breve. En primer lugar, quiero decir que el señor",Label opens the paragraph containing the quoted words directly.,
126,2002-04-11_r05,2002-04-11_r05_ESPECIAL.pdf,41,Sr. Presidente (López Arias),Sr. Presidente (López Arias).,yes,yes,same-paragraph,none,high,Tiene la palabra el señor jefe de Gabinete de Ministros.,"Single instance of this exact phrase on the page, immediately following the label.",
127,2002-04-11_r05,2002-04-11_r05_ESPECIAL.pdf,50,Sr. Jefe de Gabinete de Ministros,Sr. Jefe de Gabinete de Ministros.,yes,yes,same-paragraph,none,high,"Sí, señor presidente.","Appears as his reply to ""Sr. Presidente (Maqueda). — Señor jefe de Gabinete, ¿le concede la interrupción a la senadora?""",
128,2002-04-11_r05,2002-04-11_r05_ESPECIAL.pdf,50,Sra. Isidori,Sra. Isidori.,yes,yes,same-paragraph,none,high,"Señor presidente: creo que estamos viviendo un hecho inédito, según tengo entendido, en esta",none,
129,2002-04-11_r05,2002-04-11_r05_ESPECIAL.pdf,52,Sr. Jefe de Gabinete de Ministros,Sr. Jefe de Gabinete de Ministros.,yes,yes,same-paragraph,none,high,"Sí, señor presidente.",Reply to Sr. Presidente (Maqueda) asking whether he grants the interruption to senator Maestro.,
130,2002-04-11_r05,2002-04-11_r05_ESPECIAL.pdf,52,Sr. Presidente (Maqueda),Sr. Presidente (Maqueda).,yes,yes,same-paragraph,none,high,"Señor jefe de Gabinete de Ministros, le pide una interrupción el señor senador Maestro,",none,
131,2002-04-11_r05,2002-04-11_r05_ESPECIAL.pdf,54,Sr. Maestro,Sr. Maestro.,yes,yes,same-paragraph,none,high,Señor presidente: quiero hacer una pregunta puntual. Los patagónicos tenemos el anhelo de poder,none,
132,2002-04-11_r05,2002-04-11_r05_ESPECIAL.pdf,54,Sr. Presidente (Maqueda),Sr. Presidente (Maqueda).,yes,yes,same-paragraph,none,high,Solamente quedan por hacer uso de la palabra los dos presidentes de los bloques,none,
133,2002-04-11_r05,2002-04-11_r05_ESPECIAL.pdf,54,Sr. Presidente (Maqueda),Sr. Presidente (Maqueda).,yes,yes,same-paragraph,none,high,Gracias. Señora senadora Isidori...,"""Gracias."" and ""Señora senadora Isidori..."" are two lines of the same paragraph under this one label; the next line is a new turn by Sra. Isidori replying ""No, señor presidente.""",
134,2002-04-11_r05,2002-04-11_r05_ESPECIAL.pdf,55,Sr. Jefe de Gabinete de Ministros,Sr. Jefe de Gabinete de Ministros.,yes,yes,same-paragraph,none,high,"Señor presidente: voy a responder por escrito al interrogante, no obstante lo cual tenemos",none,
135,2003-03-26_r05,2003-03-26_r05_ORDINARIA.pdf,79,Sr. Presidente (López Arias),Sr. Presidente (López Arias).,yes,yes,same-paragraph,none,high,Señor senador Prades: la señora senadora Negre de Alonso le pide una interrupción. ¿Se,none,
136,2003-03-26_r05,2003-03-26_r05_ORDINARIA.pdf,173,Sr. Maestro,Sr. Maestro.,yes,yes,same-paragraph,none,high,No le voy a dar ninguna interrupción.,none,
137,2003-03-26_r05,2003-03-26_r05_ORDINARIA.pdf,186,Sr. Presidente (Gioja),Sr. Presidente (Gioja).,yes,yes,same-paragraph,(Aplausos y manifestaciones en las galerías.),high,La Presidencia va a aclarar el sentido de la votación. La votación por el,"The stage direction sits inside the same turn, between ""Está excusado señor senador Barrionuevo."" and the quoted sentence; it does not open a new label.",
138,2003-05-28_r09,2003-05-28_r09_ORDINARIA.pdf,9,Sr. Martí,Sr. Martí.,yes,yes,same-paragraph,none,high,Señor presidente: pido que se incluya en la comisión que presido —de Defensa Nacional—,"Preceded on the page by the bold-caps section title ""11 / Destino de un proyecto"", which sits above the label, not inside the paragraph.",
139,2003-05-28_r09,2003-05-28_r09_ORDINARIA.pdf,17,Sr. Pichetto,Sr. Pichetto.,yes,yes,same-paragraph,none,high,"Señor presidente: quiero hacer también un reconocimiento al contador Jorge Amarfil, un hombre joven",none,
140,2003-05-28_r09,2003-05-28_r09_ORDINARIA.pdf,20,Sr. Walter,Sr. Walter.,yes,yes,same-paragraph,none,high,"Por las mismas razones a las que ha hecho referencia la senadora Avelín, pido",none,
141,2003-08-20_r17,2003-08-20_r17_ORDINARIA.pdf,22,Sr. Presidente (Gioja),Sr. Presidente (Gioja).,yes,yes,same-paragraph,none,high,"Corresponde considerar el dictamen de la Comisión de Infraestructura, Vivienda y Transporte en el","Quoted words open the paragraph, right after the bold-caps section heading ""55 / Orden del Día N˚ 517 / Régimen de gestión para protección de los humedales"" printed above it.",
142,2003-09-03_r20,2003-09-03_r20_TRIBUNAL_DE_JUICIO_POLITICO.pdf,10,Sr. Presidente,Sr. Presidente.,yes,yes,same-paragraph,none,high,Señora senadora: el señor senador Baglini le solicita una interrupción...,"This page carries no running head (date/page line) at all, unlike the other pages read; the label itself is printed plainly as ""Sr. Presidente."" with no parenthetical name.",
143,2003-09-03_r20,2003-09-03_r20_TRIBUNAL_DE_JUICIO_POLITICO.pdf,57,Sr. Baglini,Sr. Baglini.,yes,yes,same-paragraph,none,high,Es para fundar por qué no voy a estar presente...,none,
144,2003-10-01_r23,2003-10-01_r23_ORDINARIA.pdf,22,Sr. Presidente,Sr. Presidente.,yes,yes,same-paragraph,none,high,En consideración en general. Tiene la palabra la señora senadora Ibarra.,"The immediately preceding paragraph on the same page opens the same item under ""Sr. Presidente (Maqueda).""; this next paragraph drops the parenthetical and is printed simply as ""Sr. Presidente."" — transcribed as printed.",
145,2003-10-08_r25,2003-10-08_r25_TRIBUNAL_DE_JUICIO_POLITICO.pdf,98,Sr. Pichetto,Sr. Pichetto.,yes,yes,same-paragraph,— El artículo 8° es de forma.,medium,"Se cambian las reglas. No hay que fundamentar, hay que votar. — El artículo","The quoted span runs from Sr. Pichetto's spoken words into the next printed line, an italicized procedural note (""— El artículo 8° es de forma."") that is furniture, not speech, and carries no speaker label of its own.",
146,2003-10-15_r26,2003-10-15_r26_ORDINARIA.pdf,5,Sr. Presidente,Sr. Presidente.,yes,yes,same-paragraph,none,high,Tiene la palabra el señor senador Maestro.,none,
147,2003-11-04_r29,2003-11-04_r29_TRIBUNAL_DE_JUICIO_POLITICO.pdf,47,Sr. Schorr,Sr. Schorr.,yes,yes,same-paragraph,none,high,No recuerdo que el texto diga exactamente eso. Si lo dice ahí...,none,
148,2003-11-04_r29,2003-11-04_r29_TRIBUNAL_DE_JUICIO_POLITICO.pdf,56,Sr. Diputado Falú,Sr. Diputado Falú.,yes,yes,same-paragraph,none,high,"Por la resolución 18 me refiero, doctor.",none,
149,2003-11-04_r29,2003-11-04_r29_TRIBUNAL_DE_JUICIO_POLITICO.pdf,82,Sr. Schorr,Sr. Schorr.,yes,yes,same-paragraph,none,high,Pero con ecuanimidad y respetando las formas. La Procuración...,none,
150,2003-11-04_r29,2003-11-04_r29_TRIBUNAL_DE_JUICIO_POLITICO.pdf,88,Sra. Ibarra,Sra. Ibarra.,yes,yes,same-paragraph,none,high,"Teniendo en cuenta que había organismos del Estado que dictaminaron la improcedencia del reclamo,",none,
151,2003-11-04_r29,2003-11-04_r29_TRIBUNAL_DE_JUICIO_POLITICO.pdf,88,Sra. Ibarra,Sra. Ibarra.,yes,yes,same-paragraph,none,high,¿Que era asesor letrado o especializado?,Straightforward Q&A exchange with Sr. Schorr; label directly opens the quoted question.,
152,2003-11-19_r33,2003-11-19_r33_ORDINARIA.pdf,75,Sr. Presidente,Sr. Presidente.—,yes,yes,same-paragraph,none,high,Queda aprobada la comunicación. Se procederá en consecuencia.,"Item 182 (""Pedido de reglamentación de la ley 25.146""); label uses closed em dash ""Presidente.—"" with no space, as printed.",
153,2003-11-26_r35,2003-11-26_r35_ORDINARIA.pdf,41,Sr. Presidente,Sr. Presidente.-,yes,yes,same-paragraph,"(Aplausos en las bancas y en las galerías.) appears in the preceding sentence of the same oath exchange; immediately after the quoted words: ""— Varios señores senadores rodean y felicitan a la señora senadora Leguizamón. — Luego de unos instantes:""",high,"Si así no lo hiciereis, Dios y la Patria os lo demanden.","Printed as ""Sr. Presidente.-"" with a hyphen, not the usual em dash ""—"" seen elsewhere on the page; transcribed exactly as it appears.",
154,2003-12-03_r39,2003-12-03_r39_TRIBUNAL_DE_JUICIO_POLITICO.pdf,8,Sr. Presidente,Sr. Presidente. —,yes,yes,same-paragraph,none,high,Continúa la sesión del H. Senado constituido en Tribunal de Juicio Político. Por Secretaría,"Opens section ""6 Fallo de la causa""; preceded on the page by ""[Volver al sumario]"" furniture, which is outside this paragraph.",
155,2004-02-24_r43,2004-02-24_r43_EXTRAORDINARIA.pdf,65,Sr. Presidente,Sr. Presidente. —,yes,yes,same-paragraph,none,high,El senador Miranda va a contestar con relación a la propuesta.,None.,
156,2004-02-24_r43,2004-02-24_r43_EXTRAORDINARIA.pdf,72,Sr. Presidente,Sr. Presidente. —,yes,yes,same-paragraph,none,high,Se extiende el período de votación para que voten los senadores que no han,"Quoted sentence is cut off at the bottom of the page (continues onto the next page, not supplied).",
157,2004-04-07_r05,2004-04-07_r05_ORDINARIA.pdf,3,Sr. Presidente,Sr. Presidente. —,yes,yes,same-paragraph,none,high,Queda aprobado.,"Under section ""2 Plan de labor""; immediately preceded (outside the paragraph) by italic ""— La votación resulta afirmativa.""",
158,2004-04-14_r06,2004-04-14_r06_ORDINARIA.pdf,28,Sr. Presidente (Guinle),Sr. Presidente (Guinle). —,yes,yes,same-paragraph,none,high,Corresponde la consideración de los órdenes del día con proyectos de ley que por,"Opens item ""76, Orden del Día N° 61"".",
159,2004-04-14_r06,2004-04-14_r06_ORDINARIA.pdf,28,Sr. Presidente (Guinle),Sr. Presidente (Guinle). —,yes,yes,same-paragraph,none,high,Queda definitivamente sancionado el proyecto de ley. Se harán las comunicaciones correspondientes.,"Same page as case 158, within item ""76""; note interjection ""Sr. Daniele. — Señor presidente: no se marca mi voto..."" occurs just before this label but is a separate full turn, not furniture.",
160,2004-04-14_r06,2004-04-14_r06_ORDINARIA.pdf,34,Sr. Presidente (Guinle),Sr. Presidente (Guinle). —,yes,yes,same-paragraph,none,high,Queda aprobada la comunicación. Se procederá en consecuencia.,"Closes item ""81"" (proyecto de comunicación), immediately before bold section ""82"".",
161,2004-05-05_r09,2004-05-05_r09_ORDINARIA.pdf,27,Sr. Losada,Sr. Losada. —,yes,yes,same-paragraph,none,high,Pido la palabra.,"Only one instance of ""Pido la palabra."" on the page, under section ""55 Tratamientos sobre tablas acordados"".",
162,2004-06-02_r12,2004-06-02_r12_ORDINARIA.pdf,76,Sr. Presidente,Sr. Presidente . —,yes,yes,same-paragraph,"further down the same turn, before the next label: ""— El texto es el siguiente:"" and the heading ""Orden del Día Nº 286""",medium,"Corresponde la consideración en conjunto de los órdenes del día con proyectos de comunicación,","This page consistently prints the label with a space before the period (""Sr. Presidente . —""), unlike the closed ""Sr. Presidente.—"" seen on other pages; transcribed exactly as it visually appears, but flagging the unusual spacing.",
163,2004-06-23_r14,2004-06-23_r14_ORDINARIA.pdf,25,Sr. Morales,Sr. Morales. —,yes,yes,same-paragraph,none,high,... a convertirse en verdaderos oráculos del sistema de convivencia que los ha llevado,"Quoted text is the resumption (""..."") of a sentence Morales began earlier, after a brief exchange (Sr. Fernández asking to interrupt, Sr. Presidente, Sr. Morales declining, Sr. Presidente ""Continúe.""); the governing label is Morales's own resumed turn, not the intervening exchange.",
164,2004-07-07_r16,2004-07-07_r16_ORDINARIA.pdf,92,Sr. Presidente (Guinle),Sr. Presidente (Guinle). —,yes,yes,same-paragraph,none,medium,Queda aprobada la comunicación. Se procederá en consecuencia.,"ambiguous - the identical sentence ""Queda aprobada la comunicación. Se procederá en consecuencia."" is printed twice on this page (closing item 32, Orden del Día N° 510, and again closing item 33, Orden del Día N° 513), each time under the same label ""Sr. Presidente (Guinle).""; picked the first (item 32) occurrence.",
165,2004-07-07_r16,2004-07-07_r16_ORDINARIA.pdf,92,Sr. Presidente (Guinle),Sr. Presidente (Guinle). —,yes,yes,same-paragraph,none,medium,Queda aprobada la comunicación. Se procederá en consecuencia.,"ambiguous - same duplicate sentence as case 164; this time reporting the second occurrence (closing item 33, Orden del Día N° 513), also under ""Sr. Presidente (Guinle).""; the case gives the identical image and phrase as case 164, so both occurrences remain candidates.",
166,2004-07-07_r16,2004-07-07_r16_ORDINARIA.pdf,154,Sr. Losada,Sr. Losada. —,yes,yes,same-paragraph,none,high,"Señor presidente: obviamente, los cuestionamientos, las razones y las argumentaciones que en el análisis",None.,
167,2004-07-07_r16,2004-07-07_r16_ORDINARIA.pdf,170,Sr. Presidente (Guinle),Sr. Presidente (Guinle). —,yes,yes,same-paragraph,"immediately after the quoted words, still within the same turn: ""— Se practica la votación por medios electrónicos.""",high,"En consideración el Capítulo VIII, artículo 36. Si no se hace uso de la",None.,
168,2004-08-25_r21,2004-08-25_r21_ORDINARIA.pdf,9,Sra. Giustiniani,Sra. Giustiniani. —,yes,yes,same-paragraph,none,high,"Creo que hay que fundamentar la votación muy brevemente. En primer lugar, se ha",None.,
169,2004-10-06_r27,2004-10-06_r27_ORDINARIA.pdf,42,Sra. Ibarra,Sra. Ibarra. —,yes,yes,same-paragraph,none,high,Que se registre mi oposición a esta forma de votar.,None.,
170,2004-10-27_r31,2004-10-27_r31_ORDINARIA.pdf,25,Sr. Secretario (Estrada),Sr. Secretario (Estrada). —,yes,yes,same-paragraph,"immediately after the quoted words, still within the same turn: ""— El resultado de la votación surge del Acta N° 5""",high,Se registran 46 votos por la afirmativa. Unanimidad. —,"This is under item 33 (""Monumento natural nacional y especie protegida al cóndor andino""); a similarly worded vote count (""Se registran 47 votos..."") appears earlier on the page under a different item, but the exact wording quoted (""46 votos... Unanimidad."") matches only this instance.",
171,2004-11-10_r32,2004-11-10_r32_ORDINARIA.pdf,111,Sr. Presidente,Sr. Presidente. —,yes,yes,same-paragraph,"immediately after the quoted words, still within the same turn: ""— La votación resulta afirmativa.""",high,En consideración la preferencia.,"Under section ""141 Mociones de Preferencia"", following Sr. Losada's request for a preference for expediente S-3347.",
172,2004-12-01_r35,2004-12-01_r35_ORDINARIA.pdf,96,Sr. Secretario (Estrada),Sr. Secretario (Estrada).,yes,yes,same-paragraph,"the quoted characters ""E 13"" are themselves part of the furniture line ""— El resultado de la votación surge del Acta N[o] 13"" (printed with a garbled/misrendered ""N°"" as ""NE""), not spoken text",low,E 13,"This is a fault worth flagging: the quoted snippet ""E 13"" is not speech at all, it is a fragment of the italicized editorial note citing the vote-result Acta number, printed between Sr. Secretario (Estrada)'s vote announcement (""Se registraron 40 votos por la afirmativa..."") and the next bold label ""Sr. Presidente (Guinle) .— Queda sancionado el proyecto de ley."" Since that note is not preceded by its own bold label, it falls within the still-open Secretario turn, but it is furniture, not a quotable utterance by any speaker.","READER RIGHT — the sampled 'turn' is not speech. It is the tail of the note 'El resultado de la votación surge del Acta N° 13', cut off because the degree sign comes from another font. Parser 0.4.12 gives such a scrap back to its note; 102 blocks corpus-wide were tested and 48 were scraps of this kind. The only defect this round found."
173,2004-12-16_r36,2004-12-16_r36_ORDINARIA.pdf,99,Sr. Presidente (Guinle),Sr. Presidente (Guinle),yes,yes,same-paragraph,none,medium,"Este es uno de los cinco proyectos, y sólo se plantearon abstenciones. Pasamos a","On this page the label is printed without the period seen elsewhere (""Sr. Presidente (Guinle) —"" rather than ""Sr. Presidente (Guinle). —""); transcribed exactly as printed here, under item ""173 Modificación de ley 22.415"".",
174,2004-12-16_r37,2004-12-16_r37_ORDINARIA.pdf,43,Sr. Bussi,Sr. Bussi. —,yes,yes,same-paragraph,none,high,"Señor presidente: el artículo 37 se refiere a la protección al turista, omitiendo la",None.,
175,2005-03-16_r05,2005-03-16_r05_ORDINARIA.pdf,108,Sr. Presidente,Sr. Presidente. —,yes,yes,same-paragraph,"immediately after the quoted words, still within the same turn: ""[Incorporar C.D. 2/05]""",high,Por Secretaría se dará lectura.,"Under section ""198 Plan de abastecimiento de gasoil"".",
176,2005-04-06_r06,2005-04-06_r06_ESPECIAL.pdf,7,Sr. Presidente (Guinle),Sr. Presidente (Guinle).,yes,yes,same-paragraph,none,high,Tiene la palabra la señora senadora Lescano.,Single instance on page; label directly opens the sentence quoted.,
177,2005-04-06_r07,2005-04-06_r07_ORDINARIA.pdf,21,Sr. Presidente (Guinle),Sr. Presidente (Guinle).,yes,yes,same-paragraph,none,high,"Corresponde considerar el proyecto de resolución, con modificaciones, de la señora senadora Sánchez y",Single instance on page; label directly opens the sentence quoted.,
178,2005-05-04_r11,2005-05-04_r11_ORDINARIA.pdf,23,Sr. Presidente (Guinle),Sr. Presidente (Guinle).,yes,yes,same-paragraph,none,high,"Para una interrupción, tiene la palabra el señor senador Pichetto.",Single instance on page; label directly opens the sentence quoted.,
179,2005-05-18_r14,2005-05-18_r14_ORDINARIA.pdf,36,Sra. Isidori,Sra. Isidori.,yes,yes,same-paragraph,none,high,"Estamos de acuerdo, señor presidente.",Single instance on page; label directly opens the sentence quoted.,
180,2005-06-01_r15,2005-06-01_r15_ORDINARIA.pdf,5,Sr. Pichetto,Sr. Pichetto.,yes,yes,same-paragraph,none,high,Pido la palabra.,First line of the page; single instance of the quoted words.,
181,2005-06-01_r15,2005-06-01_r15_ORDINARIA.pdf,20,Sr. Presidente,Sr. Presidente.,yes,yes,same-paragraph,none,high,Queda aprobada la declaración. Se procederá en consecuencia.,"The exact quoted sentence is printed three times on this page (closing three consecutive declaration items), each time under the identical label ""Sr. Presidente."" Taken as the first (topmost) occurrence.",
182,2005-06-01_r15,2005-06-01_r15_ORDINARIA.pdf,20,Sr. Presidente,Sr. Presidente.,yes,yes,same-paragraph,none,high,Queda aprobada la declaración. Se procederá en consecuencia.,"Same quoted sentence appears three times on this page under the identical label ""Sr. Presidente."" each time. Taken as the second (middle, item 21) occurrence.",
183,2005-06-01_r15,2005-06-01_r15_ORDINARIA.pdf,20,Sr. Presidente,Sr. Presidente.,yes,yes,same-paragraph,none,high,Queda aprobada la declaración. Se procederá en consecuencia.,"Same quoted sentence appears three times on this page under the identical label ""Sr. Presidente."" each time. Taken as the third (item 22) occurrence.",
184,2005-08-17_r24,2005-08-17_r24_ORDINARIA.pdf,21,Sr. Menem,Sr. Menem.,yes,yes,same-paragraph,none,high,Avalo lo que dicen los colegas. Quiero recordar lo que establece el Reglamento en,Single instance on page; quoted text continues into a nested quotation of Reglamento text within the same paragraph.,
185,2005-09-07_r27,2005-09-07_r27_ORDINARIA.pdf,96,Sr. Presidente,Sr. Presidente.,yes,yes,same-paragraph,none,high,Queda aprobada la declaración. Se procederá en consecuencia.,"Same quoted sentence is printed twice on this page (closing item before 87, and closing item 87), both under ""Sr. Presidente."" Taken as the first (higher) occurrence, printed as ""Sr. Presidente."" with no space before the period.",
186,2005-09-07_r27,2005-09-07_r27_ORDINARIA.pdf,96,Sr. Presidente,Sr. Presidente .,yes,yes,same-paragraph,none,high,Queda aprobada la declaración. Se procederá en consecuencia.,"Same quoted sentence is printed twice on this page; taken as the second occurrence (closing item 87, ""Pesar por víctimas del huracán Katrina""). This instance is printed with a space before the period: ""Sr. Presidente .""",
187,2005-09-21_r29,2005-09-21_r29_ORDINARIA.pdf,49,Sr. Presidente,Sr. Presidente.,yes,yes,same-paragraph,none,high,Queda aprobada la declaración. Se procederá en consecuencia.,"Same quoted sentence appears three times on this page (closing items 55, 56, 57), each under identical label ""Sr. Presidente."" Taken as the first (item 55) occurrence.",
188,2005-09-21_r29,2005-09-21_r29_ORDINARIA.pdf,49,Sr. Presidente,Sr. Presidente.,yes,yes,same-paragraph,none,high,Queda aprobada la declaración. Se procederá en consecuencia.,"Same quoted sentence appears three times on this page; taken as the second (item 56) occurrence, identical label.",
189,2005-09-21_r29,2005-09-21_r29_ORDINARIA.pdf,49,Sr. Presidente,Sr. Presidente.,yes,yes,same-paragraph,none,high,Queda aprobada la declaración. Se procederá en consecuencia.,"Same quoted sentence appears three times on this page; taken as the third (item 57) occurrence, identical label.",
190,2005-09-21_r29,2005-09-21_r29_ORDINARIA.pdf,84,Sr. Giustiniani,Sr. Giustiniani.,yes,yes,same-paragraph,none,high,Señor presidente: considero que estamos a tiempo todavía de hacer un esfuerzo para poder,Single instance on page; label directly opens the paragraph quoted.,
191,2005-11-02_r34,2005-11-02_r34_ORDINARIA.pdf,62,Sr. Presidente,Sr. Presidente .,yes,yes,same-paragraph,none,high,"Si no se hace uso de la palabra, se va a votar el pase","Quoted phrase is printed twice on this page (top of page, and again within item 171 after the Secretario's remark), both under the same label printed as ""Sr. Presidente ."" (space before period). Taken as the first (topmost) occurrence.",
192,2005-11-02_r34,2005-11-02_r34_ORDINARIA.pdf,62,Sr. Presidente,Sr. Presidente .,yes,yes,same-paragraph,none,high,"Si no se hace uso de la palabra, se va a votar el pase","Quoted phrase is printed twice on this page; taken as the second occurrence, inside item 171, following the Secretario's remark about the item being time-barred.",
193,2005-12-21_r42,2005-12-21_r42_EXTRAORDINARIA.pdf,16,Sr. Pichetto,Sr. Pichetto.,yes,yes,same-paragraph,none,high,Holgadamente. Por abrumadora mayoría; para que quede claro.,Single instance on page; label directly opens the sentence quoted.,
194,2005-12-21_r42,2005-12-21_r42_EXTRAORDINARIA.pdf,177,Sra. Negre de Alonso,Sra. Negre de Alonso.,yes,yes,same-paragraph,none,high,"Señor presidente: dejo constancia de que si no se admite ninguna otra modificación, nosotros",Single instance on page; label directly opens the paragraph quoted.,
195,2006-02-22_r45,2006-02-22_r45_EXTRAORDINARIA.pdf,63,Sr. Presidente,Sr. Presidente.,yes,yes,same-paragraph,none,high,Tiene la palabra el señor senador Terragno.,Single instance on page; label directly opens the sentence quoted.,
196,2006-03-15_r03,2006-03-15_r03_ORDINARIA.pdf,64,Sr. Presidente,Sr. Presidente .,yes,yes,same-paragraph,none,high,Queda sancionado el proyecto de ley. Se comunicará a la Honorable Cámara de Diputados.,"Single instance on page; printed with a space before the period: ""Sr. Presidente .""",
197,2006-04-05_r05,2006-04-05_r05_ORDINARIA.pdf,17,Sr. Presidente,Sr. Presidente .,yes,yes,same-paragraph,none,high,Queda aprobada la comunicación. Se procederá en consecuencia.,"Same quoted sentence appears three times on this page (closing the unnumbered item at top, and items 32 and 33), each under the identical label ""Sr. Presidente ."" (space before period on this page throughout). Taken as the first (topmost) occurrence.",
198,2006-04-05_r05,2006-04-05_r05_ORDINARIA.pdf,17,Sr. Presidente,Sr. Presidente .,yes,yes,same-paragraph,none,high,Queda aprobada la comunicación. Se procederá en consecuencia.,"Same quoted sentence appears three times on this page; taken as the second (item 32, subsidio instituto Neuquén) occurrence, identical label.",
199,2006-04-05_r05,2006-04-05_r05_ORDINARIA.pdf,17,Sr. Presidente,Sr. Presidente .,yes,yes,same-paragraph,none,high,Queda aprobada la comunicación. Se procederá en consecuencia.,"Same quoted sentence appears three times on this page; taken as the third (item 33, subsidio centro de investigaciones Neuquén) occurrence, identical label.",
200,2006-04-05_r05,2006-04-05_r05_ORDINARIA.pdf,54,Sr. Pichetto,Sr. Pichetto.,yes,yes,same-paragraph,none,high,Señor presidente: estamos totalmente de acuerdo. He conversado con el senador Terragno. Sé que,Single instance on page; label directly opens the paragraph quoted.,
201,2006-04-26_r07,2006-04-26_r07_ORDINARIA.pdf,71,Sr. Presidente,Sr. Presidente.,yes,yes,same-paragraph,none,high,Queda definitivamente sancionado el proyecto de ley. Se harán las comunicaciones correspondientes.,"Quote is the closing sentence of a ""Sr. Presidente."" turn on p. 71.",
202,2006-06-07_r11,2006-06-07_r11_ORDINARIA.pdf,5,Sr. Pichetto,Sr. Pichetto.,yes,yes,same-paragraph,none,high,"Señor presidente: he omitido mencionar dos cuestiones importantes. En primer lugar, la relativa al","Second ""Sr. Pichetto."" turn on the page opens with these exact words.",
203,2006-06-28_r13,2006-06-28_r13_ORDINARIA.pdf,24,Sr. Presidente,Sr. Presidente.,yes,yes,same-paragraph,none,high,Senadora Quintela: exprese a viva voz su voto.,"First line on the page, under ""Sr. Presidente.""",
204,2006-07-06_r15,2006-07-06_r15_ORDINARIA.pdf,100,Sr. Presidente,Sr. Presidente.,yes,yes,same-paragraph,none,high,"Queda aprobado. En consideración el Título III, Capítulo II, artículos 11 a 13. Si","""Queda aprobado."" / ""En consideración el Título III..."" / ""Si no se hace uso..."" are consecutive unlabeled lines continuing the same ""Sr. Presidente."" turn.",
205,2006-07-12_r16,2006-07-12_r16_ORDINARIA.pdf,99,Sra. Fernández de Kirchner,Sra. Fernández de Kirchner.,yes,yes,same-paragraph,none,high,"... que el Congreso no puede conceder al Ejecutivo nacional, a las Legislaturas provinciales","Turn begins mid-sentence with ""..."" right after the stage direction ""Se retiran del recinto los señores senadores del bloque radical.""; that direction precedes but is not inside this paragraph.",
206,2006-08-09_r18,2006-08-09_r18_ORDINARIA.pdf,38,Sr. Sanz,Sr. Sanz.,yes,yes,same-paragraph,none,high,"Señor presidente: comparto el criterio del presidente de la bancada mayoritaria, pero ante cualquier",None.,
207,2006-08-16_r19,2006-08-16_r19_ORDINARIA.pdf,8,Sr. Presidente,Sr. Presidente (López Arias).,yes,yes,same-paragraph,none,high,"Senador Sanz: el senador Pichetto solicita, por favor, que mencione los títulos.",None.,
208,2006-08-16_r19,2006-08-16_r19_ORDINARIA.pdf,39,Sr. Presidente,Sr. Presidente.,yes,yes,same-paragraph,(Aplausos y manifestaciones en las galerías),high,Queda aprobado en general.,Stage direction follows the quoted words within the same paragraph.,
209,2006-09-13_r22,2006-09-13_r22_ORDINARIA.pdf,10,Sr. Salvatori,Sr. Salvatori.,yes,yes,same-paragraph,(Risas.),high,"No quiero que esto se interprete como una capitis diminutio respecto de los contadores,","Paragraph opens ""Sr. Salvatori. — En la de Diputados. (Risas.)"" then continues directly into the quoted words.",
210,2006-09-13_r22,2006-09-13_r22_ORDINARIA.pdf,24,Sr. Presidente,Sr. Presidente.,yes,yes,same-paragraph,none,high,Queda sancionado el proyecto de ley. Se comunicará a la Honorable Cámara de Diputados.,None.,
211,2006-09-27_r23,2006-09-27_r23_ORDINARIA.pdf,43,Sr. Sanz,Sr. Sanz.,yes,yes,same-paragraph,none,high,Señor presidente: creo que todos hemos sido conscientes de que las manifestaciones del señor,None.,
212,2006-11-01_r26,2006-11-01_r26_ORDINARIA.pdf,68,Sr. Rossi,Sr. Rossi.,yes,yes,same-paragraph,none,high,"Señor presidente: trataré de ser breve. De cualquier modo, solicito que se llame para",None.,
213,2006-12-13_r31,2006-12-13_r31_ORDINARIA.pdf,32,Sr. Presidente (Pampuro),Sr. Presidente (Pampuro).,yes,yes,same-paragraph,none,high,"Le aclaro, señor senador, que desde que está preparada su preparación en el plasma",None.,
214,2006-12-20_r32,2006-12-20_r32_ORDINARIA.pdf,45,Sr. Presidente (Pampuro),Sr. Presidente (Pampuro).,yes,yes,same-paragraph,none,high,"Corresponde considerar el dictamen de las comisiones de Presupuesto, de Agricultura, Ganadería y Pesca","Paragraph immediately follows the bold section title ""32. Declaración de zona de desastre diversos departamentos de Mendoza"", which sits outside this paragraph.",
215,2007-03-01_r00,2007-03-01_r00_ASAMBLEA.pdf,7,Sr. Presidente de la Nación,Sr. Presidente de la Nación.,yes,yes,previous-page,none,high,El crecimiento económico se produce en el marco de una solidez en las cuentas,"Label printed on p. 5 opens the presidential address; no new bold label appears on pp. 5-7, only ""(Aplausos.)"" stage directions, so it carries forward to the quote on p. 7.",
216,2007-03-01_r00,2007-03-01_r00_ASAMBLEA.pdf,26,Sr. Presidente de la Nación,Sr. Presidente de la Nación.,yes,yes,previous-page,none,high,"Este documento, que se inspira en nuestra inmensa tragedia, es el primer instrumento jurídico","Checked pages 5, 6, 7, 15, 20, 25 and 26 of the run; no new bold speaker label appears anywhere in the 22-page span, only ""(Aplausos.)"" and ""(Manifestaciones en las galerías.)"" stage directions, so the p.5 label still governs the quote on p.26.",
217,2007-04-25_r05,2007-04-25_r05_ORDINARIA.pdf,29,Sr. Presidente (López Arias),Sr. Presidente (López Arias).,yes,yes,same-paragraph,none,high,Continúa en el uso de la palabra el señor senador Guinle.,None.,
218,2007-05-02_r06,2007-05-02_r06_ORDINARIA.pdf,9,Sr. Martínez,Sr. Martínez.,yes,yes,same-paragraph,none,high,El ministro del Interior...,"The turn is cut off mid-sentence by the next speaker's label (""Sr. Presidente. — Adelante, senador.""), but the quoted words themselves sit directly under ""Sr. Martínez.""",
219,2007-06-27_r09,2007-06-27_r09_ORDINARIA.pdf,23,Sr. Secretario (Estrada),Sr. Secretario (Estrada).,yes,yes,same-paragraph,none,high,Se aclara que se aprueba por unanimidad.,None.,
220,2007-08-08_r11,2007-08-08_r11_ORDINARIA.pdf,18,Sra. Giri,Sra. Giri.,yes,yes,same-paragraph,none,medium,Afirmativo.,"Ambiguous: ""Sra. Giri. — Afirmativo."" is printed twice on this page, once under item 5 (Protección del espacio aéreo) and once under item 6 (fibras de asbesto), both identically worded and both under the same label. Reporting the first (higher) occurrence.",
221,2007-08-08_r11,2007-08-08_r11_ORDINARIA.pdf,18,Sra. Giri,Sra. Giri.,yes,yes,same-paragraph,none,medium,Afirmativo.,"Ambiguous: same as case 220 — ""Sra. Giri. — Afirmativo."" is printed twice on this page under identical circumstances. Reporting the second (lower) occurrence.",
222,2007-08-08_r11,2007-08-08_r11_ORDINARIA.pdf,23,Sr. Presidente (Pampuro),Sr. Presidente (Pampuro).,yes,yes,same-paragraph,none,high,No sé si por la autoridad que invisten los dos funcionarios podrían venir al,None.,
223,2007-08-08_r11,2007-08-08_r11_ORDINARIA.pdf,46,Sr. Presidente (Pampuro),Sr. Presidente (Pampuro).,yes,yes,same-paragraph,none,high,Corresponde considerar el dictamen de la Comisión de Economía Nacional e Inversión en el,None.,
224,2007-08-22_r12,2007-08-22_r12_ORDINARIA.pdf,40,Sr. Presidente,Sr. Presidente.,yes,yes,same-paragraph,none,high,Tiene la palabra el señor senador Rossi.,None.,
225,2007-11-21_r15,2007-11-21_r15_ORDINARIA.pdf,15,Sr. Presidente (Pampuro),Sr. Presidente (Pampuro).,yes,yes,same-paragraph,none,high,"Si hay asentimiento, así se hará.","The italicized stage direction ""— Asentimiento."" follows on its own line right after, but is a separate paragraph, not inside this one.",
226,2007-11-21_r15,2007-11-21_r15_ORDINARIA.pdf,15,Sra. Escudero,Sra. Escudero.,yes,yes,same-paragraph,none,medium,"Empezamos leyendo, artículo por artículo. Respecto del artículo 1E, me han hecho llegar algunas","Only ""Empezamos leyendo, artículo por artículo."" is visible on this page (last line); the rest of the quoted phrase (""Respecto del artículo 1E..."") continues past the page break onto a page not supplied. The visible part is the start of the paragraph opened by this label.",
227,2007-11-28_r18,2007-11-28_r18_ORDINARIA.pdf,31,Sr. Presidente (Pampuro),Sr. Presidente (Pampuro).,yes,yes,same-paragraph,none,high,Queda sancionado el proyecto de ley. Se comunicará a la Cámara de Diputados.,none,
228,2007-12-05_r19,2007-12-05_r19_ORDINARIA.pdf,47,Sr. Presidente,Sr. Presidente.,yes,yes,same-paragraph,none,high,Tiene la palabra el señor senador Gómez Diez.,No parenthetical name printed on this instance of the label.,
229,2007-12-12_r20,2007-12-12_r20_ORDINARIA.pdf,9,Sr. Presidente,Sr. Presidente.,yes,yes,same-paragraph,none,high,"Si así no lo hiciéreis, Dios y la Patria os lo demanden.","Paragraph ends with ""(Aplausos.)"" immediately after the quoted words, but that is a stage direction, not page furniture.",
230,2007-12-12_r20,2007-12-12_r20_ORDINARIA.pdf,20,Sr. Presidente,Sr. Presidente.,yes,yes,same-paragraph,none,high,Senadora Perceval: ¿quería hablar?,none,
231,2007-12-19_r21,2007-12-19_r21_ORDINARIA.pdf,35,Sr. Presidente,Sr. Presidente.,yes,yes,same-paragraph,none,high,"Para una aclaración, tiene la palabra el señor Fuentes.",none,
232,2007-12-19_r21,2007-12-19_r21_ORDINARIA.pdf,95,Sr. Secretario (Estrada),Sr. Secretario (Estrada).,yes,yes,same-paragraph,none,high,"Asimismo, se encuentran reservados en mesa un proyecto de declaración del senador Cabanchik y",none,
233,2007-12-26_r22,2007-12-26_r22_ORDINARIA.pdf,13,Sr. Guinle,Sr. Guinle.,yes,yes,same-paragraph,none,high,Señor presidente: quiero hacer una mención a algo que no debo dejar pasar por,none,
234,2007-12-26_r22,2007-12-26_r22_ORDINARIA.pdf,16,Sr. Massoni,Sr. Massoni.,yes,yes,same-paragraph,none,high,"Sí, señor presidente; guarda relación.",none,
235,2008-03-26_r03,2008-03-26_r03_ORDINARIA.pdf,27,Sr. Presidente,Sr. Presidente.,yes,yes,same-paragraph,none,high,"Perdón, señor senador Rodríguez Saá. El señor senador Basualdo le está solicitando una interrupción.",none,
236,2008-04-30_r06,2008-04-30_r06_INFORMATIVA_ESPECIAL.pdf,47,Sr. Jefe de Gabinete,Sr. Jefe de Gabinete.,yes,yes,same-paragraph,none,high,Le quiero decir al señor senador Rodríguez Saá que yo no otorgo audiencias. El,"This exact speaker appears on the page under two label forms: ""Sr. Jefe de Gabinete de Ministros."" earlier, and the shorter ""Sr. Jefe de Gabinete."" for the paragraph that actually contains the quoted words.",
237,2008-05-14_r07,2008-05-14_r07_ORDINARIA.pdf,35,Sr. Sanz,Sr. Sanz.,yes,yes,same-paragraph,none,high,Son dos votaciones.,none,
238,2008-05-21_r08,2008-05-21_r08_ORDINARIA.pdf,31,Sr. Secretario (Estrada),Sr. Secretario (Estrada).,yes,yes,same-paragraph,none,high,Resultan 38 votos por la afirmativa y 17 por la negativa. —,none,
239,2008-05-21_r08,2008-05-21_r08_ORDINARIA.pdf,34,Sr. Presidente,Sr. Presidente.,yes,yes,same-paragraph,none,high,Señora senadora: el senador Marín le pide una interrupción.,none,
240,2008-05-21_r08,2008-05-21_r08_ORDINARIA.pdf,42,Sr. Marín,Sr. Marín.,yes,yes,same-paragraph,none,high,"Señor presidente: tanto el expediente CD 21/08 como el CD 22/08, tienen una relación",none,
241,2008-07-16_r11,2008-07-16_r11_ORDINARIA.pdf,4,Sr. Presidente,Sr. Presidente.,yes,yes,same-paragraph,none,high,Tiene la palabra la señora senadora Negre de Alonso.,none,
242,2008-08-06_r12,2008-08-06_r12_ORDINARIA.pdf,36,Sra. Escudero,Sra. Escudero.,yes,yes,same-paragraph,none,high,"Este es un proyecto de resolución sólo del Senado. Seguramente, después habrá otro proyecto",none,
243,2008-09-03_r14,2008-09-03_r14_ORDINARIA.pdf,142,Sr. Secretario (Estrada),Sr. Secretario (Estrada).,yes,yes,same-paragraph,none,high,"Entonces, las dos formas de votar que han manifestado la senadora Escudero y la",none,
244,2008-09-10_r15,2008-09-10_r15_ORDINARIA.pdf,51,Sra. Escudero,Sra. Escudero.,yes,yes,same-paragraph,none,high,"Señor presidente: apoyo lo expresado por la señora senadora Fellner y, en ese sentido,",none,
245,2008-10-01_r17,2008-10-01_r17_ORDINARIA.pdf,71,Sr. Presidente,Sr. Presidente.,yes,yes,same-paragraph,none,high,"No dialoguen, por favor.",none,
246,2008-10-01_r17,2008-10-01_r17_ORDINARIA.pdf,109,Sr. Presidente,Sr. Presidente.,yes,yes,same-paragraph,none,high,"Corresponde considerar la preferencia solicitada, con despacho de comisión. —",none,
247,2008-10-22_r18,2008-10-22_r18_ORDINARIA.pdf,35,Sr. Secretario,Sr. Secretario (Estrada).,yes,yes,same-paragraph,none,high,(Estrada Resultan 33 votos afirmativos y 13 negativos. Se supera la mayoría de dos,none,
248,2008-11-05_r19,2008-11-05_r19_ORDINARIA.pdf,16,Sr. Presidente,Sr. Presidente.,yes,yes,same-paragraph,none,high,Tiene la palabra el señor senador Pichetto.,none,
249,2008-11-05_r19,2008-11-05_r19_ORDINARIA.pdf,114,Sra. Corregido,Sra. Corregido.,yes,yes,same-paragraph,none,high,"Señor presidente: en los artículos 72, 74 y 75 voto negativamente.",none,
250,2008-11-20_r20,2008-11-20_r20_ORDINARIA.pdf,84,Sr. Pérez Alsina,Sr. Pérez Alsina.,yes,yes,same-paragraph,none,high,"Vuelvo a aclarar. No hablo del gobierno actual, sino que, como Estado, estamos siendo",none,
251,2008-11-20_r20,2008-11-20_r20_ORDINARIA.pdf,135,Sr. Pichetto,Sr. Pichetto.,yes,yes,same-paragraph,none,high,Señor presidente: efectuaré una última reflexión sobre el tema de la libertad y de,"Quote opens the paragraph immediately after the label, following an interruption exchange (Guinle) and the president's ""Continúa en el uso de la palabra"" line.",
252,2008-12-10_r22,2008-12-10_r22_ORDINARIA.pdf,28,Sr. Presidente (Pampuro),Sr. Presidente (Pampuro).,yes,yes,same-paragraph,none,high,Está ordenada.,none,
253,2008-12-18_r24,2008-12-18_r24_ORDINARIA.pdf,89,Sr. Pichetto,Sr. Pichetto.,yes,yes,same-paragraph,none,high,"Señor presidente: creo que ya se había llegado a un nivel de consenso, pero",none,
254,2008-12-18_r24,2008-12-18_r24_ORDINARIA.pdf,91,Sr. Presidente,Sr. Presidente.,yes,yes,same-paragraph,none,high,"Aprobado. Si no se hace uso de la palabra, se va a votar.","The phrase ""Si no se hace uso de la palabra, se va a votar."" recurs several times on this page under ""Sr. Presidente."" without ""Aprobado."" attached; the exact combined quote ""Aprobado. Si no se hace uso de la palabra, se va a votar."" occurs only once, right after the article-40 abstention vote.",
255,2009-03-01_r00,2009-03-01_r00_ASAMBLEA.pdf,14,Sra. Presidenta de la Nación,Sra. Presidenta de la Nación.,yes,yes,previous-page,none,high,El cambio definitivo de esto es una vieja deuda de la democracia.,"Label printed only on page 6 (first image); the turn runs uninterrupted, through several ""(Aplausos.)"" markers, to page 14 where the quote appears. No new bold label intervenes anywhere in the 9 pages supplied.",
256,2009-03-04_r02,2009-03-04_r02_ORDINARIA.pdf,11,Sr. Presidente,Sr. Presidente.,yes,yes,same-paragraph,none,high,"Aprobado. En consideración en general. Si no se hace uso de la palabra, se",none,
257,2009-03-04_r02,2009-03-04_r02_ORDINARIA.pdf,42,Sr. Presidente (Marín),Sr. Presidente (Marín).,yes,yes,same-paragraph,none,high,Tiene la palabra la señora senadora por San Luis.,none,
258,2009-05-13_r05,2009-05-13_r05_ORDINARIA.pdf,12,Sr. Pichetto,Sr. Pichetto.,yes,yes,same-paragraph,none,high,"Sí, tiene orden del día. Otro proyecto para incorporar al plan de labor es",none,
259,2009-05-13_r05,2009-05-13_r05_ORDINARIA.pdf,37,Sr. Presidente,Sr. Presidente.,yes,yes,same-paragraph,none,high,Aprobado. Se va a votar en general y en particular.,"A second, unrelated ""Sr. Presidente.— Aprobado."" appears later on the same page (a different vote, not followed by ""Se va a votar en general y en particular""), so no genuine ambiguity.",
260,2009-07-08_r06,2009-07-08_r06_ORDINARIA.pdf,5,Sr. Presidente,Sr. Presidente.,yes,yes,same-paragraph,none,high,Tiene la palabra el señor senador Pichetto.,none,
261,2009-07-08_r06,2009-07-08_r06_ORDINARIA.pdf,23,Sr. Pichetto,Sr. Pichetto.,yes,yes,same-paragraph,none,high,¿De qué se trata?,none,
262,2009-07-08_r06,2009-07-08_r06_ORDINARIA.pdf,53,Sr. Pichetto,Sr. Pichetto.,yes,yes,same-paragraph,none,high,"Señor presidente: no dudo de lo que dice el senador Petcoff Naidenoff, pero se",none,
263,2009-08-05_r07,2009-08-05_r07_ORDINARIA.pdf,37,Sr. Presidente (Pampuro),Sr. Presidente (Pampuro).,yes,yes,same-paragraph,none,high,Tiene la palabra el senador Giustiniani.,none,
264,2009-08-20_r08,2009-08-20_r08_ORDINARIA.pdf,55,Sr. Guinle,Sr. Guinle.,yes,yes,same-paragraph,none,high,Señor presidente: he escuchado con suma atención los conceptos que se han ido vertiendo,none,
265,2009-09-09_r11,2009-09-09_r11_INFORMATIVA_ESPECIAL.pdf,53,Sr. Jefe de Gabinete de Ministros,Sr. Jefe de Gabinete de Ministros.,yes,yes,same-paragraph,none,high,"Señor presidente: quiero contestar sin ""agachadas"". A lo mejor no fui lo suficientemente claro.",none,
266,2009-10-09_r13,2009-10-09_r13_ESPECIAL.pdf,68,Sr. Presidente,Sr. Presidente.,yes,yes,same-paragraph,none,high,Tiene la palabra el senador Pérez Alsina.,none,
267,2009-10-09_r13,2009-10-09_r13_ESPECIAL.pdf,171,Sr. Morales,Sr. Morales.,yes,yes,same-paragraph,none,high,"En el 18, planteamos que la Presidencia de la Comisión Bicameral tiene que ser",none,
268,2009-10-09_r13,2009-10-09_r13_ESPECIAL.pdf,185,Sr. Secretario (Estrada),Sr. Secretario (Estrada).,yes,yes,same-paragraph,none,high,"Se registran 53 votos por la afirmativa, y 16 por la negativa.",none,
269,2009-11-18_r17,2009-11-18_r17_ORDINARIA.pdf,18,Sr. Presidente (Pampuro),Sr. Presidente (Pampuro).,yes,yes,same-paragraph,none,high,"Si no se hace uso de la palabra, se va a votar el pedido","On this page the separator printed after the label renders as "")"" rather than an em dash (an apparent print/scan artifact affecting this whole page); the label text itself is transcribed as printed, excluding that separator glyph.",
270,2009-11-18_r17,2009-11-18_r17_ORDINARIA.pdf,47,Sr. Presidente (Maríno),Sr. Presidente (Maríno).,yes,yes,same-paragraph,none,high,La señora senadora Riofrío le solicita una interrupción.,"This page prints the name with an accent (""Maríno"") in the first two occurrences of the label (including the one governing this quote), then without the accent (""Marino"") in three later occurrences further down the same page. Transcribed exactly as printed for the occurrence that governs the quoted words.",
271,2009-11-25_r18,2009-11-25_r18_ORDINARIA.pdf,41,Sr. Presidente,Sr. Presidente.,yes,yes,same-paragraph,none,high,Queda definitivamente sancionado el proyecto de ley. Se harán las comunicaciones correspondientes.,none,
272,2009-11-25_r18,2009-11-25_r18_ORDINARIA.pdf,46,Sr. Morales,Sr. Morales.,yes,yes,previous-page,none,high,", concentración de recursos para el gobierno nacional, autorización para el crédito y si","Label printed on page 45 (first image); the paragraph runs continuously across the page break to page 46, where the quoted words appear, with no new label intervening.",
273,2009-11-25_r18,2009-11-25_r18_ORDINARIA.pdf,90,Sr. Presidente (Pampuro),Sr. Presidente (Pampuro).,yes,yes,same-paragraph,none,high,Tiene la palabra la señora senadora Perceval.,none,
274,2009-12-02_r20,2009-12-02_r20_ORDINARIA.pdf,120,Sra. Quintela,Sra. Quintela.,yes,yes,same-paragraph,none,high,Pido la palabra.,none,
275,2010-02-24_r01,2010-02-24_r01_PREPARATORIA.pdf,3,Sr. Presidente,Sr. Presidente.,yes,yes,same-paragraph,none,high,"Conforme con lo que establece el artículo 10 del Reglamento de esta Honorable Cámara,",none,
276,2010-02-24_r01,2010-02-24_r01_PREPARATORIA.pdf,8,Sr. Pichetto,Sr. Pichetto.,yes,yes,same-paragraph,none,high,"Que se lea, presidente...",Quote opens the paragraph immediately after the label.,
277,2010-05-05_r08,2010-05-05_r08_ORDINARIA.pdf,127,Sr. Presidente,Sr. Presidente.,yes,yes,same-paragraph,none,medium,Tiene la palabra la señora senadora Morandini.,"The exact words ""Tiene la palabra la señora senadora Morandini."" are printed twice on this page (before Morales/Mayans/Pichetto's interruption exchange, and again after it), each time under a ""Sr. Presidente."" label. Both occurrences carry the identical label, but flagging as ambiguous per instructions since the same words repeat under (technically) two separate paragraph instances.",
278,2010-05-05_r08,2010-05-05_r08_ORDINARIA.pdf,127,Sr. Presidente,Sr. Presidente.,yes,yes,same-paragraph,none,medium,Tiene la palabra la señora senadora Morandini.,"Same as case 277 — identical quoted words appear twice on this page, both times under ""Sr. Presidente.""; reporting the second (later) instance for this case, though both instances carry the same label text.",
279,2010-06-02_r11,2010-06-02_r11_INFORMATIVA_ESPECIAL.pdf,25,Sr. jefe de Gabinete de Ministros,Sr. jefe de Gabinete de Ministros.,yes,yes,same-paragraph,none,high,"Señor presidente: tenemos un problema con el almanaque, porque si fue hace 12 meses",None.,
280,2010-06-02_r11,2010-06-02_r11_INFORMATIVA_ESPECIAL.pdf,51,Sr. jefe de Gabinete de Ministros,Sr. jefe de Gabinete de Ministros.,yes,yes,same-paragraph,none,high,No; a mí no me llegó la expresión del gobernador de Mendoza. No estoy,None.,
281,2010-06-09_r12,2010-06-09_r12_ORDINARIA.pdf,15,Sr. Presidente,Sr. Presidente.,yes,yes,same-paragraph,none,high,Tiene la palabra el senador Giustiniani.,None.,
282,2010-06-09_r12,2010-06-09_r12_ORDINARIA.pdf,35,Sr. Presidente,Sr. Presidente.,yes,yes,same-paragraph,none,high,Tiene la palabra el señor senador Marino.,None.,
283,2010-06-09_r12,2010-06-09_r12_ORDINARIA.pdf,36,Sr. Pichetto,Sr. Pichetto.,yes,yes,same-paragraph,none,high,Afirmativo.,"Preceded by ""Sr. Presidente. – Senador Pichetto: sírvase manifestar su voto a viva voz.""",
284,2010-06-30_r13,2010-06-30_r13_ORDINARIA.pdf,16,Sr. Presidente,Sr. Presidente.,yes,yes,same-paragraph,none,high,Tiene la palabra el señor senador Pichetto.,None.,
285,2010-07-14_r14,2010-07-14_r14_ORDINARIA.pdf,166,Sr. Pichetto,Sr. Pichetto.,yes,yes,same-paragraph,none,high,"¡No, yo no le he dicho nada! Yo dije que la cláusula incorporada es",None.,
286,2010-08-25_r16,2010-08-25_r16_ORDINARIA.pdf,10,Sr. Morales,Sr. Morales.,yes,yes,same-paragraph,none,high,Señor presidente: facultemos a las comisiones para que agreguen todos los expedientes vinculados con,None.,
287,2010-08-25_r16,2010-08-25_r16_ORDINARIA.pdf,72,Sr. Presidente,Sr. Presidente.,yes,yes,same-paragraph,none,high,"Señor senador Roldán, el señor senador Jenefes le solicita una interrupción. ¿Se la concede?",None.,
288,2010-09-29_r18,2010-09-29_r18_ORDINARIA.pdf,69,Sr. Presidente (Marino),Sr. Presidente (Marino).,yes,yes,same-paragraph,none,high,"Senadora: el senador Verna, también, solicita una interrupción.",None.,
289,2010-09-29_r18,2010-09-29_r18_ORDINARIA.pdf,100,Sr. Cabanchik,Sr. Cabanchik.,yes,yes,same-paragraph,none,high,"Señor presidente: en primer lugar, celebro que el senador Nicolás Fernández haya hablado de",None.,
290,2010-11-03_r21,2010-11-03_r21_ORDINARIA.pdf,49,Sr. Osuna,Sr. Osuna.,yes,yes,same-paragraph,none,high,Señor presidente: me parece bien que se haya pedido la presencia de una persona,None.,
291,2010-11-24_r23,2010-11-24_r23_ORDINARIA.pdf,97,Sr. Presidente,Sr. Presidente.,yes,yes,same-paragraph,none,medium,No ha sido modificado.,"""No ha sido modificado."" is printed twice on this page, both times under ""Sr. Presidente."" (separated by a Secretario Estrada remark about the two-thirds requirement). Reporting the first occurrence for this case; both carry the identical label text, but flagging per instructions since the words repeat.",
292,2010-11-24_r23,2010-11-24_r23_ORDINARIA.pdf,97,Sr. Presidente,Sr. Presidente.,yes,yes,same-paragraph,none,medium,No ha sido modificado.,"Same as case 291 — ""No ha sido modificado."" appears twice on this page, both under ""Sr. Presidente.""; reporting the second occurrence for this case.",
293,2010-11-24_r23,2010-11-24_r23_ORDINARIA.pdf,109,Sra. Di Perna,Sra. Di Perna.,yes,yes,same-paragraph,none,high,El artículo 16 objeta nuevamente la internación como acto médico. En ella se plantea,None.,
294,2010-12-15_r24,2010-12-15_r24_EXTRAORDINARIA.pdf,91,Sr. Secretario (Estrada),Sr. Secretario (Estrada).,yes,yes,same-paragraph,none,high,Senada Bongiorno: sírvase manifestar su voto a viva voz.,"The page prints ""Senada Bongiorno"" (missing the ""-ra""); transcribed exactly as printed, matching the quoted words given.",
295,2011-03-30_r03,2011-03-30_r03_ORDINARIA.pdf,48,Sr. Torres,Sr. Torres.,yes,yes,same-paragraph,none,high,Señor presidente: no entiendo por qué se formula esa aclaración. Yo sostengo que esos,None.,
296,2011-03-30_r03,2011-03-30_r03_ORDINARIA.pdf,83,Sr. Presidente,Sr. Presidente.,yes,yes,same-paragraph,none,high,Tiene la palabra el señor senador Alfredo Martinez.,None.,
297,2011-04-13_r04,2011-04-13_r04_ORDINARIA.pdf,16,Sr. Presidente,Sr. Presidente.,yes,yes,same-paragraph,none,high,Pasamos a sesión de acuerdos.,"Bold section heading ""24 / ACUERDOS"" appears directly above this paragraph but is not inside it.",
298,2011-04-13_r04,2011-04-13_r04_ORDINARIA.pdf,32,Sr. Petcoff Naidenoff,Sr. Petcoff Naidenoff.,yes,yes,same-paragraph,none,high,Señor presidente: solamente quiero manifestar el acompañamiento del bloque de la Unión Cívica Radical,None.,
299,2011-04-13_r04,2011-04-13_r04_ORDINARIA.pdf,38,Sr. Morales,Sr. Morales.,yes,yes,same-paragraph,none,high,Voy a informar el dictamen en mayoría en este Orden del Día N° 603.,None.,
300,2011-05-04_r05,2011-05-04_r05_ORDINARIA.pdf,11,Sr. Presidente,Sr. Presidente.,yes,yes,same-paragraph,none,high,Tiene la palabra la señora senadora Negre de Alonso.,None.,
301,2011-05-04_r05,2011-05-04_r05_ORDINARIA.pdf,23,Sr. Romero,Sr. Romero.,yes,yes,same-paragraph,none,high,Señor presidente: coincido con la importancia de estos proyectos. En el caso de la,none,
302,2011-05-04_r05,2011-05-04_r05_ORDINARIA.pdf,51,Sr. Presidente,Sr. Presidente.,yes,yes,same-paragraph,none,high,Muy bien.,none,
303,2011-05-11_r06,2011-05-11_r06_INFORMATIVA_ESPECIAL.pdf,52,Sr. Presidente,Sr. Presidente.,yes,yes,same-paragraph,none,high,"Silencio, por favor. Redondee, senador Mayans.",none,
304,2011-06-01_r07,2011-06-01_r07_ORDINARIA.pdf,51,Sr. Giustiniani,Sr. Giustiniani.,yes,yes,same-paragraph,none,high,Señor presidente: adelanto mi voto afirmativo al tratamiento del proyecto de ley aprobado en,none,
305,2011-06-29_r08,2011-06-29_r08_ORDINARIA.pdf,13,Sr. Presidente,Sr. Presidente.,yes,yes,same-paragraph,none,high,Tiene la palabra el señor senador Artaza.,none,
306,2011-08-31_r10,2011-08-31_r10_ORDINARIA.pdf,59,Sr. Presidente,Sr. Presidente.,yes,yes,same-paragraph,none,high,Tiene la palabra el señor senador Pichetto.,none,
307,2011-11-02_r12,2011-11-02_r12_ORDINARIA.pdf,25,Sra. Di Perna,Sra. Di Perna.,yes,yes,same-paragraph,none,high,"Quiero adherir a este homenaje, ya que tanto a mí como a mi familia",none,
308,2011-12-01_r00,2011-12-01_r00_ASAMBLEA.pdf,5,Sr. Presidente (Pampuro),Sr. Presidente (Pampuro).,yes,yes,same-paragraph,none,high,En consideración la propuesta formulada por el señor senador Pichetto. Si no se hace,none,
309,2011-12-14_r15,2011-12-14_r15_EXTRAORDINARIA.pdf,3,Sr. Presidente,Sr. Presidente.,yes,yes,same-paragraph,none,high,"A continuación, por Secretaría se va a brindar una información sobre el funcionamiento del",none,
310,2011-12-21_r16,2011-12-21_r16_EXTRAORDINARIA.pdf,51,Sr. Mayans,Sr. Mayans.,yes,yes,same-paragraph,none,high,Ya votamos al principio la habilitación de los tratamientos sobre tablas.,none,
311,2011-12-21_r16,2011-12-21_r16_EXTRAORDINARIA.pdf,97,Sr. Fernández,Sr. Fernández.,yes,yes,same-paragraph,none,high,Soy senador.,none,
312,2011-12-21_r16,2011-12-21_r16_EXTRAORDINARIA.pdf,131,Sra. Presidenta (Rojkés de Alperovich),Sra. Presidenta (Rojkés de Alperovich).,yes,yes,same-paragraph,none,high,Continúa en el uso de la palabra el señor senador Rodríguez Saá.,"The exact quoted sentence is printed twice on this page, once as its own paragraph opener and once as a continuation line inside a later paragraph (""Por favor, no dialoguen, señores senadores. / Continúa en el uso de la palabra el señor senador Rodríguez Saá.""). Both occurrences are governed by the same label, Sra. Presidenta (Rojkés de Alperovich), so the ambiguity does not change the answer.",
313,2011-12-22_r17,2011-12-22_r17_EXTRAORDINARIA.pdf,34,Sr. Presidente,Sr. Presidente.,yes,yes,same-paragraph,none,high,La señora senadora Fellner le pide una interrupción.,none,
314,2011-12-22_r17,2011-12-22_r17_EXTRAORDINARIA.pdf,114,Sr. Presidente,Sr. Presidente.,yes,yes,same-paragraph,none,high,Tiene la palabra el señor senador Mayans.,none,
315,2012-03-14_r02,2012-03-14_r02_ORDINARIA.pdf,25,Sr. Secretario (Estrada),Sr. Secretario (Estrada).,yes,yes,same-paragraph,none,high,El proyecto de declaración del senador Filmus se refiere a la creación del grupo,none,
316,2012-03-21_r03,2012-03-21_r03_ORDINARIA.pdf,16,Sr. Pichetto,Sr. Pichetto.,yes,yes,same-paragraph,none,high,"Gracias, senador. Me parece que hay que hacer una clarificación en este tema. El",none,
317,2012-03-21_r03,2012-03-21_r03_ORDINARIA.pdf,96,Sr. Presidente,Sr. Presidente.,yes,yes,same-paragraph,none,high,"El señor senador Sanz le solicita una interrupción, ¿se la concede?",none,
318,2012-03-21_r03,2012-03-21_r03_ORDINARIA.pdf,100,Sr. Pichetto,Sr. Pichetto.,yes,yes,same-paragraph,none,high,"Señor presidente: ¿alguna otra observación? Hagamos las observaciones y, después, le pido la palabra.",none,
319,2012-04-25_r04,2012-04-25_r04_ESPECIAL.pdf,26,Sr. Presidente,Sr. Presidente.,yes,yes,same-paragraph,none,high,"Para una interrupción, tiene la palabra el señor senador Fuentes.",none,
320,2012-05-09_r05,2012-05-09_r05_ORDINARIA.pdf,69,Sra. Presidenta (Rojkés de Alperovich),Sra. Presidenta (Rojkés de Alperovich).,yes,yes,same-paragraph,none,high,Tiene la palabra el señor senador Cano.,none,
321,2012-05-16_r06,2012-05-16_r06_ORDINARIA.pdf,72,Sra. Presidenta (Rojkés de Alperovich),Sra. Presidenta (Rojkés de Alperovich).,yes,yes,same-paragraph,none,high,Por Secretaría se enunciarán.,none,
322,2012-07-04_r10,2012-07-04_r10_ORDINARIA.pdf,45,Sra. Negre de Alonso,Sra. Negre de Alonso.,yes,yes,same-paragraph,none,high,"Gracias, senadora. También hemos votado la ley de grooming ; y le pusimos “",none,
323,2012-07-11_r11,2012-07-11_r11_ORDINARIA.pdf,19,Sr. Presidente,Sr. Presidente.,yes,yes,same-paragraph,none,high,Tiene la palabra el senador Mansilla.,none,
324,2012-07-11_r11,2012-07-11_r11_ORDINARIA.pdf,47,Sra. Itúrrez de Cappellini,Sra. Itúrrez de Cappellini.,yes,yes,same-paragraph,none,high,"Señor presidente: por ausencia del señor senador Guinle, que es autor de la reforma",none,
325,2012-08-15_r12,2012-08-15_r12_ORDINARIA.pdf,69,Sr. Secretario (Estrada),Sr. Secretario (Estrada).,yes,yes,same-paragraph,none,high,Los proyectos son los siguientes: S.–2.414/12; S.–2.227 y S.– 2.352/12; S.–2.164/12; S.–2.163/12; S.–2.375/12; S.–1.229/12;,none,
326,2012-09-12_r15,2012-09-12_r15_ORDINARIA.pdf,20,Sr. Petcoff Naidenoff,Sr. Petcoff Naidenoff.-,yes,yes,same-paragraph,none,high,Señor presidente: me parece que tenemos que ser muy cuidadosos cuando abordamos iniciativas de,"Clear single match on the page, no other label repeats the quote.",
327,2012-10-03_r16,2012-10-03_r16_ORDINARIA.pdf,14,Sr. Presidente,Sr. Presidente.-,yes,yes,same-paragraph,none,high,"Entonces, tiene la palabra el señor senador Rodríguez Saá.",Quoted words are the presiding officer granting the floor to Rodríguez Saá.,
328,2012-10-03_r16,2012-10-03_r16_ORDINARIA.pdf,59,Sr. Castillo,Sr. Castillo.-,yes,yes,same-paragraph,none,high,"Me sorprendió, pero está bien.",none,
329,2012-10-31_r19,2012-10-31_r19_ORDINARIA.pdf,9,Sra. Negre de Alonso,Sra. Negre de Alonso.-,yes,yes,same-paragraph,none,high,Yo no tengo ningún problema en dar el debate sobre el origen de la,none,
330,2012-10-31_r19,2012-10-31_r19_ORDINARIA.pdf,145,Sra. Higonet,Sra. Higonet.-,yes,yes,same-paragraph,none,high,Señor presidente: adherimos –lo digo también en nombre del senador Verna– a lo que,none,
331,2012-10-31_r19,2012-10-31_r19_ORDINARIA.pdf,178,Sr. Verna,Sr. Verna.-,yes,yes,same-paragraph,none,high,En desarrollo social estamos bien posicionados: tenemos 1.987 pesos por habitante. Pero yo les,none,
332,2012-11-28_r21,2012-11-28_r21_ORDINARIA.pdf,32,Sr. Presidente,Sr. Presidente.-,yes,yes,same-paragraph,none,high,"Corresponde considerar en conjunto los dictámenes de comisión con proyectos de comunicación, resolución y","Immediately follows a bold section title (""CONSIDERACIÓN EN CONJUNTO DE ÓRDENES DEL DÍA""), but that title is outside this paragraph, not inside it.",
333,2012-11-28_r21,2012-11-28_r21_ORDINARIA.pdf,101,Sr. Presidente,Sr. Presidente.-,yes,yes,same-paragraph,none,high,¿Hay alguna objeción? ¿Hay asentimiento para que se incluya?,"A stage direction ""- Asentimiento."" follows immediately after but is a separate line, not inside this paragraph.",
334,2012-12-19_r23,2012-12-19_r23_EXTRAORDINARIA.pdf,8,Sr. Filmus,Sr. Filmus.-,yes,yes,same-paragraph,none,high,Señora presidenta: acabamos de terminar una reunión conjunta de las comisiones de Relaciones Exteriores,none,
335,2013-03-20_r03,2013-03-20_r03_ORDINARIA.pdf,77,Sr. Presidente,Sr. Presidente. -,yes,yes,same-paragraph,none,high,Senador Linares.,"This page prints the label with a space before the dash (""Sr. Presidente. -""), unlike most other pages; transcribed as printed. The quoted words are the entire content of this short turn granting the floor to Linares.",
336,2013-03-20_r03,2013-03-20_r03_ORDINARIA.pdf,89,Sr. Presidente,Sr. Presidente. -,yes,yes,same-paragraph,none,high,"Ahora que ha tomado conocimiento, el señor senador Pichetto se muestra entusiasta a favor",Same page as case 335; label again printed with a space before the dash.,
337,2013-04-17_r04,2013-04-17_r04_ESPECIAL.pdf,138,Sr. Barrionuevo,Sr. Barrionuevo.-,yes,yes,same-paragraph,none,high,"Porque en el proceso de casación, no hay producción de prueba.",none,
338,2013-04-18_r05,2013-04-18_r05_ESPECIAL.pdf,41,Sra. Presidenta (Rojkés de Alperovich),Sra. Presidenta (Rojkés de Alperovich).-,yes,yes,same-paragraph,none,high,Tiene la palabra el señor senador López.,none,
339,2013-04-18_r05,2013-04-18_r05_ESPECIAL.pdf,43,Sra. Presidenta (Rojkés de Alperovich),Sra. Presidenta (Rojkés de Alperovich).-,yes,yes,same-paragraph,none,high,"Senadora Montero, el señor senador Cano le solicita una interrupción. ¿Se la concede?",none,
340,2013-04-24_r06,2013-04-24_r06_ORDINARIA.pdf,85,Sra. Escudero,Sra. Escudero.-,yes,yes,same-paragraph,none,high,Señor presidente: yo comparto lo que pidió el señor senador Cabanchik. Como es un,none,
341,2013-04-24_r06,2013-04-24_r06_ORDINARIA.pdf,85,Sr. Presidente,Sr. Presidente.-,yes,yes,same-paragraph,none,high,Gracias.,"Same page as case 340; ""Gracias."" is the presiding officer's one-word reply to Cabanchik.",
342,2013-05-08_r07,2013-05-08_r07_ESPECIAL.pdf,105,Sr. Fernández,Sr. Fernández.-,yes,yes,same-paragraph,none,high,¿Me permite una interrupción?,none,
343,2013-05-22_r08,2013-05-22_r08_ORDINARIA.pdf,26,Sr. Artaza,Sr. Artaza.-,yes,yes,same-paragraph,none,high,"Gracias, señora presidenta. Quiero hacer una observación acerca de lo que acaba de exponer",none,
344,2013-05-22_r08,2013-05-22_r08_ORDINARIA.pdf,142,Sr. Presidente,Sr. Presidente.-,yes,yes,same-paragraph,none,high,Corresponde considerar el proyecto de resolución de la senadora Corradi de Beltrán por el,"Preceded by a bold section title and item number (""13"", ""S.-1.622/13"", the reunion title), but those are outside this paragraph, not inside it.",
345,2013-06-05_r10,2013-06-05_r10_INFORMATIVA_ESPECIAL.pdf,66,Sr. Presidente,Sr. Presidente.-,yes,yes,same-paragraph,none,high,¡Qué bueno!,none,
346,2013-06-26_r11,2013-06-26_r11_ORDINARIA.pdf,13,Sr. Presidente,Sr. Presidente.-,yes,yes,same-paragraph,none,high,Muy bien. Tiene la palabra el señor senador Cano.,none,
347,2013-07-03_r12,2013-07-03_r12_ORDINARIA.pdf,31,Sr. Presidente,Sr. Presidente.-,yes,yes,same-paragraph,(Risas.),high,Senador Marino: le iba a agradecer por haber ido al acto.,"""(Risas.)"" appears right after the quoted words, inside the same paragraph.",
348,2013-07-31_r13,2013-07-31_r13_ESPECIAL.pdf,25,Sra. Escudero,Sra. Escudero.-,yes,yes,same-paragraph,none,high,Pido la palabra.,none,
349,2013-07-31_r13,2013-07-31_r13_ESPECIAL.pdf,75,Sr. Presidente,Sr. Presidente.-,yes,yes,same-paragraph,none,high,"Es lo mismo. No los vamos a votar uno por uno, sino en cuatro",none,
350,2013-09-04_r14,2013-09-04_r14_ORDINARIA.pdf,63,Sra. Presidenta (Rojkés de Alperovich),Sra. Presidenta (Rojkés de Alperovich).-,yes,yes,same-paragraph,none,high,"Entonces, tiene la palabra el senador Mayans.",none,
351,2013-09-04_r14,2013-09-04_r14_ORDINARIA.pdf,107,Sr. Rodríguez Saá,Sr. Rodríguez Saá.,yes,yes,same-paragraph,none,high,Son cuatro.,Short one-line turn directly under its own label.,
352,2013-11-13_r17,2013-11-13_r17_ORDINARIA.pdf,91,Sra. Presidenta (Rojkés de Alperovich),Sra. Presidenta (Rojkés de Alperovich).-,yes,yes,same-paragraph,none,high,Queda sancionado el proyecto de ley. Pasa al Poder Ejecutivo.,None.,
353,2013-11-27_r19,2013-11-27_r19_ESPECIAL.pdf,120,Sr. Filmus,Sr. Filmus.-,yes,yes,same-paragraph,none,high,"Le agradezco. Países Bajos, República Checa, Federación Rusa, Serbia, Eslovenia, Bulgaria, Chipre, Malta, Estonia,","""Le agradezco."" is a short line by Filmus, followed immediately (no new label) by the indented list of countries, which continues his turn.",
354,2013-12-18_r21,2013-12-18_r21_EXTRAORDINARIA.pdf,86,Sr. Secretario (Estrada),Sr. Secretario (Estrada).-,yes,yes,same-paragraph,none,high,Hay un dictamen en minoría.,None.,
355,2014-03-01_r00,2014-03-01_r00_ASAMBLEA.pdf,23,Sra. Presidenta de la Nación,Sra. Presidenta de la Nación.,yes,yes,previous-page,none,high,"En realidad, ha habido muchísimos aumentos que se registraron antes de la ley de","Label printed on page 6 (first image); no further bold labels appear on any of the intervening pages through page 23, so the whole message-reading turn is carried forward to the quoted words.",
356,2014-03-12_r03,2014-03-12_r03_INFORMATIVA_ESPECIAL.pdf,119,Sr. Presidente (Marino),Sr. Presidente (Marino).-,yes,yes,same-paragraph,none,high,"Senador Pichetto: hoy tenemos una sesión especial y usted sabe que, de común acuerdo,",None.,
357,2014-03-12_r03,2014-03-12_r03_INFORMATIVA_ESPECIAL.pdf,124,Sr. de Angeli,Sr. de Angeli.-,yes,yes,same-paragraph,none,high,"¡Pero eso tienen que decirlo! O sea, que se va a exportar. Porque si",None.,
358,2014-04-09_r05,2014-04-09_r05_ORDINARIA.pdf,11,Sr. Presidente,Sr. Presidente.,yes,yes,same-paragraph,none,high,Ponemos a votación el ingreso…,None.,
359,2014-04-30_r06,2014-04-30_r06_ORDINARIA.pdf,7,Sr. Pichetto,Sr. Pichetto.,yes,yes,same-paragraph,none,high,Pero acompañamos el proyecto.,None.,
360,2014-05-07_r07,2014-05-07_r07_INFORMATIVA_ESPECIAL.pdf,79,Sra. Borello,Sra. Borello.,yes,yes,same-paragraph,none,high,También hay algo que me ha agradado muchísimo y es la respuesta con respecto,"A stage direction (""Ocupa la Presidencia el señor vicepresidente..."") appears just above this paragraph but does not affect it; the label directly precedes the quoted words.",
361,2014-05-07_r07,2014-05-07_r07_INFORMATIVA_ESPECIAL.pdf,98,Sr. Morales,Sr. Morales.,yes,yes,same-paragraph,none,high,¿En cuanto a la Asignación Universal por Hijo?,None.,
362,2014-05-07_r07,2014-05-07_r07_INFORMATIVA_ESPECIAL.pdf,113,Sr. Morales,Sr. Morales.,yes,yes,previous-page,none,high,"en particular, para las economías regionales. Hemos aprobado una ley que tiene implícito un",Label printed on page 111; his turn runs uninterrupted (no bold label) across pages 112 and 113 to the quoted words.,
363,2014-05-21_r08,2014-05-21_r08_ORDINARIA.pdf,74,Sr. Rodríguez Saá,Sr. Rodríguez Saá.,yes,yes,same-paragraph,none,high,"Presidente, una interrupción…",None.,
364,2014-05-28_r09,2014-05-28_r09_ORDINARIA.pdf,17,Sra. Fellner,Sra. Fellner.-,yes,yes,same-paragraph,none,high,Señor presidente: he pedido el uso de la palabra para dar la bienvenida al,None.,
365,2014-05-28_r09,2014-05-28_r09_ORDINARIA.pdf,75,Sr. Presidente,Sr. Presidente.-,yes,yes,same-paragraph,none,high,"Gracias. Para una interrupción, tiene la palabra el senador Cabral.","""Gracias."" is a short line under this label, followed by the indented continuation ""Para una interrupción, tiene la palabra el senador Cabral."" with no intervening label.",
366,2014-09-03_r13,2014-09-03_r13_ESPECIAL.pdf,298,Sr. Presidente (Fernández),Sr. Presidente (Fernández).-,yes,yes,same-paragraph,none,high,"Una acotación, para ver si le ponemos claridad al tema. La definición en términos",None.,
367,2014-09-17_r14,2014-09-17_r14_ORDINARIA.pdf,44,Sr. Presidente,Sr. Presidente.-,yes,yes,same-paragraph,none,high,Muy bien. Muchas gracias.,None.,
368,2014-10-22_r17,2014-10-22_r17_INFORMATIVA_ESPECIAL.pdf,26,Sr. Presidente (Fernández),Sr. Presidente (Fernández).-,yes,yes,same-paragraph,none,high,Tiene la palabra el señor jefe de Gabinete.,None.,
369,2014-10-22_r17,2014-10-22_r17_INFORMATIVA_ESPECIAL.pdf,72,Sr. Giustiniani,Sr. Giustiniani.-,yes,yes,previous-page,none,high,"lavado de dinero, debemos preguntarnos cuántas actuaciones hizo la UIF hasta acá. En la","Label printed at the bottom of page 69; no bold label appears anywhere on pages 70, 71, or 72, so the turn is carried forward unbroken to the quoted words.",
370,2014-10-22_r17,2014-10-22_r17_INFORMATIVA_ESPECIAL.pdf,75,Sra. Negre de Alonso,Sra. Negre de Alonso.-,yes,yes,previous-page,none,high,"Señor jefe de Gabinete: quiero hablar también de las transferencias a las provincias. Curiosamente,","Label printed at the top of page 74; no bold label appears before the quoted words at the top of page 75 (the next label, Sr. Presidente, appears only later, further down page 75).",
371,2014-12-17_r22,2014-12-17_r22_ORDINARIA.pdf,20,Sr. Presidente,Sr. Presidente.-,yes,yes,same-paragraph,none,high,Lo vamos a revisar por Secretaría para incluirlo. Tiene la palabra el senador Pereyra.,None.,
372,2014-12-17_r22,2014-12-17_r22_ORDINARIA.pdf,84,Sr. Presidente,Sr. Presidente.-,yes,yes,same-paragraph,none,high,Senador De Angeli. Lo vamos a hacer nuevamente.,None.,
373,2014-12-17_r22,2014-12-17_r22_ORDINARIA.pdf,87,Sr. Secretario (Estrada),Sr. Secretario (Estrada).-,yes,yes,same-paragraph,none,high,"Es 101/13, hay un error de “tipeo”. Pero no va aquí, porque estos son",None.,
374,2014-12-29_r23,2014-12-29_r23_ESPECIAL.pdf,37,Sr. Marino,Sr. Marino.-,yes,yes,same-paragraph,none,high,El iluminado es usted.,None.,
375,2015-02-12_r24,2015-02-12_r24_ESPECIAL.pdf,10,Sr. Fuentes,Sr. Fuentes.-,yes,yes,same-paragraph,none,high,"Sí, señor. Se fija un claro límite a las actividades de inteligencia interior, “direccionándolas”","""Sí, señor."" is a short reply under this label, followed immediately by the indented continuation ""Se fija un claro límite..."" with no intervening label; both halves of the quoted text sit in the same paragraph block under Sr. Fuentes.",
376,2015-03-01_r00,2015-03-01_r00_ASAMBLEA.pdf,22,Sra. Presidenta de la Nación,Sra. Presidenta de la Nación.-,yes,yes,previous-page,(Aplausos.),high,"Si alguno nos ve de afuera dirá: “¿Y estos locos qué aplauden?, ¿porque empiezan","Turn opens on p.7 with this label and runs uninterrupted through p.22 (checked pp.10, 15, 19, 21 in between for intervening labels; found none).",
377,2015-03-01_r00,2015-03-01_r00_ASAMBLEA.pdf,36,Sra. Presidenta de la Nación,Sra. Presidenta de la Nación.-,yes,yes,previous-page,(aplausos),high,"con la renovación de nuestros ferrocarriles. ¡Sí, trenes argentinos! Trenes argentinos con una inversión",Turn opens on p.35 and continues without interruption onto p.36 where the quote sits.,
378,2015-03-11_r02,2015-03-11_r02_ORDINARIA.pdf,12,Sr. Secretario (Estrada),Sr. Secretario (Estrada). -,yes,yes,same-paragraph,none,high,Órdenes del día 912 a 916; 918 y 919; 921; 928 y 929; 931,none,
379,2015-05-27_r04,2015-05-27_r04_ORDINARIA.pdf,26,Sr. Presidente,Sr. Presidente.-,yes,yes,same-paragraph,none,high,"Entonces, lo agregamos como antecedente en el tratamiento.",none,
380,2015-05-27_r04,2015-05-27_r04_ORDINARIA.pdf,64,Sr. Secretario (Estrada),Sr. Secretario (Estrada).-,yes,yes,same-paragraph,none,high,Se registran 38 votos afirmativos y 19 negativos.,none,
381,2015-05-27_r04,2015-05-27_r04_ORDINARIA.pdf,90,Sr. Presidente,Sr. Presidente.-,yes,yes,same-paragraph,(Risas.),high,Por eso lo interrumpí…,"""(Risas.)"" follows immediately after the quoted words in the same paragraph.",
382,2015-05-27_r04,2015-05-27_r04_ORDINARIA.pdf,109,Sra. Negre de Alonso,Sra. Negre de Alonso.-,yes,yes,previous-page,none,high,"tributario, que pasan de ser nacionales a federales, que tiene que ver con lo",Turn opens on p.108 and continues without interruption onto p.109 where the quote sits.,
383,2015-08-26_r07,2015-08-26_r07_ORDINARIA.pdf,11,Sr. Presidente,Sr. Presidente.-,yes,yes,same-paragraph,none,high,"Propongo que pasemos a tratar el tema principal, que es la sesión de acuerdos.",none,
384,2015-08-26_r07,2015-08-26_r07_ORDINARIA.pdf,39,Sra. Montero,Sra. Montero.-,yes,yes,same-paragraph,none,high,Las denuncias las ha hecho mi partido en su momento y oportunamente en el,none,
385,2015-08-26_r07,2015-08-26_r07_ORDINARIA.pdf,43,Sr. Presidente,Sr. Presidente.-,yes,yes,same-paragraph,none,high,Tiene la palabra la señora Negre de Alonso.,none,
386,2015-08-26_r07,2015-08-26_r07_ORDINARIA.pdf,48,Sr. Pichetto,Sr. Pichetto.-,yes,yes,same-paragraph,none,high,Propongo que se enumeren todos los órdenes del día y que los votemos en,none,
387,2015-09-16_r08,2015-09-16_r08_ORDINARIA.pdf,60,Sr. Morales,Sr. Morales.-,yes,yes,same-paragraph,none,high,“A lavarse la cara”. “¿Qué te pasa?” “¿Querés arroz?” “No”. “Andá y lavate la,"A similar but shorter phrase (""A lavarse la cara"") also appears in an earlier Sr. Morales paragraph on the same page, separated by a ""Varios señores senadores hablan a la vez"" stage direction; the full quoted string matches only the second paragraph, and both paragraphs are Sr. Morales's, so there is no real speaker ambiguity.",
388,2015-10-07_r09,2015-10-07_r09_ORDINARIA.pdf,40,Sr. Presidente,Sr. Presidente.-,yes,yes,same-paragraph,none,high,Tiene la palabra el señor senador Basualdo.,none,
389,2015-10-07_r09,2015-10-07_r09_ORDINARIA.pdf,66,Sr. Pichetto,Sr. Pichetto.-,yes,yes,same-paragraph,none,high,No demos tanto detalle. Es solo para saber de qué se tratan.,none,
390,2015-10-07_r09,2015-10-07_r09_ORDINARIA.pdf,68,Sra. Elías de Perez,Sra. Elías de Perez.-,yes,yes,same-paragraph,none,high,"Quisiera hacer un reconocimiento a la enorme labor del Senado de la Nación porque,",none,
391,2015-10-28_r10,2015-10-28_r10_ORDINARIA.pdf,89,Sra. Elías de Perez,Sra. Elías de Perez.-,yes,yes,same-paragraph,none,high,Por supuesto que estamos de acuerdo. Son banderas históricas de nuestro partido el acceso,none,
392,2015-10-28_r10,2015-10-28_r10_ORDINARIA.pdf,98,Sr. Guastavino,Sr. Guastavino.-,yes,yes,same-paragraph,none,high,"Como bien dijo, tiene dictamen de comisión. Por ello, yo le voy a pedir",none,
393,2015-11-25_r11,2015-11-25_r11_ORDINARIA.pdf,27,Sr. Presidente (Zamora),Sr. Presidente (Zamora).-,yes,yes,same-paragraph,none,high,Se los incluye en el plan de labor.,none,
394,2015-11-25_r11,2015-11-25_r11_ORDINARIA.pdf,46,Sr. Presidente (Zamora),Sr. Presidente (Zamora).-,yes,yes,same-paragraph,none,high,Tiene la palabra el señor senador Pichetto.,none,
395,2016-03-01_r00,2016-03-01_r00_ASAMBLEA.pdf,12,Sr. Presidente de la Nación,Sr. Presidente de la Nación.-,yes,yes,earlier-on-page,(Aplausos.),high,Aumentamos la cobertura de asignaciones familiares y los montos para quienes más lo necesitan:,"Earlier on the same page several ""Sr. Presidente de la Nación.""/""Sra. Presidente."" labels alternate during a crowd-interruption exchange, but none of them intervenes between the last such label (""...Pero estamos convencidos de que la inflación irá bajando..."") and the quoted words, which sit several unlabeled paragraphs later in that same turn.",
396,2016-04-27_r04,2016-04-27_r04_ESPECIAL.pdf,67,Sra. Giménez,Sra. Giménez.-,yes,yes,previous-page,none,high,"el sueldo de los tareferos, los peones rurales y que en las próximas paritarias","Turn opens on p.65 and runs uninterrupted through p.66 onto the top of p.67, where the quote sits; the next label (""Sr. Presidente (Pinedo).-"") appears later on p.67, after the quote.",
397,2016-05-18_r05,2016-05-18_r05_ESPECIAL.pdf,55,Sr. Presidente (Marino),Sr. Presidente (Marino).-,yes,yes,same-paragraph,(Risas),high,"¡No, no!","""(Risas)"" follows immediately after the quoted words in the same paragraph.",
398,2016-06-01_r07,2016-06-01_r07_INFORMATIVA_ESPECIAL.pdf,10,Sr. Abal Medina,Sr. Abal Medina.-,yes,yes,same-paragraph,none,high,"En primer lugar, le doy la bienvenida al jefe de Gabinete. Me ha tocado",none,
399,2016-06-15_r09,2016-06-15_r09_ESPECIAL.pdf,17,Sr. Presidente (Pinedo),Sr. Presidente (Pinedo).-,yes,yes,same-paragraph,none,high,Tiene la palabra la senadora Fernández Sagasti.,none,
400,2016-06-29_r10,2016-06-29_r10_ESPECIAL.pdf,94,Sr. Presidente (Pinedo),Sr. Presidente (Pinedo). -,yes,yes,same-paragraph,none,medium,Tiene la palabra la senadora Aguirre.,"This page prints the dash with a preceding space (""(Pinedo). -""), unlike the tighter ""(Pinedo).-"" seen on other pages; flagging the punctuation reading as medium confidence given image resolution.",
401,2016-07-13_r11,2016-07-13_r11_ORDINARIA.pdf,92,Sra. Presidente,Sra. Presidente.-,yes,yes,same-paragraph,none,high,"Sí, por eso.","""Sra. Presidente.- Sí, por eso."" appears once on the page, directly after Sr. Pichetto's ""Los vamos a votar todos juntos.""",
402,2016-09-07_r13,2016-09-07_r13_ORDINARIA.pdf,23,Sra. Presidente,Sra. Presidente.-,yes,yes,same-paragraph,none,high,Leemos el otro y ponemos a consideración en general los dos juntos. Por Secretaría,"Paragraph reads ""Sra. Presidente.- Leemos el otro y ponemos a consideración en general los dos juntos. / Por Secretaría se dará lectura al otro dictamen."" Both quoted fragments are in this one paragraph.",
403,2016-09-07_r13,2016-09-07_r13_ORDINARIA.pdf,38,Sra. Presidente,Sra. Presidente.-,yes,yes,same-paragraph,none,high,"Senador, le está faltando un minuto para los veinte.",none,
404,2016-09-07_r13,2016-09-07_r13_ORDINARIA.pdf,87,Sra. Mirkin,Sra. Mirkin.-,yes,yes,same-paragraph,none,high,"En el capítulo 8, sobre el que ya obviamente han hablado –de las excepciones–,",none,
405,2016-09-07_r13,2016-09-07_r13_ORDINARIA.pdf,99,Sr. Secretario (Tunessi),Sr. Secretario (Tunessi).-,yes,yes,same-paragraph,none,high,Comisión de Presupuesto y Hacienda y de Sistemas y Medios de Comunicación y Libertad,"Preceded by bold section title ""17. Modificación de la ley del impuesto al valor agregado (C.D.-146/15.)"" but that title is a separate element before the speaker paragraph, not inside it.",
406,2016-09-21_r14,2016-09-21_r14_ESPECIAL.pdf,23,Sr. Presidente (Fuentes),Sr. Presidente (Fuentes).-,yes,yes,same-paragraph,none,high,"Gracias, senador. Tiene la palabra la senadora Labado.",none,
407,2016-09-28_r15,2016-09-28_r15_INFORMATIVA_ESPECIAL.pdf,16,Sr. Pérsico,Sr. Pérsico.-,yes,yes,same-paragraph,none,high,"Gracias, presidente. Gracias, señor jefe de Gabinete por estar aquí respondiendo las preguntas como",none,
408,2016-10-19_r16,2016-10-19_r16_ORDINARIA.pdf,29,Sr. Presidente (Pinedo),Sr. Presidente (Pinedo).-,yes,yes,same-paragraph,none,high,Pero todavía no se votó. Se va a votar,"The stage direction ""- Se practica la votación por medios electrónicos."" follows immediately after but does not end the turn; it is not page furniture, just a stage direction.",
409,2016-11-30_r20,2016-11-30_r20_ORDINARIA.pdf,11,Sr. Pichetto,Sr. Pichetto.-,yes,yes,same-paragraph,none,high,Pido la palabra.,"A nearby line by Sra. Odarda reads ""Yo había pedido la palabra"" (different wording), so no true duplicate of the exact quoted phrase ""Pido la palabra.""",
410,2016-11-30_r20,2016-11-30_r20_ORDINARIA.pdf,88,Sr. Lovera,Sr. Lovera.-,yes,yes,same-paragraph,none,high,"Sí, está bien, señora presidenta.",none,
411,2016-11-30_r20,2016-11-30_r20_ORDINARIA.pdf,88,Sra. Presidente,Sra. Presidente.-,yes,yes,same-paragraph,none,high,Senador: le pide una interrupción el senador Pérsico.,Same page as case 410.,
412,2016-11-30_r20,2016-11-30_r20_ORDINARIA.pdf,116,Sr. De Angeli,Sr. De Angeli.-,yes,yes,same-paragraph,none,high,"Gracias, señora presidente. La verdad es que estamos con un tema que viene de",none,
413,2016-11-30_r20,2016-11-30_r20_ORDINARIA.pdf,140,Sra. Presidente,Sra. Presidente.-,yes,yes,same-paragraph,none,medium,De Angeli.,"The quoted words ""De Angeli."" are the president's one-word paragraph calling on him, printed as ""Sra. Presidente.- De Angeli."" Note the string ""De Angeli"" also occurs as part of the speaker label ""Sr. De Angeli.-"" itself immediately before and after this line, but that is the label, not spoken content, so it is not counted as the governing label for these particular words.",
414,2016-12-21_r22,2016-12-21_r22_EXTRAORDINARIA.pdf,58,Sra. Presidente,Sra. Presidente.-,yes,yes,same-paragraph,none,high,No. Le pido por favor.,none,
415,2017-04-26_r05,2017-04-26_r05_ESPECIAL.pdf,3,Sr. Presidente (Pinedo),Sr. Presidente (Pinedo).-,yes,yes,same-paragraph,none,high,Se incorporarán al Diario de Sesiones las notas de varios señores senadores solicitando la,"The paragraph ends with a superscript footnote marker ""2"" (footnote text ""Ver el Apéndice."" prints separately below the rule at the bottom of the page, outside this paragraph).",
416,2017-04-26_r05,2017-04-26_r05_ESPECIAL.pdf,6,Sr. Presidente (Pinedo),Sr. Presidente (Pinedo).-,yes,yes,same-paragraph,none,high,Aprobados por unanimidad.,none,
417,2017-04-26_r05,2017-04-26_r05_ESPECIAL.pdf,11,Sr. Presidente (Pinedo),Sr. Presidente (Pinedo).-,yes,yes,same-paragraph,none,high,"Gracias, senador. Sigue en uso de la palabra la senadora Fernández Sagasti.",none,
418,2017-05-10_r06,2017-05-10_r06_ESPECIAL.pdf,58,Sra. Presidente,Sra. Presidente.-,yes,yes,same-paragraph,none,high,Vamos a votar la autorización para las inserciones y para las abstenciones y después,none,
419,2017-05-31_r07,2017-05-31_r07_ORDINARIA.pdf,60,Sra. Luna,Sra. Luna.-,yes,yes,same-paragraph,none,high,Señor presidente: he pedido la palabra para referirme al Orden del Día Nº 1.250.,none,
420,2017-05-31_r07,2017-05-31_r07_ORDINARIA.pdf,83,Sra. González,Sra. González.-,yes,yes,same-paragraph,none,high,Señor presidente: la verdad es que desde el mes de diciembre que estamos con,none,
421,2017-09-06_r11,2017-09-06_r11_INFORMATIVA_ESPECIAL.pdf,17,Sra. Presidente,Sra. Presidente.-,yes,yes,same-paragraph,none,high,"Bueno, termine la pregunta.",none,
422,2017-09-06_r11,2017-09-06_r11_INFORMATIVA_ESPECIAL.pdf,64,Sr. Jefe de Gabinete de Ministros,Sr. Jefe de Gabinete de Ministros.-,yes,yes,same-paragraph,none,high,"Sí, cómo no.",none,
423,2017-09-07_r12,2017-09-07_r12_ORDINARIA.pdf,43,Sr. Presidente (Abal Medina),Sr. Presidente (Abal Medina).-,yes,yes,same-paragraph,none,high,"Muy brevemente, senadora.",none,
424,2017-11-01_r14,2017-11-01_r14_ESPECIAL.pdf,4,Sr. Presidente (Pinedo),Sr. Presidente (Pinedo).-,yes,yes,same-paragraph,none,high,La sesión especial está abierta.,none,
425,2017-11-01_r14,2017-11-01_r14_ESPECIAL.pdf,4,Sr. Pais,Sr. Pais.-,yes,yes,same-paragraph,none,high,Señor presidente: justamente la bandera está a media asta porque en el día de,Same page as case 424.,
426,2017-11-29_r18,2017-11-29_r18_ORDINARIA.pdf,92,Sr. Presidente (Pinedo),Sr. Presidente (Pinedo).,yes,yes,same-paragraph,none,high,Tiene la palabra el senador Linares.,"Straightforward match, single occurrence on the page.",
427,2017-11-29_r18,2017-11-29_r18_ORDINARIA.pdf,92,Sr. Linares,Sr. Linares.,yes,yes,same-paragraph,none,high,Señor presidente: dos pequeñas acotaciones antes de hablar de los proyectos que estamos tratando,Opens the paragraph immediately following the label.,
428,2017-11-29_r18,2017-11-29_r18_ORDINARIA.pdf,134,Sr. Presidente (Pinedo),Sr. Presidente (Pinedo).,yes,yes,same-paragraph,none,high,Vamos a votar en general…,"Single occurrence, unambiguous.",
429,2017-11-29_r18,2017-11-29_r18_ORDINARIA.pdf,143,Varios señores senadores,Varios señores senadores.,yes,yes,same-paragraph,none,medium,¿Quiénes se abstienen?,"Ambiguous — the identical words ""¿Quiénes se abstienen?"" are printed twice in a row on this page, first under ""Varios señores senadores."" and again immediately after under ""Sr. Secretario (Tunessi)."" I report the first (earlier) occurrence.",
430,2017-11-29_r18,2017-11-29_r18_ORDINARIA.pdf,143,Sr. Secretario (Tunessi),Varios señores senadores.,phrase-printed-twice,yes,same-paragraph,none,medium,¿Quiénes se abstienen?,"Same page and same duplicated quote as case 429 — ""¿Quiénes se abstienen?"" appears twice, under ""Varios señores senadores."" and then under ""Sr. Secretario (Tunessi)."" Ambiguous; reporting the first occurrence for consistency.","parser right — page 143 prints '¿Quiénes se abstienen?' twice, under 'Varios señores senadores' and then under 'Sr. Secretario (Tunessi)', and the parser records both. Cases 429 and 430 are those two turns."
431,2017-12-27_r19,2017-12-27_r19_EXTRAORDINARIA.pdf,70,Sra. Presidente,Sra. Presidente.,yes,yes,same-paragraph,none,high,Senadora...,"Printed as ""Sra. Presidente.- Senadora..."" — single occurrence.",
432,2017-12-27_r19,2017-12-27_r19_EXTRAORDINARIA.pdf,71,Sr. Mayans,Sr. Mayans.,yes,yes,same-paragraph,none,high,No se trabaja en comisión y vienen con un tema exprés…,"This one label is printed with only a period, no dash (""Sr. Mayans."" followed directly by ""No se trabaja...""), unlike the surrounding ""Sr. Mayans.-"" occurrences on the same page. Transcribed exactly as printed.",
433,2017-12-27_r19,2017-12-27_r19_EXTRAORDINARIA.pdf,159,Sr. Pichetto,Sr. Pichetto.,yes,yes,same-paragraph,none,high,"¡Que quien quiera votar en contra, lo diga y listo, presidenta!","Single occurrence, unambiguous.",
434,2017-12-27_r19,2017-12-27_r19_EXTRAORDINARIA.pdf,164,Sra. Presidente,Sra. Presidente.,yes,yes,same-paragraph,"superscript footnote marker ""25"" later in the same paragraph (after ""de la Constitución Nacional."" and before ""Se comunicará al Poder Ejecutivo nacional.""), referencing ""Ver el Apéndice."" at the foot of the page.",high,"Se deja constancia de que los artículos 1º, 4º, 5º y 6º fueron votados",None.,
435,2018-03-21_r02,2018-03-21_r02_ORDINARIA.pdf,24,Sra. Presidente,Sra. Presidente.,yes,yes,same-paragraph,none,high,"Perfecto. También lo reservamos en la mesa. Entonces, ahora sí vamos a practicar a","Single occurrence, unambiguous.",
436,2018-04-25_r04,2018-04-25_r04_ESPECIAL.pdf,48,Sra. Fiore Viñuales,Sra. Fiore Viñuales.,yes,yes,same-paragraph,none,high,Se habló también de una falta de honestidad y la verdad es que me,"This is the second ""Sra. Fiore Viñuales."" label on the page, printed just after the stage direction ""- Ocupa la Presidencia el señor vicepresidente del H. Senado, senador Omar Ángel Perotti,"" which does not end her turn.",
437,2018-04-25_r04,2018-04-25_r04_ESPECIAL.pdf,70,Sr. Secretario (Tunessi),Sr. Secretario (Tunessi).,yes,yes,same-paragraph,none,high,"Resultan 48 votos afirmativos, 11 negativos y 2 abstenciones para el artículo 25, con","Single occurrence, unambiguous.",
438,2018-04-25_r05,2018-04-25_r05_INFORMATIVA_ESPECIAL.pdf,33,Sr. Jefe de Gabinete de Ministros,Sr. Jefe de Gabinete de Ministros.,yes,yes,same-paragraph,none,high,"Además de la factibilidad de Potrero del Clavillo que, una vez que se finalice","This is the second ""Sr. Jefe de Gabinete de Ministros."" paragraph on the page, separated from the first by a stage direction about senadora Mirkin, which does not end the turn.",
439,2018-04-25_r05,2018-04-25_r05_INFORMATIVA_ESPECIAL.pdf,51,Sr. Presidente (Marino),Sr. Presidente (Marino).,yes,yes,same-paragraph,none,high,"Gracias, senadora. Señor jefe de Gabinete: tiene la palabra.",None.,
440,2018-05-30_r06,2018-05-30_r06_ESPECIAL.pdf,74,Sra. Presidente,Sra. Presidente.,yes,yes,same-paragraph,none,high,"Gracias, senador. Tiene la palabra el señor senador Braillard Poccard.",None.,
441,2018-05-30_r06,2018-05-30_r06_ESPECIAL.pdf,150,Sra. Presidente,Sra. Presidente.,yes,yes,same-paragraph,none,high,Bien. Tiene la palabra el senador Pichetto.,None.,
442,2018-05-30_r06,2018-05-30_r06_ESPECIAL.pdf,167,Sr. Secretario (Tunessi),Sr. Secretario (Tunessi).,yes,yes,previous-page,"page break furniture between the two images — the running head ""'2018 - Año del Centenario de la Reforma Universitaria'"", the dateline ""30 y 31 de mayo de 2018 Sesión especial Pág. 167"", and the footer ""Dirección General de Taquígrafos"" all fall inside this same continuing paragraph.",high,"Acuerdo para nombrar embajadores extraordinarios y plenipotenciarios a los señores Mario Domingo Barletta, Ezequiel","Label is printed only on the first image (page 166): ""Sr. Secretario (Tunessi).- Órdenes del día de acuerdos, sesión de acuerdos: 161, 162,"". The paragraph continues uninterrupted (no new label) across the page break onto page 167, into the list beginning ""Acuerdo para nombrar embajadores extraordinarios..."".",
443,2018-05-30_r06,2018-05-30_r06_ESPECIAL.pdf,169,Sra. Fernández Sagasti,Sra. Fernández Sagasti.,yes,yes,same-paragraph,none,high,"Perdón, es todo el bloque. ¿El secretario lo tomó?",None.,
444,2018-07-04_r09,2018-07-04_r09_ORDINARIA.pdf,10,Sra. Presidente,Sra. Presidente.,yes,yes,same-paragraph,"superscript footnote marker ""2"" right after ""...manifestaciones que estimen pertinentes."", referencing ""Ver el Apéndice."" at the foot of the page.",high,"De conformidad con lo dispuesto en el artículo 187 del reglamento, la Presidencia informa",None.,
445,2018-07-04_r09,2018-07-04_r09_ORDINARIA.pdf,52,Sra. Presidente,Sra. Presidente.,yes,yes,same-paragraph,none,high,"Perdón, un poquito de silencio porque se está haciendo un poquito complicado escucharla.",None.,
446,2018-08-08_r10,2018-08-08_r10_ESPECIAL.pdf,41,Sra. Presidente,Sra. Presidente.,yes,yes,same-paragraph,none,high,"Gracias a usted senador. Les cuento que el senador Alperovich ha decidido no hablar,",None.,
447,2018-08-08_r10,2018-08-08_r10_ESPECIAL.pdf,113,Sra. Presidente,Sra. Presidente.,yes,yes,same-paragraph,none,high,"Gracias, senador. Senadora: puede proseguir.",None.,
448,2018-08-08_r10,2018-08-08_r10_ESPECIAL.pdf,113,Sra. González (G. E.),Sra. González (G. E.).,yes,yes,same-paragraph,none,high,Sí.,"The single word ""Sí."" appears only once as a standalone paragraph on this page, immediately after ""Sr. Urtubey.- Hago la aclaración. Si no espero…"".",
449,2018-08-22_r13,2018-08-22_r13_ESPECIAL.pdf,85,Sra. Presidente,Sra. Presidente.,yes,yes,same-paragraph,none,high,"Entonces, ahora sí, vamos a votar electrónicamente, en general, para después votar en particular.",None.,
450,2018-10-10_r16,2018-10-10_r16_ORDINARIA.pdf,74,Sr. Presidente (Pinedo),Sr. Presidente (Pinedo).,yes,yes,same-paragraph,none,high,"Gracias, senador. Tiene la palabra el senador Pereyra, que no está. Entonces, tiene la",None.,
451,2018-10-10_r16,2018-10-10_r16_ORDINARIA.pdf,100,Sr. Ojeda,Sr. Ojeda.,yes,yes,same-paragraph,none,high,"No, señor presidente. Voy a votar afirmativamente.",Direct exchange with the president; label and words in the same short paragraph.,
452,2018-10-10_r16,2018-10-10_r16_ORDINARIA.pdf,117,Sr. Presidente (Pinedo),Sr. Presidente (Pinedo).,yes,yes,same-paragraph,none,high,"Senador Fuentes, ¿Quiere hacer uso de la palabra?",none,
453,2018-10-10_r16,2018-10-10_r16_ORDINARIA.pdf,136,Sr. Presidente (Pinedo),Sr. Presidente (Pinedo).,yes,yes,same-paragraph,none,high,"Si, señor.","Short reply ""Si, señor."" appears once on the page, right after the secretary's line.",
454,2018-12-19_r20,2018-12-19_r20_EXTRAORDINARIA.pdf,12,Sr. Fuentes,Sr. Fuentes.,yes,yes,same-paragraph,none,high,"En un momento de cambios de paradigmas culturales, donde precisamente esta lucha por la",none,
455,2019-03-20_r02,2019-03-20_r02_ORDINARIA.pdf,25,Sr. Presidente (Pinedo),Sr. Presidente (Pinedo).,yes,yes,same-paragraph,none,high,"Para un homenaje, tiene la palabra el senador Cobos.","Printed with no space between the dash and ""Para"" (""(Pinedo).-Para un homenaje...""), but it is the same label/paragraph.",
456,2019-03-20_r02,2019-03-20_r02_ORDINARIA.pdf,77,Sr. Secretario (Tunessi),Sr. Secretario (Tunessi).,yes,yes,previous-page,"- Los proyectos en consideración, cuyos textos se incluyen en el Apéndice, son los siguientes:",medium,Declaración que expresa beneplácito por el 125º aniversario de la Misión Salesiana “Nuestra Señora,"The turn opens on page 76 ending with ""Sr. Secretario (Tunessi).- Están publicados en la página web, son los proyectos que se acuerdan en labor parlamentaria."" No new bold label appears before the italic stage-direction line and project list on page 77 that contains the quoted words, so the secretary's label still governs.",
457,2019-03-20_r02,2019-03-20_r02_ORDINARIA.pdf,95,Sr. Presidente (Pinedo),Sr. Presidente (Pinedo).,yes,yes,earlier-on-page,"- Los proyectos en consideración, cuyos textos se incluyen en el Apéndice, son los siguientes:",medium,Beneplácito por la elección y designación de Ana Barral y Valeria Bergman en carácter,"Same structure as case 456: last bold label on the page is ""Sr. Presidente (Pinedo).- Quedan habilitados."", followed by the italic stage-direction line and the project list containing the quoted words, with no new label in between.",
458,2019-05-22_r06,2019-05-22_r06_ESPECIAL.pdf,10,Sra. Presidente (Michetti),Sra. Presidente (Michetti).,yes,no,same-paragraph,none,medium,"Gracias, senadora Solari Quintana. Senadora Inés Brizuela y Doria.","Only ""Gracias, senadora Solari Quintana."" is printed on this page, as the last line; ""Senadora Inés Brizuela y Doria."" is not visible on the given image (it would continue onto the next page, which was not supplied). Reporting the label of the closest paragraph.",
459,2019-05-22_r06,2019-05-22_r06_ESPECIAL.pdf,18,Sra. Presidente (Michetti),Sra. Presidente (Michetti).,yes,yes,same-paragraph,none,high,Es lo que acabamos de hacer cuando nos apartamos del Reglamento y ahora lo,none,
460,2019-05-22_r06,2019-05-22_r06_ESPECIAL.pdf,25,Sra. Presidente (Michetti),Sra. Presidente (Michetti).,yes,yes,same-paragraph,none,high,"Gracias, senadora.","Short reply ""Gracias, senadora."" appears once, right after senadora Odarda's speech.",
461,2019-05-22_r06,2019-05-22_r06_ESPECIAL.pdf,30,Sra. Durango,Sra. Durango.,yes,yes,same-paragraph,none,high,"Gracias, presidenta. Como presidenta de la Banca de la Mujer, celebro el tratamiento de",none,
462,2019-07-17_r07,2019-07-17_r07_ORDINARIA.pdf,59,Sr. Cobos,Sr. Cobos.,yes,yes,same-paragraph,none,high,"A ver, no sé si tengo la palabra… Le doy la palabra…",none,
463,2019-07-17_r07,2019-07-17_r07_ORDINARIA.pdf,112,Sr. Presidente (Pinedo),Sr. Presidente (Pinedo).,yes,yes,same-paragraph,(Aplausos en las galerías.),high,Aprobados. Se realizarán las comunicaciones correspondientes.,The applause note follows the quoted words within the same paragraph.,
464,2019-11-13_r09,2019-11-13_r09_ESPECIAL.pdf,9,Sr. Caserio,Sr. Caserio.,yes,yes,same-paragraph,none,high,"Sí. Un momentito, por favor, señora presidenta. La verdad es que fue todo tan","A shorter ""Sr. Caserio.- Bueno…"" line appears just above; the quoted words belong to the second, fuller ""Sr. Caserio."" paragraph after the president gives him the floor.",
465,2019-11-27_r10,2019-11-27_r10_ESPECIAL.pdf,11,Sra. Presidente (Michetti),Sra. Presidente (Michetti).,yes,yes,earlier-on-page,none,high,Señor senador nacional electo por la provincia de Entre Ríos don Edgardo Darío Kueider:,"The name-and-oath-question paragraph (""Señor senador nacional electo... Kueider:"") carries no bold label of its own; it follows ""Sra. Presidente (Michetti).- Si así no lo hiciereis, Dios y la Patria os lo demanden. (Aplausos.)"" with no new label in between, so it is still Michetti's turn (this is the presiding officer reading out each senator-elect's name before administering the oath).",
466,2019-11-27_r10,2019-11-27_r10_ESPECIAL.pdf,11,Sra. Presidente (Michetti),Sra. Presidente (Michetti).,yes,yes,earlier-on-page,none,high,Señor senador nacional electo por la provincia de Entre Ríos don Alfredo Luis De,"Same pattern as case 465: the ""Señor senador nacional electo... De Angeli:"" line has no bold label of its own and follows Michetti's previous labeled line with no new label in between.",
467,2019-11-27_r10,2019-11-27_r10_ESPECIAL.pdf,13,Sra. Presidente (Michetti),Sra. Presidente (Michetti).,yes,yes,same-paragraph,(Aplausos.),medium,"Si así no lo hiciereis, la Patria os lo demande.","Ambiguous — the identical phrase ""Si así no lo hiciereis, la Patria os lo demande."" is printed twice on this page (after senator-elect Weretilneck's oath and after senadora-elect Giménez's oath), both under the same label ""Sra. Presidente (Michetti)."", so the ambiguity does not change the answer.",
468,2019-11-27_r10,2019-11-27_r10_ESPECIAL.pdf,13,Sra. Presidente (Michetti),Sra. Presidente (Michetti).,yes,yes,same-paragraph,(Aplausos.),medium,"Si así no lo hiciereis, la Patria os lo demande.","Same instance as case 467 — the phrase ""Si así no lo hiciereis, la Patria os lo demande."" is printed twice on this page, both times under ""Sra. Presidente (Michetti)."", so this is marked ambiguous but the label is the same either way.",
469,2019-11-27_r10,2019-11-27_r10_ESPECIAL.pdf,14,Sra. Presidente (Michetti),Sra. Presidente (Michetti).,yes,yes,earlier-on-page,none,high,"Señora senadora nacional electa por la provincia de Tierra del Fuego, Antártida e Islas","The ""Señora senadora nacional electa... Tierra del Fuego..."" line (senadora-elect Duré) has no bold label of its own and follows Michetti's previous labeled line with no new label in between.",
470,2019-12-20_r11,2019-12-20_r11_EXTRAORDINARIA.pdf,9,Sra. Presidenta (Fernández de Kirchner),Sra. Presidenta (Fernández de Kirchner).,yes,yes,same-paragraph,none,high,¿Un minuto de silencio pidió senador? Tiene la palabra el señor senador Rodríguez Saá.,"This record spells the title ""Presidenta"" correctly (unlike the Michetti-presided record above, which prints ""Presidente"").",
471,2019-12-20_r11,2019-12-20_r11_EXTRAORDINARIA.pdf,15,Sra. Mirkin,Sra. Mirkin.,yes,yes,same-paragraph,none,high,"Muchas gracias, señora presidenta. La verdad es que este proyecto de ley de Consenso",none,
472,2019-12-20_r11,2019-12-20_r11_EXTRAORDINARIA.pdf,16,Sra. Presidenta (Fernández de Kirchner),Sra. Presidenta (Fernández de Kirchner).,yes,yes,same-paragraph,none,high,Tiene la palabra el senador De Angeli.,none,
473,2019-12-20_r11,2019-12-20_r11_EXTRAORDINARIA.pdf,22,Sra. Presidenta (Fernández de Kirchner),Sra. Presidenta (Fernández de Kirchner).,yes,yes,same-paragraph,none,high,"Aprobado. Vamos a tomarle juramento. Doctor Juan Pedro Tunessi: ¿juráis a la Patria, por","The label's paragraph runs ""Aprobado. / Vamos a tomarle juramento. / Doctor Juan Pedro Tunessi: ¿juráis...?"" as one continuous turn.",
474,2019-12-20_r11,2019-12-20_r11_EXTRAORDINARIA.pdf,132,Sr. Mayans,Sr. Mayans.,yes,yes,same-paragraph,none,high,"Gracias, presidenta. Perón decía que el hombre que llega al gobierno tiene dos objetivos",none,
475,2022-09-22_r11,22-09-2022_ESPECIAL.pdf,65,Sra. Presidenta (Tagliaferri),Sra. Presidenta (Tagliaferri).,yes,yes,same-paragraph,none,high,"Ahora, sí. Senador Weretilneck, tiene la palabra.",none,
476,2023-02-23_r01,23-02-2023_PREPARATORIA.pdf,8,Sra. Presidenta (Ledesma Abdala),Sra. Presidenta (Ledesma Abdala).-,yes,yes,same-paragraph,none,high,"Bien. Hay asentimiento, entonces, por unanimidad. Resultan, entonces, ratificadas las autoridades. Han sido, entonces,",Quoted words are the opening sentences of this speaker's own paragraph.,
477,2023-02-23_r01,23-02-2023_PREPARATORIA.pdf,8,Sra. Presidenta (Ledesma Abdala),Sra. Presidenta (Ledesma Abdala).-,yes,yes,same-paragraph,none,high,"Gracias, senador. Si hay asentimiento, se ponen en consideración, entonces, a mano alzada, las",None.,
478,2023-02-23_r01,23-02-2023_PREPARATORIA.pdf,8,Sra. Presidenta (Ledesma Abdala),Sra. Presidenta (Ledesma Abdala).-,yes,yes,same-paragraph,none,high,"Resultan, entonces, ratificadas las autoridades, por unanimidad. Conforme el artículo 4° del reglamento, si",None.,
479,2020-07-23_r09,23-07-2020_ESPECIAL.pdf,66,Sr. Presidente (Lousteau),Sr. Presidente (Lousteau).-,yes,yes,same-paragraph,none,high,Estamos todos. Se lanza la votación. – Los órdenes del día en consideración son,"The second half of the quote (""– Los órdenes del día en consideración son"") is the italicized stage-direction line that immediately follows this speaker's sentence; it does not end the turn, so the same label governs both halves.",
480,2021-06-24_r09,24-06-2021_ESPECIAL.pdf,4,Sra. Presidenta (Fernández de Kirchner),Sra. Presidenta (Fernández de Kirchner).-,yes,yes,same-paragraph,none,high,¿Hay oradores al respecto o no van a hacer uso de la palabra?,None.,
481,2024-09-26_r10,26-09-2024_ORDINARIA.pdf,49,Sr. Pagotto,Sr. Pagotto.-,yes,yes,same-paragraph,none,high,"Al senador Juez, lo que quiera.","Paragraph ends with the stage direction ""(Risas.)"" right after the quoted words, but that does not change the governing label.",
482,2020-08-27_r12,27-08-2020_ESPECIAL.pdf,135,Sr. Mayans,Sr. Mayans.-,yes,yes,same-paragraph,none,high,"Simplemente, desde el principio, nuestro bloque quiere ofrecer condolencias a las familias que han",None.,
483,2022-10-27_r12,27-10-2022_ESPECIAL.pdf,42,Sr. Secretario (Fuentes),Sr. Secretario (Fuentes).-,yes,yes,same-paragraph,none,high,Se vuelve a rogar que desalojen los palcos. Gracias.,"Page has several near-identical ""Sr. Secretario (Fuentes).-"" paragraphs asking galleries to be cleared; the one matching this exact wording (""Se vuelve a rogar que desalojen los palcos."") is unambiguous.",
484,2024-11-27_r11,27-11-2024_INFORMATIVA_ESPECIAL.pdf,97,Sr. Atauche,Sr. Atauche.-,yes,yes,same-paragraph,none,high,"Luego, fueron las generales en octubre y Massa ganó. Gana Massa y muchos de",None.,
485,2023-09-28_r06,28-09-2023_ESPECIAL.pdf,24,Sra. Fernández Sagasti,Sra. Fernández Sagasti.-,yes,yes,same-paragraph,none,high,"Deje de patotear, senadora.",None.,
486,2023-09-28_r06,28-09-2023_ESPECIAL.pdf,52,Sr. Mayans,Sr. Mayans.-,yes,yes,same-paragraph,none,medium,Yo acá hablo.,"The exact phrase ""Yo acá hablo."" appears twice on this page under two separate ""Sr. Mayans.-"" paragraphs (once as the end of a longer sentence, once as a standalone paragraph) — ambiguous which occurrence is meant, but both are governed by the same label so the answer is unaffected.",
487,2023-09-28_r06,28-09-2023_ESPECIAL.pdf,53,Sr. Mayans,Sr. Mayans.-,yes,yes,same-paragraph,none,high,… que quede claro. Los que responden a Lago… Cualquier magistrado que responda a,None.,
488,2023-09-28_r06,28-09-2023_ESPECIAL.pdf,55,Sra. Presidenta (Ledesma Abdala),Sra. Presidenta (Ledesma Abdala).-,yes,yes,same-paragraph,none,high,Faltan votar dos senadores.,None.,
489,2023-09-28_r06,28-09-2023_ESPECIAL.pdf,112,Sra. Presidenta (Fernández de Kirchner),Sra. Presidenta (Fernández de Kirchner).-,yes,yes,same-paragraph,none,high,"A ver, pero en serio. Por favor, si son 40 minutos que le corresponde",None.,
490,2023-09-28_r06,28-09-2023_ESPECIAL.pdf,119,Sra. Presidenta (Ledesma Abdala),Sra. Presidenta (Ledesma Abdala).-,yes,yes,same-paragraph,none,high,"Gracias, senador. Tiene la palabra senador Lewandowski.",None.,
491,2021-10-28_r13,28-10-2021_ORDINARIA.pdf,7,Sr. Rodríguez Saá,Sr. Rodríguez Saá.-,yes,yes,same-paragraph,none,high,"Gracias, señora presidenta. Es para plantear una preferencia para el tratamiento del expediente 1082/20",None.,
492,2023-11-29_r00,29-11-2023_ASAMBLEA.pdf,7,Sra. Presidenta (Fernández de Kirchner),Sra. Presidenta (Fernández de Kirchner).-,yes,yes,same-paragraph,none,high,Por Secretaría se dará lectura de los y de las integrantes de esa comisión.,"Paragraph contains the inline stage direction ""(Risas.)"" before the quoted sentence, but it is the same speaker's uninterrupted turn.",
493,2020-12-29_r28,29-12-2020_ESPECIAL.pdf,17,Sr. Mera,Sr. Mera.-,yes,yes,same-paragraph,none,high,Dígame cuándo puedo empezar…,"Note the page inconsistently prints this same speaker once as ""Sra. Mera.-"" a few lines earlier; the label directly governing the quoted words is ""Sr. Mera.-"", printed as such.",
494,2020-12-29_r28,29-12-2020_ESPECIAL.pdf,69,Sra. Almirón,Sra. Almirón.-,yes,yes,same-paragraph,none,high,"Hace dos años, tuvimos una sesión histórica cuando debatimos por primera vez la interrupción",None.,
495,2023-03-30_r02,30-03-2023_ESPECIAL.pdf,22,Sr. Lewandowski,Sr. Lewandowski.-,yes,yes,same-paragraph,none,high,Es así.,"Page has several short consecutive ""Sr. Lewandowski.-"" paragraphs interspersed with ""(Manifestaciones en las galerías.)""; the one reading exactly ""Es así."" is unambiguous.",
496,2022-06-30_r07,30-06-2022_ORDINARIA.pdf,85,Sra. Presidente (Ledesma Abdala),Sra. Presidente (Ledesma Abdala).-,yes,yes,same-paragraph,none,high,"Muy bien. Resulta aprobada la lista de oradores. Tiene la palabra señor miembro informante,","Printed as ""Presidente"" (not ""Presidenta"") in this instance; transcribed exactly as it appears.",
497,2022-06-30_r07,30-06-2022_ORDINARIA.pdf,88,Sra. Presidenta (Ledesma Abdala),Sra. Presidenta (Ledesma Abdala).-,yes,yes,same-paragraph,none,high,"Gracias, senador. Tiene la palabra senadora Duré.",None.,
498,2022-06-30_r07,30-06-2022_ORDINARIA.pdf,106,Sra. Presidenta (Ledesma Abdala),Sra. Presidenta (Ledesma Abdala).-,yes,yes,same-paragraph,none,high,"Gracias, senadora. Tiene la palabra, senadora Catalfamo.",None.,
499,2022-06-30_r07,30-06-2022_ORDINARIA.pdf,111,Sra. Presidenta (Ledesma Abdala),Sra. Presidenta (Ledesma Abdala).-,yes,yes,same-paragraph,none,high,"Muy bien. Se convierte, entonces, en ley. Pasa al Poder Ejecutivo.","Paragraph ends with inline stage direction ""(Aplausos.)"" right after the quoted words; same uninterrupted turn.",
500,2020-10-30_r20,30-10-2020_ESPECIAL.pdf,21,Sr. Poggi,Sr. Poggi.-,yes,yes,same-paragraph,none,high,"Muchas gracias, presidenta. Es muy importante el proyecto de ley que hoy tratamos, que",None.,
