case,session,source_file,page,parser_speaker,blind_read_label,agree,opening_words,which_occurrence,reader_notes
h001,2000-09-07_r50,2000-09-07_r50_ORDINARIA.html,,Sr. Presidente (Genoud),Sr. Presidente (Genoud).--,yes,La Presidencia vela por el cumplimiento del Reglamento.,,
h002,1999-04-14_r08,1999-04-14_r08_ORDINARIA.html,,Sr. PRESIDENTE,Sr. PRESIDENTE.-,yes,Tiene la palabra el señor senador por Mendoza.,4 of 5,
h003,1999-12-22_r69,1999-12-22_r69_EXTRAORDINARIA.html,,Sr. PARDO,Sr. PARDO.-,yes,"Señor presidente: realmente, lo que ha expresado el senador Menem es lo que me hubiese gustado decir, pero quiero destacar que la indignación que sentían los senadores de la Alianza,",,
h004,1999-10-27_r52,1999-10-27_r52_ORDINARIA.html,,Sr. PRESIDENTE (Cafiero),Sr. PRESIDENTE (Cafiero).-,yes,Corresponde considerar el dictamen de las comisiones de Presupuesto y Hacienda y de Agricultura y Ganadería en el proyecto de comunicación del señor senador Salum por el que se solicita,,
h005,2001-06-20_r41,2001-06-20_r41_ORDINARIA.html,,Sr. Gagliardi,Sr. Gagliardi. --,yes,Pido la palabra.,4 of 15,
h006,1998-06-24_r26,1998-06-24_r26_ORDINARIA.html,,Sr. YOMA,Sr. YOMA.-,yes,La concedo.,1 of 2,
h007,1999-10-27_r52,1999-10-27_r52_ORDINARIA.html,,Sr. PRESIDENTE (Cafiero),Sr. PRESIDENTE (Cafiero).-,yes,Corresponde considerar el dictamen de la Comisión Parlamentaria Mixta Revisora de Cuentas de la Administración en el expediente Oficiales Varios 152 y 150/95 por el cual la Auditoría General de,,
h008,1998-11-26_r65,1998-11-26_r65_ORDINARIA.html,,Sr. PRESIDENTE (Menem),Sr. PRESIDENTE (Menem).-,yes,Corresponde considerar el dictamen de las comisiones de Interior y Justicia y de Presupuesto y Hacienda en el proyecto de ley del Poder Ejecutivo por el que se sustituye un,,
h009,2003-03-06_r02,2003-03-06_r02_ORDINARIA.html,,Sr. Presidente (Gioja),Sr. Presidente (Gioja).--,yes,"En consideración en general. Si no se hace uso de la palabra, se va a votar.",68 of 108,
h010,2001-05-03_r24,2001-05-03_r24_ORDINARIA.html,,Sr. Maya,Sr. Maya.--,yes,Señor presidente...,,
h011,1998-04-22_r11,1998-04-22_r11_ORDINARIA.html,,Sr. PROSECRETARIO (Pontaquarto),Sr. PROSECRETARIO (Pontaquarto).-,yes,"(Lee:) ""Artículo 9: El Poder Ejecutivo Nacional deberá reglamentar la presente ley dentro de los treinta días de su promulgación.""",,"Spoken aloud on the floor: the Prosecretario reads the bill article into the record during article-by-article debate, not an inserted document handed in separately."
h012,2003-07-02_r14,2003-07-02_r14_ORDINARIA.html,,Sr. Presidente (Gioja),Sr. Presidente (Gioja).--,yes,"En consecuencia, pasa al Archivo.",17 of 22,
h013,2001-08-08_r50,2001-08-08_r50_ORDINARIA.html,,Sr. Presidente (Losada),Sr. Presidente (Losada).--,yes,Queda aprobada la declaración. Se procederá en consecuencia.,2 of 9,"which_occurrence said '2 of 9' but I count 10 occurrences of this exact phrase in the file; occurrence 2 in my count is still clearly Sr. Presidente (Losada), same as occurrence 1 and most others, so the count mismatch does not change the answer."
h014,2000-08-09_r42,2000-08-09_r42_ORDINARIA.html,,Sr. Presidente,Sr. Presidente. --,yes,"Si no se hace uso de la palabra, se va a votar el artículo 13 con la redacción propuesta por el señor senador Villarroel.",,
h015,2000-04-05_r11,2000-04-05_r11_ORDINARIA.html,,Sr. Presidente,Sr. Presidente. --,yes,"En consideración la moción formulada por el señor senador por La Pampa. Si no se hace uso de la palabra, se va a votar.",,
h016,2000-08-02_r38,2000-08-02_r38_ORDINARIA.html,,Sr. Presidente,Sr. Presidente. --,yes,Corresponde considerar el dictamen de las comisiones de Presupuesto y Hacienda y de Trabajo y Previsión Social en el proyecto de comunicación del señor senador Molinari Romero por el que,,
h017,2002-03-14_r03,2002-03-14_r03_ORDINARIA.html,,Sr. Guinle,Sr. Guinle. --,yes,"Señor presidente: voy a tratar de ser lo más telegráfico posible. En realidad, se ha analizado el convenio firmado por el presidente y gobernadores al fundar el dictamen que está",,
h018,2000-06-21_r27,2000-06-21_r27_ORDINARIA.html,,Sr. Presidente (Genoud),Sr. Presidente (Genoud). --,yes,Corresponde considerar el dictamen de las comisiones de Deportes y de Drogadicción y Narcotráfico en el proyecto de declaración del señor senador Del Piero por el que se declara de,,
h019,1999-08-04_r37,1999-08-04_r37_ORDINARIA.html,,Sr. GALVÁN,Sr. GALVÁN.-,yes,Señor presidente: quiero informar a la Honorable Cámara que la Comisión de Seguimiento de los Atentados a la Embajada de Israel y de la AMIA ha producido el segundo dictamen,,
h020,2001-08-08_r50,2001-08-08_r50_ORDINARIA.html,,Sr. Presidente (Menem),Sr. Presidente (Losada). --,no,Tiene la palabra el señor senador Gioja.,3 of 3,"the sheet's old occurrence count sent the reader to a different printing of the same stock phrase; the page prints the parser's label immediately before every block the parser gives it (checked, this file) | reader: which_occurrence said '3 of 3' but I count 4 occurrences of the phrase; occurrence 3 in my count is preceded by Sr. Gioja saying 'Pido la palabra' then Sr. Presidente (Losada) granting it, same pattern as the other matches."
h021,1999-11-10_r57,1999-11-10_r57_ORDINARIA.html,,Sr. PRESIDENTE (Menem),Sr. PRESIDENTE (Menem).-,yes,Queda aprobada la declaración. Se procederá en consecuencia.,6 of 17,"which_occurrence said '6 of 17' but I count 18 occurrences; occurrence 6 in my count is unambiguously Sr. PRESIDENTE (Menem), consistent with the surrounding pattern."
h022,2001-05-16_r33,2001-05-16_r33_ORDINARIA.html,,Sr. Presidente (Menem),Sr. Presidente (Menem). --,yes,"En consideración en general. Si no se hace uso de la palabra, se va a votar.",55 of 63,
h023,2002-09-25_r25,2002-09-25_r25_ORDINARIA.html,,Sr. Presidente (López Arias),Sr. Presidente (López Arias).--,yes,Había entendido que levantaba la mano. Estoy ya tan susceptible que no quiero dejar sin la palabra a nadie. Tiene la palabra el señor senador Lamberto.,,
h024,1999-08-04_r37,1999-08-04_r37_ORDINARIA.html,,Sr. PRESIDENTE,Sr. PRESIDENTE.-,yes,"En consideración en general. Si no se hace uso de la palabra, se va a votar.",23 of 130,
h025,2001-03-07_r02,2001-03-07_r02_ORDINARIA.html,,Sr. Secretario (Oyarzún),Sr. Secretario (Oyarzún).--,yes,(Lee:),58 of 85,"which_occurrence said '58 of 85' but I count 102 occurrences of '(Lee:)' in the file. Every single occurrence I checked (including several not immediately preceded by a fresh speaker label, where the Secretary continues reading after noting an amendment) is spoken by Sr. Secretario (Oyarzún) -- there is no other speaker who says '(Lee:)' in this file, so the count mismatch does not change the answer."
h026,1999-09-15_r45,1999-09-15_r45_ORDINARIA.html,,Sr. PRESIDENTE,Sr. PRESIDENTE.-,yes,"Corresponde considerar el dictamen de la Comisión de Ecología y Desarrollo Humano en el proyecto de resolución del señor senador San Millán por el que se auspicia la ""Jornada de",,
h027,2001-06-13_r38,2001-06-13_r38_ORDINARIA.html,,Sr. Secretario (Oyarzún),Sr. Secretario (Oyarzún).,yes,(Lee:),112 of 112,
h028,1999-11-10_r57,1999-11-10_r57_ORDINARIA.html,,Sr. SECRETARIO (Oyarzún),Sr. SECRETARIO (Oyarzún).-,yes,(Lee:) .,41 of 74,
h029,2003-05-07_r08,2003-05-07_r08_ORDINARIA.html,,Sr. Baglini,Sr. Baglini.,yes,"Señor presidente: tengo una inquietud con relación al artículo 6 viejo, que es el 5 actual. Dicha disposición va a ratificar el decreto, y sería una muy buena ocasión para",,
h030,2003-05-07_r08,2003-05-07_r08_ORDINARIA.html,,Sr. Moro,Sr. Moro.,yes,"Señor presidente: es al sólo efecto de hacer constar mi voto negativo al artículo 6°, ex 7°.",,
h031,2003-03-06_r02,2003-03-06_r02_ORDINARIA.html,,Sr. Presidente (Gioja),Sr. Presidente (Gioja).,yes,"Corresponde considerar el dictamen de las comisiones de Combustibles, de Transportes y de Presupuesto y Hacienda en el proyecto de comunicación de la señora senadora Curletti y otros señores senadores",,
h032,2002-05-30_r13,2002-05-30_r13_ORDINARIA.html,,Sr. Passo,Sr. Passo.,yes,"¿Puedo continuar, señor presidente?",,
h033,1999-09-15_r45,1999-09-15_r45_ORDINARIA.html,,Sr. PRESIDENTE,Sr. PRESIDENTE.-,yes,Se tomará nota y se dará a conocimiento de los señores senadores. Tiene la palabra el señor senador por Santiago del Estero.,,"Passage spans two paragraphs (""Se tomará nota..."" and ""Tiene la palabra..."") but only the first carries a speaker label; the second has none, so it continues the same PRESIDENTE turn."
h034,2002-03-14_r03,2002-03-14_r03_ORDINARIA.html,,Sr. Gioja,Sr. Gioja.,yes,"Señor presidente: a raíz de pedidos formulados por algunos señores senadores, vamos a solicitar que este tema vuelva a la comisión respectiva.",,
h035,1998-08-12_r34,1998-08-12_r34_ORDINARIA.html,,Sr. PRESIDENTE,Sr. PRESIDENTE.-,yes,Dictamen de las comisiones de Educación y de Cultura en el proyecto de resolución de la señora senadora Rivas por el que se declara de interés educativo y cultural la,,
h036,2003-03-06_r02,2003-03-06_r02_ORDINARIA.html,,Sr. Presidente (Gioja),Sr. Presidente (Gioja).,yes,Corresponde considerar el dictamen de la Comisión de Asesoramiento del Mercosur en el proyecto de comunicación del señor senador Taffarel y de la señora senadora Bar por el que se,,"The full phrase (Taffarel y Bar dictamen) recurs 5 times in this session for different agenda items; took the 1st since which_occurrence was blank. All instances I sampled are announced by the same Sr. Presidente (Gioja), so this is unlikely to matter."
h037,2002-11-21_r35,2002-11-21_r35_ORDINARIA.html,,Sr. Presidente (Maqueda),Sr. Presidente (Maqueda).,yes,Senador Morales: el senador Menem le solicita una interrupción.,,
h038,2003-03-06_r02,2003-03-06_r02_ORDINARIA.html,,Sr. Presidente (Gioja),Sr. Presidente (Gioja).,yes,Corresponde considerar el dictamen de las comisiones de Asuntos Administrativos y Municipales y de Defensa de los Derechos de Usuarios y Consumidores en el proyecto de comunicación de la señora,,
h039,2000-08-09_r42,2000-08-09_r42_ORDINARIA.html,,Sr. Presidente,Sr. Presidente.,yes,"Disculpe, señor senador.",,"No name in parentheses on this label -- printed plainly as ""Sr. Presidente. --""."
h040,1998-12-07_r68,1998-12-07_r68_ESPECIAL.html,,Sr. PRESIDENTE (Menem),Sr. PRESIDENTE (Menem).-,yes,"En consideración la moción formulada por el señor senador por Formosa. Si no se hace uso de la palabra, se va a votar.",,
h041,2003-05-07_r08,2003-05-07_r08_ORDINARIA.html,,Sr. Presidente (Gioja),Sr. Presidente (Gioja).,yes,Tiene la palabra el señor senador Moro.,,
h042,1998-11-26_r65,1998-11-26_r65_ORDINARIA.html,,Sr. PRESIDENTE (Menem),Sr. PRESIDENTE (Menem).-,yes,Tiene la palabra la señora senadora por Tucumán.,1 of 3,
h043,2001-09-18_r64,2001-09-18_r64_ORDINARIA.html,,Sr. Presidente (Menem),Sr. Presidente (Menem).,yes,"Corresponde considerar en conjunto los órdenes del día que contienen proyectos de comunicación, resolución y declaración sin observaciones, sin perjuicio de que en el Diario de Sesiones figuren como de",,
h044,1999-03-24_r04,1999-03-24_r04_ORDINARIA.html,,Sr. PRESIDENTE (Ulloa),Sr. PRESIDENTE (Ulloa).-,yes,Corresponde considerar el dictamen de la Comisión de Asuntos Administrativos y Municipales en el proyecto de ley del señor senador de la Sota y en el proyecto de ley del,,
h045,2002-03-14_r03,2002-03-14_r03_ORDINARIA.html,,Sr. Presidente (López Arias),Sr. Presidente (López Arias).,yes,"Se va a votar la moción de la señora senadora Fernández de Kirchner, en el sentido de posponer para después del tratamiento de la reforma política la discusión en particular",,
h046,2001-03-07_r02,2001-03-07_r02_ORDINARIA.html,,Sr. Presidente (Menem),Sr. Presidente (Menem).,yes,Corresponde considerar el dictamen de la Comisión de Presupuesto y Hacienda en el proyecto de comunicación del señor senador Ortega por el que se solicita un subsidio para el Sindicato,,
h047,2002-05-30_r13,2002-05-30_r13_ORDINARIA.html,,Sr. Morales,Sr. Morales.,yes,"Señor presidente: estamos nuevamente tratando la propuesta de derogación de la ley de subversión económica, que es ciertamente una ley emblemática, porque tiene que ver con el ""corralito"" y con",,
h048,2000-08-23_r46,2000-08-23_r46_ORDINARIA.html,,Sr. Presidente (Genoud),Sr. Presidente (Genoud).,yes,Le solicita una interrupción el senador Cafiero.,,
h049,2003-02-27_r01,2003-02-27_r01_PREPARATORIA.html,,Sr. Presidente (Gioja),Sr. Presidente (Gioja).,yes,Queda abierta la sesión preparatoria.,,
h050,2002-12-18_r39,2002-12-18_r39_EXTRAORDINARIA.html,,Sr. Presidente (López Arias),Sr. Presidente (López Arias).,yes,"En consecuencia, pasa al Archivo.",13 of 20,"which_occurrence said ""13 of 20"" but my literal-text search finds 25 occurrences of ""En consecuencia, pasa al Archivo."" in this file, not 20 -- possible mismatch in how occurrences are counted (e.g. tag-stripping differences). Doesn't affect the answer: all 25 occurrences I inspected are spoken by the same Sr. Presidente (López Arias), including the 13th by either counting convention."
h051,2000-08-16_r44,2000-08-16_r44_ESPECIAL.html,,Sr. Presidente,Sr. Presidente. --,yes,"Disculpe, señor senador Vaquir. ¿Puede esperar unos instantes?",,
h052,2003-02-26_r41,2003-02-26_r41_EXTRAORDINARIA.html,,Sra. Avelín,Sra. Avelín. --,yes,¿Me permite una interrupción?,,
h053,1999-12-28_r72,1999-12-28_r72_ESPECIAL.html,,Sr. PRESIDENTE,Sr. PRESIDENTE.-,yes,"Disculpe, señor senador. Quería avisar a sus colegas que si se retiran del recinto nos quedamos sin quórum y debemos votar en particular este dictamen. Para ello, deben ocupar sus",,
h054,2000-08-02_r38,2000-08-02_r38_ORDINARIA.html,,Sr. Secretario (Pontaquarto),Sr. Secretario (Pontaquarto) . --,yes,(Lee:),96 of 134,"My own count of exact '(Lee:)' occurrences on the page is 144, not the 134 the batch's which_occurrence implies; occurrence 96 by my count is nonetheless mid-way through an unbroken run of ~135 instances all preceded by the identical label 'Sr. Secretario (Pontaquarto) . --' (the only other speaker doing this anywhere in the file is 'Sr. Prosecretario (Colombo)', at position #141 of 144, far past the 96th), so the count mismatch does not change the answer."
h055,1998-09-23_r48,1998-09-23_r48_ORDINARIA.html,,Sr. PRESIDENTE (Menem),Sr. PRESIDENTE (Menem).-,yes,"En consideración en general. Si no se hace uso de la palabra, se va a votar.",63 of 133,
h056,1998-11-04_r56,1998-11-04_r56_ORDINARIA.html,,Sr. MENEGHINI,Sr. MENEGHINI.-,yes,"...por haber sido aludido, desearía hablar...",,
h057,2003-07-02_r14,2003-07-02_r14_ORDINARIA.html,,Sra. Fernández de Kirchner,Sra. Fernández de Kirchner. --,yes,"Es evidente que nadie puede impedir que alguien presente un proyecto de modificación y reúna los cuarenta y ocho votos que se requieren para tal efecto. De cualquier manera, creo",,
h058,2002-03-14_r03,2002-03-14_r03_ORDINARIA.html,,Sr. Presidente (López Arias),Sr. Presidente (López Arias) . --,yes,Queda aprobada la resolución. Se procederá en consecuencia.,3 of 8,
h059,2003-06-04_r10,2003-06-04_r10_ORDINARIA.html,,Sr. Presidente (Gioja),Sr. Presidente (Gioja) . --,yes,Corresponde considerar el dictamen de la Comisión de Ambiente y Desarrollo Sustentable en el proyecto de declaración de la señora senadora Curletti y del señor senador Moro por el que,,
h060,2002-01-17_r81,2002-01-17_r81_ORDINARIA.html,,Sr. Presidente (Maqueda),Sr. Presidente (Maqueda). --,yes,Queda constituida la Cámara en comisión y confirmadas las autoridades para la conferencia.,,
h061,2001-06-13_r38,2001-06-13_r38_ORDINARIA.html,,Sr. Agúndez,Sr. Agúndez.,yes,No se ha aprobado el tratamiento sobre tablas.,,"Passage follows 'Sr. Molinari Romero.- No hay dos tercios.' and the Presidente's own 'Queda aprobado el tratamiento sobre tablas' -- the actual speaker of the quoted line is Agúndez, contradicting the chair a beat later."
h062,2001-06-13_r38,2001-06-13_r38_ORDINARIA.html,,Sr. Presidente (Menem),Sr. Presidente (Menem) . --,yes,"Tiene la palabra el señor senador por el Chaco, del bloque justicialista.",,
h063,1998-11-04_r56,1998-11-04_r56_ORDINARIA.html,,Sr. PRESIDENTE (Menem),Sr. PRESIDENTE (Menem) .-,yes,Queda aprobada la comunicación. Se procederá en consecuencia.,8 of 21,
h064,1998-09-16_r47,1998-09-16_r47_ORDINARIA.html,,Sr. BRANDA,Sr. BRANDA.-,yes,Sí. Ese fue el concepto.,,
h065,2002-05-30_r13,2002-05-30_r13_ORDINARIA.html,,Sr. Gioja,Sr. Gioja .--,yes,"¿Me permite una interrupción, señor senador?",,
h066,1999-11-24_r62,1999-11-24_r62_ORDINARIA.html,,Sr. PRESIDENTE (Menem),Sr. PRESIDENTE (Menem).-,yes,Corresponde considerar el dictamen de las comisiones de Educación y de Presupuesto y Hacienda en el proyecto de comunicación del señor senador Avelín por el que se solicita un subsidio,,"No which_occurrence given. The exact string (truncated mid-sentence at 'Avelín') recurs 7 times on the page because senator Avelín proposed several similar communications in the same sitting; I took the first occurrence, which is a school-subsidy bill for 'Gabriela Mistral' de San Juan, all under the same speaker label."
h067,2002-09-04_r22,2002-09-04_r22_ORDINARIA.html,,Sr. Presidente (López Arias),Sr. Presidente (López Arias). --,yes,"Para una moción de orden, tiene la palabra el señor senador Baglini.",,
h068,2003-06-11_r11,2003-06-11_r11_ORDINARIA.html,,Sr. Presidente (López Arias),Sr. Presidente (López Arias) . --,yes,Queda aprobada la comunicación. Se procederá en consecuencia.,3 of 4,
h069,2002-08-28_r21,2002-08-28_r21_ORDINARIA.html,,Sr. Walter,Sr. Walter. --,yes,"Señor presidente: como bien manifestaban quienes recién hicieron uso de la palabra, el proyecto sancionado por la Cámara de Diputados, y que viene en revisión a este cuerpo, propone prorrogar",,
h070,2003-06-04_r10,2003-06-04_r10_ORDINARIA.html,,Sr. Pichetto,Sr. Pichetto. --,yes,"Tratemos de ordenar la sesión, señor presidente.",,
h071,2001-09-18_r64,2001-09-18_r64_ORDINARIA.html,,Sr. Presidente (Losada),Sr. Presidente (Losada). --,yes,Señores senadores: ruego que no dialoguen. Tiene la palabra el señor senador Verna.,,
h072,2001-08-08_r50,2001-08-08_r50_ORDINARIA.html,,Sr. Corach,Sr. Corach. --,yes,"Está bien, señor presidente.",,
h073,2003-02-26_r41,2003-02-26_r41_EXTRAORDINARIA.html,,Sr. Prades,Sr. Prades. --,yes,"Señor presidente: voy a ser breve. Mientras escuchaba las expresiones del señor senador preopinante observaba que siempre se vuelve a ver lo malo del radicalismo, ...",,
h074,1998-09-23_r48,1998-09-23_r48_ORDINARIA.html,,Sr. PRESIDENTE,Sr. PRESIDENTE.-,yes,Corresponde considerar el dictamen de la Comisión de Asuntos Administrativos y Municipales en el proyecto de ley de los señores senadores Sala y Mac Karthy por el que se transfiere,,"No parenthetical name on this label (unlike most others in the same file, which read 'Sr. PRESIDENTE (Menem)'); quoted exactly as printed."
h075,1998-10-07_r51,1998-10-07_r51_ORDINARIA.html,,Sr. PRESIDENTE (Menem),Sr. PRESIDENTE (Menem).-,yes,Corresponde considerar el dictamen de la Comisión de Agricultura y Ganadería en el proyecto de declaración del señor senador Del Piero por el que se adhiere a las celebraciones del,,
h076,2000-12-20_r70,2000-12-20_r70_EXTRAORDINARIA.html,,Sr. Presidente (Losada),Sr. Presidente (Losada). --,yes,"Queda aprobada la modificación del plan de labor. Cuando se termine con el tratamiento de los temas indicados, la Presidencia someterá a votación la moción formulada por el señor senador",,
h077,1999-03-24_r04,1999-03-24_r04_ORDINARIA.html,,Sr. BRANDA,Sr. BRANDA.-,yes,"Señor presidente: habría que efectuar una modificación en este proyecto. Concretamente, propongo que se reemplacen las palabras ""a realizarse"" por las siguientes: ""que se realiza"".",,
h078,2003-03-06_r02,2003-03-06_r02_ORDINARIA.html,,Sra. Müller,Sra. Müller. --,yes,Señor presidente: pido autorización para la inserción de mi discurso sobre el Día Internacional de la Mujer.,,
h079,2000-09-07_r50,2000-09-07_r50_ORDINARIA.html,,Sr. Presidente (Genoud),Sr. Presidente (Genoud). --,yes,"Señor senador: debo explicar que el pedido de la bancada justicialista, a fin de que viniera el ministro le complicó totalmente su agenda al doctor Machinea. De manera que el",,
h080,2003-05-07_r08,2003-05-07_r08_ORDINARIA.html,,Sr. Presidente (Gioja),Sr. Presidente (Gioja). --,yes,Tiene la palabra la señora senadora Seguí.,,
h081,1999-12-28_r71,1999-12-28_r71_ESPECIAL.html,,Sr. MAYA,Sr. MAYA.-,yes,No hay depositantes con miedo...,,Brief interjection cutting off Sr. Moreau's speech.
h082,1998-11-18_r58,1998-11-18_r58_ORDINARIA.html,,Sr. CAFIERO,Sr. CAFIERO.-,yes,Señor presidente: voy a pedir disculpas a este cuerpo por solicitarle que se aparte por un minuto de esta discusión para proceder al envío inmediato de la sanción que hemos,,
h083,2002-10-23_r30,2002-10-23_r30_ORDINARIA.html,,Sr. Presidente (Maqueda),Sr. Presidente (Maqueda). --,yes,Queda aprobada la declaración. Se procederá en consecuencia.,43 of 75,
h084,2002-09-25_r25,2002-09-25_r25_ORDINARIA.html,,Sr. Presidente (López Arias),Sr. Presidente (López Arias). --,yes,"Corresponde considerar el tratamiento sobre tablas del dictamen, no impreso, de la Comisión de Defensa Nacional en el proyecto de declaración del señor senador Martí por el que se declara",,
h085,2003-04-09_r06,2003-04-09_r06_ORDINARIA.html,,Sr. Presidente (López Arias),Sr. Presidente (López Arias). --,yes,Tiene la palabra el senador Agúndez.,,
h086,2001-05-03_r24,2001-05-03_r24_ORDINARIA.html,,Sr. Presidente (Losada),Sr. Presidente (Losada). --,yes,"En consideración en general. Si no se hace uso de la palabra, se va a votar.",49 of 55,
h087,1999-04-21_r10,1999-04-21_r10_ORDINARIA.html,,Sr. PRESIDENTE (Menem),Sr. PRESIDENTE (Menem).-,yes,Para una interrupción tiene la palabra el señor senador por La Rioja.,,
h088,2002-03-05_r02,2002-03-05_r02_ESPECIAL.html,,Sr. Presidente (Maqueda),Sr. Presidente (Maqueda). --,yes,Tiene la palabra el señor senador Cafiero.,,
h089,1999-06-23_r29,1999-06-23_r29_ORDINARIA.html,,Sr. MENEM,Sr. MENEM.-,yes,"Empecé mi discurso utilizando las palabras ""con satisfacción"" porque esta es una nueva ratificación de la vocación pacifista de nuestro país. Es un tema entroncado con la política internacional de",,"This label sits inside an inserted document, not live floor debate: the senator said “Voy a pedir la inserción de otras consideraciones,” a stenographer's note reads “-El texto de la inserción solicitada es el siguiente:”, then a “Texto de la inserción” heading, and only then “Sr. MENEM.-” with the quoted passage. The label is printed, so I recorded it, but the text is the inserted (unread) portion of his remarks, not spoken aloud."
h090,2000-04-12_r13,2000-04-12_r13_ORDINARIA.html,,Sr. Presidente,Sr. Presidente. --,yes,Tiene la palabra el señor senador por Corrientes.,,Printed here with no parenthetical name (elsewhere in other sessions it appears as “Sr. Presidente (X)”).
h091,1998-03-04_r02,1998-03-04_r02_ORDINARIA.html,,Sr. YOMA,Sr. YOMA.-,yes,"Señor presidente: quiero hacer una muy breve aclaración. La contradicción con la ley de contrato de trabajo es que ésta, en su artículo 82, coloca la titularidad de los derechos",,
h092,1999-04-21_r10,1999-04-21_r10_ORDINARIA.html,,Sr. SECRETARIO (Oyarzún),Sr. SECRETARIO (Oyarzún).-,yes,(Lee:),3 of 73,"Occurrence count of “(Lee:)” in the file: I found 75 (both raw-HTML and tag-stripped counts agree), not 73 as the batch's which_occurrence denominator states. The first three occurrences are unambiguous and consistent regardless of this discrepancy, so the 3rd-occurrence answer should still be correct, but flagging the count mismatch for the maintainer."
h093,2003-10-29_r28,2003-10-29_r28_TRIBUNAL_DE_JUICIO_POLITICO.html,,Sra. Fernández de Kirchner,Sra. Fernández de Kirchner. —,yes,"Señor presidente: en el artículo 4̊, donde precisamente se empieza a proveer la prueba de la defensa, vamos a sugerir una modificación. “Prueba Informativa” quedaría como punto 2 —sería el",,"The source renders “artículo 4°” and similar ordinals as “4̊” (digit followed by a combining ring/circumflex diacritic) rather than a degree sign — looks like an encoding quirk in this particular file (a 2003 TRIBUNAL_DE_JUICIO_POLITICO transcript with different markup/CSS style than the usual FONT-tag files), worth a look."
h094,2003-05-07_r08,2003-05-07_r08_ORDINARIA.html,,Sr. Presidente (Gioja),Sr. Presidente (Gioja). --,yes,Aprobado por unanimidad. En consideración el artículo 3. Por Secretaría se dará lectura.,,
h095,2002-09-04_r22,2002-09-04_r22_ORDINARIA.html,,Sr. Presidente (López Arias),Sr. Presidente (López Arias).--,yes,Señor senador Passo...,,
h096,2002-08-01_r17,2002-08-01_r17_ORDINARIA.html,,Sr. Presidente (Maqueda),Sr. Presidente (Maqueda). --,yes,Tiene la palabra el señor senador Capitanich.,3 of 6,
h097,1998-06-10_r24,1998-06-10_r24_ORDINARIA.html,,Sr. PRESIDENTE (Cafiero),Sr. PRESIDENTE (Cafiero).-,yes,"Entonces, si usted coincide con el señor senador, ¿por qué no deja votar, señor senador?",,
h098,2000-12-07_r69,2000-12-07_r69_EXTRAORDINARIA.html,,Sr. Presidente (Losada),Sr. Presidente (León). --,no,Tiene la palabra el señor senador Gioja.,4 of 7,"the sheet's old occurrence count sent the reader to a different printing of the same stock phrase; the page prints the parser's label immediately before every block the parser gives it (checked, this file) | reader: Count mismatch: I found 8 occurrences of “Tiene la palabra el señor senador Gioja” in this file (verified two ways: tag-tolerant regex on raw decoded text, and a fully tag-stripped plain-text search), not 7 as the batch's which_occurrence denominator implies. All 8 are genuine distinct occurrences (not duplicated markup/TOC artifacts) — I checked each one's surrounding context. Taking the 4th in document order gives “Sr. Presidente (León).”, which stands out because every other occurrence in this file is under “Sr. Presidente (Losada)” — a different presiding senator. If the intended numbering excludes one of the 8 for some reason, the true 4th could instead be the 5th in my list, still “Sr. Presidente (Losada). --”. Flagging for the maintainer to check the occurrence-counting method."
h099,2001-03-28_r13,2001-03-28_r13_ORDINARIA.html,,Sr. Alasino,Sr. Alasino. --,yes,Señor presidente: si el miembro informante fuera la diputada Carrió llamaría a las 4 de la mañana al presidente de la Nación. No desaprovechen la oportunidad. Mediáticamente ha tenido mucho,,
h100,2003-06-04_r10,2003-06-04_r10_ORDINARIA.html,,Sr. Presidente (Gioja),Sr. Presidente (Gioja). --,yes,"Tiene la palabra, en primer término, la senadora Colombo.",,
h101,1999-12-15_r68,1999-12-15_r68_EXTRAORDINARIA.html,,Sr. PRESIDENTE,Sr. PRESIDENTE.-,yes,"En consecuencia, pasa al Archivo.",1 of 7,
h102,1999-09-01_r44,1999-09-01_r44_ORDINARIA.html,,Sr. BRANDA,Sr. BRANDA.-,yes,Solicito se declare cerrada la conferencia.,,
h103,2002-09-04_r22,2002-09-04_r22_ORDINARIA.html,,Sr. Presidente (López Arias),Sr. Presidente (López Arias). --,yes,Tiene la palabra la señora senadora Bar.,,
h104,2002-04-04_r04,2002-04-04_r04_ORDINARIA.html,,Sr. Presidente (Maqueda),Sr. Presidente (Maqueda) . --,yes,Tiene la palabra la señora senadora Müller.,,
h105,1998-04-29_r12,1998-04-29_r12_ORDINARIA.html,,Sr. PRESIDENTE,Sr. PRESIDENTE.-,yes,"Como hay asentimiento, el proyecto de comunicación será girado a las comisiones de Obras Públicas y de Transportes, y también a la Comisión de Presupuesto y Hacienda.",,
h106,1998-10-28_r54,1998-10-28_r54_ORDINARIA.html,,Sr. VAQUIR,Sr. VAQUIR.-,yes,"Sí, señor presidente. Evidentemente, hay diferentes formas de exponer. Nosotros, los médicos, no tenemos tanta experiencia para el manejo de las exposiciones dialécticas. Quizá por ese motivo, mi modalidad se",,
h107,1998-04-29_r12,1998-04-29_r12_ORDINARIA.html,,Sr. PRESIDENTE,Sr. PRESIDENTE.-,yes,Tiene la palabra el señor senador por Salta.,,
h108,1999-10-27_r52,1999-10-27_r52_ORDINARIA.html,,Sr. PRESIDENTE (Cafiero),Sr. PRESIDENTE (Cafiero).-,yes,Corresponde considerar el dictamen de la Comisión de Trabajo y Previsión Social en el proyecto de declaración del señor senador Ortega por el que se declara de interés del Honorable,,
h109,1998-03-25_r05,1998-03-25_r05_ORDINARIA.html,,Sr. LOPEZ,Sr. LOPEZ.--,yes,¿En el gobierno del oficialismo?,,
h110,2000-04-12_r13,2000-04-12_r13_ORDINARIA.html,,Sr. Presidente (Genoud),Sr. Presidente (Genoud). --,yes,Queda aprobada la declaración. Se procederá en consecuencia.,21 of 22,
h111,2000-09-07_r50,2000-09-07_r50_ORDINARIA.html,,Sr. Agúndez,Sr. Agúndez. --,yes,"Señor presidente: seré muy breve. Nosotros vamos a ratificar este proyecto, porque a los diecinueve días de haber asumido en el Senado de la Nación, en 1995, presentamos un proyecto",,
h112,2003-04-09_r06,2003-04-09_r06_ORDINARIA.html,,Sr. Presidente (López Arias),Sr. Presidente (López Arias) . --,yes,Ya tenemos quórum. Podríamos iniciar la sesión...,,
h113,2001-05-09_r32,2001-05-09_r32_ESPECIAL.html,,Sr. Presidente (Yoma),Sr. Presidente (Yoma) . --,yes,Tiene la palabra el señor senador Maya.,3 of 3,
h114,2002-01-23_r82,2002-01-23_r82_ORDINARIA.html,,Sr. Secretario (Oyarzún),Sr. Secretario (Oyarzún). --,yes,"(Lee:) ""Artículo 3°. Modifícase el artículo 49 de la ley 24.522 el que queda redactado de la siguiente forma: ""Artículo 49. Existencia de acuerdo. Dentro de los tres (3) días",,"Passage is inside a bill text (article 3 of law 24.522) that the Secretary reads into the record ((Lee:) ""Artículo 3°...""); the speaker label governing it is the Secretary reading it aloud, not an anonymous inserted document, since the reading itself is a spoken floor act."
h115,2000-08-23_r46,2000-08-23_r46_ORDINARIA.html,,Sr. Presidente,Sr. Presidente.--,yes,Señor senador: respete el orden. Está hablando el ministro. Señor ministro: no le conteste al senador Rodríguez Saá. Continúe en el uso de la palabra.,,
h116,2000-05-17_r17,2000-05-17_r17_ORDINARIA.html,,Sr. Presidente (Genoud),Sr. Presidente (Genoud). --,yes,Queda aprobada la comunicación. Se procederá en consecuencia.,8 of 16,"Batch says occurrence 8 of 16, but a plain-text search of the file finds 17 occurrences of ""Queda aprobada la comunicación. Se procederá en consecuencia."" (one has a stray space before the final period). All 17 occurrences are preceded by the same speaker (Sr. Presidente (Genoud)), so the count mismatch does not change the answer here, but a maintainer may want to check why the total differs."
h117,2002-05-30_r13,2002-05-30_r13_ORDINARIA.html,,Sr. Presidente (Maqueda),Sr. Presidente (Maqueda). --,yes,"Por favor, silencio.",,"No which_occurrence given; phrase ""Por favor, silencio."" occurs 3 times in the file — took the first (all three are said by Sr. Presidente (Maqueda), so it would not change the answer either way)."
h118,2001-07-29_r49,2001-07-29_r49_ESPECIAL.html,,Sr. Sala,Sr. Sala. --,yes,"Señor presidente: es para manifestar que coincido en la redacción del artículo 10 propuesta por el señor senador Maglietti. Estoy de acuerdo con que hay que unificar criterios, para no",,
h119,2001-04-18_r18,2001-04-18_r18_ORDINARIA.html,,Sr. Presidente (Losada),Sr. Presidente (Losada). --,yes,Tiene la palabra el señor senador Agúndez.,1 of 6,
h120,2000-10-25_r59,2000-10-25_r59_ORDINARIA.html,,Sr. Prosecretario (Colombo),Sr. Secretario (Pontaquarto) . --,no,(Lee:),276 of 291,"the sheet's old occurrence count sent the reader to a different printing of the same stock phrase; the page prints the parser's label immediately before every block the parser gives it (checked, this file) | reader: Batch says occurrence 276 of 291, but a plain-text search of the file finds 295 occurrences of ""(Lee:)"" (stage direction ""(Lee:)"" i.e. ""[Reads:]""), not 291. This passage has no other distinguishing words, so the case depends entirely on getting the occurrence count right. Under my own count, occurrence #266 through #278 are all read by Sr. Secretario (Pontaquarto) (reading successive Ordenes del Día), and the speaker switches to Sr. Prosecretario (Colombo) starting at my occurrence #279 — occurrence 276 by my count falls in the Pontaquarto block, comfortably before the switch, which is why I give Pontaquarto. But the 4-occurrence gap between my total (295) and the stated total (291) means the true 276th occurrence could plausibly land right at or past that speaker switch instead. I could not reconcile the discrepancy from the raw HTML alone (tried several tag-stripping/whitespace strategies, all giving 295). Flagging for a maintainer to double check the occurrence-counting method for this row rather than trusting a coin-flip answer at a speaker boundary."
h121,2001-03-14_r06,2001-03-14_r06_ORDINARIA.html,,Sr. Presidente (Menem),Sr. Presidente (Menem) . --,yes,Tiene la palabra el señor senador Oudin.,,
h122,2001-05-23_r35,2001-05-23_r35_ORDINARIA.html,,Sr. Presidente (Losada),Sr. Presidente (Losada). --,yes,Corresponde considerar el dictamen de la Comisión de Relaciones Exteriores y Culto en el mensaje y proyecto de ley del Poder Ejecutivo por el que se aprueba el Acuerdo de,,"No which_occurrence given; this exact sentence (about the Acuerdo de Coproducción/Cooperación...) recurs 3 times in the file for different treaties, all as the opening of a new item read by Sr. Presidente (Losada). Took the first."
h123,2002-03-14_r03,2002-03-14_r03_ORDINARIA.html,,Sra. Halak,Sra. Halak .--,yes,Señor presidente: trataré de ser breve ya que siento la presión de las miradas apurándome. De nada sirve que lloremos sobre la leche derramada. Estamos en esta situación porque desgraciadamente,,
h124,2003-06-11_r11,2003-06-11_r11_ORDINARIA.html,,Sr. Presidente (López Arias),Sr. Presidente (López Arias) . --,yes,Ahora corresponde considerar el pedido efectuado por la señora senadora Seguí. Señora senadora: ¿usted solicita dos pedidos de preferencia con dictamen de comisión?,,
h125,2002-10-23_r30,2002-10-23_r30_ORDINARIA.html,,Sr. Presidente (Maqueda),Sr. Presidente (Maqueda) . --,yes,"En consideración en general. Si no se hace uso de la palabra, se va a votar.",77 of 162,
h126,1999-12-28_r72,1999-12-28_r72_ESPECIAL.html,,Sr. PRESIDENTE,Sr. PRESIDENTE.-,yes,"En consideración en general. Si no se hace uso de la palabra, se va a votar. Se necesitan los dos tercios de los votos.",2 of 2,
h127,1998-09-09_r44,1998-09-09_r44_ORDINARIA.html,,Sr. PRESIDENTE (Losada),Sr. PRESIDENTE (Losada).-,yes,Tiene la palabra el señor senador por Corrientes del Partido Autonomista.,,
h128,2000-11-22_r63,2000-11-22_r63_ORDINARIA.html,,Sr. Gioja,Sr. Gioja . --,yes,"Voy a reiterar la moción que hice anteriormente: solicito que se altere el plan de labor, a efectos de que se trate sobre tablas el expediente S. 2203/00.",,
h129,2001-06-27_r43,2001-06-27_r43_ORDINARIA.html,,Sr. Agúndez,Sr. Agúndez. --,yes,"Sí, como no.",,
h130,2001-06-27_r43,2001-06-27_r43_ORDINARIA.html,,Sr. Presidente (León),Sr. Presidente (León). --,yes,Queda sancionado el proyecto de ley. Se comunicará a la Honorable Cámara de Diputados. Tiene la palabra el señor senador Sapag.,,
h131,2003-03-06_r02,2003-03-06_r02_ORDINARIA.html,,Sr. Presidente (Gioja),Sr. Presidente (Gioja). --,yes,Voy a solicitar...,,"Passage is mid-interruption dialogue (senator's sentence is broken up by the presiding officer); ""Voy a solicitar..."" is the officer's own interjected words cutting off Fernández de Kirchner."
h132,2001-08-29_r57,2001-08-29_r57_ORDINARIA.html,,Sr. Presidente (Losada),Sr. Presidente (Losada). --,yes,Tiene la palabra el señor senador Arnold.,4 of 4,
h133,2002-08-01_r17,2002-08-01_r17_ORDINARIA.html,,Sr. Presidente (Maqueda),Sr. Presidente (Maqueda). --,yes,"Corresponde considerar el dictamen de la Comisión de Presupuesto y Hacienda en el proyecto de resolución del señor senador Gallia y otros señores senadores, por el que se dispone regularizar",,
h134,1998-12-16_r73,1998-12-16_r73_EXTRAORDINARIA.html,,Sr. PRESIDENTE,Sr. PRESIDENTE.-,yes,"Se deja constancia, señor senador. Si no se hace uso de la palabra, se va a votar en general.",,
h135,2003-02-26_r41,2003-02-26_r41_EXTRAORDINARIA.html,,Sr. Presidente (Gioja),Sr. Presidente (Gioja). --,yes,Así se hará.,,
h136,2003-05-07_r08,2003-05-07_r08_ORDINARIA.html,,Sra. Seguí,Sra. Seguí. --,yes,Sí.,,
h137,2002-08-28_r21,2002-08-28_r21_ORDINARIA.html,,Sr. Lamberto,Sr. Lamberto. --,yes,"En el último párrafo, donde dice ""...el Ministerio de Economía de la Nación y el Banco Central de la RepúblicaArgentina serán las autoridades de aplicación del presente artículo en el",,
h138,1999-09-22_r46,1999-09-22_r46_ORDINARIA.html,,Sr. PRESIDENTE (Cafiero),Sr. PRESIDENTE (Cafiero).-,yes,Queda aprobada la declaración. Se procederá en consecuencia.,7 of 7,"Raw text contains 8 occurrences of this exact closing formula, not 7 as the batch's ""7 of 7"" implies. All 8 are genuine distinct votes (6 under Menem, 2 under Cafiero), not decoding artifacts. Whether the intended occurrence is my #7 or #8, both are spoken by Sr. PRESIDENTE (Cafiero), so the answer is unaffected, but a maintainer should check the occurrence-counting logic for this phrase/file."
h139,2000-09-13_r51,2000-09-13_r51_ORDINARIA.html,,Sr. Presidente (Genoud),Sr. Presidente (Genoud). --,yes,Queda aprobada la comunicación. Se procederá en consecuencia.,20 of 59,"Raw text has 60 occurrences of this closing formula, not 59 as ""20 of 59"" implies. Checked occurrences 15-25: all are Sr. Presidente (Genoud), so the off-by-one does not change the answer."
h140,1999-06-23_r29,1999-06-23_r29_ORDINARIA.html,,Sr. YOMA,Sr. YOMA.-,yes,Quiero plantear una pregunta al miembro informante.¿Por qué es tan excesivo el plazo -120 días- para dictar la reglamentación por parte del Poder Ejecutivo?,,
h141,1999-12-22_r69,1999-12-22_r69_EXTRAORDINARIA.html,,Sr. CANTARERO,Sr. CANTARERO.-,yes,Señor presidente: quisiera salir de una duda ¿Dónde dice siete días?,,
h142,2001-05-16_r33,2001-05-16_r33_ORDINARIA.html,,Sr. Presidente (Menem),Sr. Presidente (Menem). --,yes,"En consideración en general. Si no se hace uso de la palabra, se va a votar.",28 of 63,Raw-text occurrence count (63) matches the batch's stated total exactly.
h143,1999-08-25_r43,1999-08-25_r43_ORDINARIA.html,,Sr. SECRETARIO (Oyarzún),Sr. SECRETARIO (Oyarzún).-,yes,(Lee:),1 of 7,"opening_words ""(Lee:)"" is very generic: raw text has 50 occurrences of the literal string, not 7 as ""1 of 7"" implies. Occurrence 1 by raw count is unambiguous (it is also the first (Lee:) in the file), and it is spoken by Sr. SECRETARIO (Oyarzún).- introducing the read-aloud of the Borges homage declaration."
h144,2000-12-21_r71,2000-12-21_r71_EXTRAORDINARIA.html,,Sra. Sapag,Sra. Sapag. --,yes,Pido la palabra.,3 of 19,Raw-text occurrence count (19) matches the batch's stated total exactly.
h145,2001-03-28_r13,2001-03-28_r13_ORDINARIA.html,,Sr. Presidente (Losada),Sr. Presidente (Losada). --,yes,Tiene la palabra el señor senador Del Piero.,2 of 3,Raw-text occurrence count (3) matches the batch's stated total exactly.
h146,2000-10-04_r55,2000-10-04_r55_ORDINARIA.html,,Sr. Secretario (Pontaquarto),Sr. Secretario (Pontaquarto). --,yes,"(Lee:) ""Plan de labor para la sesión del día 4 de octubre de 2000. Consideración del dictamen en las modificaciones introducidas por la Honorable Cámara de Diputados en el proyecto",,"The passage is the secretary reading the ""Plan de labor"" aloud at the chair's instruction -- spoken in the floor session (introduced by ""Por Secretaría se dará lectura al plan de labor parlamentaria"")"
h147,2001-04-04_r14,2001-04-04_r14_ORDINARIA.html,,Sr. Prosecretario (Canals),Sr. Prosecretario (Canals). --,yes,(Lee:),67 of 72,"opening_words ""(Lee:)"" is very generic: raw text has 88 occurrences of the literal string in this file, not 72 as ""67 of 72"" implies. Checked occurrences 65-69 by raw count: all five are Sr. Prosecretario (Canals), so the label is stable across the plausible range even though the exact occurrence-count method differs from the batch's."
h148,1998-05-06_r13,1998-05-06_r13_ORDINARIA.html,,Sr. PRESIDENTE (Menem),Sr. PRESIDENTE (Menem).-,yes,"Si no se hace uso de la palabra, se va a votar el dictamen contenido en el anexo al Orden del Día N 263 por el que se rechaza totalmente",,
h149,2001-03-07_r02,2001-03-07_r02_ORDINARIA.html,,Sr. Presidente (Menem),Sr. Presidente (Menem). --,yes,Corresponde considerar el dictamen de la Comisión Parlamentaria Mixta Revisora de Cuentas de la Administración en el expediente Oficiales Varios 167/99 por el cual la Auditoría General de la Nación,,
h150,2001-06-20_r41,2001-06-20_r41_ORDINARIA.html,,Sr. Presidente,Sr. Presidente -- ,yes,"En consideración en general. Si no se hace uso de la palabra, se va a votar.",25 of 46,"This occurrence prints the officer's bare label ""Sr. Presidente --"" without the usual ""(Losada)"" parenthetical, unlike the surrounding occurrences of the same run (Nº 306, 307 both say ""Sr. Presidente (Losada). --""; Nº 308, 309, 310 all drop the name and read plain ""Sr. Presidente -- ""). Also, raw-text occurrence count is 47, not 46 as ""25 of 46"" implies; checked occurrences 23-27, the name-dropping starts exactly at the Nº 308 item (my occurrence 25) and continues, so the answer is stable regardless of the exact off-by-one."
h151,2000-02-23_r73,2000-02-23_r73_EXTRAORDINARIA.html,,Sr. SECRETARIO (Pontaquarto),Sr. SECRETARIO (Pontaquarto).-,yes,(Lee:) .,45 of 49,"Verified count: exactly 49 total ""(Lee:)"" stage-direction paragraphs in this file match the ""(Lee:) ."" pattern (trailing stray placeholder period in colored font before the Orden del Día link); all 49 are spoken by the same secretary, so the 45th is Sr. SECRETARIO (Pontaquarto)."
h152,1999-12-09_r67,1999-12-09_r67_ORDINARIA.html,,Sr. DEL PIERO,Sr. DEL PIERO.-,yes,"Señor presidente: también quiero sumarme a esta despedida, aunque han quedado algunas cosas que no me contestó; pero no importa. Le deseo mucha suerte y esperemos que juntos, aliancistas y",,
h153,2001-06-27_r43,2001-06-27_r43_ORDINARIA.html,,Sr. Presidente (Menem),Sr. Presidente (Menem).-- ,yes,Corresponde considerar el dictamen de la Comisión Parlamentaria Mixta Revisora de Cuentas de la Administración en el expediente Oficiales Varios 440/99 mediante el cual la Auditoría General de la Nación,,
h154,2001-07-29_r49,2001-07-29_r49_ESPECIAL.html,,Sr. Preto,Sr. Preto. --,yes,"Los norteamericanos cumplen con la ley y por eso tienen un país previsible y son lo que son y tienen la economía que tienen y, además --por decirlo de algún",,
h155,2001-03-07_r02,2001-03-07_r02_ORDINARIA.html,,Sr. Massaccesi,Sr. Massaccesi. --,yes,Pido la palabra.,3 of 16,
h156,2001-06-27_r43,2001-06-27_r43_ORDINARIA.html,,Sr. Secretario (Oyarzún),Sr. Secretario (Oyarzún).-- (Lee:),yes,(Lee:),32 of 48,"Counted 48 paragraphs whose text (after stripping the centered ""Orden del Día"" link block) is exactly ""(Lee:)"", matching the row's ""32 of 48""; the 32nd is Orden del Día Nº 485, read by Sr. Secretario (Oyarzún). All 48 in this file share this same speaker, so the answer is robust either way."
h157,1998-10-28_r54,1998-10-28_r54_ORDINARIA.html,,Sr. GALVÁN,Sr. GALVÁN.-,yes,"Solicito que a continuación del tratamiento del proyecto del señor senador por Catamarca, este Senado se aboque a considerar sobre tablas el proyecto contenido en el expediente S. 1942/98, referido",,
h158,1999-06-02_r21,1999-06-02_r21_ESPECIAL.html,,Sr. PRESIDENTE (Menem),Sr. PRESIDENTE (Menem).-,yes,"Habiendo concluido la lista de oradores, vamos a someter a votación en general el proyecto de ley venido en revisión por el cual se aprueba el Tratado para precisar el",,
h159,1998-10-14_r52,1998-10-14_r52_ORDINARIA.html,,Sr. PRESIDENTE (Cafiero),Sr. PRESIDENTE (Cafiero).-,yes,Queda aprobada la declaración. Se procederá en consecuencia.,8 of 9,
h160,2000-03-15_r06,2000-03-15_r06_ORDINARIA.html,,Sr. Presidente,Sr. Presidente. --,yes,"Ahora, corresponde constituir a la Cámara en Tribunal en los juicios políticos seguidos a los señores jueces Guillermo Tiscornia y Norberto Oyarbide.",,"Label has no name in parentheses, unlike this file's usual ""Sr. Presidente"" pattern elsewhere -- printed exactly as ""Sr. Presidente. -- ""."
h161,1999-07-14_r35,1999-07-14_r35_ORDINARIA.html,,Sr. GENOUD,Sr. GENOUD.-,yes,¿Me permite?,,
h162,1998-09-23_r48,1998-09-23_r48_ORDINARIA.html,,Sr. PRESIDENTE,Sr. PRESIDENTE.-,yes,Queda sancionado el proyecto de ley. Se comunicará a la Honorable Cámara de Diputados.,8 of 8,
h163,2001-06-20_r41,2001-06-20_r41_ORDINARIA.html,,Sr. Presidente (Losada),Sr. Presidente (Losada). --,yes,Corresponder pasar a cuarto intermedio para constituir la Cámara en Tribunal de Juicio Político.,,
h164,1999-06-23_r29,1999-06-23_r29_ORDINARIA.html,,Sr. PRESIDENTE (Menem),Sr. PRESIDENTE.-,no,Queda sancionado el proyecto de ley. Se comunicará a la Honorable Cámara de Diputados.,18 of 28,"the sheet's old occurrence count sent the reader to a different printing of the same stock phrase; the page prints the parser's label immediately before every block the parser gives it (checked, this file) | reader: Searching the exact phrase found 29 occurrences of this boilerplate line, not the 28 implied by ""18 of 28""; I could not identify which one is meant to be excluded. All 29 are spoken by ""Sr. PRESIDENTE"" -- sometimes printed with ""(Menem)"" and sometimes without. My occurrence #18 (by straightforward left-to-right count) is the bare ""Sr. PRESIDENTE.-"" form; a neighboring one, if the intended 18th differs by one position, would read ""Sr. PRESIDENTE (Menem).-"" instead. Same underlying speaker (Menem) either way."
h165,1999-03-01_r00,1999-03-01_r00_ASAMBLEA.html,,Sr. SENADOR ALASINO,Sr. SENADOR ALASINO.-,yes,Señor presidente: hago moción para que se autorice a la Presidencia a designar a los miembros de las comisiones de Recepción que esperarán al señor presidente de la Nación. También,,
h166,1998-11-04_r56,1998-11-04_r56_ORDINARIA.html,,Sr. VILLARROEL,Sr. VILLARROEL.-,yes,Está bien. Voy a conceder la interrupción porque respeto la opinión ajena. Pero solicito que sea muy breve.,,"Quoted passage spans two consecutive <P> paragraphs (""Está bien."" then ""Voy a conceder..."") with no new speaker label between them, so both are Villarroel continuing."
h167,2000-06-07_r24,2000-06-07_r24_ESPECIAL.html,,Sr. Presidente,Sr. Presidente. --,yes,"Si hay asentimiento, por Secretaría se lo invitará a ingresar en el recinto.",,
h168,1999-08-04_r37,1999-08-04_r37_ORDINARIA.html,,Sr. PRESIDENTE,Sr. PRESIDENTE.-,yes,Corresponde considerar el dictamen de las comisiones de Libertad de Expresión y de Derechos y Garantías en el proyecto de declaración del señor senador Romero Feris por el que se,,"No which_occurrence given, took first of 3 matches for this phrase (the other two are dictámenes on different topics from the same committees, worded almost identically)."
h169,2000-11-15_r60,2000-11-15_r60_ORDINARIA.html,,Sr. Presidente (Losada),Sr. Presidente (Losada). --,yes,"Tiene la palabra el señor senador por Tucumán, del bloque justicialista.",,
h170,2003-03-06_r02,2003-03-06_r02_ORDINARIA.html,,Sr. Mayans,Sr. Mayans. --,yes,Los que no fumamos le pedimos a los que fuman que no lo hagan.,,
h171,2000-08-09_r42,2000-08-09_r42_ORDINARIA.html,,Sr. Secretario (Pontaquarto),Sr. Secretario (Pontaquarto). --,yes,(Lee:),8 of 16,"Counted 16 paragraphs whose text (stripping the centered Orden del Día link) is exactly ""(Lee:)"", matching ""8 of 16"" exactly; all 16 in this file are the same secretary."
h172,2002-11-27_r37,2002-11-27_r37_ORDINARIA.html,,Sra. Bar,Sra. Bar. --,yes,"¿Me concede una interrupción, señora senadora?",1 of 2,
h173,1999-12-15_r68,1999-12-15_r68_EXTRAORDINARIA.html,,Sr. PRESIDENTE,Sr. PRESIDENTE.-,yes,Queda aprobada la declaración. Se procederá en consecuencia.,25 of 28,"Exact phrase count matches the row's denominator exactly (28 total), so occurrence 25 is unambiguous."
h174,2000-03-22_r09,2000-03-22_r09_ORDINARIA.html,,Sr. Di Pietro,Sr. Di Pietro. --,yes,"Le cedo la palabra al señor senador Sager, señor presidente.",,
h175,1998-08-26_r39,1998-08-26_r39_ORDINARIA.html,,Sr. PRESIDENTE (Menem),Sr. PRESIDENTE (Menem).-,yes,Tiene la palabra el señor senador por La Pampa.,1 of 4,"No which_occurrence given; found 6 matches for this phrase (row says ""1 of 4"", a different count), but all 6 are spoken by the same presiding officer, so the answer holds regardless of which counting scheme was intended."
h176,1998-12-07_r68,1998-12-07_r68_ESPECIAL.html,,Sr. ALASINO,Sr. ALASINO.-,yes,"Señor presidente: creo que ahora podemos votar el proyecto sobre la ""probation"", ya que se trata de una iniciativa originada en el bloque de la Unión Cívica Radical...",,
h177,2001-03-07_r02,2001-03-07_r02_ORDINARIA.html,,Sr. Presidente (Menem),Sr. Presidente (Menem). --,yes,"En consideración en general. Si no se hace uso de la palabra, se va a votar.",40 of 75,
h178,2003-03-06_r02,2003-03-06_r02_ORDINARIA.html,,Sr. Presidente (Gioja),Sr. Presidente (Gioja). --,yes,"En definitiva, se han anotado los siguientes senadores: Ibarra, Gómez Diez, Paso, Morales, Barrionuevo, Kirchner, Terragno, Yoma, Moro, Curletti, Zavalía, Mayans, Conti y cierra el señor senador Pichetto.",,
h179,2000-08-30_r47,2000-08-30_r47_ORDINARIA.html,,Sr. Presidente (Genoud),Sr. Presidente (Genoud). --,yes,"Hay 57 senadores en la Casa, pero lo que ocurre es que el número de legisladores presentes en el recinto va disminuyendo en lugar de aumentar. Por eso, anteriormente hice",,
h180,2002-01-01_r00,2002-01-01_r00_ASAMBLEA.html,,Sra. diputada Castro,Sra. diputada Castro. --,yes,"Voy redondeando, señor presidente. Quienes estamos reunidos en esta Asamblea Legislativa somos los representantes del pueblo, ni más ni menos que los representantes del pueblo, pero sólo los representantes del",,Joint Asamblea Legislativa session; speaker is a deputy (diputada) not a senator.
h181,2002-01-23_r82,2002-01-23_r82_ORDINARIA.html,,Sr. Secretario (Oyarzún),Sr. Secretario (Oyarzún). --,yes,"(Lee:) ""Capítulo III. De la deuda del sector privado e hipotecario. Artículo 15: Las entidades financieras regidas por la ley 21.526 y complementarias gozarán de un plazo de 90 días",,"Passage is bill text (Capítulo III sobre deuda del sector privado e hipotecario) read into the record by the Secretary after """"(Lee:)""""; it is the Secretary's reading of an inserted document's text"
h182,1999-12-15_r68,1999-12-15_r68_EXTRAORDINARIA.html,,Sr. PRESIDENTE,Sr. PRESIDENTE.-,yes,Tiene la palabra el señor senador por La Rioja.,14 of 15,
h183,2000-10-25_r59,2000-10-25_r59_ORDINARIA.html,,Sr. Presidente (Cafiero),Sr. Presidente (Cafiero). --,yes,Queda aprobada la comunicación. Se procederá en consecuencia.,16 of 161,
h184,1998-06-24_r26,1998-06-24_r26_ORDINARIA.html,,Sr. PRESIDENTE (Menem),Sr. PRESIDENTE (Menem).-,yes,"Le ruego no dialogar, señor senador.",,
h185,2000-04-12_r13,2000-04-12_r13_ORDINARIA.html,,Sr. Presidente (Genoud),Sr. Presidente (Genoud). --,yes,Corresponde considerar el dictamen de la Comisión de Interior y Justicia y de Economía en el proyecto de comunicación del señor senador San Millán por el que se solicita la,,
h186,1998-10-28_r54,1998-10-28_r54_ORDINARIA.html,,Sr. PRESIDENTE (Losada),Sr. PRESIDENTE (Losada).-,yes,Queda aprobada la preferencia.,4 of 5,
h187,2002-08-28_r21,2002-08-28_r21_ORDINARIA.html,,Sr. Presidente (López Arias),Sr. Presidente (López Arias). --,yes,Corresponde considerar el dictamen de la Comisión de Comunicaciones en el proyecto de resolución del señor senador Prades por el que se solicitan informes sobre la empresa Correo Argentino. Se,,
h188,2003-04-09_r06,2003-04-09_r06_ORDINARIA.html,,Sr. Capitanich,Sr. Capitanich. --,yes,"¡Señor presidente, pido la palabra!",,No which_occurrence given; phrase appears twice in the file (this is the first).
h189,1998-05-27_r21,1998-05-27_r21_ORDINARIA.html,,Sr. PRESIDENTE (Almirón),Sr. PRESIDENTE (Almirón).-,yes,Tiene la palabra el señor senador por Entre Ríos del bloque justicialista.,,
h190,1999-12-09_r67,1999-12-09_r67_ORDINARIA.html,,Sr. ROMERO FERIS,Sr. ROMERO FERIS.-,yes,"Señor presidente: mientras se consigue el quórum quiero solicitar que en la sesión de la semana que viene se considere en primer término el orden del día 1245, referido a",,
h191,2001-03-07_r02,2001-03-07_r02_ORDINARIA.html,,Sr. Palacios,Sr. Palacios. --,yes,CD.118/99.,,
h192,2000-10-25_r59,2000-10-25_r59_ORDINARIA.html,,Sr. Presidente (Cafiero),Sr. Presidente (Cafiero). --,yes,"En consideración en general. Si no se hace uso de la palabra, se va a votar.",199 of 269,"Raw substring count for this phrase is 270 in this file, one more than the 269 in which_occurrence; the extra (last) instance has odd markup (<FONT FACE=\\""> and """"Cafiero).-- """" with no space). Cafiero presides the whole session so the answer is unaffected regardless of which count is used."""
h193,2003-03-06_r02,2003-03-06_r02_ORDINARIA.html,,Sr. Presidente (Gioja),Sr. Presidente (Gioja). --,yes,Corresponde considerar el dictamen de la Comisión de Asesoramiento del Mercosur en el proyecto de comunicación del señor senador Taffarel y de la señora senadora Bar por el que se,,No which_occurrence given; this exact boilerplate dictamen text (Taffarel/Bar
h194,2002-11-21_r35,2002-11-21_r35_ORDINARIA.html,,Sr. Presidente (Maqueda),Sr. Presidente (Maqueda). --,yes,"Corresponde considerar el dictamen de la Comisión de Familia y Minoridad en los proyectos de declaración de las señoras senadoras Perceval (I), Curletti y otros señores senadores (II) y de",,
h195,2002-10-23_r30,2002-10-23_r30_ORDINARIA.html,,Sr. Presidente (Maqueda),Sr. Presidente (Maqueda). --,yes,Corresponde considerar el dictamen de las comisiones de Familia y Minoridad y de Relaciones Exteriores y Culto en el proyecto de resolución de la señora senadora Maza y otros señores,,
h196,2000-11-15_r60,2000-11-15_r60_ORDINARIA.html,,Sr. Presidente (Losada),Sr. Presidente (Losada). --,yes,"En consideración en general. Si no se hace uso de la palabra, se va a votar.",91 of 104,
h197,2002-04-11_r06,2002-04-11_r06_ORDINARIA.html,,Sr. Presidente (Maqueda),Sr. Presidente (Maqueda). --,yes,Corresponde considerar si se trata sobre tablas el proyecto de declaración del señor senador Gioja por el que se declara de interés educativo y cultural la muestra conmemorativa del centenario,,
h198,1999-08-11_r39,1999-08-11_r39_ORDINARIA.html,,Sr. PRESIDENTE (Menem),Sr. PRESIDENTE (Menem).-,yes,Queda sancionado el proyecto de ley. Se comunicará a la Honorable Cámara de Diputados.,2 of 14,"Raw substring count for this phrase is 15 in this file, one more than the 14 in which_occurrence. Menem presides throughout the relevant stretch so the answer is unaffected regardless of which count is used."
h199,1999-08-04_r37,1999-08-04_r37_ORDINARIA.html,,Sr. PRESIDENTE,Sr. PRESIDENTE.-,yes,Corresponde considerar el dictamen de la Comisión de Defensa Nacional en el proyecto de comunicación del señor senador Bravo por el que se solicitan informes acerca de la situación de,,
h200,2003-02-26_r41,2003-02-26_r41_EXTRAORDINARIA.html,,Sr. López Arias,Sr. López Arias. --,yes,Pido la palabra.,3 of 4,
h201,2003-07-02_r14,2003-07-02_r14_ORDINARIA.html,,Sr. Presidente (Gioja),Sr. Presidente (Gioja).--,yes,Corresponde considerar el dictamen de la Comisión Parlamentaria Mixta Revisora de Cuentas de la Administración en las resoluciones remitidas por la Auditoría General de la Nación sobre estados financieros del,,
h202,2000-04-12_r13,2000-04-12_r13_ORDINARIA.html,,Sr. Secretario (Pontaquarto),Sr. Secretario (Pontaquarto).--,yes,(Lee:) .,5 of 67,"Passage is the ""(Lee:)"" reading cue itself, spoken by the Secretary right after his own label, immediately before the inserted Orden del Día text begins; attributed to him, not to the document that follows."
h203,2002-11-21_r35,2002-11-21_r35_ORDINARIA.html,,Sra. Fernández de Kirchner,Sra. Fernández de Kirchner. --,yes,Pido la palabra para una interrupción.,,
h204,1999-06-16_r25,1999-06-16_r25_ORDINARIA.html,,Sr. PRESIDENTE (Ulloa),Sr. PRESIDENTE (Ulloa).-,yes,Corresponde considerar el dictamen de la Comisión de Cultura en el proyecto de declaración del señor senador Sáez por el que se declara de interés cultural el Encuentro Culturas del,,
h205,1999-03-03_r02,1999-03-03_r02_ORDINARIA.html,,Sr. VILLAVERDE,Sr. VILLAVERDE.-,yes,Señor presidente: rindo homenaje a un destacado e ilustre argentino. En el marco del respeto y la consternación que merece este grande de la patria debo decir que en mi,,
h206,2000-06-21_r27,2000-06-21_r27_ORDINARIA.html,,Sr. Menem,Sr. Menem. --,yes,Primero que se vote el asunto en tratamiento.,,
h207,2002-03-14_r03,2002-03-14_r03_ORDINARIA.html,,Sra. Martín,Sra. Martín. --,yes,Voy a presentar una cuestión de privilegio contra el senador Pablo Walter. Lo haré en dos órdenes: como integrante de la Comisión de Reforma del Senado y como integrante de,,
h208,2001-10-23_r66,2001-10-23_r66_ORDINARIA.html,,Sr. Presidente (Losada),Sr. Presidente (Losada). --,yes,Corresponde considerar el dictamen de la Comisión de Defensa Nacional en el proyecto de comunicación del señor senador Villaverde por el que se solicitan informes sobre la eventual incorporación de,,
h209,1998-07-15_r29,1998-07-15_r29_ORDINARIA.html,,Sr. AVELÍN,Sr. AVELÍN.-,yes,Pido la palabra.,1 of 13,
h210,1999-12-28_r71,1999-12-28_r71_ESPECIAL.html,,Sr. GALVÁN,Sr. GALVÁN.-,yes,Pido la palabra.,6 of 14,
h211,2001-05-09_r28,2001-05-09_r28_ORDINARIA.html,,Sr. Presidente (Menem),Sr. Presidente (Losada). --,no,Por Secretaría se dará lectura.,1 of 2,"the sheet's old occurrence count sent the reader to a different printing of the same stock phrase; the page prints the parser's label immediately before every block the parser gives it (checked, this file) | reader: Passage falls in a later paragraph with no intervening speaker label; still part of the same Losada turn that opened with ""Pasamos a sesión de acuerdos...""."
h212,1998-05-20_r18,1998-05-20_r18_ORDINARIA.html,,Sr. PRESIDENTE,Sr. PRESIDENTE.-,yes,Corresponde considerar el dictamen de las comisiones de Obras Públicas y de Transportes en el proyecto de comunicación del señor senador Sáez por el que se solicita la construcción de,,Label prints with no parenthetical name in this file.
h213,2001-03-01_r00,2001-03-01_r00_ASAMBLEA.html,,Sr. Presidente (Losada),Sr. Presidente (Losada). --,yes,Corresponde que la Honorable Asamblea proceda a designar a las comisiones de Exterior e Interior para recibir al señor presidente de la Nación Argentina. Tiene la palabra el señor senador,,
h214,2002-04-11_r06,2002-04-11_r06_ORDINARIA.html,,Sr. Secretario (Oyarzún),Sr. Secretario (Oyarzún). --,yes,"Fojas números 1, 2, 3, 4,...",,
h215,2000-10-18_r58,2000-10-18_r58_ORDINARIA.html,,Sr. Rodríguez Saá,Sr. Rodríguez Saá. --,yes,"Señor presidente: no sé cuál es la interpretación que hace el señor senador de la ley, de las convenciones internacionales, de los pactos y de los tratados, pero la primera",,
h216,1999-12-01_r64,1999-12-01_r64_ORDINARIA.html,,Sr. SECRETARIO (Pontaquarto),Sr. SECRETARIO (Pontaquarto).-,yes,(Lee:) .,55 of 76,"Batch gave occurrence ""55 of 76""; my exact-string scan of ""(Lee:)"" in this file found 78 hits, not 76. Checked all 78 and every single one is preceded by the identical label ""Sr. SECRETARIO (Pontaquarto).-"", so the count mismatch does not change the answer."
h217,2000-09-27_r53,2000-09-27_r53_ORDINARIA.html,,Sr. Presidente (Genoud),Sr. Presidente (Genoud). --,yes,"¿Tiene el texto que propone para el artículo 2, señor senador, para incorporarlo como moción?",,
h218,2003-07-02_r14,2003-07-02_r14_ORDINARIA.html,,Sr. Presidente (Gioja),Sr. Presidente (Gioja). --,yes,"En consideración en general. Si no se hace uso de la palabra, se va a votar.",20 of 150,
h219,2001-10-23_r66,2001-10-23_r66_ORDINARIA.html,,Sr. Presidente (Losada),Sr. Presidente (Losada). --,yes,Queda aprobada la resolución. Se comunicará a la Honorable Cámara de Diputados.,1 of 11,
h220,2002-08-01_r17,2002-08-01_r17_ORDINARIA.html,,Sr. Presidente (Maqueda),Sr. Presidente (Maqueda). --,yes,"Voy a tratar de poner orden en el tema, porque yo había puesto en consideración el plan de labor, la señora senadora Fernández de Kirchner pidió agregar un tema y",,
h221,1998-03-11_r03,1998-03-11_r03_ORDINARIA.html,,Sr. MAYA,Sr. MAYA.-,yes,"¿Me permite una interrupción, señor senador?",,
h222,1999-11-24_r62,1999-11-24_r62_ORDINARIA.html,,Sr. PRESIDENTE (Menem),Sr. PRESIDENTE (Menem).-,yes,Queda aprobada la comunicación. Se procederá en consecuencia.,14 of 23,
h223,2001-05-16_r33,2001-05-16_r33_ORDINARIA.html,,Sr. Presidente (Menem),Sr. Presidente (Menem). --,yes,Señor senador: ya vamos a llegar al momento de pedir las preferencias. Vamos a ordenar la sesión: hay una etapa para pedir todas las preferencias; y le comunico esto a,,
h224,2000-10-25_r59,2000-10-25_r59_ORDINARIA.html,,Sr. Secretario (Pontaquarto),Sr. Secretario (Pontaquarto). --,yes,(Lee:),25 of 291,"Batch gave occurrence ""25 of 291""; my scan found 295 hits of ""(Lee:)"" in this file (mix of Sr. Secretario (Pontaquarto) early on and Sr. Prosecretario (Colombo) later). The Colombo label doesn't start until occurrence 279 in my count, well past occurrence 25, so the small count mismatch doesn't affect this answer."
h225,2003-05-07_r08,2003-05-07_r08_ORDINARIA.html,,Sr. Presidente (Gioja),Sr. Presidente (Gioja). --,yes,"Entonces, se eliminaría el artículo 2 del dictamen. En consideración la propuesta de supresión del artículo 2° del dictamen, formulada por el señor senador Capitanich. Si no se hace uso",,
h226,2002-05-23_r11,2002-05-23_r11_ORDINARIA.html,,Sr. Presidente (Maqueda),Sr. Presidente (Maqueda). --,yes,"En consideración. Si no se hace uso de la palabra, se va a votar la moción formulada por el señor senador Walter.",,
h227,2002-01-17_r81,2002-01-17_r81_ORDINARIA.html,,Sr. Presidente (Maqueda),Sr. Presidente (Maqueda). --,yes,Obra sobre las bancas de los señores senadores el plan de labor aprobado por el plenario de labor parlamentaria celebrado ayer.,,
h228,2000-10-04_r55,2000-10-04_r55_ORDINARIA.html,,Sr. Presidente (Genoud),Sr. Presidente (Genoud). --,yes,La fe de erratas está en Secretaría.,,
h229,2000-10-25_r59,2000-10-25_r59_ORDINARIA.html,,Sr. Secretario (Pontaquarto),Sr. Secretario (Pontaquarto). --,yes,(Lee:),141 of 291,"Raw text has 295 occurrences of ""(Lee:)"" not 291 as the batch's ""of 291"" implies; occurrence 141 falls well inside a long uniform run (~1-260) where every instance is this same secretary reading an Orden del Día, so the small count mismatch does not affect the answer."
h230,2002-08-15_r19,2002-08-15_r19_ORDINARIA.html,,Sr. Presidente (Maqueda),Sr. Presidente (Maqueda). --,yes,Corresponde considerar el dictamen de la Comisión de Asuntos Constitucionales en el proyecto de ley del señor senador Maqueda y otros señores senadores por el que se reforma del Código,,
h231,2003-03-06_r02,2003-03-06_r02_ORDINARIA.html,,Sr. Presidente (Gioja),Sr. Presidente (Gioja). --,yes,Tiene la palabra el señor senador Pichetto.,6 of 7,"Naive substring count gives 13 occurrences of this phrase, not 7. Filtering to only the occurrences where the speaker label sits inline in the same paragraph as the phrase (i.e. the phrase actually opens a new speech turn, rather than continuing one whose label appeared in an earlier paragraph) yields exactly 7, matching the batch's ""of 7''; the 6th of those is at raw offset 793589, label ""Sr. Presidente (Gioja). -- "". All plausible readings of this passage give the same speaker."
h232,1999-08-25_r43,1999-08-25_r43_ORDINARIA.html,,Sr. PRESIDENTE,Sr. PRESIDENTE.-,yes,"En consideración en general. Si no se hace uso de la palabra, se va a votar.",29 of 41,
h233,2000-04-05_r11,2000-04-05_r11_ORDINARIA.html,,Sr. Galván,Sr. Galván . --,yes,Señor presidente: creo que tenemos que reencauzar este acto institucional. Todos los que estamos aquí sentados en las bancas u ocupando un lugar en los estrados estamos cumpliendo un mandato,,"Label in the source has a stray space before the dash: ""Sr. Galván . -- ""."
h234,2002-08-01_r17,2002-08-01_r17_ORDINARIA.html,,Sr. Presidente (López Arias),Sr. Presidente (López Arias).--,yes,Corresponde considerar la preferencia a solicitar para el proyecto de ley de la señora senadora Curletti y otros señores senadores por el que se crean los certificados de existencia de,,
h235,2003-06-11_r11,2003-06-11_r11_ORDINARIA.html,,Sr. Secretario (Estrada),Sr. Secretario (Estrada).-,yes,(Lee),1 of 2,
h236,1999-04-14_r08,1999-04-14_r08_ORDINARIA.html,,Sr. SENADOR ELECTO SERGNESE,Sr. SENADOR ELECTO SERGNESE.-,yes,"¡Sí, juro!",,
h237,2003-03-06_r02,2003-03-06_r02_ORDINARIA.html,,Sr. Presidente (Gioja),Sr. Presidente (Gioja).,yes,Queda aprobado. En consideración el artículo 2. Tiene la palabra el señor senador Maestro para su lectura.,,"Passage spans three consecutive <P> paragraphs (""Queda aprobado."" / ""En consideración el artículo 2."" / ""Tiene la palabra...Maestro...""); only the first carries the speaker label, the other two are continuations of the same turn."
h238,2003-07-02_r14,2003-07-02_r14_ORDINARIA.html,,Sr. Presidente (López Arias),Sr. Presidente (López Arias).,yes,Tiene la palabra la señora senadora Escudero.,,
h239,1998-08-12_r34,1998-08-12_r34_ORDINARIA.html,,Sr. PRESIDENTE (Cafiero),Sr. PRESIDENTE (Cafiero).-,yes,Tiene la palabra el señor senador por Entre Ríos.,4 of 7,"Naive count gives 10 occurrences of this phrase (not 12 as an earlier crude tag-strip suggested), not 7. As with h231, filtering to occurrences where the label is inline in the same paragraph gives exactly 7, matching ""of 7''; the 4th of those is at raw offset 254446, label ""Sr. PRESIDENTE (Cafiero).-""."
h240,2000-04-26_r15,2000-04-26_r15_ESPECIAL.html,,Sr. Massat,Sr. Massat. --,yes,Señor presidente: solicito que se deje constancia de que la votación fue por unanimidad.,,
h241,2000-12-06_r68,2000-12-06_r68_EXTRAORDINARIA.html,,Sr. Presidente (Losada),Sr. Presidente (Losada). --,yes,Tiene la palabra el señor senador Yoma.,,
h242,2002-10-23_r30,2002-10-23_r30_ORDINARIA.html,,Sr. Presidente (Maqueda),Sr. Presidente (Maqueda). --,yes,"Por favor, silencio. La Presidencia va a dar lectura de la lista de oradores. Los señores senadores anotados para el uso de la palabra son los siguientes: Colombo, Avelín y",,
h243,2000-11-30_r67,2000-11-30_r67_ORDINARIA.html,,Sr. Yoma,Sr. Yoma. --,yes,¿Es el originario?,,
h244,2001-04-04_r14,2001-04-04_r14_ORDINARIA.html,,Sr. Presidente (Sapag),Sr. Presidente (Sapag). --,yes,Señor senador: el senador Usandizaga le solicita una interrupción.,,
h245,1998-04-22_r11,1998-04-22_r11_ORDINARIA.html,,Sr. AVELÍN,Sr. AVELÍN.-,yes,"En segundo término, solicito que la Presidencia fije un tiempo prudencial para formar quórum y, de no lograrse, que se proceda a pasar lista y a levantar la sesión.",,
h246,2001-05-03_r24,2001-05-03_r24_ORDINARIA.html,,Sr. Secretario (Oyarzún),Sr. Secretario (Oyarzún). --,yes,(Lee:),32 of 61,"Raw count of ""(Lee:)"" is 63, not 61, but every single occurrence throughout the document is this same secretary reading an Orden del Día, so the count mismatch does not affect the answer."
h247,2003-07-02_r14,2003-07-02_r14_ORDINARIA.html,,Sr. Presidente (Gioja),Sr. Presidente (Gioja).--,yes,"En consideración en general. Si no se hace uso de la palabra, se va a votar.",41 of 150,Raw count of the phrase matches the batch's stated total (150) exactly.
h248,1999-11-10_r57,1999-11-10_r57_ORDINARIA.html,,Sr. ALASINO,Sr. ALASINO.-,yes,"De manera que voy a proponer que votemos la preferencia para la próxima sesión para el proyecto del señor senador Pardo, con despacho de comisión o sin él. Repito: no",,
h249,1999-08-04_r37,1999-08-04_r37_ORDINARIA.html,,Sr. GENOUD,Sr. GENOUD.-,yes,Pido la palabra.,11 of 11,"Raw count of ""Pido la palabra."" is 12, not 11, but the batch asks for the last occurrence (""11 of 11''); the last occurrence in the document is unambiguous regardless of which single instance accounts for the off-by-one, and it is this one."
h250,2002-04-11_r06,2002-04-11_r06_ORDINARIA.html,,Sr. Presidente (Maqueda),Sr. Presidente (Maqueda). --,yes,Se va a votar el pedido de inserción solicitado por la senadora Müller.,,
h251,2003-05-07_r08,2003-05-07_r08_ORDINARIA.html,,Sr. Maestro,Sr. Maestro.,yes,"Señor presidente: antes de continuar con el análisis de esta cuestión y para saber bien de qué estamos hablando, solicito que se lea por Secretaría cuál sería en definitiva el",,
h252,2003-03-06_r02,2003-03-06_r02_ORDINARIA.html,,Sra. Curletti,Sra. Curletti.,yes,"Sí, señor senador.",,
h253,2001-08-15_r54,2001-08-15_r54_ORDINARIA.html,,Sr. Martínez Almudevar,Sr. Martínez Almudevar.,yes,"Señor presidente: propongo la incorporación de un artículo en el Capítulo X. Sugiero que esa incorporación se haga luego del artículo 32, que está referido a las penalidades. El objetivo",,
h254,1998-12-09_r71,1998-12-09_r71_ORDINARIA.html,,Sr. PRESIDENTE (Menem),Sr. PRESIDENTE (Menem).-,yes,Corresponde considerar el dictamen de la Comisión Parlamentaria Mixta Revisora de Cuentas de la Administración en el expediente Oficiales Varios 40/98 por el que la Auditoría General de la Nación,,
h255,2000-06-21_r27,2000-06-21_r27_ORDINARIA.html,,Sr. Presidente (Preto),Sr. Presidente (Preto). --,yes,Se va a votar el pedido de inserción formulado por el señor senador por Misiones.,,
h256,2002-11-28_r38,2002-11-28_r38_ORDINARIA.html,,Sr. Pichetto,Sr. Pichetto. --,yes,"Bueno. Pero, ¿me escucha?",,
h257,2000-12-21_r71,2000-12-21_r71_EXTRAORDINARIA.html,,Sr. Presidente (Losada),Sr. Presidente (Losada). --,yes,"En consideración en general. Si no se hace uso de la palabra, se va a votar.",42 of 63,"which_occurrence said 42 of 63; my own count of the exact phrase in the file also gives 63, and #42 lands here cleanly."
h258,2002-01-17_r81,2002-01-17_r81_ORDINARIA.html,,Sr. Presidente (Maqueda),Sr. Presidente (Maqueda). --,yes,Tiene la palabra el señor senador Maestro.,1 of 2,which_occurrence said 1 of 2; confirmed 2 total occurrences in the file.
h259,2002-04-04_r04,2002-04-04_r04_ORDINARIA.html,,Sr. Presidente (Maqueda),Sr. Presidente (Maqueda). --,yes,Tiene la palabra la señora senadora Paz.,,"Markup for this label is malformed: ""Sr. Presidente (</B>Maqueda)<B>. --"" — the bold close/open tags fall inside the parenthetical instead of around it. Text still reads unambiguously, but a tag-driven parser could mis-split this label."
h260,2001-03-28_r13,2001-03-28_r13_ORDINARIA.html,,Sr. Presidente (Losada),Sr. Presidente (Losada).--,yes,"En consideración en general. Si no se hace uso de la palabra, se va a votar.",,"The two sentences quoted straddle a paragraph break (""En consideración en general."" then a new <P> with ""Si no se hace uso..."") but no new speaker label appears between them, so both belong to Presidente (Losada)."
h261,2002-03-14_r03,2002-03-14_r03_ORDINARIA.html,,Sr. Presidente (López Arias),Sr. Presidente (López Arias). --,yes,Tiene la palabra el señor senador Yoma. No sé si está presente.,,
h262,2000-06-14_r25,2000-06-14_r25_ORDINARIA.html,,Sr. Presidente (Genoud),Sr. Presidente (Genoud). --,yes,Para una interrupción tiene la palabra el señor senador por La Rioja.,,
h263,2003-07-02_r14,2003-07-02_r14_ORDINARIA.html,,Sr. Presidente (Gioja),Sr. Presidente (Gioja). --,yes,"Corresponde considerar el dictamen de la Comisión de Educación, Cultura, Ciencia y Tecnología en el proyecto de declaración de la señora senadora Negre de Alonso por el que se rinde",,"This exact opening (committee dictamen re: proyecto by senadora Negre de Alonso) recurs with different followings 12 times in the file for 12 different homages/items; occurrence 1 (no which_occurrence given) is the ""Homenaje a Leopoldo Marechal"" item, confirmed against occurrence 2's differing text."
h264,1998-04-15_r09,1998-04-15_r09_ORDINARIA.html,,Sr. PROSECRETARIO (Pontaquarto),Sr. PROSECRETARIO (Pontaquarto).-,yes,(Lee:),12 of 113,"""(Lee:)"" is the secretary's own spoken cue announcing he will read, immediately followed by the text of an Orden del Día being entered into the record — so the speaker is Pontaquarto, but what follows immediately after is inserted-document text, not floor debate. Also: which_occurrence said 12 of 113; my exact-phrase count in the current file is 114, not 113. Occurrence #12 sits solidly inside a long unbroken run (occurrences 6-101) all spoken by this same Prosecretario, so the off-by-one in the total does not affect the answer, but a maintainer may want to know the count does not reproduce."
h265,1998-05-13_r15,1998-05-13_r15_ORDINARIA.html,,Sr. LÓPEZ,Sr. FIGUEROA.-,no,Pido la palabra.,6 of 13,"the sheet's old occurrence count sent the reader to a different printing of the same stock phrase; the page prints the parser's label immediately before every block the parser gives it (checked, this file) | reader: which_occurrence said 6 of 13; the current file yields 14 raw occurrences of ""Pido la palabra."" (verified two ways, including running the repo's own audit_parse.occurrence() against this file). Unlike other mismatched cases, here every occurrence has a DIFFERENT speaker, so this discrepancy matters. However, I confirmed that occurrence()'s position logic keys off the nth value (6) directly, independent of the total, and reproduces the same position (Sr. FIGUEROA) when fed nth=6 — so this is very likely still the intended passage, but flagging the total mismatch since the reasoning to get there took real work."
h266,1998-11-26_r65,1998-11-26_r65_ORDINARIA.html,,Sr. PRESIDENTE (Cafiero),Sr. PRESIDENTE (Cafiero).-,yes,Corresponde considerar el dictamen de la Comisión de la Integración en el proyecto de comunicación del señor senador García Arecha por el que se insta a los gobiernos de la,,
h267,2000-03-15_r06,2000-03-15_r06_ORDINARIA.html,,Sr. Alasino,Sr. Alasino. --,yes,"Que se vote, señor presidente.",,
h268,2000-11-15_r60,2000-11-15_r60_ORDINARIA.html,,Sr. Secretario (Oyarzún),Sr. Secretario (Oyarzún). --,yes,(Lee:),8 of 117,"Same ""(Lee:)"" pattern as h264: the phrase is the secretary's own cue right before an inserted Orden del Día document. which_occurrence said 8 of 117; I count 128 raw occurrences in the current file. Nearly every occurrence in the first ~20 (well past position 8) is this same Secretario Oyarzún — one (#10) even continues his same turn without a fresh label, illustrating why you must read back past unlabeled text. So the mismatched total is very unlikely to change the answer, but is worth a maintainer's look given the size of the gap (117 vs 128)."
h269,1998-11-26_r65,1998-11-26_r65_ORDINARIA.html,,Sr. PRESIDENTE (Cafiero),Sr. PRESIDENTE (Cafiero).-,yes,Tiene la palabra el señor senador por Misiones.,,
h270,2000-06-21_r27,2000-06-21_r27_ORDINARIA.html,,Sr. Presidente (Genoud),Sr. Presidente (Genoud). --,yes,Queda aprobada la comunicación. Se procederá en consecuencia.,25 of 33,"which_occurrence said 25 of 33; I count 34. All of occurrences 1-32 in my count are Presidente (Genoud), and only the last two (33-34) switch to Presidente (Preto) — so #25 is safely inside the Genoud block regardless of the exact total."
h271,1998-09-23_r48,1998-09-23_r48_ORDINARIA.html,,Sr. PRESIDENTE (Menem),Sr. PRESIDENTE (Menem).-,yes,Queda aprobada la comunicación. Se procederá en consecuencia.,48 of 57,"which_occurrence said 48 of 57; I count 55 (confirmed by running the repo's own audit_parse.occurrence() against this file, which reproduces position 48 exactly when given nth=48). All 55 occurrences bar one (#16, printed as bare ""Sr. PRESIDENTE.-"" without ""(Menem)"") are this same presiding officer, so the mismatched total does not change the answer."
h272,2002-06-12_r14,2002-06-12_r14_ORDINARIA.html,,Sr. Presidente (Maqueda),Sr. Presidente (Maqueda). --,yes,Corresponde considerar el dictamen de la Comisión de Presupuesto y Hacienda en el proyecto de comunicación del señor senador Gioja por el que se solicita un subsidio para la Escuela,,
h273,2001-04-18_r18,2001-04-18_r18_ORDINARIA.html,,Sr. Vaquir,Sr. Vaquir. --,yes,"Señor presidente: simplemente es para aclarar que en la página 2, segundo renglón, en donde dice: ""...obras sociales y/u hospitales públicos, de gestión descentralizada..."" hay que eliminar la coma, que",,
h274,2001-12-12_r76,2001-12-12_r76_EXTRAORDINARIA.html,,Sr. Gioja,Sr. Gioja. --,yes,"Señor presidente: debido a que se ha desdoblado el proyecto original, queda pendiente de aprobación el artículo 1° que formaría parte de un nuevo proyecto de resolución.",,
h275,1999-11-24_r00,1999-11-24_r00_ASAMBLEA.html,,Sr. PRESIDENTE,Sr. PRESIDENTE.-,yes,Queda aprobada la moción por unanimidad. Por Secretaría se dará lectura a lo propuesto por la Presidencia.,,"This ASAMBLEA transcript never parenthesizes the presiding officer's name — every instance in the file reads bare ""Sr. PRESIDENTE.-"", unlike the ORDINARIA sittings that name him."
h276,2002-08-15_r19,2002-08-15_r19_ORDINARIA.html,,Sr. Presidente (Maqueda),Sr. Presidente (Maqueda). --,yes,Queda aprobada la comunicación. Se procederá en consecuencia.,4 of 26,
h277,1998-06-03_r22,1998-06-03_r22_ORDINARIA.html,,Sr. PROSECRETARIO (Pontaquarto),Sr. PROSECRETARIO (Pontaquarto).-,yes,(Lee:),77 of 92,
h278,2002-08-15_r19,2002-08-15_r19_ORDINARIA.html,,Sr. Presidente (Maqueda),Sr. Presidente (Maqueda). --,yes,Tiene la palabra el señor senador Morales.,4 of 5,"File has 6 occurrences of ""Tiene la palabra el señor senador Morales"" (with a line-break between ""Tiene"" and ""la"" in two of them) but only 5 end with a literal period -- one ends ""Morales..."" (ellipsis) instead. Took ""4 of 5"" to mean the 4th of the 5 that end in a plain period, in document order: Maqueda, Baglini, Baglini, Maqueda, Maqueda. That 4th is this Maqueda instance. If the count instead includes the ellipsis one, the target shifts by one position (still Baglini or Maqueda -- worth a maintainer re-check)."
h279,2003-05-07_r08,2003-05-07_r08_ORDINARIA.html,,Sr. Baglini,Sr. Baglini. --,yes,"Señor presidente: en este actual artículo 3° --anteriormente 4° en el dictamen de comisión--, recogiendo una inquietud de los señores senadores Curletti y Moro, por la provincia del Chaco, propusimos",,
h280,2003-06-11_r11,2003-06-11_r11_ORDINARIA.html,,Sr. Presidente (López Arias),Sr. Presidente (López Arias). --,yes,"En consideración en general. Si no se hace uso de la palabra, se va a votar.",5 of 16,"Search for the exact phrase found 17 hits (all preceded by ""Sr. Presidente (López Arias)""), one more than the stated ""of 16"". Regardless of which is excluded, every one of the 17 shares this same speaker, so the answer is unaffected."
h281,2000-09-06_r49,2000-09-06_r49_ORDINARIA.html,,Sr. Presidente (Preto),Sr. Presidente (Preto). --,yes,Senador Yoma: ¿le permite una interrupción al senador Sergnese?,,
h282,1999-10-27_r52,1999-10-27_r52_ORDINARIA.html,,Sr. GENOUD,Sr. GENOUD.-,yes,Señor presidente: la Alianza no va a formular preguntas. Agradecemos al señor jefe de Gabinete de Ministros haber brindado el último informe correspondiente a su gestión. También agradecemos sus primeros,,
h283,2001-06-20_r41,2001-06-20_r41_ORDINARIA.html,,Sr. Secretario (Oyarzún),Sr. Secretario (Oyarzún).--,yes,(Lee:),11 of 51,"Exact string ""(Lee:)"" occurs 54 times in this file, not 51 -- but every single occurrence in the whole document is spoken by Sr. Secretario (Oyarzún), so the identity of occurrence 11 is unaffected by the discrepancy."
h284,2002-11-28_r38,2002-11-28_r38_ORDINARIA.html,,Sr. Gómez Diez,Sr. Gómez Diez. --,yes,"Señor presidente: voy a tratar de ser breve, porque la Cámara de Diputados está esperando la sanción de esta ley por parte del Senado y porque además, nosotros como cámara",,
h285,1999-06-23_r29,1999-06-23_r29_ORDINARIA.html,,Sr. PRESIDENTE (Menem),Sr. PRESIDENTE (Menem).-,yes,Queda sancionado el proyecto de ley. Se comunicará a la Honorable Cámara de Diputados.,23 of 28,"Exact phrase occurs 29 times, not 28. Most are labeled ""Sr. PRESIDENTE (Menem).-"" but several are printed as the shorter ""Sr. PRESIDENTE.-"" (no name) -- both are Menem presiding. Occurrences 19-27 in document order are a consecutive run of the full ""(Menem)"" label, so the 23rd falls safely inside that run under either counting convention."
h286,2002-11-06_r33,2002-11-06_r33_ORDINARIA.html,,Sr. Presidente (Maqueda),Sr. Presidente (Maqueda). --,yes,Queda aprobada la comunicación. Se procederá en consecuencia,,
h287,1999-11-17_r59,1999-11-17_r59_ORDINARIA.html,,Sr. PRESIDENTE (Ulloa),Sr. PRESIDENTE (Ulloa).-,yes,Corresponde considerar el dictamen de las comisiones de Drogadicción y Narcotráfico y de Educación en el proyecto de comunicación del señor senador Bravo por el que se solicitan informes acerca,,
h288,2003-03-06_r02,2003-03-06_r02_ORDINARIA.html,,Sr. Baglini,Sr. Baglini. -,yes,"Señor presidente: en una cable de una agencia de noticias se acaba de difundir un comunicado oficial de Endesa, que dice que el problema de electricidad es interno del Senado.",,"Label uses a single dash here (""Sr.\nBaglini. -""), not the double dash seen elsewhere in the corpus."
h289,2002-08-01_r17,2002-08-01_r17_ORDINARIA.html,,Sr. Presidente (López Arias),Sr. Presidente (López Arias). --,yes,"Señor senador Baglini, la senadora Fernández de Kirchner le solicita una interrupción. ¿Se la concede?",,
h290,2000-12-21_r71,2000-12-21_r71_EXTRAORDINARIA.html,,Sr. Presidente (Losada),Sr. Presidente (Losada). --,yes,Corresponde considerar el dictamen de las comisiones de Interior y Justicia y de Comunicaciones en el proyecto de resolución del señor senador Sala y otros señores senadores por el que,,"Two occurrences of the opening phrase in this file, both spoken by Sr. Presidente (Losada) introducing similar but not identical items (different postal-stamp resolutions); took the first since which_occurrence was blank."
h291,2001-09-04_r60,2001-09-04_r60_ORDINARIA.html,,Sr. Maglietti,Sr. Maglietti. --,yes,"Señor presidente: solicito preferencia para el tratamiento de este proyecto dentro de quince días, con o sin dictamen de comisión, dado que se trata de un simple pedido de informes",,
h292,1998-11-04_r56,1998-11-04_r56_ORDINARIA.html,,Sr. PRESIDENTE (Menem),Sr. PRESIDENTE (Menem).-,yes,Señor senador por Mendoza...,,
h293,2003-02-26_r41,2003-02-26_r41_EXTRAORDINARIA.html,,Sr. Verna,Sr. Verna. --,yes,Esto que digo no es para los grupos exportadores sino para los productores de mi provincia que tienen ahora la posibilidad de exportar y la van a perder. Los Estados,,"An italic stenographer's note (""-- Ocupa la Presidencia el señor presidente provisional del H. Senado, senador José Luis Gioja."") sits between the previous speaker's turn and this passage; per instructions this note does not change attribution -- the governing label immediately before the passage is still Sr. Verna."
h294,1999-04-14_r08,1999-04-14_r08_ORDINARIA.html,,Sr. MAYA,Sr. MAYA.-,yes,"Señor presidente: quiero efectuar una ponderación para algunos tribunales, que no siempre son reconocidos. Incluso, a veces con poca generosidad, son objeto del castigo, del reclamo generalizado y de la",,
h295,2001-04-04_r14,2001-04-04_r14_ORDINARIA.html,,Sr. Presidente (Sapag),Sr. Presidente (Sapag). --,yes,"Por favor, no dialoguen entre sí. Tiene la palabra el señor senador Yoma.",,
h296,2003-03-06_r02,2003-03-06_r02_ORDINARIA.html,,Sr. Pichetto,Sr. Pichetto. --,yes,Yo ya la escuché siete veces en el día de hoy.,,
h297,2001-03-07_r02,2001-03-07_r02_ORDINARIA.html,,Sr. Gioja,Sr. Gioja. --,yes,Señor presidente: solicito el tratamiento sobre tablas del dictamen que acaba de ser leído por Secretaría y que a continuación se tome juramento de rigor al señor senador electo titular,,
h298,2001-12-22_r00,2001-12-22_r00_ASAMBLEA.html,,Sr. Presidente (Maqueda),Sr. Presidente (Maqueda). --,yes,Corresponde que esta Asamblea adopte el Reglamento que va a regir sus deliberaciones. Tiene la palabra el señor senador Gioja.,,
h299,1999-09-22_r46,1999-09-22_r46_ORDINARIA.html,,Sr. SECRETARIO (Oyarzún),Sr. SECRETARIO (Oyarzún).-,yes,(Lee:),11 of 23,"Exact count of ""(Lee:)"" in this file is 23, matching the stated ""of 23"" exactly."
h300,2000-08-23_r46,2000-08-23_r46_ORDINARIA.html,,Sr. Secretario (Pontaquarto),Sr. Secretario (Pontaquarto). --,yes,"Fojas número 29, 30, 31...",,
h301,1999-08-25_r43,1999-08-25_r43_ORDINARIA.html,,Sr. GENOUD,Sr. GENOUD.-,yes,En parte tiene razón el señor senador por La Rioja. Lo que ocurre es que siempre existe un criterio distinto para analizar las facultades reglamentarias. Habitualmente la reglamentación es sólo,,
h302,2003-03-06_r02,2003-03-06_r02_ORDINARIA.html,,Sr. Presidente (Gioja),Sr. Presidente (Gioja). --,yes,"En consideración en general. Si no se hace uso de la palabra, se va a votar.",22 of 108,
h303,2003-02-26_r41,2003-02-26_r41_EXTRAORDINARIA.html,,Sr. Presidente (Gioja),Sr. Presidente (Gioja). --,yes,"Para una interrupción, tiene la palabra el señor senador Baglini.",,
h304,1998-05-20_r18,1998-05-20_r18_ORDINARIA.html,,Sr. PRESIDENTE,Sr. PRESIDENTE.-,yes,Tiene la palabra el señor senador por Buenos Aires.,1 of 6,"Phrase ""Tiene la palabra el señor senador por Buenos Aires."" actually occurs 8 times in the file, not 6 as the case metadata implies; took literal occurrence 1. All 8 occurrences are preceded by the same speaker label ""Sr. PRESIDENTE.-"", so the answer is unaffected by the count mismatch."
h305,2002-12-18_r39,2002-12-18_r39_EXTRAORDINARIA.html,,Sr. Presidente (López Arias),Sr. Presidente (López Arias). --,yes,Queda aprobada la declaración. Se procederá en consecuencia.,13 of 46,
h306,1998-10-14_r52,1998-10-14_r52_ORDINARIA.html,,Sr. PRESIDENTE (Cafiero),Sr. PRESIDENTE (Losada).-,no,"En consideración la moción de tratamiento sobre tablas. Si no se hace uso de la palabra, se va a votar.",2 of 3,"the sheet's old occurrence count sent the reader to a different printing of the same stock phrase; the page prints the parser's label immediately before every block the parser gives it (checked, this file) | reader: Phrase ""En consideración la moción de tratamiento sobre tablas. Si no se hace uso de la palabra, se va a votar."" occurs 6 times in the file, not 3 as the case metadata implies (Menem, Losada, Losada, Losada, Cafiero, Cafiero, in that order). Took literal occurrence 2 of my 6, which is the Losada/Avelín item. Since the speaker varies across occurrences, this pick is less certain than most rows in this batch."
h307,1998-06-03_r22,1998-06-03_r22_ORDINARIA.html,,Sr. PRESIDENTE (Yoma),Sr. PRESIDENTE (Yoma).-,yes,Por Secretaría se dará lectura al artículo 3° con la modificación propuesta.,,
h308,2002-05-08_r08,2002-05-08_r08_ORDINARIA.html,,Sr. Presidente (Maqueda),Sr. Presidente (Maqueda). --,yes,En consideración el artículo 1. Los que estén por la afirmativa sírvanse expresarlo.,,
h309,1998-09-09_r44,1998-09-09_r44_ORDINARIA.html,,Sr. PRESIDENTE (Losada),Sr. PRESIDENTE (Losada).-,yes,En consideración el inciso d). Por Secretaría se dará lectura.,,
h310,2003-06-04_r10,2003-06-04_r10_ORDINARIA.html,,Sr. Presidente (Gioja),Sr. Presidente (Gioja). --,yes,Queda aprobada la preferencia.,1 of 2,
h311,2000-08-09_r42,2000-08-09_r42_ORDINARIA.html,,Sr. Presidente (Genoud),Sr. Presidente (Genoud). --,yes,Corresponde considerar si se trata sobre tablas el proyecto de comunicación del señor senador Arnold y otros señores senadores por el que se solicita la puesta en funcionamiento de las,,
h312,2003-03-06_r02,2003-03-06_r02_ORDINARIA.html,,Sr. Presidente (Gioja),Sr. Presidente (Gioja). --,yes,Continúa la sesión. Senador Pichetto: ¿cuál es la moción?,,
h313,2001-05-30_r36,2001-05-30_r36_ORDINARIA.html,,Sr. Corach,Sr. Corach.--,yes,Cómo no.,1 of 5,
h314,1998-12-09_r71,1998-12-09_r71_ORDINARIA.html,,Sr. MENEGHINI,Sr. MENEGHINI.-,yes,Señor presidente: los datos que he citado muy brevemente a lo largo de esta exposición fueron extraídos de los mismos documentos que nos ha proporcionado la Comisión de Relaciones Exteriores,,
h315,2002-07-03_r15,2002-07-03_r15_ORDINARIA.html,,Sr. Presidente (Maqueda),Sr. Presidente (Maqueda). --,yes,Corresponde considerar el dictamen de las comisiones de Interior y Justicia y de Ecología y Desarrollo Humano en el proyecto de comunicación del señor senador Morales y de la señora,,
h316,1999-09-01_r44,1999-09-01_r44_ORDINARIA.html,,Sr. PRESIDENTE (Menem),Sr. PRESIDENTE (Menem).-,yes,Queda aprobada la resolución. Se procederá en consecuencia.,7 of 20,
h317,2002-01-23_r82,2002-01-23_r82_ORDINARIA.html,,Sra. Negre de Alonso,Sra. Negre de Alonso. --,yes,"Señor presidente: en la última parte, en base a lo que planteó el señor senador Gómez Diez, queremos proponerle al cuerpo la siguiente redacción: ""Serán nulos todos los actos de",,
h318,1999-08-11_r39,1999-08-11_r39_ORDINARIA.html,,Sr. PRESIDENTE,Sr. PRESIDENTE.-,yes,"Con las palabras pronunciadas por los señores senadores, que esta Presidencia hace suyas, queda rendido el homenaje al senador mandato cumplido don Edison Otero.",,
h319,2002-09-25_r25,2002-09-25_r25_ORDINARIA.html,,Sr. Cafiero,Sr. Cafiero. --,yes,Cómo no.,,
h320,1998-12-09_r71,1998-12-09_r71_ORDINARIA.html,,Sr. PRESIDENTE,Sr. PRESIDENTE.-,yes,"Dado que el señor senador electo por Tucumán, don Ramón Ortega, se encuentra en la antesala, si hay asentimiento se lo invitará a ingresar en el recinto para prestar juramento.",,
h321,1999-04-21_r10,1999-04-21_r10_ORDINARIA.html,,Sr. SECRETARIO (Oyarzún),Sr. SECRETARIO (Oyarzún).-,yes,(Lee:),37 of 73,"Phrase ""(Lee:)"" occurs 75 times in the file, not 73 as the case metadata implies; took literal occurrence 37. Occurrences 34-39 are all preceded by the same speaker label ""Sr. SECRETARIO (Oyarzún).-"", so the count mismatch does not affect confidence here."
h322,2002-01-23_r82,2002-01-23_r82_ORDINARIA.html,,Sra. Colombo,Sra. Colombo. --,yes,Ya terminé.,,
h323,1998-11-25_r64,1998-11-25_r64_ORDINARIA.html,,Sr. YOMA,Sr. YOMA.-,yes,Señor presidente: voy a hacer una modificación terminológica. En el inciso 4. contenido en el artículo 1 se utilizan dos términos para definir el carácter de la comunicación telefónica o,,
h324,2001-06-20_r41,2001-06-20_r41_ORDINARIA.html,,Sr. Cafiero,Sr. Cafiero. --,yes,"Señor presidente: supongamos que el Poder Ejecutivo, que no se caracteriza por la coherencia de sus actos, resuelve vetar el artículo 2 del proyecto en consideración, inmediatamente consagraría la devaluación",,
h325,2000-12-21_r71,2000-12-21_r71_EXTRAORDINARIA.html,,Sr. Secretario (Oyarzún),Sr. Secretario (Oyarzún). --,yes,(Lee:),60 of 81,
h326,2003-07-02_r14,2003-07-02_r14_ORDINARIA.html,,Sr. Presidente (Gioja),Sr. Presidente (Gioja),yes,Corresponde considerar el dictamen de la Comisión Parlamentaria Mixta Revisora de Cuentas de la Administración en la resolución remitida por la Auditoría General de la Nación sobre estados financieros del,,
h327,1998-11-18_r58,1998-11-18_r58_ORDINARIA.html,,Sr. GALVÁN,Sr. GALVÁN.-,yes,Pido la palabra.,10 of 21,"My whitespace-tolerant search found 22 occurrences of ""Pido la palabra."" in this file, but which_occurrence says 21 total. Both raw-HTML and tag-stripped counting methods agree at 22, and the 10th by either method is Sr. GALVÁN, so I trust the identification, but the maintainer should check why the reference count is off by one."
h328,2000-11-15_r60,2000-11-15_r60_ORDINARIA.html,,Sr. Presidente (Losada),Sr. Presidente (Losada),yes,Queda aprobada la comunicación. Se procederá en consecuencia.,29 of 37,
h329,2001-09-04_r60,2001-09-04_r60_ORDINARIA.html,,Sr. Presidente (Losada),Sr. Presidente (Losada),yes,Aprobado por unanimidad. Por Secretaría se dará lectura al párrafo final del artículo 33.,,"The second sentence (""Por Secretaría se dará lectura al párrafo final del artículo 33."") has no speaker label of its own; it continues the same Presidente paragraph block."
h330,2000-08-02_r38,2000-08-02_r38_ORDINARIA.html,,Sr. Presidente,Sr. Presidente. --,yes,Corresponde considerar el dictamen de la Comisión de Transportes en el proyecto de resolución del señor senador Moreau por el que se solicita el restablecimiento del ramal ferroviario Olascoaga--General Pico,,"This file's president label lacks a parenthetical name (unlike most others), printed simply as ""Sr. Presidente. --""."
h331,2000-07-05_r33,2000-07-05_r33_ORDINARIA.html,,Sr. Menem,Sr. Menem. --,yes,Tiene el mismo sentido. Pero si se quiere leer por Secretaría...,,"""Pero si se quiere leer por Secretaría..."" is a separate paragraph with no new label, so it continues Sr. Menem's turn."
h332,2003-04-09_r06,2003-04-09_r06_ORDINARIA.html,,Sr. Presidente (López Arias),Sr. Presidente (López Arias),yes,En consideración en general. Tiene la palabra el señor senador Lamberto.,,
h333,2002-09-04_r22,2002-09-04_r22_ORDINARIA.html,,Sr. Presidente (Salvatori),Sr. Presidente (Salvatori),yes,Tiene la palabra la señora senadora Fernández de Kirchner.,3 of 3,"Exact phrase with trailing period appears exactly 3 times in the file, matching which_occurrence's ""3 of 3""; a 4th near-identical occurrence earlier in the file lacks the trailing period and was correctly excluded."
h334,1999-09-01_r44,1999-09-01_r44_ORDINARIA.html,,Sr. PRESIDENTE (Menem),Sr. PRESIDENTE (Menem),yes,"En consideración en general. Si no se hace uso de la palabra, se va a votar.",2 of 62,
h335,2001-10-23_r66,2001-10-23_r66_ORDINARIA.html,,Sr. Presidente (Losada),Sr. Presidente (Losada),yes,"En consecuencia, pasa al Archivo.",3 of 12,
h336,2001-06-27_r43,2001-06-27_r43_ORDINARIA.html,,Sr. Presidente (Menem),Sr. Presidente (Menem),yes,"Si no se hace uso de la palabra, se va a votar.",1 of 2,"The literal phrase ""Si no se hace uso de la palabra, se va a votar."" appears dozens of times in this file, but it only begins a speaker's turn (immediately after a fresh label, with no other text before it) in exactly 2 places, matching which_occurrence's ""1 of 2""."
h337,1999-06-30_r30,1999-06-30_r30_ORDINARIA.html,,Sr. PRESIDENTE,Sr. PRESIDENTE.-,yes,Por Secretaría se va a pasar lista.,,
h338,2003-07-02_r14,2003-07-02_r14_ORDINARIA.html,,Sr. Menem,Sr. Menem. --,yes,"Solicito una interrupción, señor senador.",,
h339,1998-09-02_r42,1998-09-02_r42_ORDINARIA.html,,Sr. PROSECRETARIO (Pontaquarto),Sr. PROSECRETARIO (Pontaquarto).-,yes,"Dice así: ""El Honorable Senado de la Nación resuelve: Artículo 1- Declarar de interés cultural al Proyecto de Rescate Paleontológico de la localidad de Rincón de los Sauces, provincia del",,"The Prosecretario is reading a draft resolution text aloud into the record (""Dice así: ...""); the passage is the wording of the resolution itself but it is spoken/read by him during floor proceedings, not silently inserted, so I recorded him as speaker rather than NOBODY."
h340,2002-10-23_r30,2002-10-23_r30_ORDINARIA.html,,Sr. Presidente (Maqueda),Sr. Presidente (Maqueda),yes,"Bueno; yo tengo que poner, entonces, ...",,
h341,2002-11-28_r38,2002-11-28_r38_ORDINARIA.html,,Sr. Presidente (Maqueda),Sr. Presidente (Maqueda),yes,En consideración en general. Tiene la palabra la señora senadora Negre de Alonso.,1 of 2,
h342,1999-12-01_r64,1999-12-01_r64_ORDINARIA.html,,Sr. PRESIDENTE (Ulloa),Sr. PRESIDENTE (Ulloa),yes,Queda definitivamente sancionado el proyecto de ley. Se harán las comunicaciones correspondientes.,3 of 3,"Exact combined phrase appears 4 times in the file (which_occurrence says 3 of 3), but all 4 occurrences are spoken by the same Sr. PRESIDENTE (Ulloa), so the off-by-one in counting does not affect the answer."
h343,2000-03-15_r06,2000-03-15_r06_ORDINARIA.html,,Sr. Presidente,Sr. Presidente.--,yes,Queda reservado.,,
h344,2001-08-08_r50,2001-08-08_r50_ORDINARIA.html,,Sr. Presidente (Menem),Sr. Presidente (Menem),yes,"Si no se hace uso de la palabra, se va a votar la moción del señor senador Branda, a efectos de modificar el plan de labor.",,
h345,1998-03-18_r04,1998-03-18_r04_ORDINARIA.html,,Sr. SECRETARIO (Piuzzi),Sr. SECRETARIO (Piuzzi).-,yes,(Lee:),6 of 69,"Tag-stripped search found 70 occurrences of the literal string ""(Lee:)"" versus which_occurrence's total of 69, but the discrepancy did not affect the identification: the first several occurrences (positions 1-6) are all spoken by the same Sr. SECRETARIO (Piuzzi)."
h346,1999-09-22_r46,1999-09-22_r46_ORDINARIA.html,,Sr. PRESIDENTE (Menem),Sr. PRESIDENTE (Menem),yes,Se va a votar el artículo 3 con la modificación propuesta. Es el texto que leyó el señor senador por Entre Ríos.,,
h347,2000-10-25_r59,2000-10-25_r59_ORDINARIA.html,,Sr. Presidente (Cafiero),Sr. Presidente (Cafiero),yes,"En consideración en general. Si no se hace uso de la palabra, se va a votar.",248 of 269,"Combined-phrase search found 270 occurrences vs which_occurrence's 269, but occurrences 245-250 are all spoken by the same Sr. Presidente (Cafiero), so the off-by-one does not affect the answer."
h348,2002-11-27_r37,2002-11-27_r37_ORDINARIA.html,,Sr. Presidente (Maqueda),Sr. Presidente (Maqueda),yes,"En consideración la licencia solicitada por la señora senadora Ibarra, con el agregado propuesto por el señor senador Gioja. Si no se hace uso de la palabra, se va a",,
h349,1998-11-26_r65,1998-11-26_r65_ORDINARIA.html,,Sr. ALASINO,Sr. ALASINO.-,yes,Señor presidente: solicito un cambio en el plan de labor. Pido que se considere y se apruebe el dictamen de la Comisión de Asuntos Constitucionales en el proyecto de ley,,
h350,2003-06-04_r10,2003-06-04_r10_ORDINARIA.html,,Sr. Presidente (Gioja),Sr. Presidente (Gioja),yes,"Muy bien. En consideración el artículo 1° con las modificaciones aceptadas por la comisión. Si no se hace uso de la palabra, se va a votar.",,
h351,2002-08-28_r21,2002-08-28_r21_ORDINARIA.html,,Sr. Presidente (López Arias),Sr. Presidente (López Arias).,yes,Corresponde considerar el dictamen de la Comisión de Cultura en el proyecto de declaración de la señora senadora Perceval por el que se expresa beneplácito por el nombramiento de la,,
h352,2001-06-20_r41,2001-06-20_r41_ORDINARIA.html,,Sr. Cafiero,Sr. Cafiero.,yes,"Igualmente, quisiera que el consenso que alcanzó este Cuerpo en cuanto a que no puede vetarse el artículo 2 quede incluido entre las preocupaciones del Senado de la Nación. Además,",,"An intervening stenographer's note (""-- Ocupa la Presidencia el señor vicepresidente 1° del H. Senado"
h353,2001-10-23_r66,2001-10-23_r66_ORDINARIA.html,,Sr. Presidente (Losada),Sr. Presidente (Losada).,yes,Se procederá en consecuencia.,3 of 9,"opening_words ""Se procederá en consecuencia."" occurs as a standalone utterance-opening 9 times in this file (matching which_occurrence's ""of 9""); all 9 are spoken by Sr. Presidente (Losada), including the 3rd."
h354,2001-07-29_r49,2001-07-29_r49_ESPECIAL.html,,Sr. Presidente (Losada),Sr. Presidente (Losada).,yes,Tiene la palabra el señor senador Moreau.,4 of 4,All 5 occurrences of this phrase in the file are spoken by the same label.
h355,2000-08-23_r46,2000-08-23_r46_ORDINARIA.html,,Sr. Presidente (Genoud),Sr. Presidente (Genoud).,yes,"Hay una moción del señor senador Alasino, a los efectos de que este tema pase para la semana que viene, cuando esté presente el presidente de la Comisión de Asuntos",,
h356,2003-06-11_r11,2003-06-11_r11_ORDINARIA.html,,Sr. Presidente (López Arias),Sr. Presidente (López Arias).,yes,Tiene la palabra el señor senador Passo.,,
h357,2002-11-21_r35,2002-11-21_r35_ORDINARIA.html,,Sr. Yoma,Sr. Yoma.,yes,Sí.,1 of 2,"Only 2 of the 4 substring hits are standalone one-word utterances (""Sí."" as the entire turn, followed by a new speaker label) matching which_occurrence's ""of 2""; occurrence 1 of those is Sr. Yoma answering a request for an interruption."
h358,1998-04-15_r09,1998-04-15_r09_ORDINARIA.html,,Sr. SECRETARIO (Piuzzi),Sr. SECRETARIO (Piuzzi).,yes,(Lee:),113 of 113,"My scan found 114 occurrences of ""(Lee:)"" in this file, not 113 as which_occurrence implies (off by one, cause not identified), but every occurrence from #111 to #114 is spoken by the same label, so the answer is unaffected."
h359,2003-06-11_r11,2003-06-11_r11_ORDINARIA.html,,Sr. Secretario (Estrada),Sr. Secretario (Estrada).,yes,"Los órdenes del día impresos a considerar son los siguientes: anexo I, números 1638; 1639; 1548; 1627; 1049; 1285; 1483; 1632; y 1555... Perdón, omití mencionar el Orden del Día",,
h360,2001-07-25_r48,2001-07-25_r48_ORDINARIA.html,,Sr. Presidente (Losada),Sr. Presidente (Losada).,yes,Queda aprobada la declaración. Se procederá en consecuencia.,2 of 6,"My scan found 7 occurrences of this full sentence, not 6 as which_occurrence implies, but all are spoken by the same label."
h361,2003-02-26_r41,2003-02-26_r41_EXTRAORDINARIA.html,,Sr. Salvatori,"Sr. Salvatori, --",yes,"¿Me concede una interrupción, señor senador?",,"Label is printed with a comma instead of the usual period before the dash: ""Sr. Salvatori, -- ¿Me concede una interrupción, señor senador?"" -- likely a typo/OCR-style slip in the source rather than a different convention."
h362,2003-06-11_r11,2003-06-11_r11_ORDINARIA.html,,Sr. Presidente (López Arias),Sr. Presidente (López Arias).,yes,Tiene la palabra la señora senadora Ibarra.,2 of 6,"My scan found 11 substring occurrences of this phrase (which_occurrence says ""2 of 6""), but every one of the 11 is preceded by the same speaker label, so the answer is unaffected by the discrepancy."
h363,1999-07-07_r31,1999-07-07_r31_ORDINARIA.html,,Sr. VAQUIR,Sr. VAQUIR.,yes,Y en el niño.,,
h364,2000-09-13_r51,2000-09-13_r51_ORDINARIA.html,,Sr. Romero Feris,Sr. Romero Feris.,yes,"Muchas gracias, señor presidente. Quiero expresar pocas palabras pero con un profundo sentimiento por el respeto y la admiración que sentía por un hombre de los quilates de don Ricardo",,
h365,2003-05-07_r08,2003-05-07_r08_ORDINARIA.html,,Sr. Presidente (Gioja),Sr. Presidente (Gioja).,yes,El anterior también.,,
h366,1998-10-28_r54,1998-10-28_r54_ORDINARIA.html,,Sr. BRANDA,Sr. BRANDA.,yes,¿A qué se refiere?,,
h367,2000-08-09_r42,2000-08-09_r42_ORDINARIA.html,,Sr. Presidente (Genoud),Sr. Presidente (Genoud).,yes,Corresponde considerar si se trata sobre tablas el proyecto de ley en revisión sobre incorporación de un representante en el directorio de las empresas que constituyeron programas de propiedad participada,,
h368,2001-12-12_r76,2001-12-12_r76_EXTRAORDINARIA.html,,Sr. senador electo Alfonsín,Sr. senador electo Alfonsín.,yes,"¡Sí, juro!",5 of 6,"One of a series of oath-taking exchanges (""¡Sí, juro!""); the label here breaks from the pattern of the surrounding entries (""Sr. Oyarzún./Langton./Canals./Canata./Baglini. -- ¡Sí, juro!"") by reading ""Sr. senador electo Alfonsín.'' -- printed that way in the source, not a transcription error on my part."
h369,2003-04-09_r06,2003-04-09_r06_ORDINARIA.html,,Sr. Capitanich,Sr. Capitanich.,yes,"No, no tenemos quórum todavía...",,
h370,1998-11-18_r58,1998-11-18_r58_ORDINARIA.html,,Sr. PRESIDENTE (Menem),Sr. PRESIDENTE (Menem).,yes,Para una interrupción tiene la palabra el señor senador por Mendoza.,,
h371,2003-04-09_r06,2003-04-09_r06_ORDINARIA.html,,Sr. Presidente (López Arias),Sr. Presidente (López Arias).,yes,Tiene la palabra el señor senador Lamberto.,,
h372,2003-07-02_r14,2003-07-02_r14_ORDINARIA.html,,Sr. Presidente (Gioja),Sr. Presidente (Gioja).,yes,"En consecuencia, pasa al Archivo.",18 of 22,"My scan found 22 occurrences of this phrase in the file matching which_occurrence's ""of 22""; all are spoken by the same label."
h373,2000-11-15_r60,2000-11-15_r60_ORDINARIA.html,,Sr. Presidente (Losada),Sr. Presidente (Losada).,yes,Tiene la palabra el señor presidente del bloque justicialista.,1 of 2,"My scan found 4 substring occurrences of this phrase (which_occurrence says ""1 of 2""), but all 4 are preceded by the same speaker label."
h374,1999-05-12_r18,1999-05-12_r18_ESPECIAL.html,,Sr. PRESIDENTE,Sr. PRESIDENTE.,yes,Senador Moreau: la propuesta que hizo ayer la Presidencia en la reunión de presidentes de bloques se debe simplemente a un planteo reglamentario. Tengo que habilitar el tratamiento de un,,"This transcript uses the bare label ""Sr. PRESIDENTE."" without a parenthetical name (unlike most others in the corpus which give the surname in parentheses)."
h375,2003-07-02_r14,2003-07-02_r14_ORDINARIA.html,,Sr. Presidente (Gioja),Sr. Presidente (Gioja).,yes,"En primer lugar, corresponde considerar los pedidos de inserción solicitados. Si no se hace uso de la palabra, se va a votar.",,
h376,2002-03-14_r03,2002-03-14_r03_ORDINARIA.html,,Sr. Presidente (López Arias),Sr. Presidente (López Arias). --,yes,"En consideración en general. Si no se hace uso de la palabra, se va a votar.",16 of 36,
h377,1999-04-14_r08,1999-04-14_r08_ORDINARIA.html,,Sr. YOMA,Sr. YOMA.-,yes,Señor presidente: la sonrisa que imperó en el cuerpo...,,
h378,2001-02-21_r01,2001-02-21_r01_PREPARATORIA.html,,Sr. Gioja,Sr. Gioja. --,yes,"Señor presidente: estamos terminado esta sesión dado que, a continuación, se tomarán los juramentos pertinentes. En pocos días, estaremos iniciando un nuevo año parlamentario. Quisiera entonces, sinceramente, recoger el guante",,
h379,2003-07-02_r14,2003-07-02_r14_ORDINARIA.html,,Sr. Presidente (Gioja),Sr. Presidente (Gioja). --,yes,"Corresponde considerar el dictamen de la Comisión de Educación, Cultura, Ciencia y Tecnología en el proyecto de declaración de la señora senadora Curletti por el que se declara de interés",,
h380,2003-05-07_r08,2003-05-07_r08_ORDINARIA.html,,Sr. Presidente (Gioja),Sr. Presidente (Gioja). --,yes,Tiene la palabra el señor senador Zavalía.,,
h381,1998-03-25_r05,1998-03-25_r05_ORDINARIA.html,,Sr. DE LA SOTA,Sr. DE LA SOTA.--,yes,"Pido que me disculpen, pero no voy a conceder más interrupciones.",,
h382,1998-10-07_r51,1998-10-07_r51_ORDINARIA.html,,Sr. PRESIDENTE (Menem),Sr. PRESIDENTE (Menem).-,yes,En consideración en general. Tiene la palabra el señor senador por el Chubut.,,
h383,2002-04-24_r07,2002-04-24_r07_ESPECIAL.html,,Sr. Presidente (Maqueda),Sr. Presidente (Maqueda). --,yes,Queda aprobado en general y en particular. Pasará a la Cámara de Diputados para su consideración. Tiene la palabra el señor senador Gioja.,,
h384,1999-09-01_r44,1999-09-01_r44_ORDINARIA.html,,Sr. PROSECRETARIO (Pontaquarto),Sr. PROSECRETARIO (Pontaquarto).-,yes,(Lee:),16 of 55,"Row says occurrence ""16 of 55"" but I count 65 literal occurrences of ""(Lee:)"" in this file, not 55. Checked all 65 and every one is preceded by the same label, ""Sr. PROSECRETARIO (Pontaquarto).-"", so the answer is unaffected, but the occurrence-count mismatch suggests whatever tool generated the batch undercounts this token in this file."
h385,1998-11-25_r64,1998-11-25_r64_ORDINARIA.html,,Sr. PRESIDENTE,Sr. PRESIDENTE.-,yes,Tiene la palabra el señor senador por Santa Cruz.,3 of 4,
h386,1998-11-04_r56,1998-11-04_r56_ORDINARIA.html,,Sr. PRESIDENTE,Sr. PRESIDENTE.-,yes,Hay anotado en la lista de oradores para este homenaje otro señor senador. Tiene la palabra el señor senador por Entre Ríos.,,
h387,2000-09-06_r49,2000-09-06_r49_ORDINARIA.html,,Sr. Altuna,Sr. Altuna. --,yes,"Sí, el artículo 10 debe decir, al final: ""Los endosos serán certificados por escribano público, autoridad judicial o autoridad bancaria.""",,
h388,2003-05-07_r08,2003-05-07_r08_ORDINARIA.html,,Sr. Secretario (Oyarzún),Sr. Secretario (Oyarzún). --,yes,"(Lee:)""Artículo 7: Queda excepcionalmente habilitada la posibilidad de contratar locaciones de inmuebles en las zonas de desastre detalladas en el artículo 1 por plazos menores a los previstos en el",,"The matched text (""Artículo 7: Queda excepcionalmente habilitada..."") is bill text the secretary is reading aloud on the floor (cued by ""(Lee:)""), not free-standing inserted-document text with no speaker — so I attributed it to the secretary who reads it, not NOBODY."
h389,2000-03-15_r06,2000-03-15_r06_ORDINARIA.html,,Sr. Cafiero,Sr. Cafiero. --,yes,Señor presidente: reproduzco en este caso los argumentos que vertí en oportunidad del tratamiento del pliego del señor Cardozo.,,
h390,1999-12-22_r69,1999-12-22_r69_EXTRAORDINARIA.html,,Sr. CARBONELL,Sr. CARBONELL.-,yes,Señor presidente: por las dudas y por lo que pudiere ocurrir quiero aclarar al señor senador Genoud y a este cuerpo que quien habla no disfruta de ninguna jubilación de,,
h391,1998-09-23_r48,1998-09-23_r48_ORDINARIA.html,,Sr. PROSECRETARIO (Pontaquarto),Sr. PROSECRETARIO (Pontaquarto).-,yes,(Lee:),70 of 147,"Row says occurrence ""70 of 147"" but I count 170 literal occurrences of ""(Lee:)"" in this file, not 147. Checked every occurrence's preceding label — all 170 are ""Sr. PROSECRETARIO (Pontaquarto).-"" — so the answer is unaffected, but again the stated total occurrence count doesn't match a plain-text scan of the file."
h392,2000-03-15_r06,2000-03-15_r06_ORDINARIA.html,,Sr. Presidente,Sr. Presidente. --,yes,Corresponde considerar el dictamen de la Comisión de Cultura en el proyecto de declaración del señor senador Ortega por el que se expresa beneplácito por el premio obtenido por el,,
h393,1999-11-10_r57,1999-11-10_r57_ORDINARIA.html,,Sr. ALASINO,Sr. ALASINO.-,yes,"Señor presidente: vamos a acompañar la propuesta del señor senador por Corrientes en el sentido de continuar llamando durante media hora más a fin de poder reunir quórum. Quiero decir,",,
h394,2002-03-14_r03,2002-03-14_r03_ORDINARIA.html,,Sr. Presidente (López Arias),Sr. Presidente (López Arias). --,yes,"Voy a ver qué pasa, señor senador... Sí; en realidad todos estos asuntos entrados fueron distribuidos en los despachos de los señores senadores...",,
h395,1999-06-16_r25,1999-06-16_r25_ORDINARIA.html,,Sr. PRESIDENTE (Ulloa),Sr. PRESIDENTE (Ulloa).-,yes,Corresponde considerar el dictamen de las comisiones de Presupuesto y Hacienda y de Obras Públicas en el proyecto de comunicación del señor senador Sager por el que se solicita la,,
h396,2003-07-02_r14,2003-07-02_r14_ORDINARIA.html,,Sr. Presidente (Gioja),Sr. Presidente (Gioja). --,yes,"Corresponde considerar el dictamen de la Comisión de Educación, Cultura, Ciencia y Tecnología en el proyecto de declaración de la señora senadora Bar por el que se adhiere a la",,
h397,2001-06-20_r41,2001-06-20_r41_ORDINARIA.html,,Sr. Presidente (Losada),Sr. Presidente (Losada).--,yes,Tiene la palabra el señor senador por Entre Ríos.,1 of 2,
h398,1998-08-26_r39,1998-08-26_r39_ORDINARIA.html,,Sr. YOMA,Sr. YOMA.-,yes,"¿Me permite una interrupción muy breve, señor senador?",,
h399,2000-09-07_r50,2000-09-07_r50_ORDINARIA.html,,Sr. Presidente (Genoud),Sr. Presidente (Genoud). --,yes,Tiene la palabra el señor senador Villarruel.,,"The senator's surname is spelled ""Villarruel"" in the passage itself but the next speaker label a few lines later reads ""Sr. Villarroel. --"" (double r, -oe- instead of -ue-) — an inconsistent spelling in the source, though it doesn't affect this row's speaker."
h400,2000-08-23_r46,2000-08-23_r46_ORDINARIA.html,,Sr. Presidente (Preto),Sr. Presidente (Preto). --,yes,Por Secretaría se dará lectura a la parte resolutiva del proyecto de comunicación.,,
h401,2003-05-07_r08,2003-05-07_r08_ORDINARIA.html,,Sr. Presidente (Gioja),Sr. Presidente (Gioja). --,yes,En consideración. Tiene la palabra el senador Jenefes.,,
h402,2000-08-02_r38,2000-08-02_r38_ORDINARIA.html,,Sr. Secretario (Pontaquarto),Sr. Secretario (Pontaquarto). --,yes,(Lee:),124 of 134,"My own re-count of ""(Lee:)"" in this file found 144 occurrences, not the stated 134. Checked every instance's preceding label: all but one (which reads ""Sr. Prosecretario (Colombo). --"" near the very end, my occurrence #141) are ""Sr. Secretario (Pontaquarto). --"". The target sits well before that switch, so the count mismatch does not change the answer."
h403,2000-12-06_r68,2000-12-06_r68_EXTRAORDINARIA.html,,Sr. Presidente (Losada),Sr. Presidente (Losada). --,yes,En consideración en general. Tiene la palabra el señor senador por Tucumán.,,
h404,1998-06-10_r24,1998-06-10_r24_ORDINARIA.html,,Sr. PRESIDENTE (Losada),Sr. PRESIDENTE (Losada).-,yes,"Antes de ceder la palabra al señor senador por Misiones, la Presidencia aclara que el proyecto en consideración es una iniciativa remitida por el Poder Ejecutivo. No se trata de",,
h405,1999-06-30_r30,1999-06-30_r30_ORDINARIA.html,,Sr. DE LA ROSA,Sr. DE LA ROSA.-,yes,"Para el artículo 26 también hay una modificación propuesta: en lugar de decir ""edición de un libro"" que diga ""edición de libros"". Son las dos modificaciones del Capítulo.",,
h406,1999-07-07_r31,1999-07-07_r31_ORDINARIA.html,,Sr. GENOUD,Sr. GENOUD.-,yes,Pido la palabra.,8 of 9,
h407,1998-03-04_r02,1998-03-04_r02_ORDINARIA.html,,Sr. PRESIDENTE,Sr. PRESIDENTE.-,yes,Yo no puedo opinar sobre las palabras de los señores senadores.,,
h408,2002-03-14_r03,2002-03-14_r03_ORDINARIA.html,,Sr. Presidente (López Arias),Sr. Presidente (López Arias).--,yes,"En consideración en general. Si no se hace uso de la palabra, se va a votar.",35 of 36,"My re-count of the phrase found 37 occurrences, not the stated 36. Every occurrence in the file is preceded by ""Sr. Presidente (López Arias)"" (dash style varies), so the off-by-one does not affect the answer."
h409,1998-04-01_r06,1998-04-01_r06_ORDINARIA.html,,Sr. PRESIDENTE (Cafiero),Sr. PRESIDENTE (Cafiero).--,yes,Señores senadores: ruego que tomen asiento y que presten atención al orador.,,
h410,1998-08-19_r36,1998-08-19_r36_ORDINARIA.html,,Sr. DEL PIERO,Sr. DEL PIERO.-,yes,"Señor presidente: hago míos los argumentos de que correspondería aprobar la sanción de la Cámara de Diputados. Cuando se consideró en general este proyecto, yo aprobé dicha sanción. Y como",,
h411,2000-08-09_r42,2000-08-09_r42_ORDINARIA.html,,Sr. Sergnese,Sr. Sergnese. --,yes,"Señor presidente: en definitiva, dejo en claro que voté en disidencia para habilitar la discusión en el Senado en este momento y para que la mayoría pudiera resolver este tema.",,"The label ""Sr. Sergnese. --"" appears twice in a row with no other speaker between: he says "".. voy a pedir que se inserte lo que pensaba decir."" and then a new paragraph starts again with his own label before the quoted passage. Unusual repetition, but the page prints his name both times, not another speaker's."
h412,1999-12-01_r64,1999-12-01_r64_ORDINARIA.html,,Sr. SECRETARIO (Pontaquarto),Sr. SECRETARIO (Pontaquarto).-,yes,(Lee:) .,33 of 76,
h413,2003-06-04_r10,2003-06-04_r10_ORDINARIA.html,,Sr. Presidente (Gioja),Sr. Presidente (Gioja). --,yes,Resulta aprobado por dos tercios de los votos. Tiene la palabra el señor senador Pichetto.,,
h414,2000-08-23_r46,2000-08-23_r46_ORDINARIA.html,,Sr. Usandizaga,Sr. Usandizaga. --,yes,Yo también.,,
h415,1998-10-28_r54,1998-10-28_r54_ORDINARIA.html,,Sr. BRANDA,Sr. BRANDA.-,yes,Es cosa juzgada.,,
h416,2002-10-02_r26,2002-10-02_r26_ESPECIAL.html,,Sra. Gómez de Bertone,Sra. Gómez de Bertone. --,yes,"Señor presidente: simplemente quiero hacerle una pregunta al señor jefe de Gabinete. En realidad, más que una pregunta quiero transmitirle una preocupación. Aquí se habló de las crisis del sector",,
h417,2001-06-13_r38,2001-06-13_r38_ORDINARIA.html,,Sr. Presidente (Losada),Sr. Presidente (Losada). --,yes,Tiene la palabra el señor senador por San Juan.,2 of 3,
h418,1998-08-19_r36,1998-08-19_r36_ORDINARIA.html,,Sr. VILLARROEL,Sr. VILLARROEL.-,yes,"Señor presidente: sobre el particular tengo una propuesta que obra en poder de la Secretaría Parlamentaria, que trata de abarcar hipótesis no tenidas en cuenta por la norma precedente sobre",,
h419,2003-04-09_r06,2003-04-09_r06_ORDINARIA.html,,Sra. Negre de Alonso,Sra. Negre de Alonso. --,yes,"No solamente estaremos garantizando el derecho constitucional a una vivienda digna para los argentinos, sino que también estaremos protegiendo a la familia como institución y como célula fundamental de la",,
h420,1999-11-24_r62,1999-11-24_r62_ORDINARIA.html,,Sr. PRESIDENTE (Losada),Sr. PRESIDENTE (Losada).-,yes,Ahora corresponde votar el tratamiento sobre tablas del expediente en consideración.,,
h421,2003-07-02_r14,2003-07-02_r14_ORDINARIA.html,,Sr. Presidente (Gioja),Sr. Presidente (Gioja). --,yes,Queda aprobada la comunicación. Se procederá en consecuencia.,7 of 36,
h422,1999-08-11_r39,1999-08-11_r39_ORDINARIA.html,,Sr. PRESIDENTE (Menem),Sr. PRESIDENTE (Menem).-,yes,Corresponde considerar el dictamen de la Comisión de Turismo en el proyecto de declaración del señor senador Romero por el que se declaran de interés del Honorable Senado de la,,
h423,2002-09-18_r24,2002-09-18_r24_ORDINARIA.html,,Sr. Menem,Sr. Menem. --,yes,"Señor presidente: tomo la última parte de la exposición del senador Baglini, como para ir ordenando el aspecto procesal. Yo diría que en este trabajo en comisión, más allá de",,
h424,1999-12-28_r70,1999-12-28_r70_ESPECIAL.html,,Sr. PRESIDENTE,Sr. PRESIDENTE.-,yes,Tiene la palabra el señor senador por San Juan.,,
h425,1999-09-15_r45,1999-09-15_r45_ORDINARIA.html,,Sr. PRESIDENTE,Sr. PRESIDENTE.-,yes,"En consideración en general. Si no se hace uso de la palabra, se va a votar.",35 of 84,"My re-count of the phrase found 87 occurrences, not the stated 84. The target (my occurrence #35) sits in the middle of a 70-occurrence run that is uniformly labeled plain ""Sr. PRESIDENTE.-"" (no parenthetical name), well away from the transition point to ""Sr. PRESIDENTE (Menem).-"" later in the file, so the count mismatch does not affect the answer."
h426,2002-05-08_r08,2002-05-08_r08_ORDINARIA.html,,Sr. Presidente (Maqueda),Sr. Presidente (Maqueda),yes,"Corresponde considerar el dictamen de las comisiones de Presupuesto y Hacienda, de Legislación General y de Asuntos Administrativos y Municipales en el proyecto de comunicación de la señora senadora Paz",,
h427,1998-09-23_r48,1998-09-23_r48_ORDINARIA.html,,Sr. PRESIDENTE (Menem),Sr. PRESIDENTE (Menem).-,yes,Corresponde considerar el dictamen de la Comisión de la Integración en el proyecto de resolución del señor senador Sapag y otros señores senadores por el que se declaran de interés,,
h428,2001-05-23_r35,2001-05-23_r35_ORDINARIA.html,,Sr. Branda,Sr. Branda,yes,"Simplemente quiero señalar que la votación en general implica la habilitación del tema, nada más.",,
h429,2000-09-06_r49,2000-09-06_r49_ORDINARIA.html,,Sr. Presidente (Genoud),Sr. Presidente (Genoud).--,yes,En consideración el plan de labor.,,
h430,1999-11-17_r59,1999-11-17_r59_ORDINARIA.html,,Sr. PRESIDENTE (Ulloa),Sr. PRESIDENTE (Ulloa).-,yes,Tiene la palabra el señor senador por La Rioja.,3 of 5,
h431,2002-01-06_r80,2002-01-06_r80_ORDINARIA.html,,Sr. Morales,Sr. Morales,yes,"Entonces, dejo aclarado que nuestro voto es afirmativo en el artículo en consideración, pero conscientes de que desde ningún punto de vista permitiremos que entre esos recursos queden incluidos el",,"Passage follows a stenographer's note (""-- Murmullos en el recinto."") that sits between two ""Sr. Morales. --"" labels; kept looking back past the note to the governing label, same speaker."
h432,2000-11-15_r60,2000-11-15_r60_ORDINARIA.html,,Sr. Secretario (Oyarzún),Sr. Secretario (Oyarzún),yes,(Lee:),115 of 117,"Label precedes ""Secretaría informa que se reemplaza...Lee:"" with no new speaker label before the ""(Lee:)"" passage itself."
h433,1998-09-23_r48,1998-09-23_r48_ORDINARIA.html,,Sr. PRESIDENTE (Menem),Sr. PRESIDENTE (Menem).-,yes,Queda aprobada la comunicación. Se procederá en consecuencia.,23 of 57,
h434,2002-01-23_r82,2002-01-23_r82_ORDINARIA.html,,Sr. Presidente (Maqueda),Sr. Presidente (Maqueda),yes,Por Secretaría se hizo llegar oportunamente la lista de los asuntos entrados. Corresponde que los señores senadores formulen al respecto las consideraciones que estimen pertinentes.,,
h435,1998-03-04_r02,1998-03-04_r02_ORDINARIA.html,,Sr. PRESIDENTE (Menem),Sr. PRESIDENTE (Menem).-,yes,Señores senadores: estamos manteniendo una sesión muy ordenada. Les ruego no hacer uso de la palabra sin solicitársela a la Presidencia. Tiene la palabra el señor senador por La Pampa.,,
h436,2001-03-07_r02,2001-03-07_r02_ORDINARIA.html,,Sr. Presidente (Menem),Sr. Presidente (Menem),yes,Se va a votar el pase al archivo.,2 of 3,
h437,1999-12-01_r64,1999-12-01_r64_ORDINARIA.html,,Sr. PRESIDENTE (Ulloa),Sr. PRESIDENTE (Ulloa).-,yes,"En consideración en general. Si no se hace uso de la palabra, se va a votar.",53 of 70,
h438,2001-10-23_r66,2001-10-23_r66_ORDINARIA.html,,Sr. Presidente (Losada),Sr. Presidente (Losada),yes,Corresponde considerar el dictamen de las comisiones de Asuntos Administrativos y Municipales y de Trabajo y Previsión Social en el proyecto de resolución del señor senador Tell y otros señores,,
h439,1999-08-11_r39,1999-08-11_r39_ORDINARIA.html,,Sr. PRESIDENTE (Menem),Sr. PRESIDENTE (Menem).-,yes,Corresponde considerar el dictamen de las comisiones de Interior y Justicia y de Cultura en el proyecto de ley del señor senador Romero Feris por el que se declara monumento,,
h440,2001-04-04_r14,2001-04-04_r14_ORDINARIA.html,,Sr. Presidente (Sapag),Sr. Presidente (Sapag),yes,En consideración en particular.,1 of 2,First of 2 occurrences (which_occurrence blank -> took first).
h441,1999-06-16_r25,1999-06-16_r25_ORDINARIA.html,,Sr. PRESIDENTE (Ulloa),Sr. PRESIDENTE (Ulloa).-,yes,Queda aprobada la comunicación. Se procederá en consecuencia.,27 of 74,
h442,2003-03-06_r02,2003-03-06_r02_ORDINARIA.html,,Sr. Presidente (Gioja),Sr. Presidente (Gioja),yes,Corresponde considerar si se trata sobre tablas el proyecto de resolución de la señora senadora Escudero y otros señores senadores por el que se solicita se ponga a disposición del,,
h443,2001-07-25_r48,2001-07-25_r48_ORDINARIA.html,,Sr. Presidente (Losada),Sr. Presidente (Losada),yes,Tiene la palabra el señor senador Gioja.,1 of 4,
h444,2000-10-25_r59,2000-10-25_r59_ORDINARIA.html,,Sr. Presidente (Cafiero),Sr. Presidente (Cafiero),yes,Queda aprobada la declaración. Se procederá en consecuencia.,58 of 86,
h445,2000-02-23_r73,2000-02-23_r73_EXTRAORDINARIA.html,,Sr. VILLARROEL,Sr. VILLARROEL.-,yes,Señor senador...,,
h446,2000-11-29_r66,2000-11-29_r66_ORDINARIA.html,,Sr. Presidente (Losada),Sr. Presidente (Losada),yes,Queda sancionado el proyecto de ley. Se comunicará a la Honorable Cámara de Diputados.,14 of 25,
h447,2002-10-23_r30,2002-10-23_r30_ORDINARIA.html,,Sr. Presidente (Maqueda),Sr. Presidente (Maqueda),yes,"No habiendo quórum, queda levantada la sesión.",,
h448,1998-05-06_r13,1998-05-06_r13_ORDINARIA.html,,Sr. PRESIDENTE (Menem),Sr. PRESIDENTE (Menem).-,yes,"En consideración en general el proyecto de comunicación. Si no se hace uso de la palabra, se va a votar.",,
h449,2001-07-29_r49,2001-07-29_r49_ESPECIAL.html,,Sr. Altuna,Sr. Altuna,yes,Señor presidente...,,
h450,1999-08-25_r43,1999-08-25_r43_ORDINARIA.html,,Sr. TELL,Sr. TELL.-,yes,Lo votamos anteriormente.,,
h451,2003-04-09_r06,2003-04-09_r06_ORDINARIA.html,,Sr. Paz,Sr. Paz.,yes,"Señor presidente: como senadora de una de las provincias que tuvo el bono Bocanfor, quiero expresar que nosotros también hemos padecido situaciones insólitas y muy extrañas en nuestra provincia. En",,"Label printed exactly as ""Sr.<br>Paz. --"" even though the Presidente had just announced ""Tiene la palabra la señora senadora Paz"" (female) two paragraphs earlier -- stenographer used the wrong honorific (Sr. instead of Sra.) for this speaker."
h452,2003-07-02_r14,2003-07-02_r14_ORDINARIA.html,,Sr. Presidente (Gioja),Sr. Presidente (Gioja).,yes,Queda aprobada la resolución. Se comunicará a la Honorable Cámara de Diputados.,15 of 35,
h453,1998-05-13_r15,1998-05-13_r15_ORDINARIA.html,,Sr. PRESIDENTE (Cafiero),Sr. PRESIDENTE (Cafiero).,yes,"En consideración en general. Si no se hace uso de la palabra, se va a votar.",15 of 32,"Batch says occurrence 15 of 32, but the exact phrase occurs 33 times in the raw decoded text; every single occurrence in this file is immediately preceded by the same label, ""Sr. PRESIDENTE (Cafiero).-"", so the count mismatch does not affect the answer -- but worth a maintainer look at how occurrence counts are generated."
h454,1998-08-12_r34,1998-08-12_r34_ORDINARIA.html,,Sr. PRESIDENTE,Sr. PRESIDENTE.,yes,"En consideración en general. Si no se hace uso de la palabra, se va a votar.",1 of 6,"No name in parentheses this time -- printed plainly as ""Sr. PRESIDENTE.-""."
h455,1998-08-12_r34,1998-08-12_r34_ORDINARIA.html,,Sr. PROSECRETARIO (Pontaquarto),Sr. PROSECRETARIO (Pontaquarto).,yes,(Lee:),92 of 93,"Batch says occurrence 92 of 93, but the phrase ""(Lee:)"" occurs 94 times in this file; checked several occurrences around #92 and every one is preceded by the same label, so the mismatch doesn't affect the answer."
h456,2001-04-18_r18,2001-04-18_r18_ORDINARIA.html,,Sr. Presidente (Losada),Sr. Presidente (Losada).,yes,"Corresponde considerar el dictamen de las comisiones de Educación y de Cultura en el proyecto de declaración del señor senador Mikkelsen--Löth, por el que se declara de interés un ciclo",,
h457,2003-03-06_r02,2003-03-06_r02_ORDINARIA.html,,Sr. Presidente (Gioja),Sr. Presidente (Gioja).,yes,"Corresponde considerar el dictamen de la Comisión de Asistencia Social y Salud Pública en el proyecto de declaración de la señora senadora Isidori, por el que se declara de interés",,
h458,1998-03-25_r05,1998-03-25_r05_ORDINARIA.html,,Sr. MAYA,Sr. MAYA.,yes,¿Puedo hacer uso de la palabra?,,
h459,2001-09-04_r60,2001-09-04_r60_ORDINARIA.html,,Sr. Presidente (Losada),Sr. Presidente (Losada).,yes,Tiene la palabra el señor senador Alasino.,4 of 9,"This is the Presidente announcing ""Tiene la palabra el señor senador Alasino"" -- the label governing the passage is the Presidente, not Alasino (who speaks next)."
h460,1998-12-09_r71,1998-12-09_r71_ORDINARIA.html,,Sr. PRESIDENTE (Menem),Sr. PRESIDENTE (Menem).,yes,"Prosigue en uso de la palabra, señor senador por La Rioja.",,
h461,2002-01-01_r00,2002-01-01_r00_ASAMBLEA.html,,Sr. diputado Acevedo,Sr. diputado Acevedo.,yes,¡Es verdad!,,"From the 2002-01-01 Asamblea Legislativa (joint session); speaker is printed as ""Sr. diputado Acevedo.-- ¡Es verdad!""."
h462,2001-08-29_r57,2001-08-29_r57_ORDINARIA.html,,Sr. Angeloz,Sr. Angeloz.,yes,"Además, he adelantado mi voto positivo sin observación de ninguna naturaleza. Pero hace a mi responsabilidad como presidente de la comisión efectuar todas estas manifestaciones. Seguramente, no debe haber aquí",,
h463,2002-08-15_r19,2002-08-15_r19_ORDINARIA.html,,Sr. Presidente (Maqueda),Sr. Presidente (Maqueda).,yes,¿Es sobre este tema?,,
h464,2002-01-01_r00,2002-01-01_r00_ASAMBLEA.html,,Sr. Presidente (Maqueda),Sr. Presidente (Maqueda).,yes,Señora senadora: la diputada González le está pidiendo una interrupción. ¿Se la concede?,,Also from the 2002-01-01 Asamblea Legislativa file.
h465,2003-07-02_r14,2003-07-02_r14_ORDINARIA.html,,Sr. Presidente (Gioja),Sr. Presidente (Gioja).,yes,Queda aprobada la resolución. Se comunicará a la Honorable Cámara de Diputados.,34 of 35,
h466,2000-08-23_r46,2000-08-23_r46_ORDINARIA.html,,Sr. Presidente (Genoud),Sr. Presidente (Genoud).,yes,Queda aprobada la declaración. Se procederá en consecuencia.,5 of 23,"Batch says occurrence 5 of 23; exact phrase occurs 24 times in this file. Checked occurrence 5 directly -- preceded by the same label as all the others I sampled, so the mismatch doesn't affect the answer."
h467,2001-07-25_r48,2001-07-25_r48_ORDINARIA.html,,Sr. Presidente (Losada),Sr. Presidente (Losada).,yes,"En consideración en general. Si no se hace uso de la palabra, se va a votar.",15 of 16,
h468,1998-05-20_r18,1998-05-20_r18_ORDINARIA.html,,Sr. MARTÍNEZ ALMUDEVAR,Sr. MARTÍNEZ ALMUDEVAR.,yes,Señor presidente: solicito el tratamiento sobre tablas y la posterior aprobación de este proyecto de resolución por el que se dispone el auspicio de este cuerpo a los actos programados,,
h469,2001-10-23_r66,2001-10-23_r66_ORDINARIA.html,,Sr. Presidente (Losada),Sr. Presidente (Losada).,yes,"En consideración en general. Si no se hace uso de la palabra, se va a votar.",14 of 99,"Batch says occurrence 14 of 99; exact phrase occurs 105 times in this file. Occurrence 14 (by my count) is clearly preceded by ""Sr. Presidente (Losada).--"". Spot-checked labels before several other occurrences of the phrase in this file (some over 100 chars back) and all were Losada as well; this session appears to have a single presiding officer throughout, so the count mismatch is unlikely to change the answer, but flagging the discrepancy for the maintainer."
h470,2002-04-04_r04,2002-04-04_r04_ORDINARIA.html,,Sra. Colombo,Sra. Colombo.,yes,Perfecto.,,
h471,2003-05-07_r08,2003-05-07_r08_ORDINARIA.html,,Sr. Secretario (Oyarzún),Sr. Secretario (Oyarzún).,yes,"""Artículo 3.- Destínese una partida especial del Presupuesto Nacional al fondo creado precedentemente para la reconstrucción y asistencia de los departamentos de la provincia de Santa Fe afectados, por un",,"This passage is the literal text of a bill article (""Artículo 3.- Destínese..."") inside quotation marks, which the Secretary is reading into the record after ""Por Secretaría se dará lectura"" -- i.e. it's the text of an inserted document (the draft law) rather than the Secretary's own remarks, even though his label is the one that governs it typographically. Flagging per instructions since this sits at the boundary between a spoken label and inserted-document text; a maintainer should decide whether such read-aloud bill text should be attributed to the reader or treated as NOBODY/inserted-document."
h472,2002-12-18_r39,2002-12-18_r39_EXTRAORDINARIA.html,,Sr. Presidente (López Arias),Sr. Presidente (López Arias).,yes,"En consideración en general. Si no se hace uso de la palabra, se va a votar.",130 of 178,
h473,2001-05-09_r28,2001-05-09_r28_ORDINARIA.html,,Sr. Presidente (Losada),Sr. Presidente (Losada).,yes,Tiene la palabra el señor senador Yoma.,4 of 4,
h474,1998-09-23_r48,1998-09-23_r48_ORDINARIA.html,,Sr. PRESIDENTE (Menem),Sr. PRESIDENTE (Menem).,yes,Queda aprobada la declaración. Se procederá en consecuencia.,17 of 27,
h475,1998-11-26_r65,1998-11-26_r65_ORDINARIA.html,,Sr. PRESIDENTE (Cafiero),Sr. PRESIDENTE (Cafiero).,yes,Corresponde considerar el dictamen de la Comisión Parlamentaria Mixta Revisora de Cuentas de la Administración en diversos expediente Oficiales Varios por los que la Auditoría General de la Nación remite,,
h476,1999-12-15_r68,1999-12-15_r68_EXTRAORDINARIA.html,,Sr. PRESIDENTE,Sr. PRESIDENTE.-,yes,Queda aprobada la declaración. Se procederá en consecuencia.,9 of 28,
h477,2000-10-25_r59,2000-10-25_r59_ORDINARIA.html,,Sr. Presidente (Cafiero),Sr. Presidente (Cafiero). --,yes,Tiene la palabra el señor senador por el Chaco.,4 of 6,"Phrase recurs 7 times in the file, not 6 as implied by ""4 of 6""; all 7 instances are spoken by the same presiding officer (Cafiero), so the answer is unaffected."
h478,1998-09-23_r48,1998-09-23_r48_ORDINARIA.html,,Sr. PRESIDENTE (Menem),Sr. PRESIDENTE (Menem).-,yes,Por Secretaría se dará lectura al artículo 15.,,
h479,1999-04-28_r14,1999-04-28_r14_ORDINARIA.html,,Sr. PRESIDENTE (Ulloa),Sr. PRESIDENTE (Ulloa).-,yes,"Corresponde pasar a sesión de acuerdos, si hay voluntad de seguir sesionando. Dado que no hay quórum, se va a llamar durante cinco minutos.",,
h480,2002-11-27_r37,2002-11-27_r37_ORDINARIA.html,,Sr. Presidente (López Arias),Sr. Presidente (López Arias). --,yes,Corresponde considerar el dictamen de la Comisión de Presupuesto y Hacienda en el proyecto de comunicación de la señora senadora Colombo por el que se solicitan informes acerca del incumplimiento,,
h481,2001-08-29_r57,2001-08-29_r57_ORDINARIA.html,,Sr. Tell,Sr. Tell. --,yes,Pido la palabra.,6 of 24,
h482,2001-10-23_r66,2001-10-23_r66_ORDINARIA.html,,Sr. Presidente (Losada),Sr. Presidente (Losada). --,yes,"En consideración en general. Si no se hace uso de la palabra, se va a votar.",3 of 99,"Literal count of the phrase in the file is 105, not 99 as implied by ""3 of 99""; checked occurrence 3 and its neighbors, all governed by the same ""Sr. Presidente (Losada)"" boilerplate pattern, so the answer should be stable regardless of exact count method."
h483,2000-12-07_r69,2000-12-07_r69_EXTRAORDINARIA.html,,Sr. Presidente (Losada),Sr. Presidente (Losada). --,yes,Tiene la palabra el señor senador Gioja.,7 of 7,"Phrase recurs 8 times in the file, not 7 as implied by ""7 of 7"". One of the 8 (occurrence 4) is spoken by Sr. Presidente (León), not Losada, because the chair changed hands mid-session (""Ocupa la Presidencia el señor vicepresidente 1 ... senador Luis León""). Took the 7th occurrence by my own literal count, which is Losada; flagging the count mismatch since the intended occurrence could plausibly be off by one."
h484,2001-03-28_r13,2001-03-28_r13_ORDINARIA.html,,Sr. Presidente (Losada),Sr. Presidente (Losada). --,yes,Tiene la palabra el señor senador Gioja.,2 of 9,
h485,2002-11-28_r38,2002-11-28_r38_ORDINARIA.html,,Sr. Presidente (Maqueda),Sr. Presidente (Maqueda). --,yes,"Corresponde considerar si se trata sobre tablas el dictamen de las comisiones de Transportes, de Industria y de Ecología y Desarrollo Humano en el proyecto de ley de la señora",,
h486,1999-04-28_r14,1999-04-28_r14_ORDINARIA.html,,Sr. SALA,Sr. SALA.-,yes,Pido la palabra.,3 of 6,
h487,1999-05-12_r18,1999-05-12_r18_ESPECIAL.html,,Sr. CABANA,Sr. CABANA.-,yes,"Señor presidente: en homenaje a la premura que existe en aprobar el proyecto en consideración y después de haber escuchado el brillante discurso de mi compañero de bancada doctor Cafiero,",,
h488,2001-06-27_r43,2001-06-27_r43_ORDINARIA.html,,Sr. Presidente (León),Sr. Presidente (León). --,yes,Corresponde considerar si se trata sobre tablas proyecto de ley del señor senador Carbonell y otros señores senadores por el que se unifica en la Procuración del Tesoro la representación,,
h489,2003-03-06_r02,2003-03-06_r02_ORDINARIA.html,,Sr. Presidente (Gioja),Sr. Presidente (Gioja). --,yes,"Por favor, diríjase a la Presidencia si quiere hacer una interrupción.",,
h490,2001-03-23_r12,2001-03-23_r12_ORDINARIA.html,,Sra. Raijer,Sra. Raijer. --,yes,"Señor presidente: uno de los problemas que aqueja al Estado en la etapa de la globalización es cómo lograr competitividad en su economía y, a la vez, la gobernabilidad del",,
h491,2003-10-29_r28,2003-10-29_r28_TRIBUNAL_DE_JUICIO_POLITICO.html,,Sra. Fernández de Kirchner,Sra. Fernández de Kirchner. —,yes,"Señor presidente: la transparencia del proceso está asegurada por los propios señores senadores y senadoras, y por la propia opinión pública, que lo controlan. Debe haber pocas cosas más publicitadas",,
h492,2000-11-29_r66,2000-11-29_r66_ORDINARIA.html,,Sr. López,Sr. López. --,yes,"Cómo no, señor presidente.",2 of 2,
h493,2002-10-30_r31,2002-10-30_r31_ORDINARIA.html,,Sr. Presidente (Maqueda),Sr. Presidente (Maqueda). --,yes,"En consideración en general. Si no se hace uso de la palabra, se va a votar.",24 of 32,
h494,2003-06-11_r11,2003-06-11_r11_ORDINARIA.html,,Sr. Presidente (López Arias),Sr. Presidente (López Arias). --,yes,Obra sobre las bancas de los señores senadores el plan de labor aprobado en el plenario de labor parlamentaria celebrado en el día de ayer. Por Secretaría se dará lectura:,,
h495,2003-03-06_r02,2003-03-06_r02_ORDINARIA.html,,Sr. Presidente (Gioja),Sr. Presidente (Gioja). --,yes,"Silencio, por favor. Continúa en el uso de la palabra el señor senador Pichetto.",,
h496,2001-06-13_r38,2001-06-13_r38_ORDINARIA.html,,Sr. Presidente (Menem),Sr. Presidente (Menem). --,yes,"Esta Presidencia manifiesta al señor senador que la discusión va a versar exclusivamente sobre la el proyecto ley en consideración, y que no va a admitir que se abra otro",,
h497,2003-03-13_r04,2003-03-13_r04_ORDINARIA.html,,Sra. Bar,Sra. Bar. --,yes,Pido la inserción de mi discurso en el Diario de Sesiones.,,
h498,2000-11-15_r60,2000-11-15_r60_ORDINARIA.html,,Sr. Secretario (Oyarzún),Sr. Secretario (Oyarzún). --,yes,(Lee:),26 of 117,"The stenographer's note ""(Lee:)"" recurs 128 times in the file, not 117 as implied by ""26 of 117""; every one of the 128 occurrences is preceded by ""Sr. Secretario (Oyarzún)"" reading a document into the record, so the answer is unaffected by the exact count. Note per the task instructions this note-plus-reading is spoken by the Secretary, not an inserted-document passage without a speaker."
