case,session,pdf,page,parser_speaker,blind_read_label,agree,words_found,label_distance,furniture_in_paragraph,confidence,opening_words,reader_notes,checked_by_hand_afterwards
1,2020-03-01_r00,01-03-2020_ASAMBLEA.pdf,16,Sr. Presidente de la Nación,Sr. Presidente de la Nación.-,yes,yes,previous-page,none,high,"Yo aspiro a que esta vez, a través del diálogo, encontremos el camino que","Label opens the turn on printed page 8 under section title ""4. Mensaje del señor presidente de la Nación""; no new bold label appears on pages 9-16, so it carries through to the quoted words on page 16.",
2,2022-03-01_r00,01-03-2022_ASAMBLEA.pdf,8,Sr. Presidente de la Nación,Sr. Presidente de la Nación.-,yes,yes,same-paragraph,none,high,"Gracias; gracias, diputado. Está todo bien.","Printed on page 8 as ""Sr. Presidente de la Nación.- Gracias; gracias, diputado. Está todo bien.""",
3,2022-03-01_r00,01-03-2022_ASAMBLEA.pdf,8,Sra. Presidenta (Fernández de Kirchner),Sra. Presidenta (Fernández de Kirchner).-,yes,yes,same-paragraph,none,high,"Dale, pedí ahora el minuto de silencio.","Printed as ""Sra. Presidenta (Fernández de Kirchner).- Dale, pedí ahora el minuto de silencio.""; surrounded by ""-Manifestaciones en las bancas."" stage directions, which do not end the turn.",
4,2022-03-01_r00,01-03-2022_ASAMBLEA.pdf,30,Sr. Presidente de la Nación,Sr. Presidente de la Nación.-,yes,yes,previous-page,none,high,"La República Argentina, fiel a los principios de la convivencia internacional, hace un llamamiento","Last label before the quote is the second ""Sr. Presidente de la Nación.-"" on page 21 (""Yo no miento, Alfredo...""); no new label on pages 22-30.",
5,2023-03-01_r00,01-03-2023_ASAMBLEA.pdf,10,Sr. Presidente de la Nación,Sr. Presidente de la Nación.-,yes,yes,previous-page,none,high,"Frente a todos ustedes, vuelvo a exigir hoy a la Justicia que profundice la","Turn opens at the top of printed page 9 (""Buenos días a todos y a todas.""); no new label before the quote on page 10.",
6,2023-03-01_r00,01-03-2023_ASAMBLEA.pdf,22,Sr. Presidente de la Nación,Sr. Presidente de la Nación.-,yes,yes,previous-page,none,high,"Está feliz: gana mejor, tiene obra social, vacaciones, aportes jubilatorios, aguinaldo, apoyo del sindicato","Same turn opened on page 9; pages 10-22 carry no new bold label, so it governs the words on page 22.",
7,2023-03-01_r00,01-03-2023_ASAMBLEA.pdf,38,Sr. Presidente de la Nación,Sr. Presidente de la Nación.-,yes,yes,same-paragraph,none,high,"¡No da para reírse! A partir de entonces, solo pudo tener trabajos inestables. Pero,","Printed as ""Sr. Presidente de la Nación.- ¡No da para reírse!"" with ""A partir de entonces..."" continuing the same turn in the next paragraph.",
8,2022-09-01_r09,01-09-2022_ESPECIAL.pdf,28,Sra. Presidenta (Ledesma Abdala),Sra. Presidenta (Ledesma Abdala).-,yes,yes,same-paragraph,none,high,"Gracias, senador. Todas las cuestiones de privilegio planteadas pasan a la Comisión de Asuntos","""Sra. Presidenta (Ledesma Abdala).- Gracias, senador."" followed by the continuation paragraph ""Todas las cuestiones de privilegio planteadas pasan a la Comisión de Asuntos Constitucionales..."".",
9,2022-09-01_r09,01-09-2022_ESPECIAL.pdf,31,Sr. Vischi,Sr. Vischi.-,yes,yes,same-paragraph,none,high,"Muchas gracias, señora presidenta. Quiero solicitar preferencia para el expediente S.-2.157/22, que fuera presentado","""Sr. Vischi.- Muchas gracias, señora presidenta."" with the expediente sentence in the next paragraph of the same turn.",
10,2022-09-01_r09,01-09-2022_ESPECIAL.pdf,48,Sra. Fernández Sagasti,Sra. Fernández Sagasti.-,yes,yes,same-paragraph,none,high,"Muchas gracias. La verdad es que he escuchado atentamente a todos los oradores, tanto","""Sra. Fernández Sagasti.- Muchas gracias."" followed by ""La verdad es que he escuchado atentamente a todos los oradores, tanto..."".",
11,2022-09-01_r09,01-09-2022_ESPECIAL.pdf,60,Sr. Mayans,Sr. Mayans.-,yes,yes,same-paragraph,none,high,Mandamos a comisión ese proyecto y votamos los otros dos. ¿Puede ser?,"Printed as ""Sr. Mayans.- Mandamos a comisión ese proyecto y votamos los otros dos. ¿Puede ser?""",
12,2022-09-01_r09,01-09-2022_ESPECIAL.pdf,74,Sra. Presidenta (Ledesma Abdala),Sra. Presidenta (Ledesma Abdala).-,yes,yes,same-paragraph,none,high,No le cede la interrupción.,"The phrase appears twice on the page (""No. No le cede la interrupción."" and ""No le cede la interrupción.""), ambiguous as to which, but both carry the same label.",
13,2022-09-01_r09,01-09-2022_ESPECIAL.pdf,85,Sr. Mayans,Sr. Mayans.-,yes,yes,same-paragraph,none,high,"Pero los otros dos, con los que sí me comprometí, son los temas de","""Sr. Mayans.- Pero los otros dos, con los que sí me comprometí, son los temas de Coparticipación y de Deportes.""",
14,2021-06-02_r07,02-06-2021_ESPECIAL.pdf,21,Sra. Presidenta (Ledesma Abdala),Sra. Presidenta (Ledesma Abdala).-,yes,yes,same-paragraph,none,high,"Sí, pero está por contestar algo como alusión...","Printed as ""Sra. Presidenta (Ledesma Abdala).- Sí, pero está por contestar algo como alusión...""",
15,2021-06-02_r07,02-06-2021_ESPECIAL.pdf,56,Sra. Presidenta (Ledesma Abdala),Sra. Presidenta (Ledesma Abdala).-,yes,yes,same-paragraph,none,high,Muy bien; gracias. Corresponde votar la autorización de inserciones y abstenciones.,"""Sra. Presidenta (Ledesma Abdala).- Muy bien; gracias."" followed by ""Corresponde votar la autorización de inserciones y abstenciones.""",
16,2021-06-02_r07,02-06-2021_ESPECIAL.pdf,64,Sr. Secretario (Fuentes),Sr. Secretario (Fuentes).-,yes,yes,same-paragraph,none,high,"Afirmativo, senadora Giménez. Gracias. Senador Luenzo: ¿su voto?","""Sr. Secretario (Fuentes).- Afirmativo, senadora Giménez. Gracias."" followed by ""Senador Luenzo: ¿su voto?"" in the same turn.",
17,2022-06-02_r06,02-06-2022_INFORMATIVA_ESPECIAL.pdf,21,Sra. Presidenta (Losada),Sra. Presidenta (Losada).-,yes,yes,same-paragraph,none,high,"Gracias, senadora Juri. Tiene la palabra el senador Flavio Fama.","""Sra. Presidenta (Losada).- Gracias, senadora Juri."" followed by ""Tiene la palabra el senador Flavio Fama.""",
18,2022-06-02_r06,02-06-2022_INFORMATIVA_ESPECIAL.pdf,57,Sr. Recalde,Sr. Recalde.-,yes,yes,same-paragraph,none,high,Yo sé que cuando digo la palabra Macri ustedes me van a querer interrumpir.,"Printed as ""Sr. Recalde.- Yo sé que cuando digo la palabra Macri ustedes me van a querer interrumpir.""",
19,2022-06-02_r06,02-06-2022_INFORMATIVA_ESPECIAL.pdf,83,Sr. Petcoff Naidenoff,Sr. Petcoff Naidenoff.-,yes,yes,previous-page,none,high,"Verifiquen la respuesta porque, de lo contrario, tendría que decir: “La salida que estudia","Last label on page 82 is ""Sr. Petcoff Naidenoff.- Ministro: ¿sabe cuál es el problema?...""; page 83 carries no new label before the quoted words.",
20,2020-10-02_r15,02-10-2020_ESPECIAL.pdf,4,Sra. Presidenta (Fernández de Kirchner),Sra. Presidenta (Fernández de Kirchner).-,yes,yes,same-paragraph,none,high,Invito a la senadora Claudia Ledesma Abdala a proceder al izamiento de la bandera,"Under section title ""1. Izamiento de la bandera nacional. Entonación del Himno Nacional Argentino""; label opens the paragraph holding the quoted words.",
21,2020-10-02_r15,02-10-2020_ESPECIAL.pdf,92,Sra. Tagliaferri,Sra. Tagliaferri.-,yes,yes,same-paragraph,none,high,"Muchas gracias, señor presidente. Antes que nada, quiero decir que lamento profundamente a este","""Sra. Tagliaferri.- Muchas gracias, señor presidente."" followed by ""Antes que nada, quiero decir que lamento profundamente a este establecimiento de un simulacro de..."".",
22,2020-10-02_r15,02-10-2020_ESPECIAL.pdf,97,Sr. Presidente (Closs),Sr. Presidente (Closs).-,yes,yes,same-paragraph,none,high,"Gracias, señora senadora. Tiene la palabra el senador Mariano Recalde.","""Sr. Presidente (Closs).- Gracias, señora senadora."" followed by ""Tiene la palabra el senador Mariano Recalde.""",
23,2020-10-02_r15,02-10-2020_ESPECIAL.pdf,116,Sra. Presidenta (Ledesma Abdala),Sra. Presidenta (Ledesma Abdala).-,yes,yes,same-paragraph,none,high,Porque hay que esperar por el sistema. El sistema tiene que reflejar el quórum.,"Printed as ""Sra. Presidenta (Ledesma Abdala).- Porque hay que esperar por el sistema. El sistema tiene que reflejar el quórum.""",
24,2021-06-03_r08,03-06-2021_INFORMATIVA_ESPECIAL.pdf,39,Sr. De Angeli,Sr. De Angeli.-,yes,yes,same-paragraph,none,high,"Gracias, señor presidente. Buenas tardes, señor ministro, jefe de Gabinete. ¿Me escucha bien?","""Sr. De Angeli.- Gracias, señor presidente."" followed by ""Buenas tardes, señor ministro, jefe de Gabinete."" and ""¿Me escucha bien?"" in the same turn.",
25,2021-06-03_r08,03-06-2021_INFORMATIVA_ESPECIAL.pdf,57,Sra. Sacnun,Sra. Sacnun.-,yes,yes,same-paragraph,none,high,"Gracias, presidenta. Bienvenido señor jefe de Gabinete. Y disculpas por las faltas de respeto","""Sra. Sacnun.- Gracias, presidenta."" followed by ""Bienvenido señor jefe de Gabinete. Y disculpas por las faltas de respeto..."".",
26,2020-09-03_r13,03-09-2020_ESPECIAL.pdf,43,Sra. Durango,Sra. Durango.-,yes,yes,same-paragraph,none,high,"Es un minuto más, señora presidenta. Hoy hablé con el defensor de Niñas, Niños","The label opens the turn; ""Hoy hablé con el defensor de Niñas, Niños"" runs on in the next indented paragraph of the same turn.",
27,2020-09-03_r13,03-09-2020_ESPECIAL.pdf,102,Sra. Mirkin,Sra. Mirkin.-,yes,yes,same-paragraph,none,high,Gracias. La eficiencia –creo yo– requiere de la articulación entre las diferentes carteras ministeriales,"""Gracias."" sits right after the label; ""La eficiencia -creo yo- requiere..."" is the next paragraph of the same turn.",
28,2020-09-03_r13,03-09-2020_ESPECIAL.pdf,147,Sr. Mayans,Sr. Mayans.-,yes,yes,same-paragraph,none,high,"Muchas gracias, señora presidenta. En primer lugar, en representación del bloque quiero ofrecer nuestras",Label opens the turn just after the presiding officer gives him the floor.,
29,2020-06-04_r05,04-06-2020_ESPECIAL.pdf,71,Sra. Presidenta (Fernández de Kirchner),Sra. Presidenta (Fernández de Kirchner).-,yes,yes,same-paragraph,none,high,Bien. Acaba de sentarse en su banca la presidenta provisional. Así que vamos a…,"Page prints the same label repeatedly; this is the third instance, immediately preceding the quoted words.",
30,2024-07-04_r06,04-07-2024_ESPECIAL.pdf,20,Sr. Mayans,Sr. Mayans.-,yes,yes,same-paragraph,none,high,¡Hacemos cualquier cosa con el reglamento!,"The reply just below (""¡No! Ustedes hacen cualquier cosa..."") is a different, similar-sounding line under Sr. Presidente (Abdala).-; the exact quoted words are Mayans'.",
31,2024-07-04_r06,04-07-2024_ESPECIAL.pdf,41,Sra. Di Tullio,Sra. Di Tullio.-,yes,yes,same-paragraph,none,high,"Por eso. Entonces, para que se entienda bien, usted no está leyendo el dictamen.",Label opens the turn answering Sr. Pagotto.,
32,2024-07-04_r06,04-07-2024_ESPECIAL.pdf,63,Sr. Presidente (Abdala),Sr. Presidente (Abdala).-,yes,yes,same-paragraph,none,high,Tiene la palabra el senador Pagotto. Hable Pagotto. Van a tener la palabra todos.,"""Hable Pagotto. Van a tener la palabra todos."" continues in the next indented paragraph of the same turn.",
33,2020-02-05_r12,05-02-2020_ESPECIAL_EXTRAORDINARIA.pdf,114,Sr. Petcoff Naidenoff,Sr. Petcoff Naidenoff.-,yes,yes,same-paragraph,none,high,"Gracias, presidenta. Mi primera reflexión es que parece que en la Argentina la política",Label opens the turn right after Sra. Presidenta (Ledesma Abdala).- gives him the floor.,
34,2020-11-05_r21,05-11-2020_ESPECIAL.pdf,11,Sra. Presidenta (Fernández de Kirchner),Sra. Presidenta (Fernández de Kirchner).-,yes,yes,same-paragraph,none,high,"Ah, cierto. Tenemos que poner a consideración...","First occurrence on the page, just below the stage direction ""-Contenido no inteligible.""",
35,2020-11-05_r21,05-11-2020_ESPECIAL.pdf,22,Sra. Presidenta (Fernández de Kirchner),Sra. Presidenta (Fernández de Kirchner).-,yes,yes,same-paragraph,none,high,"Tiene la palabra, senador Naidenoff.","Printed as ""Tiene la palabra, senador Naidenoff."" right after the label, third instance of that label on the page.",
36,2021-10-06_r12,06-10-2021_ESPECIAL.pdf,19,Sra. Mirkin,Sra. Mirkin.-,yes,yes,same-paragraph,none,high,"Gracias, señora presidenta. En primer lugar, quiero plantear que me parece que se están","""En primer lugar, quiero plantear..."" is the next paragraph of the same turn.",
37,2022-04-07_r03,07-04-2022_ESPECIAL.pdf,19,Sr. Mayans,Sr. Mayans.-,yes,yes,same-paragraph,none,high,"Obviamente, yo no quiero hacer una polémica de cada cosa. Por eso, es necesario","Label is the first one on the page; the line above (""Sí, senador Mayans."") belongs to the presiding officer's turn carried from the previous page.",
38,2022-04-07_r03,07-04-2022_ESPECIAL.pdf,37,Sra. Giacoppo.- …,Sra. Giacoppo.-,yes,yes,same-paragraph,none,high,"porque es constitucional, es necesaria, y así, con el proyecto que vamos a acompañar","Turn resumes after the chair's interruption; printed as ""...porque es constitucional, es necesaria, y así, con el proyecto que vamos a acompañar como espacio..."".",
39,2022-04-07_r03,07-04-2022_ESPECIAL.pdf,81,Sra. Presidenta (Fernández de Kirchner),Sra. Presidenta (Fernández de Kirchner).-,yes,yes,same-paragraph,none,high,"Se reúne, igualmente, la mayoría calificada exigida por la Constitución Nacional.",First line of the page; the quoted words follow the label directly.,
40,2023-12-07_r07,07-12-2023_ESPECIAL.pdf,11,Sra. Presidenta (Ledesma Abdala),Sra. Presidenta (Ledesma Abdala).-,yes,yes,same-paragraph,none,high,Se procede con los juramentos. Conforme lo establece el artículo 10 del Reglamento del,"Label sits under the bold section title ""6. Juramentos"", which is page furniture and does not end the turn.",
41,2023-12-07_r07,07-12-2023_ESPECIAL.pdf,12,Sra. Presidenta (Ledesma Abdala),Sra. Presidenta (Ledesma Abdala).-,yes,yes,same-paragraph,(Aplausos.),high,"Si así no lo hiciereis, Dios y la Patria os lo demanden.","Ambiguous by repetition - these exact words appear four times on this page (top line, and after the Manzur, Abad and de Pedro oaths), all four under the same label; this answer takes the first, the top line of the page.",
42,2023-12-07_r07,07-12-2023_ESPECIAL.pdf,12,Sra. Presidenta (Ledesma Abdala),Sra. Presidenta (Ledesma Abdala).-,yes,yes,same-paragraph,(Aplausos.),high,"Si así no lo hiciereis, Dios y la Patria os lo demanden.","Ambiguous by repetition - four identical occurrences on the page, all under this same label; this answer takes the one following Sr. Senador electo Manzur.-",
43,2023-12-07_r07,07-12-2023_ESPECIAL.pdf,12,Sra. Presidenta (Ledesma Abdala),Sra. Presidenta (Ledesma Abdala).-,yes,yes,same-paragraph,(Aplausos.),high,"Si así no lo hiciereis, Dios y la Patria os lo demanden.","Ambiguous by repetition - four identical occurrences on the page, all under this same label; this answer takes the one following Sr. Senador electo Abad.-",
44,2023-12-07_r07,07-12-2023_ESPECIAL.pdf,12,Sra. Presidenta (Ledesma Abdala),Sra. Presidenta (Ledesma Abdala).-,yes,yes,same-paragraph,(Aplausos.),high,"Si así no lo hiciereis, Dios y la Patria os lo demanden.","Ambiguous by repetition - four identical occurrences on the page, all under this same label; this answer takes the one following Sr. Senador electo de Pedro.-",
45,2023-12-07_r07,07-12-2023_ESPECIAL.pdf,15,Sra. Presidenta (Ledesma Abdala),Sra. Presidenta (Ledesma Abdala).-,yes,yes,earlier-on-page,none,high,Señor senador nacional electo por la provincia de San Juan Sergio Mauricio Uñac: ¿juráis,"The oath is the indented paragraph after the label's own paragraph, which ends with ""(Aplausos.)""; no new label intervenes.",
46,2021-04-08_r04,08-04-2021_ESPECIAL.pdf,47,Sra. Presidenta (Ledesma Abdala),Sra. Presidenta (Ledesma Abdala).-,yes,yes,same-paragraph,none,high,Corresponde aprobar lista de oradores a la que se dará lectura.,"Printed as ""Corresponde aprobar lista de oradores a la que se dará lectura."" right after the label.",
47,2020-10-08_r17,08-10-2020_ESPECIAL.pdf,32,Sr. Secretario (Fuentes),Sr. Secretario (Fuentes).-,yes,yes,same-paragraph,none,high,"Anabel Fernández Sagasti, Rodríguez Machado y Romero, Juan Carlos.",Reading of the speakers list; the label directly precedes the names.,
48,2021-12-09_r15,09-12-2021_ORDINARIA.pdf,22,Sr. Prosecretario (Tunessi),Sr. Prosecretario (Tunessi).-,yes,yes,same-paragraph,none,high,"Aprobación del proyecto de declaración de interés del libro del senador Bullrich, se trata",Label directly precedes the quoted words.,
49,2021-12-09_r15,09-12-2021_ORDINARIA.pdf,27,Sra. Presidenta (Ledesma Abdala),Sra. Presidenta (Ledesma Abdala).-,yes,yes,same-paragraph,none,high,"Gracias, senadora. Para otra moción de preferencia, tiene la palabra senador Cobos.","""Para otra moción de preferencia..."" is the next indented paragraph of the same turn.",
50,2021-12-09_r15,09-12-2021_ORDINARIA.pdf,27,Sr. Cobos,Sr. Cobos.-,yes,yes,same-paragraph,none,high,"Gracias, presidenta. La preferencia tiene que ver con el expediente 493/21, que guarda estrecha","""La preferencia tiene que ver con el expediente 493/21..."" is the next paragraph of the same turn.",
51,2021-12-09_r15,09-12-2021_ORDINARIA.pdf,75,Sra. Presidenta (Ledesma Abdala),Sra. Presidenta (Ledesma Abdala).-,yes,yes,same-paragraph,none,high,"Muy bien. Resulta, entonces, aprobado.","The words open the paragraph immediately after the bold label, just above the italic line ""–El resultado de la votación surge del Acta N°3.""",
52,2021-12-09_r15,09-12-2021_ORDINARIA.pdf,80,Sra. Presidenta (Ledesma Abdala),Sra. Presidenta (Ledesma Abdala).-,yes,yes,same-paragraph,none,high,"Ya las hemos votado. Se lanza la votación, entonces, en general y en particular;","""Ya las hemos votado."" follows the label; the ""Se lanza la votación..."" sentence is the next indented paragraph of the same turn.",
53,2021-12-09_r15,09-12-2021_ORDINARIA.pdf,84,Sra. Presidenta (Ledesma Abdala),Sra. Presidenta (Ledesma Abdala).-,yes,yes,same-paragraph,none,high,Vamos a ver qué propone el senador Mayans.,"Turn opens right after the stage direction ""–Manifestaciones simultáneas."" and is followed by ""Sr. Mayans.-"".",
54,2021-12-09_r15,09-12-2021_ORDINARIA.pdf,100,Sra. Tapia,Sra. Tapia.-,yes,yes,same-paragraph,none,high,"En los órdenes del día 474, 485…","The words follow the label directly; the next line is the stage direction ""–Contenido no inteligible.""",
55,2022-08-10_r08,10-08-2022_ESPECIAL.pdf,9,Sra. Fernández Sagasti,Sra. Fernández Sagasti.-,yes,yes,same-paragraph,none,high,"Gracias, señora presidenta. Bueno, acabo de escuchar que piden preferencia para que se acuerde","""Gracias, señora presidenta."" sits on the label line; ""Bueno, acabo de escuchar..."" is the next indented paragraph of the same turn.",
56,2022-08-10_r08,10-08-2022_ESPECIAL.pdf,33,Sra. Presidenta (Ledesma Abdala),Sra. Presidenta (Ledesma Abdala).-,yes,yes,same-paragraph,none,high,Se somete a votación la lista de oradores.,"Followed by the stage direction ""–Se practica la votación a mano alzada.""",
57,2022-08-10_r08,10-08-2022_ESPECIAL.pdf,36,Sra. Presidenta (Ledesma Abdala),Sra. Presidenta (Ledesma Abdala).-,yes,yes,same-paragraph,none,high,"Puede continuar la exposición. Disculpe, senador.","Turn follows the stage direction about the minister entering the chamber; next label is ""Sr. Fiad.-"".",
58,2022-08-10_r08,10-08-2022_ESPECIAL.pdf,40,Sra. Presidenta (Ledesma Abdala),Sra. Presidenta (Ledesma Abdala).-,yes,yes,same-paragraph,none,high,"Bien. Propongo que se vote en general y en particular, en una sola votación,","""Bien."" is on the label line and ""Propongo que se vote..."" is the next indented paragraph of the same turn.",
59,2021-03-11_r02,11-03-2021_ESPECIAL.pdf,12,Sra. Presidenta (Ledesma Abdala),Sra. Presidenta (Ledesma Abdala).-,yes,yes,same-paragraph,none,high,"Para una moción de preferencia, tiene la palabra senadora Gladys González.","First turn under the bold section title ""6. Mociones de preferencia""; next label is ""Sra. González, Gladys.-"".",
60,2023-05-11_r04,11-05-2023_INFORMATIVA_ESPECIAL.pdf,33,Sra. Presidenta (Ledesma Abdala),Sra. Presidenta (Ledesma Abdala).-,yes,yes,same-paragraph,none,high,"Gracias, senadora. A pedido del jefe de Gabinete, vamos a dar un cuarto intermedio","""Gracias, senadora."" is on the label line; the cuarto intermedio sentence is the next indented paragraph of the same turn.",
61,2023-05-11_r04,11-05-2023_INFORMATIVA_ESPECIAL.pdf,35,Sra. Presidenta (Ledesma Abdala),Sra. Presidenta (Ledesma Abdala).-,yes,yes,same-paragraph,none,high,"Senador, no interrumpa, por favor.","A similar line ""No interrumpa, por favor, senador."" appears a few lines above under the same label; the exact quoted wording appears only once.",
62,2020-06-11_r06,11-06-2020_ESPECIAL.pdf,63,Sr. Secretario (Fuentes),Sr. Secretario (Fuentes).-,yes,yes,same-paragraph,none,high,El de las SAS es el 50.,"One-line turn between two ""Sra. Presidenta (Fernández de Kirchner).-"" turns.",
63,2020-03-12_r02,12-03-2020_ESPECIAL.pdf,23,Sr. Marino,Sr. Marino.-,yes,yes,same-paragraph,(Risas.),high,"Que Dios nos ayude como siempre… Los mendocinos, difícil.","The stage direction ""(Risas.)"" closes the same paragraph and does not end the turn.",
64,2020-03-12_r02,12-03-2020_ESPECIAL.pdf,23,Sra. Presidenta (Fernández de Kirchner),Sra. Presidenta (Fernández de Kirchner).-,yes,yes,same-paragraph,none,high,"Por favor, señores senadores y senadoras.","Short interjection between two ""Sra. Durango.-"" turns.",
65,2022-05-12_r04,12-05-2022_ESPECIAL.pdf,13,Sra. Presidenta (Ledesma Abdala),Sra. Presidenta (Ledesma Abdala).-,yes,yes,same-paragraph,none,high,"Claro, pero plantee la cuestión de privilegio…","Sits in an exchange with ""Sr. Juez.-"" turns above and below.",
66,2022-05-12_r04,12-05-2022_ESPECIAL.pdf,16,Sra. Presidenta (Ledesma Abdala),Sra. Presidenta (Ledesma Abdala).-,yes,yes,same-paragraph,none,high,Tiene la palabra senadora Vega para una cuestión de privilegio.,"First turn under the bold section title ""8. Cuestión de privilegio planteada por la señora senadora Vega. (S.-1.032/22.)"".",
67,2022-05-12_r04,12-05-2022_ESPECIAL.pdf,17,Sra. Presidenta (Ledesma Abdala),Sra. Presidenta (Ledesma Abdala).-,yes,yes,same-paragraph,none,high,"Para una cuestión de privilegio, tiene la palabra senador Parrilli.","First turn under the bold section title ""9. Cuestión de privilegio planteada por el señor senador Parrilli. (S.-1.033/22.)"".",
68,2022-05-12_r04,12-05-2022_ESPECIAL.pdf,28,Sra. Presidenta (Ledesma Abdala),Sra. Presidenta (Ledesma Abdala).-,yes,yes,same-paragraph,none,high,Gracias senadora. Para un homenaje tiene la palabra senador Bensusán.,"""Gracias senadora."" on the label line, ""Para un homenaje tiene la palabra senador Bensusán."" the next indented line of the same turn; a nearly identical turn (""Gracias, senador. / Para un homenaje, tiene la palabra senadora Nora Giménez."") appears higher on the page under the same label.",
69,2022-05-12_r04,12-05-2022_ESPECIAL.pdf,40,Sr. Rodríguez Saá,Sr. Rodríguez Saá.-,yes,yes,same-paragraph,none,high,"Gracias, señora presidenta. Generalmente, después de la tempestad viene la calma. Y ahora, en","Only ""Gracias, señora presidenta."" is printed on this page (last line); the rest of the quotation continues onto the following page under the same turn.",
70,2022-05-12_r04,12-05-2022_ESPECIAL.pdf,44,Sr. Rodas,Sr. Rodas.-,yes,yes,same-paragraph,none,high,"Muy buenas tardes, señora presidenta. La verdad es que, en este momento y en","Turn opens right after ""Sra. Presidenta (Ledesma Abdala).- Resulta aprobada. / Tiene la palabra senador Rodas.""",
71,2022-05-12_r04,12-05-2022_ESPECIAL.pdf,92,Sra. Presidenta (Losada),Sra. Presidenta (Losada).-,yes,yes,same-paragraph,none,high,Senador: disculpe. Le está dejando trece minutos a la senadora con la que comparte,"The chair here is printed as Losada, not Ledesma Abdala; the turn interrupts ""Sr. Parrilli.-"".",
72,2022-05-12_r04,12-05-2022_ESPECIAL.pdf,111,Sra. Presidenta (Ledesma Abdala),Sra. Presidenta (Ledesma Abdala).-,yes,yes,same-paragraph,none,high,"Resultan aprobadas. Propongo que se vote en general y en particular, en una sola","""Resultan aprobadas."" on the label line; ""Propongo que se vote..."" is the next indented paragraph of the same turn.",
73,2024-06-12_r05,12-06-2024_ESPECIAL.pdf,6,Sra. Presidente (Villarruel),Sra. Presidente (Villarruel).-,yes,yes,same-paragraph,none,high,"Se lo somete a votación a mano alzada, por favor.","Printed ""Presidente"", not ""Presidenta""; transcribed as printed.",
74,2024-06-12_r05,12-06-2024_ESPECIAL.pdf,20,Sra. Tagliaferri,Sra. Tagliaferri.-,yes,yes,same-paragraph,none,high,Le pido una interrupción al señor miembro informante. Voy a ser muy breve. La,"The immediately preceding chair label on this page is printed ""Sra. Presidente (Villarreal).-"" (spelled Villarreal there), but it governs only ""Senadora Tagliaferri.""",
75,2024-06-12_r05,12-06-2024_ESPECIAL.pdf,58,Sra. Kirchner,Sra. Kirchner.-,yes,yes,same-paragraph,none,high,"Estoy escuchando, exactamente, las bombas de estruendo… ¡¿Cómo puede ser?! ¡¿Qué dignidad hay en","Turn follows the one-line ""Sra. Sapag.- Alicia, se están escuchando…""",
76,2024-06-12_r05,12-06-2024_ESPECIAL.pdf,80,Sr. Presidente (Abdala),Sr. Presidente (Abdala).-,yes,yes,same-paragraph,none,high,"Gracias, senador, Wado de Pedro. Tiene la palabra el senador Abad, Maxi.","Turn opens ""Gracias, senador, Wado de Pedro."" and continues on the next indented line ""Tiene la palabra el senador Abad, Maxi.""; no competing label.",
77,2024-06-12_r05,12-06-2024_ESPECIAL.pdf,84,Sra. Presidente (Villarruel),Sra. Presidente (Villarruel).-,yes,yes,same-paragraph,none,high,…no me lo recargue a mí.,"Printed as ""Sra. Presidente (Villarruel).- ...no me lo recargue a mí."" — page reads ""Presidente"", not ""Presidenta"".",
78,2024-06-12_r05,12-06-2024_ESPECIAL.pdf,114,Sra. Duré,Sra. Duré.-,yes,yes,earlier-on-page,none,high,"Con esto me comprometí con la provincia de Tierra del Fuego, con los trabajadores,","Long turn opened earlier on the page; the inline stage direction ""(Lo exhibe.)"" precedes the quoted words but does not end the turn.",
79,2024-06-12_r05,12-06-2024_ESPECIAL.pdf,183,Sra. Presidente (Villarruel),Sra. Presidente (Villarruel).-,yes,yes,same-paragraph,none,high,"Esperamos, entonces, a la senadora González.","Last speaking line on the page, printed ""Presidente"" not ""Presidenta"".",
80,2024-06-12_r05,12-06-2024_ESPECIAL.pdf,186,Sr. Abdala,Sr. Abdala.-,yes,yes,same-paragraph,none,high,"En función de lo que acaba de pedir la senadora Terenzi, que fue acompañado","Page spells the senator's name ""Terenzi"" as in the quote; preceding stage direction ""-Manifestaciones simultáneas."" does not govern.",
81,2024-06-12_r05,12-06-2024_ESPECIAL.pdf,217,Sra. Presidente (Villarruel),Sra. Presidente (Villarruel).-,yes,yes,same-paragraph,none,high,"Senador: estamos votando el dictamen de mayoría. Senadora Di Tulio, ¿va a votar? Es","Page prints ""Senador: estamos votando el dictamen de mayoría."" then, indented in the same turn, ""Senadora Di Tulio, ¿va a votar? Es el último voto que queda.""",
82,2024-06-12_r05,12-06-2024_ESPECIAL.pdf,218,Sra. Presidente (Villarruel),Sra. Presidente (Villarruel).-,yes,yes,same-paragraph,none,high,Estamos votando de acuerdo a lo que el mismo reglamento establece. Senadora Di Tullio.,"Final turn on the page; ""Senadora Di Tullio."" is the indented continuation line of the same turn.",
83,2024-06-12_r05,12-06-2024_ESPECIAL.pdf,261,Sr. Pagotto,Sr. Pagotto.-,yes,yes,same-paragraph,none,high,"A ver, ¡la condena es firme o no es firme! Esta es una cuestión",Quoted words open the turn immediately after the label.,
84,2024-06-12_r05,12-06-2024_ESPECIAL.pdf,272,Sr. Mayans,Sr. Mayans.-,yes,yes,same-paragraph,none,high,"Ya cerró el miembro informante, presidente.","Preceded by the stage direction ""-Manifestaciones simultáneas."", which does not carry a label.",
85,2024-06-12_r05,12-06-2024_ESPECIAL.pdf,273,Sra. Tagliaferri,Sra. Tagliaferri.-,yes,yes,same-paragraph,none,high,"Perdón, presidente. Cuando empezamos esta discusión, el senador Romero explicó cómo se iba a","""Perdón, presidente."" opens the turn; ""Cuando empezamos esta discusión..."" is the next indented line of the same turn.",
86,2024-06-12_r05,12-06-2024_ESPECIAL.pdf,285,Sr. Secretario (Giustinian),Sr. Secretario (Giustinian).-,yes,yes,same-paragraph,none,high,"Resultado: 69 votos afirmativos, cero negativo, una abstención. Aprobado por dos tercios.","Followed by the footnote-style line ""-El resultado de la votación surge del Acta N° 31."", which is not speech.",
87,2024-06-12_r05,12-06-2024_ESPECIAL.pdf,285,Sr. Secretario (Giustinian),Sr. Secretario (Giustinian).-,yes,yes,same-paragraph,none,high,Lo tiene que decir a viva voz.,"Near the top of the page, after ""-Manifestaciones simultáneas.""; the words appear only once on this page.",
88,2024-09-12_r09,12-09-2024_ORDINARIA.pdf,5,Sra. Presidente (Villarruel),Sra. Presidente (Villarruel).-,yes,yes,same-paragraph,none,high,Invito a la senadora Vilma Facunda Bedia a proceder al izamiento de la bandera,"The bold section title ""1. Izamiento de la bandera nacional..."" sits above the label, outside the turn.",
89,2024-09-12_r09,12-09-2024_ORDINARIA.pdf,26,Sra. Di Tullio,Sra. Di Tullio.-,yes,yes,same-paragraph,none,high,"¿Entiende, presidente, lo que estoy diciendo? Si quiere, se lo aclaro.","Preceded by the stage direction ""-Luego de unos instantes:"", which does not carry a label.",
90,2024-09-12_r09,12-09-2024_ORDINARIA.pdf,33,Sr. Vischi,Sr. Vischi.-,yes,yes,same-paragraph,none,high,"Gracias, señor presidente. Este tema lo habíamos hablado en labor. Y como había otro","""Gracias, señor presidente."" opens the turn; ""Este tema lo habíamos hablado en labor..."" is the next indented line of the same turn.",
91,2024-09-12_r09,12-09-2024_ORDINARIA.pdf,48,Sr. Presidente (Abdala),Sr. Presidente (Abdala).-,yes,yes,same-paragraph,none,high,"Senador, se le pide que vaya redondeando, si es posible. Gracias.",Short interjection interrupting senator Bensusán's speech.,
92,2024-09-12_r09,12-09-2024_ORDINARIA.pdf,135,Sr. Presidente (Abdala),Sr. Presidente (Abdala).-,yes,yes,same-paragraph,none,high,"Gracias, senador Romero. Hecha la moción del senador Romero, se pone a votación a","""Gracias, senador Romero."" opens the turn; ""Hecha la moción del senador Romero, se pone a votación a mano alzada."" is the indented continuation.",
93,2024-09-12_r09,12-09-2024_ORDINARIA.pdf,154,Sr. Vischi,Sr. Vischi.-,yes,yes,same-paragraph,none,high,Señor presidente: nosotros lo que planteamos es que solamente se vote la aprobación o,Quoted words open the turn immediately after the label.,
94,2024-12-12_r12,12-12-2024_ESPECIAL.pdf,7,Sra. Fernández Sagasti,Sra. Fernández Sagasti.-,yes,yes,same-paragraph,none,high,"Vuelva a leer los expedientes, presidenta, los que se van a votar.","Last turn on the page; word order printed ""Vuelva a leer los expedientes, presidenta, los que se van a votar.""",
95,2023-04-13_r03,13-04-2023_ORDINARIA.pdf,33,Sra. Presidenta (Ledesma Abdala),Sra. Presidenta (Ledesma Abdala).-,yes,yes,same-paragraph,none,high,Vamos a continuar con la sesión.,"This 2023 session prints ""Presidenta"" with a final a, unlike the 2024 pages.",
96,2023-04-13_r03,13-04-2023_ORDINARIA.pdf,46,Sr. Kroneberger,Sr. Kroneberger.-,yes,yes,same-paragraph,none,high,"Muchas gracias, señora presidenta. Hoy debatimos, en este recinto, la ley de creación del","""Muchas gracias, señora presidenta."" opens the turn; ""Hoy debatimos, en este recinto, la ley de creación del Plan Federal..."" is the next indented line of the same turn.",
97,2023-04-13_r03,13-04-2023_ORDINARIA.pdf,53,Sra. Presidenta (Fernández de Kirchner),Sra. Presidenta (Fernández de Kirchner).-,yes,yes,same-paragraph,none,high,"Gracias, señora senadora. Tiene la palabra la senadora Corpacci…","""Gracias, señora senadora."" opens the turn; ""Tiene la palabra la senadora Corpacci..."" is the indented continuation.",
98,2023-04-13_r03,13-04-2023_ORDINARIA.pdf,58,Sra. Presidenta (Fernández de Kirchner),Sra. Presidenta (Fernández de Kirchner).-,yes,yes,same-paragraph,none,high,"Discúlpeme. Gracias, señora senadora, y gracias a todos y todas. ¿Estamos en condiciones de","""Discúlpeme. Gracias, señora senadora, y gracias a todos y todas."" opens the turn; ""¿Estamos en condiciones de emitir voto?"" is the indented continuation.",
99,2023-04-13_r03,13-04-2023_ORDINARIA.pdf,63,Sra. Presidenta (Ledesma Abdala),Sra. Presidenta (Ledesma Abdala).-,yes,yes,same-paragraph,none,high,"Gracias, senadora. Senador Juez, tiene la palabra.","""Gracias, senadora."" opens the turn; ""Senador Juez, tiene la palabra."" is the indented continuation.",
100,2023-04-13_r03,13-04-2023_ORDINARIA.pdf,67,Sr. Fiad,Sr. Fiad.-,yes,yes,same-paragraph,none,high,"Muchas gracias, señora presidenta. La verdad es que también celebro que hoy estemos haciendo","""Muchas gracias, señora presidenta."" opens the turn; ""La verdad es que también celebro que hoy estemos haciendo ley..."" is the next indented line of the same turn.",
101,2023-04-13_r03,13-04-2023_ORDINARIA.pdf,67,Sra. Presidenta (Ledesma Abdala),Sra. Presidenta (Ledesma Abdala).-,yes,yes,same-paragraph,none,high,"Muchas gracias, senador. Tiene la palabra senador Fiad.","Label near the foot of p.67; ""Muchas gracias, senador."" follows it directly and ""Tiene la palabra senador Fiad."" is the next indented line of the same turn.",
102,2023-04-13_r03,13-04-2023_ORDINARIA.pdf,71,Sra. Presidenta (Ledesma Abdala),Sra. Presidenta (Ledesma Abdala).-,yes,yes,same-paragraph,none,high,"Por favor, secretario, lea la lista de oradores.","Printed as one paragraph: ""Sra. Presidenta (Ledesma Abdala).- Por favor, secretario, lea la lista de oradores.""",
103,2023-04-13_r03,13-04-2023_ORDINARIA.pdf,78,Sra. Presidenta (Ledesma Abdala),Sra. Presidenta (Ledesma Abdala).-,yes,yes,same-paragraph,none,high,Resulta aprobada. Tiene la palabra senador Guerra.,"""Resulta aprobada."" follows the label; ""Tiene la palabra senador Guerra."" is the next indented line of the same turn, before the Sr. Guerra label.",
104,2023-04-13_r03,13-04-2023_ORDINARIA.pdf,115,Sra. Presidenta (Ledesma Abdala),Sra. Presidenta (Ledesma Abdala).-,yes,yes,same-paragraph,none,high,Corresponde aprobar lista de oradores.,"Near the foot of p.115, after the secretary reads the speakers list; note this page also has ""Sra. Presidenta (Fernández de Kirchner).-"" turns earlier, but the governing label here is Ledesma Abdala.",
105,2023-04-13_r03,13-04-2023_ORDINARIA.pdf,122,Sr. Petcoff Naidenoff,Sr. Petcoff Naidenoff.-,yes,yes,same-paragraph,none,medium,"Muchas gracias, presidenta. Bueno, la verdad es que este es un debate que, así","Only the opening ""Muchas gracias, presidenta."" is printed, as the last line of p.122; the rest of the quoted sentence continues on the following page, which was not supplied.",
106,2023-04-13_r03,13-04-2023_ORDINARIA.pdf,122,Sra. Presidenta (Ledesma Abdala),Sra. Presidenta (Ledesma Abdala).-,yes,yes,same-paragraph,none,high,"Bueno, al final, después de hablar los demás, habla usted, ¿sí? Bien. Senador Snopek","""Bueno, al final, después de hablar los demás, habla usted, ¿sí? Bien."" follows the label; ""Senador Snopek tiene la palabra."" is the next indented line of the same turn.",
107,2023-04-13_r03,13-04-2023_ORDINARIA.pdf,134,Sra. Presidenta (Ledesma Abdala),Sra. Presidenta (Ledesma Abdala).-,yes,yes,same-paragraph,none,high,"Silencio, por favor, silencio. No dialoguen.",Single-line turn between a Petcoff Naidenoff line and a Mayans line.,
108,2020-05-13_r03,13-05-2020_ESPECIAL.pdf,16,Sra. Presidenta (Fernández de Kirchner),Sra. Presidenta (Fernández de Kirchner).-,yes,yes,same-paragraph,none,high,"Gracias. Sigue con la palabra la senadora Giacoppo, Silvia del Rosario. Adelante, senadora, por","""Gracias."" follows the label; ""Sigue con la palabra la senadora Giacoppo, Silvia del Rosario."" and ""Adelante, senadora, por favor."" are the next indented lines of the same turn.",
109,2021-05-13_r05,13-05-2021_ESPECIAL.pdf,10,Sr. Bullrich,Sr. Bullrich.-,yes,yes,same-paragraph,none,high,"Buenas tardes. Vaya nuestro homenaje para el ministro de Transporte, Mario Meoni. Mario había","""Buenas tardes."" follows the label; the homage to Mario Meoni continues in the next indented lines of the same turn.",
110,2021-05-13_r05,13-05-2021_ESPECIAL.pdf,43,Sr. Mayans,Sr. Mayans.-,yes,yes,same-paragraph,none,high,"Yo fui respetuoso cuando dice todas las pavadas que dice, y yo soy respetuoso",Several alternating Mayans / Petcoff Naidenoff turns precede it; this quoted line sits directly after a Sr. Mayans.- label.,
111,2021-05-13_r05,13-05-2021_ESPECIAL.pdf,75,Sr. Presidente (Lousteau),Sr. Presidente (Lousteau).-,yes,yes,same-paragraph,none,high,"Gracias, señor senador. Tiene ahora la palabra el senador Maurice Closs.","""Gracias, señor senador."" follows the label; ""Tiene ahora la palabra el senador Maurice Closs."" is the next indented line of the same turn.",
112,2021-05-13_r05,13-05-2021_ESPECIAL.pdf,135,Sr. Presidente (Closs),Sr. Presidente (Closs).-,yes,yes,same-paragraph,none,high,"A continuación, corresponde la consideración del Orden del Día que por Secretaría será anunciado.","Turn opens immediately below the bold section heading ""16. Implementación de la Educación Ambiental Integral en la República Argentina (O.D. Nº 43/21).""",
113,2021-05-13_r05,13-05-2021_ESPECIAL.pdf,135,Sr. Presidente (Closs),Sr. Presidente (Closs).-,yes,yes,same-paragraph,none,high,"Gracias, señor senador. A continuación, entonces, tiene la palabra la senadora Cristina López Valverde.","""Gracias, señor senador."" follows the label; ""A continuación, entonces, tiene la palabra la senadora Cristina López Valverde."" is the next indented line of the same turn.",
114,2020-08-13_r11,13-08-2020_ESPECIAL.pdf,34,Sra. Presidenta (Ledesma Abdala),Sra. Presidenta (Ledesma Abdala).-,yes,yes,same-paragraph,none,high,"Resulta aprobada. Tiene la palabra el miembro informante, senador Taiana.","""Resulta aprobada."" follows the label; ""Tiene la palabra el miembro informante, senador Taiana."" is the next indented line of the same turn.",
115,2020-08-13_r11,13-08-2020_ESPECIAL.pdf,79,Sra. Presidenta (Ledesma Abdala),Sra. Presidenta (Ledesma Abdala).-,yes,yes,same-paragraph,none,high,"¿Pueden encender sus cámaras? Enciendan, por favor, las cámaras porque vamos a lanzar la","First text line of p.79; the quoted words are split as ""¿Pueden encender sus cámaras?"" plus the next indented line of the same turn.",
116,2020-08-13_r11,13-08-2020_ESPECIAL.pdf,104,Sr. Mayans,Sr. Mayans.-,yes,yes,same-paragraph,none,high,Yo tengo mi visión. Los economistas dicen que hay que achicar el Estado. ¿Qué,"Directly after the presiding officer's ""Vaya cerrando senador, por favor.""",
117,2023-12-13_r08,13-12-2023_ESPECIAL.pdf,9,Sra. Álvarez Rivero,Sra. Álvarez Rivero.-,yes,yes,same-paragraph,none,high,No coincido con los senadores que acaban de tomar la palabra. La Cámara de,"Page prints ""acaban de tomar la palabra."" then ""La Cámara de Senadores es autónoma..."" as the next indented line of the same turn.",
118,2023-12-13_r08,13-12-2023_ESPECIAL.pdf,26,Sra. Sapag,Sra. Sapag.-,yes,yes,same-paragraph,none,high,"Antes de someter a votación la propuesta, quisiera que me leyeran las fechas de","Page reads ""quisiera que me leyeran las fechas de las renuncias de las senadoras Losada y Tagliaferri.""",
119,2023-12-13_r08,13-12-2023_ESPECIAL.pdf,40,Sra. Presidente (Villarruel),Sra. Presidente (Villarruel).-,yes,yes,same-paragraph,none,high,"Bueno. Hable, senadora Di Tullio. Tiene usted el uso de la palabra.","Printed ""Presidente"", not ""Presidenta""; ""Bueno."" follows the label and ""Hable, senadora Di Tullio. Tiene usted el uso de la palabra."" is the next indented line of the same turn.",
120,2023-12-13_r08,13-12-2023_ESPECIAL.pdf,43,Sr. Paoltroni,Sr. Paoltroni.-,yes,yes,same-paragraph,none,high,"Gracias, señora presidente. Paoltroni. Antes que nada, la casta me ha dado la bienvenida.","""Gracias, señora presidente."" follows the label, then indented lines ""Paoltroni."" and ""Antes que nada, la casta me ha dado la bienvenida."" in the same turn.",
121,2024-03-14_r02,14-03-2024_ESPECIAL.pdf,23,Sra. Presidente (Villarruel),Sra. Presidente (Villarruel).-,yes,yes,same-paragraph,none,high,Circunscribámonos al pedido de preferencia.,"Printed ""Presidente"", not ""Presidenta""; single-line turn between two Sra. Losada.- turns.",
122,2024-03-14_r02,14-03-2024_ESPECIAL.pdf,57,Sra. Fernández Sagasti,Sra. Fernández Sagasti.-,yes,yes,same-paragraph,none,high,¿Y la UCR es el oficialismo?,"A near-identical line ""¿La UCR es el oficialismo?"" appears two turns later, also under Sra. Fernández Sagasti.-, so the speaker is the same either way.",
123,2024-03-14_r02,14-03-2024_ESPECIAL.pdf,58,Sr. Secretario (Giustinian),Sr. Secretario (Giustinian).-,yes,yes,same-paragraph,none,high,"Leo la lista. Pagotto, Fernández Sagasti, Zimmermann, Ávila, María Teresa González, Pablo Blanco, Martín","Page prints the surname as ""Pagotto""; the rest of the list matches the quoted words.",
124,2024-03-14_r02,14-03-2024_ESPECIAL.pdf,114,Sra. Presidente (Villarruel),Sra. Presidente (Villarruel).-,yes,yes,same-paragraph,none,high,"Gracias, senador. Tiene el uso de la palabra el senador Ezequiel Atauche.","Printed ""Presidente"", not ""Presidenta""; ""Gracias, senador."" follows the label and ""Tiene el uso de la palabra el senador Ezequiel Atauche."" is the next indented line of the same turn.",
125,2024-05-15_r04,15-05-2024_INFORMATIVA_ESPECIAL.pdf,43,Sr. Parrilli,Sr. Parrilli.-,yes,yes,same-paragraph,none,high,"...de los senadores de la UCR y… perdón, de los bloques oficialistas que no","Line reads ""...de los senadores de la UCR y... perdón, de los bloques oficialistas que no hicieron uso del tiempo.""",
126,2024-05-15_r04,15-05-2024_INFORMATIVA_ESPECIAL.pdf,47,Sra. Giménez,Sra. Giménez.-,yes,yes,same-paragraph,none,high,"Sí, déjeme terminar. Entonces, quiero preguntarle cuál será la decisión última con Agricultura Familiar,","""Sí, déjeme terminar."" sits in the labeled paragraph; ""Entonces, quiero preguntarle cuál será la decisión última con Agricultura Familiar,"" is the next paragraph of the same turn, before the following ""Sr. Presidente (Abdala).-"".",
127,2021-07-15_r10,15-07-2021_ESPECIAL.pdf,125,Sr. Mirabella,Sr. Mirabella.-,yes,yes,same-paragraph,none,high,"Gracias, presidente. En primer lugar, quiero recordar algunas cosas que había mencionado cuando aprobamos,","""Gracias, presidente."" is the labeled paragraph; the rest continues in the next paragraph of the same turn.",
128,2022-11-16_r13,16-11-2022_ESPECIAL.pdf,4,Sra. Presidenta (Ledesma Abdala),Sra. Presidenta (Ledesma Abdala).-,yes,yes,same-paragraph,none,high,"De conformidad con el artículo 187, se da cuenta de los asuntos entrados por","Under the bold section title ""3. Asuntos Entrados""; page prints ""Presidenta"", not ""Presidente"".",
129,2022-03-17_r02,17-03-2022_ESPECIAL.pdf,56,Sra. Sapag,Sra. Sapag.-,yes,yes,same-paragraph,none,high,"Gracias, señora presidenta. Me alegra haber visto a nuestra presidenta, la presidenta del Senado,","Page prints ""Gracias, señora presidenta."" in the labeled paragraph, continuation in the following paragraph of the same turn.",
130,2020-06-18_r07,18-06-2020_INFORMATIVA_ESPECIAL.pdf,15,Sra. Presidenta (Ledesma Abdala),Sra. Presidenta (Ledesma Abdala).-,yes,yes,same-paragraph,none,high,"Muchas gracias, senador. Tiene la palabra, senadora Gladys González.","""Muchas gracias, senador."" labeled; ""Tiene la palabra, senadora Gladys González."" is the next line of the same turn.",
131,2021-08-19_r11,19-08-2021_ESPECIAL.pdf,14,Sra. Presidenta (Ledesma Abdala),Sra. Presidenta (Ledesma Abdala).-,yes,yes,same-paragraph,none,high,"Gracias, senador. Tiene la palabra, para otra moción de preferencia, senadora Vega.","Second of two identical ""Gracias, senador."" turns on the page; the one followed by ""Tiene la palabra, para otra moción de preferencia, senadora Vega."" carries the same label.",
132,2021-08-19_r11,19-08-2021_ESPECIAL.pdf,35,Sr. Presidente (Closs),Sr. Presidente (Closs).-,yes,yes,same-paragraph,none,high,"Resulta aprobado con 59 votos afirmativos, cero negativo y una abstención.","Preceded by the stage direction ""−Luego de unos instantes:"", which does not end the turn.",
133,2021-08-19_r11,19-08-2021_ESPECIAL.pdf,39,Sr. Secretario (Fuentes),Sr. Secretario (Fuentes).-,yes,yes,same-paragraph,none,high,Almirón: ausente. Alperovich: ausente. Basualdo: afirmativo. Blanco: afirmativo. Senadora Blas: ¿su voto?,"""Almirón: ausente."" is the labeled paragraph; the following names are continuation lines of the same turn up to ""Senadora Blas: ¿su voto?"".",
134,2021-08-19_r11,19-08-2021_ESPECIAL.pdf,57,Sr. Presidente (Closs),Sr. Presidente (Closs).-,yes,yes,same-paragraph,none,high,Corresponde la aprobación de la lista de oradores que se leerá por Secretaría.,"On this page the closing "".-"" of the label is printed partly outside the bold run, but the label reads ""Sr. Presidente (Closs).-"".",
135,2021-08-19_r11,19-08-2021_ESPECIAL.pdf,66,Sra. Durango,Sra. Durango.-,yes,yes,same-paragraph,none,high,"Afirmativo, lo mío. ¿Lo tomó?","Printed as ""Sra. Durango.- Afirmativo, lo mío. ¿Lo tomó?"", between two ""Sr. Secretario (Fuentes).-"" turns.",
136,2021-08-19_r11,19-08-2021_ESPECIAL.pdf,73,Sra. Presidenta (Ledesma Abdala),Sra. Presidenta (Ledesma Abdala).-,yes,yes,same-paragraph,none,high,"Gracias, senadora. Tiene la palabra senador Luenzo.","""Gracias, senadora."" labeled; ""Tiene la palabra senador Luenzo."" is the next line of the same turn.",
137,2021-08-19_r11,19-08-2021_ESPECIAL.pdf,82,Sra. Presidenta (Tagliaferri),Sra. Presidenta (Tagliaferri).-,yes,yes,same-paragraph,none,high,"Sí, pero vamos 16 minutos.","Third ""Sra. Presidenta (Tagliaferri).-"" turn on the page; only this one carries ""Sí, pero vamos 16 minutos.""",
138,2020-02-20_r13,20-02-2020_EXTRAORDINARIA.pdf,45,Sr. Secretario (Fuentes),Sr. Secretario (Fuentes).-,yes,yes,same-paragraph,none,high,"Los senadores que se van a abstener, por favor, si pueden mantener la mano","Page continues ""...si pueden mantener la mano elevada para que los registren…"".",
139,2021-05-20_r06,20-05-2021_ESPECIAL.pdf,66,Sr. Presidente (Closs),Sr. Presidente (Closs).-,yes,yes,same-paragraph,none,high,"Sí, lo escucho y ahora lo veo.","Immediately after ""Sr. Mera.- Gracias, presidente. ¿Me escucha ahí?"".",
140,2021-05-20_r06,20-05-2021_ESPECIAL.pdf,71,Sra. Presidenta (Ledesma Abdala),Sra. Presidenta (Ledesma Abdala).-,yes,yes,same-paragraph,none,high,"Le queda un minuto, senador.","Followed by ""Sr. Castillo.- Ya termino, señora presidenta.""",
141,2021-05-20_r06,20-05-2021_ESPECIAL.pdf,78,Sr. Parrilli,Sr. Parrilli.-,yes,yes,same-paragraph,none,high,"Gracias, presidenta. En primer lugar, quiero decir que he escuchado no a todos, pero","""Gracias, presidenta."" is the labeled paragraph; the rest continues in the next paragraph of the same turn.",
142,2001-07-18_r45,2001-07-18_r45_ORDINARIA.pdf,9,Sr. Presidente (Losada),Sr. Presidente (Losada). —,yes,yes,same-paragraph,none,high,Queda aprobada. Se procederá en consecuencia.,"Under section ""7 Licencia secretario administrativo""; preceded by the stage direction ""— La votación resulta afirmativa.""",
143,2001-07-18_r45,2001-07-18_r45_ORDINARIA.pdf,36,Sr. Presidente (Losada),Sr. Presidente (Losada). —,yes,yes,same-paragraph,none,high,Corresponde considerar el dictamen de la Comisión de Educación en el proyecto de resolución,"Section ""75 V Congreso Argentino de Educación Física y Ciencia""; the only ""proyecto de resolución"" opening on this page.",
144,2001-07-18_r45,2001-07-18_r45_ORDINARIA.pdf,36,Sr. Presidente (Losada),Sr. Presidente (Losada). —,yes,yes,same-paragraph,none,high,Corresponde considerar el dictamen de la Comisión de Educación en el proyecto de declaración,"ambiguous — these words open both section 73 (senador Ortega) and section 74 (senador Oudin) on this page; both paragraphs carry the identical label, so the label is the same either way.",
145,2001-07-18_r45,2001-07-18_r45_ORDINARIA.pdf,36,Sr. Presidente (Losada),Sr. Presidente (Losada). —,yes,yes,same-paragraph,none,high,Corresponde considerar el dictamen de la Comisión de Educación en el proyecto de declaración,ambiguous — same duplicated wording as case 144 (sections 73 and 74); both instances are governed by the identical label.,
146,2001-07-18_r45,2001-07-18_r45_ORDINARIA.pdf,39,Sr. Presidente (Losada),Sr. Presidente (Losada). —,yes,yes,same-paragraph,none,high,Queda aprobada la resolución. Se procederá en consecuencia.,"Last line of section 83; the two earlier similar lines on the page read ""la comunicación"", not ""la resolución"".",
147,2001-11-07_r69,2001-11-07_r69_ORDINARIA.pdf,14,Sr. Zalazar,Sr. Zalazar. —,yes,yes,same-paragraph,none,high,Señor presidente: tiene domicilio constituido en la ciudad de Buenos Aires.,"Sits between ""Sr. Presidente (Menem). — Tiene la palabra el señor senador por el Chaco."" and ""Sr. Yoma. —"".",
148,2001-11-07_r69,2001-11-07_r69_ORDINARIA.pdf,22,Sr. Presidente (Menem),Sr. Presidente (Menem). —,yes,yes,same-paragraph,none,high,En consideración la moción de tratamiento sobre tablas formulada por el señor senador Santa,"Section 36; the paragraph continues ""...formulada por el señor senador Santa Cruz.""",
149,2001-11-07_r69,2001-11-07_r69_ORDINARIA.pdf,25,Sr. Presidente (Menem),Sr. Presidente (Menem). —,yes,yes,same-paragraph,none,high,Queda aprobada la comunicación. Se procederá en consecuencia.,"Top of the page, before section 41; the similar line lower down reads ""la resolución"", not ""la comunicación"".",
150,2001-11-07_r69,2001-11-07_r69_ORDINARIA.pdf,28,Sr. Presidente (Losada),Sr. Presidente (Losada). —,yes,yes,same-paragraph,none,high,Tiene la palabra el señor senador de la Rosa.,"ambiguous — the sentence is printed twice near the top of the page (first as a labeled paragraph, then as a continuation line after ""Se procederá en consecuencia.""), but both fall under the same label.",
151,2001-11-07_r69,2001-11-07_r69_ORDINARIA.pdf,29,Sra. Negre de Alonso,Sra. Negre de Alonso. —,yes,yes,same-paragraph,none,high,Al igual que el señor senador Gioja también solicito que este proyecto vuelva a,"Quoted words open the paragraph that carries the label, in section 47 of the 7 Nov 2001 sitting.",
152,2001-11-07_r69,2001-11-07_r69_ORDINARIA.pdf,34,Sr. Ulloa,Sr. Ulloa. —,yes,yes,same-paragraph,none,high,"Le agradezco, señor presidente. Recién afirmaba que los pueblos que olvidan su historia están","""Le agradezco, señor presidente."" opens the labelled paragraph; ""Recién afirmaba..."" is the next paragraph of the same turn.",
153,2001-11-07_r69,2001-11-07_r69_ORDINARIA.pdf,35,Sr. Presidente (Losada),Sr. Presidente (Losada). —,yes,yes,same-paragraph,none,high,"Queda aprobado por unanimidad. En consideración en particular Se va a votar por títulos,","""Queda aprobado por unanimidad."" opens the labelled paragraph; the following lines continue the same turn.",
154,2001-11-07_r69,2001-11-07_r69_ORDINARIA.pdf,41,Sr. Presidente (Losada),Sr. Presidente (Losada). —,yes,yes,same-paragraph,none,high,Tiene la palabra la señora senadora por San Luis.,"Occurs once on the page, in section 59 ""Manifestaciones"".",
155,2001-11-07_r69,2001-11-07_r69_ORDINARIA.pdf,47,Sr. Presidente (Losada),Sr. Presidente (Losada). —,yes,yes,same-paragraph,none,high,Queda muy en claro que el proyecto debe ser debatido en el recinto. Y,"Page prints ""Queda muy en claro que el proyecto debe ser debatido en el recinto. Y esta decisión..."".",
156,2001-11-14_r71,2001-11-14_r71_ORDINARIA.pdf,5,Sr. Presidente (Menem),Sr. Presidente (Menem). —,yes,yes,same-paragraph,none,high,Por Secretaría se dará lectura.,"Single occurrence near the top of the page, followed by the secretary's reading turn.",
157,2001-11-14_r71,2001-11-14_r71_ORDINARIA.pdf,5,Sr. Presidente (Menem),Sr. Presidente (Menem). —,yes,yes,same-paragraph,none,high,Los señores senadores recibieron oportunamente la lista de Asuntos Entrados desde la última sesión.,"Opening turn of section 5 ""Asuntos Entrados"".",
158,2001-11-14_r71,2001-11-14_r71_ORDINARIA.pdf,8,Sr. Romero Feris,Sr. Romero Feris. —,yes,yes,same-paragraph,none,high,"Le agradezco su aclaración, señor presidente.","One-line turn just before the ""9 bis / Plan de Labor (continuación)"" heading.",
159,2001-11-14_r71,2001-11-14_r71_ORDINARIA.pdf,8,Sr. Presidente (Menem),Sr. Presidente (Menem). —,yes,yes,same-paragraph,none,high,Quedan reservados en mesa. Tiene la palabra el señor senador por Corrientes.,"""Quedan reservados en mesa."" opens the labelled paragraph; ""Tiene la palabra..."" is the next line of the same turn.",
160,2001-11-14_r71,2001-11-14_r71_ORDINARIA.pdf,12,Sr. Presidente (Menem),Sr. Presidente (Menem). —,yes,yes,same-paragraph,none,high,"Se encuentran reservados en Secretaría, pero si ningún señor senador solicita su tratamiento permanecerán","Last turn printed on the page, in section 17 ""Manifestaciones"".",
161,2001-11-14_r71,2001-11-14_r71_ORDINARIA.pdf,12,Sr. Sager,Sr. Sager. —,yes,yes,same-paragraph,none,high,Señor presidente: solicito que el proyecto de ley por el que se dispone la,"Third line of the page; continues ""...la creación de la Asociación de Entes Reguladores Eléctricos"".",
162,2001-11-14_r71,2001-11-14_r71_ORDINARIA.pdf,16,Sr. Presidente (Menem),Sr. Presidente (Menem). —,yes,yes,same-paragraph,none,high,"Corresponde considerar el dictamen de las comisiones de Agricultura y Ganadería, de Industria y","Section 29; a similar wording in section 28 names other committees, so the match is unambiguous.",
163,2001-11-14_r71,2001-11-14_r71_ORDINARIA.pdf,25,Sr. Presidente (Menem),Sr. Presidente (Menem). —,yes,yes,same-paragraph,"superscript footnote marker ""1"" after ""proyecto de ley."" (footnote at page foot reads ""Ver el Apéndice."")",high,Queda definitivamente sancionado el proyecto de ley. Se harán las comunicaciones correspondientes.,"Turn immediately before the ""57 / Firma digital"" heading.",
164,2001-11-14_r71,2001-11-14_r71_ORDINARIA.pdf,26,Sr. Verna,Sr. Verna. —,yes,yes,same-paragraph,none,high,Señor presidente: quiero manifestar que cuando se pida el tratamiento sobre tablas deberá solicitarse,"Last turn on the page; footnote ""Ver el Apéndice."" sits below it, outside the paragraph.",
165,2001-11-14_r71,2001-11-14_r71_ORDINARIA.pdf,27,Sr. Presidente (Menem),Sr. Presidente (Menem). —,yes,yes,same-paragraph,none,high,"Por implicar gastos el asunto en consideración, corresponde constituir la Cámara en comisión para","Opening turn under the heading ""1 / Constitución de la Cámara en comisión"".",
166,2001-11-14_r71,2001-11-14_r71_ORDINARIA.pdf,30,Sr. Presidente (Menem),Sr. Presidente (Menem). —,yes,yes,same-paragraph,none,high,Corresponde considerar si se trata sobre tablas el proyecto de ley en revisión por,"Section 61 ""Autorización para realizar adecuaciones presupuestarias"".",
167,2001-11-14_r71,2001-11-14_r71_ORDINARIA.pdf,34,Sr. Carbonell,Sr. Carbonell. —,yes,yes,same-paragraph,none,high,"Siempre he participado del criterio de que si se puede hacer una buena ley,","Follows the presiding officer's question ""¿Se da por satisfecho, señor senador por Tucumán?"".",
168,2001-11-14_r71,2001-11-14_r71_ORDINARIA.pdf,36,Sr. Altuna,Sr. Altuna. —,yes,yes,same-paragraph,none,high,Señor presidente: solicito el tratamiento sobre tablas de este proyecto.,"Section 67, transfer of two properties to Comodoro Rivadavia.",
169,2001-11-28_r73,2001-11-28_r73_ORDINARIA.pdf,6,Sr. Presidente (Losada),Sr. Presidente (Losada). —,yes,yes,same-paragraph,none,high,"Se toma nota, señor senador. Tiene la palabra el señor senador García Arecha.","""Se toma nota, señor senador."" opens the labelled paragraph; ""Tiene la palabra..."" is the next line of the same turn.",
170,2001-11-28_r73,2001-11-28_r73_ORDINARIA.pdf,20,Sr. Presidente (Losada),Sr. Presidente (Losada). —,yes,yes,same-paragraph,none,high,Queda aprobado el tratamiento sobre tablas para los pliegos que se considerarán a continuación.,"Second turn at the top of the page, just before the heading on the judge of the Rosario appeals court.",
171,2001-11-28_r73,2001-11-28_r73_ORDINARIA.pdf,26,Sr. Presidente (Losada),Sr. Presidente (Losada). —,yes,yes,same-paragraph,none,high,Corresponde considerar el dictamen de la Comisión de Deportes en los proyectos de declaración,"Last line of the page, opening section 15; the sentence runs on to the following page.",
172,2001-11-28_r73,2001-11-28_r73_ORDINARIA.pdf,33,Sr. Presidente (Losada),Sr. Presidente (Losada). —,yes,yes,same-paragraph,none,high,Corresponde considerar el dictamen de las comisiones de Agricultura y Ganadería y de Industria,"Section 37 ""Mercado de Carnes"".",
173,2001-11-28_r73,2001-11-28_r73_ORDINARIA.pdf,34,Sr. Presidente (Losada),Sr. Presidente (Losada). —,yes,yes,same-paragraph,none,high,Queda aprobada la resolución por unanimidad. Se procederá en consecuencia.,"Closing turn of section 40; other turns on the page approve a ""declaración"" or a ""comunicación"", not a ""resolución"", so the match is unique.",
174,2001-11-28_r73,2001-11-28_r73_ORDINARIA.pdf,40,Sr. Presidente (Menem),Sr. Presidente (Menem). —,yes,yes,same-paragraph,none,high,Proseguimos con el tratamiento del plan de labor oportunamente aprobado. Corresponde considerar el dictamen,"Opening turn of section 44; ""Corresponde considerar el dictamen..."" is the next paragraph of the same turn.",
175,2001-11-28_r73,2001-11-28_r73_ORDINARIA.pdf,45,Sr. Molinari Romero,Sr. Molinari Romero. —,yes,yes,same-paragraph,none,high,Señor presidente: como se trata de un tema complejo voy a reiterar mi pedido,"Follows ""Tiene la palabra el señor senador por Córdoba.""",
176,2001-11-28_r73,2001-11-28_r73_ORDINARIA.pdf,52,Sr. Verna,Sr. Verna. —,yes,yes,same-paragraph,none,high,Señor presidente: solicito que se vote por capítulos.,"Single-line turn between two ""Sr. Presidente (Menem)."" turns; no other label could govern it.",
177,2001-11-28_r73,2001-11-28_r73_ORDINARIA.pdf,58,Sr. Presidente (Menem),Sr. Presidente (Menem). —,yes,yes,same-paragraph,none,high,Queda constituida la Cámara en comisión y confirmadas las autoridades para la conferencia.,"Paragraph opens with the label and runs on to ""autoridades para la conferencia.""; the preceding ""— Asentimiento."" is a stage direction, not a turn break.",
178,2001-11-28_r73,2001-11-28_r73_ORDINARIA.pdf,60,Sr. Presidente (Losada),Sr. Presidente (Losada). —,yes,yes,same-paragraph,none,high,"En consideración en general. Si no se hace uso de la palabra, se va","""En consideración en general."" is in the labelled paragraph, ""Si no se hace uso de la palabra, se va a votar."" is its indented continuation; page 60 shows this pair twice (under [Proyecto S.1.626/01] and elsewhere) but both are the same label.",
179,2001-11-28_r73,2001-11-28_r73_ORDINARIA.pdf,62,Sr. Tell,Sr. Tell. —,yes,yes,same-paragraph,none,high,Señor presidente: como tengo entendido que ya han ingresado en esta Cámara los expedientes,"Last turn on page 62; the footnote ""14 Ver el Apéndice."" sits below the text block, outside the paragraph.",
180,2001-11-28_r73,2001-11-28_r73_ORDINARIA.pdf,64,Sr. Presidente (Losada),Sr. Presidente (Losada). —,yes,yes,same-paragraph,none,high,"Si no se hace uso de la palabra, se va a votar el artículo","Page 64 prints this sentence three times (artículo 2°, 3°, 4°), all under the identical label ""Sr. Presidente (Losada). —"", so the repetition creates no ambiguity of speaker.",
181,2001-11-28_r73,2001-11-28_r73_ORDINARIA.pdf,64,Sr. Presidente (Losada),Sr. Presidente (Losada). —,yes,yes,same-paragraph,none,high,"Si no se hace uso de la palabra, se va a votar el artículo","Same phrase repeated on page 64 (artículo 2°, 3°, 4°); every occurrence carries the same label.",
182,2001-11-28_r73,2001-11-28_r73_ORDINARIA.pdf,64,Sr. Presidente (Losada),Sr. Presidente (Losada). —,yes,yes,same-paragraph,none,high,"Si no se hace uso de la palabra, se va a votar el artículo","Third occurrence on page 64 is at the foot of the page (""el artículo 4° con la""), again under the same label.",
183,2001-11-28_r73,2001-11-28_r73_ORDINARIA.pdf,64,Sr. Presidente (Losada),Sr. Presidente (Losada). —,yes,yes,same-paragraph,none,high,Estamos en la consideración en general. Cuando pasemos a la consideración en particular podrá,"Reply to ""Sr. Palacios."" immediately above; the label opens the paragraph containing the quoted words.",
184,2002-04-11_r05,2002-04-11_r05_ESPECIAL.pdf,2,Sr. Presidente (Maqueda),Sr. Presidente (Maqueda). —,yes,yes,same-paragraph,none,high,"Invito al señor senador Ochoa, a mis coterráneos, los señores senadores Martí y Halak","Page prints ""Halak"" as ""Halak"" in the same sentence; preceding ""— Luego de unos instantes:"" is a stage direction, not a turn break.",
185,2002-04-11_r05,2002-04-11_r05_ESPECIAL.pdf,3,Sr. Jefe de Gabinete de Ministros,Sr. Jefe de Gabinete de Ministros. —,yes,yes,same-paragraph,none,high,"Señor presidente, señores senadores: en cumplimiento de los correspondientes deberes constitucionales que me caben","Opening of the Chief of Cabinet's report, directly after ""Sr. Presidente (Maqueda)."" grants him the floor.",
186,2002-04-11_r05,2002-04-11_r05_ESPECIAL.pdf,10,Sr. Presidente (Maqueda),Sr. Presidente (Maqueda). —,yes,yes,same-paragraph,none,high,La senadora Arancio de Beller no se encuentra. Senadora Avelín: ¿hará uso de la,"""La senadora Arancio de Beller no se encuentra."" opens the labelled paragraph; ""Senadora Avelín: ¿hará uso de la palabra?"" is its indented continuation before ""Sra. Avelín."" replies.",
187,2002-04-11_r05,2002-04-11_r05_ESPECIAL.pdf,12,Sr. Presidente (Maqueda),Sr. Presidente (Maqueda). —,yes,yes,same-paragraph,none,high,"Señor jefe de Gabinete de Ministros, ¿va a contestar inmediatamente o va a acumular?","Page prints ""¿va a contestar"" with the opening question mark mid-sentence, exactly as quoted.",
188,2002-04-11_r05,2002-04-11_r05_ESPECIAL.pdf,14,Sr. Presidente (Maqueda),Sr. Presidente (Maqueda). —,yes,yes,same-paragraph,none,high,Tiene la palabra la señora senadora por Entre Ríos.,"Single-line turn near the foot of page 14, immediately before ""Sra. Bar.""",
189,2002-04-11_r05,2002-04-11_r05_ESPECIAL.pdf,16,Sr. Chiappe,Sr. Chiappe. —,yes,yes,same-paragraph,none,high,"Correcto. Simplemente, no quería confundir al señor jefe de Gabinete. Con respecto a la","This occurrence prints a space before the dash; two earlier labels on the same page print ""Sr. Chiappe.—"" without the space.",
190,2002-04-11_r05,2002-04-11_r05_ESPECIAL.pdf,16,Sr. Presidente (López Arias),Sr. Presidente (López Arias). —,yes,yes,same-paragraph,none,high,Tiene la palabra el señor jefe de Gabinete.,"Occurs once on page 16, just before the Chief of Cabinet's answer.",
191,2002-04-11_r05,2002-04-11_r05_ESPECIAL.pdf,18,Sr. Presidente (López Arias),Sr. Presidente (López Arias). —,yes,yes,same-paragraph,none,high,Tiene la palabra el señor senador Guinle.,"Single-line turn immediately before ""Sr. Guinle."" on page 18.",
192,2002-04-11_r05,2002-04-11_r05_ESPECIAL.pdf,19,Sr. Presidente (López Arias),Sr. Presidente (López Arias). —,yes,yes,same-paragraph,none,high,"Señora senadora Ibarra, tiene usted la palabra.","Near the foot of page 19, immediately before ""Sra. Ibarra.""",
193,2002-04-11_r05,2002-04-11_r05_ESPECIAL.pdf,24,Sr. Presidente (López Arias),Sr. Presidente (López Arias).—,yes,yes,same-paragraph,none,high,"Señor senador, diríjase a la Presidencia. A los señores senadores les solicito que no","This label prints with no space around the dash; ""A los señores senadores les solicito que no interrumpan..."" is the indented continuation of the same turn.",
194,2002-04-11_r05,2002-04-11_r05_ESPECIAL.pdf,26,Sr. Losada,Sr. Losada. —,yes,yes,same-paragraph,none,high,"No, como dijo que iba a contestar sobre los dos: el tabaco y el","Second turn on page 26; page 26 has two ""Sr. Losada."" turns but only this one carries the quoted words.",
195,2002-04-11_r05,2002-04-11_r05_ESPECIAL.pdf,26,Sr. Morales,Sr. Morales. —,yes,yes,same-paragraph,none,high,Señor presidente: tengo cinco repreguntas y cuatro pedidos. La primera pregunta que realicé fue,"Last turn on page 26; ""La primera pregunta que realicé fue..."" is the indented continuation of the labelled paragraph.",
196,2002-04-11_r05,2002-04-11_r05_ESPECIAL.pdf,26,Sr. Presidente (López Arias),Sr. Presidente (López Arias). —,yes,yes,same-paragraph,none,high,Señor senador: no podemos entrar en un diálogo. Le pido por favor al señor,"First paragraph on page 26; the label is printed at the top of this page, so the turn does not carry over from page 25.",
197,2002-04-11_r05,2002-04-11_r05_ESPECIAL.pdf,29,Sr. Jefe de Gabinete de Ministros,Sr. Jefe de Gabinete de Ministros. —,yes,yes,same-paragraph,none,high,"Señor presidente: respecto de la primer pregunta sobre el mantenimiento del programa monetario, quiero","Directly after ""Sr. Presidente (López Arias). — Tiene la palabra el señor jefe de Gabinete de Ministros.""",
198,2002-04-11_r05,2002-04-11_r05_ESPECIAL.pdf,31,Sr. Jefe de Gabinete de Ministros,Sr. Jefe de Gabinete de Ministros. —,yes,yes,same-paragraph,none,high,"Con respecto a ese tema, no tenemos opinión formada y estamos recepcionando las propuestas","Answer inserted between two ""Sra. Presidenta (Fernández de Kirchner)."" turns; this page prints ""Presidenta"" with the final a.",
199,2002-04-11_r05,2002-04-11_r05_ESPECIAL.pdf,33,Sr. Presidente (López Arias),Sr. Presidente (López Arias). —,yes,yes,same-paragraph,none,high,Tiene la palabra el señor jefe de Gabinete.,"Page 33 carries two ""Sr. Presidente (López Arias)."" turns; only the second one contains these words.",
200,2002-04-11_r05,2002-04-11_r05_ESPECIAL.pdf,33,Sr. Jefe de Gabinete de Ministros,Sr. Jefe de Gabinete de Ministros. —,yes,yes,same-paragraph,none,high,"Con respecto a previsiones en materia de política sanitaria, debo informar a este honorable","Last turn on page 33, running to the foot of the page.",
201,2002-04-11_r05,2002-04-11_r05_ESPECIAL.pdf,33,Sr. Moro,Sr. Moro.,yes,yes,same-paragraph,none,high,"Haré una última pregunta, con relación al artículo 102 del presupuesto de la Nación","Label opens the paragraph that begins with the quoted words, right after a Sr. Presidente (López Arias) time-limit warning.",
202,2002-04-11_r05,2002-04-11_r05_ESPECIAL.pdf,36,Sr. Ochoa,Sr. Ochoa.,yes,yes,same-paragraph,none,high,"No haré uso de la palabra, señor presidente.","Nearby Sra. Negre de Alonso says ""No voy a hacer uso de la palabra"", different wording; the exact quoted phrase is Ochoa's.",
203,2002-04-11_r05,2002-04-11_r05_ESPECIAL.pdf,36,Sr. Presidente (López Arias),Sr. Presidente (López Arias).,yes,yes,same-paragraph,none,high,Señora senadora Negre de Alonso.,One-line turn giving the floor to Negre de Alonso.,
204,2002-04-11_r05,2002-04-11_r05_ESPECIAL.pdf,39,Sr. Jefe de Gabinete de Ministros,Sr. Jefe de Gabinete de Ministros.,yes,yes,same-paragraph,none,high,Señor presidente: quisiera solicitar una aclaración. Cuando la señora senadora hace referencia al fondo,Follows the Presidencia line giving him the floor.,
205,2002-04-11_r05,2002-04-11_r05_ESPECIAL.pdf,40,Sr. Jefe de Gabinete de Ministros,Sr. Jefe de Gabinete de Ministros.,yes,yes,same-paragraph,none,high,"Señor presidente: respecto de las metas fiscales y los mecanismos de financiamiento, lo que","Reply to Sr. Daniele's question, label opens the same paragraph.",
206,2002-04-11_r05,2002-04-11_r05_ESPECIAL.pdf,41,Sr. Presidente (López Arias),Sr. Presidente (López Arias).,yes,yes,same-paragraph,none,high,Tiene la palabra el señor senador por Formosa.,"Second line of the page, immediately before Sr. Mayans's turn.",
207,2002-04-11_r05,2002-04-11_r05_ESPECIAL.pdf,44,Sr. Presidente (López Arias),Sr. Presidente (López Arias).,yes,yes,same-paragraph,none,high,"Gracias, señor jefe de Gabinete. Tiene la palabra el señor senador Menem.","""Gracias, señor jefe de Gabinete."" is on the labelled line; ""Tiene la palabra el señor senador Menem."" is the next paragraph of the same unbroken turn.",
208,2002-04-11_r05,2002-04-11_r05_ESPECIAL.pdf,44,Sr. Menem,Sr. Menem.,yes,yes,same-paragraph,none,high,"Señor presidente: muy brevemente, quiero plantear dos inquietudes de distinto orden. Si bien el",Quote runs from the labelled line into the following paragraph of the same turn.,
209,2002-04-11_r05,2002-04-11_r05_ESPECIAL.pdf,44,Sr. Presidente (López Arias),Sr. Presidente (López Arias).,yes,yes,same-paragraph,none,high,Tiene la palabra el señor senador Gómez Diez.,"Fourth line of the page, just before Sr. Gómez Diez's turn.",
210,2002-04-11_r05,2002-04-11_r05_ESPECIAL.pdf,44,Sr. Gómez Diez,Sr. Gómez Diez.,yes,yes,same-paragraph,none,high,Señor presidente: en el acuerdo que han firmado la Nación y las provincias se,Label opens the paragraph containing the quoted words.,
211,2002-04-11_r05,2002-04-11_r05_ESPECIAL.pdf,45,Sr. Presidente (López Arias),Sr. Presidente (López Arias).,yes,yes,same-paragraph,none,high,Tiene la palabra el señor jefe de Gabinete de Ministros.,"Single occurrence on this page; the next line is the label ""Sr. Jefe de Gabinete Ministros"" (printed without ""de"").",
212,2002-04-11_r05,2002-04-11_r05_ESPECIAL.pdf,45,Sra. Colombo,Sra. Colombo.,yes,yes,same-paragraph,none,high,"Buenas tardes, señor jefe de Gabinete; a través del presidente lo saludo. Le quiero","Printed with the dash set tight against the label, as ""Sra. Colombo.—"".",
213,2002-04-11_r05,2002-04-11_r05_ESPECIAL.pdf,45,Sr. Presidente (López Arias),Sr. Presidente (López Arias).,yes,yes,same-paragraph,none,high,"Perdón, señora senadora, un minutito. Parece que tenemos varias sesiones simultaneas, por eso les","The stage direction ""—Murmullos en las bancas."" sits on its own line just before the label, not inside the paragraph.",
214,2002-04-11_r05,2002-04-11_r05_ESPECIAL.pdf,45,Sr. Presidente (López Arias),Sr. Presidente (López Arias).,yes,yes,same-paragraph,none,high,"Se tendrá presente, señor jefe de Gabinete. Tiene la palabra la señora senadora Colombo.","""Se tendrá presente..."" on the labelled line, ""Tiene la palabra la señora senadora Colombo."" is the next paragraph of the same turn.",
215,2002-04-11_r05,2002-04-11_r05_ESPECIAL.pdf,47,Sr. Presidente (López Arias),Sr. Presidente (López Arias).,yes,yes,same-paragraph,none,high,Tiene la palabra el señor jefe de Gabinete de Ministros.,"Single occurrence on this page, followed by the jefe de Gabinete's reply.",
216,2002-04-11_r05,2002-04-11_r05_ESPECIAL.pdf,51,Sr. Presidente (Maqueda),Sr. Presidente (Maqueda).,yes,yes,same-paragraph,none,high,"¿Le concede la interrupción, señor jefe de Gabinete?",Chair changes to Maqueda on this page; label printed on the same line as the quoted words.,
217,2002-04-11_r05,2002-04-11_r05_ESPECIAL.pdf,51,Sr. Yoma,Sr. Yoma.,yes,yes,same-paragraph,none,high,"Señor presidente: olvidé mencionar un tema y quiero hacerlo ahora, así el ministro puede","Sr. Yoma is labelled three times on this page; the quoted words are on the third such line, after the Presidencia grants the interruption.",
218,2002-04-11_r05,2002-04-11_r05_ESPECIAL.pdf,52,Sr. Presidente (Maqueda),Sr. Presidente (Maqueda).,yes,yes,same-paragraph,none,high,Tiene la palabra el señor jefe de Gabinete.,"Near the foot of the page, just before the jefe de Gabinete's reply.",
219,2002-04-11_r05,2002-04-11_r05_ESPECIAL.pdf,56,Sr. Presidente (Maqueda),Sr. Presidente (Maqueda).,yes,yes,same-paragraph,none,high,"Muchas gracias, señor jefe de Gabinete de Ministros. Después de cinco horas de una",Closing turn of the sitting; the quote runs from the labelled line into the next paragraph of the same turn.,
220,2002-04-11_r05,2002-04-11_r05_ESPECIAL.pdf,56,Sr. Presidente (Maqueda),Sr. Presidente (Maqueda).,yes,yes,same-paragraph,none,high,"Si el señor jefe de Gabinete de Ministros lo desea, tiene la facultad de",Earlier of the two Presidencia turns on this page.,
221,2002-05-28_r12,2002-05-28_r12_EN_MINORIA.pdf,2,Sr. López Arias,Sr. López Arias.,yes,yes,same-paragraph,none,high,Señor presidente: quería transmitirle a la Presidencia que nuestro bloque ha estado celebrando reuniones,"Printed as ""Sr. López Arias.—"" with the dash tight against the label; here López Arias speaks as a senator while Maqueda chairs.",
222,2002-05-28_r12,2002-05-28_r12_EN_MINORIA.pdf,2,Sr. Presidente (Maqueda),Sr. Presidente (Maqueda).,yes,yes,same-paragraph,none,high,Para una manifestación en minoría tiene la palabra el señor senador por Salta.,"Second labelled line under the heading ""Manifestaciones en minoría"".",
223,2002-08-08_r18,2002-08-08_r18_EN_MINORIA.pdf,2,Sr. Presidente (Maqueda),Sr. Presidente (Maqueda).,yes,yes,same-paragraph,none,high,"Como no hay quórum suficiente, queda levantada la sesión.","Only speech line on the page, between the opening and closing time stage directions.",
224,2002-08-22_r20,2002-08-22_r20_EN_MINORIA.pdf,3,Sr. Presidente (López Arias),Sr. Presidente (López Arias).,yes,yes,same-paragraph,none,high,"Sí, senador Maestro. Antes de darle el uso de la palabra —no sé qué",Here López Arias is in the chair; label opens the paragraph with the quoted words.,
225,2002-08-22_r20,2002-08-22_r20_EN_MINORIA.pdf,4,Sra. Maza,Sra. Maza.,yes,yes,same-paragraph,none,high,"Señor presidente: pido disculpas a la bancada radical, pero solicito que por intermedio de","First line of the page; the turn's label is printed there, not carried over from the previous page.",
226,2003-03-26_r05,2003-03-26_r05_ORDINARIA.pdf,105,Sr. Presidente (López Arias),Sr. Presidente (López Arias). —,yes,yes,same-paragraph,none,high,No le concede la interrupción.,"The page carries a second, similar line further down (""No le concede la interrupción, señor senador."") under the identical label, so either reading gives the same speaker.",
227,2003-03-26_r05,2003-03-26_r05_ORDINARIA.pdf,158,Sr. Baglini,Sr. Baglini. —,yes,yes,same-paragraph,none,high,"Seré muy breve, señor presidente. Como el senador preopinante se ha referido a algunas","The label opens the turn with ""Seré muy breve, señor presidente.""; the words ""Como el senador preopinante..."" continue in the next indented paragraph of the same turn.",
228,2003-03-26_r05,2003-03-26_r05_ORDINARIA.pdf,192,Sr. Presidente (López Arias),Sr. Presidente (López Arias). —,yes,yes,same-paragraph,none,high,"Si no se hace uso de la palabra, se va a votar el proyecto","Single occurrence, near the foot of page 192.",
229,2003-05-28_r09,2003-05-28_r09_ORDINARIA.pdf,28,Sr. Presidente,Sr. Presidente. —,yes,yes,same-paragraph,none,high,Queda aprobada la resolución. Se procederá en consecuencia.,"Only one line on the page reads ""resolución""; the other closings say ""comunicación"", all under the same label.",
230,2003-06-18_r12,2003-06-18_r12_ORDINARIA.pdf,8,Sr. López Arias,Sr. López Arias. —,yes,yes,same-paragraph,none,high,"Señor presidente: voy a tratar de ser lo más breve posible. Según mi criterio,","Label is the first line of the page; ""Según mi criterio,"" starts the following indented paragraph of the same turn.",
231,2003-07-23_r15,2003-07-23_r15_ORDINARIA.pdf,80,Sr. Pichetto,Sr. Pichetto. —,yes,yes,same-paragraph,none,high,"Señor presidente: tal como expresó el senador Agúndez, este proyecto ha sido intensamente analizado","Page prints the name as ""Agúndez"", matching the quoted phrase.",
232,2003-08-06_r16,2003-08-06_r16_ORDINARIA.pdf,60,Sr. Presidente (Gioja),Sr. Presidente (Gioja). —,yes,yes,same-paragraph,none,high,En consideración la preferencia solicitada por la senadora Müller. Si no se hace uso,"""Si no se hace uso..."" is the indented continuation line of the same turn.",
233,2003-08-20_r17,2003-08-20_r17_ORDINARIA.pdf,67,Sr. Zavalía,Sr. Zavalía. —,yes,yes,same-paragraph,none,high,"¿Me permite una interrupción, señor senador?","Labels on this page use the plain form ""Sr. Presidente."" with no name in parentheses; the quoted question appears once.",
234,2003-08-20_r17,2003-08-20_r17_ORDINARIA.pdf,146,Sra. Seguí,Sra. Seguí. —,yes,yes,same-paragraph,none,high,"No es la comisión que yo presido, señor senador.","Single occurrence, in the short exchange with Sr. Baglini.",
235,2003-08-28_r00,2003-08-28_r00_ASAMBLEA.pdf,2,Sr. Secretario (Estrada),Sr. Secretario (Estrada).—,yes,yes,same-paragraph,(Lee),high,Se designan como miembros de las comisiones de recepción a los señores senadores María,"The italic reading direction ""(Lee)"" sits between the label and the quoted words.",
236,2003-10-01_r23,2003-10-01_r23_ORDINARIA.pdf,10,Sr. Presidente,Sr. Presidente. —,yes,yes,same-paragraph,none,high,"En consideración en general. Si no se hace uso de la palabra, se va","Ambiguous by position only: the same wording appears three times on page 10, each time under this identical label; this is the first (Orden del Día Nº 725).",
237,2003-10-01_r23,2003-10-01_r23_ORDINARIA.pdf,10,Sr. Presidente,Sr. Presidente. —,yes,yes,same-paragraph,none,high,"En consideración en general. Si no se hace uso de la palabra, se va","Ambiguous by position only: three identical occurrences on page 10, all under this same label; this is the second (Orden del Día Nº 726).",
238,2003-10-01_r23,2003-10-01_r23_ORDINARIA.pdf,10,Sr. Presidente,Sr. Presidente. —,yes,yes,same-paragraph,none,high,"En consideración en general. Si no se hace uso de la palabra, se va","Ambiguous by position only: three identical occurrences on page 10, all under this same label; this is the third (Orden del Día Nº 727).",
239,2003-10-08_r25,2003-10-08_r25_TRIBUNAL_DE_JUICIO_POLITICO.pdf,90,Sr. Maestro,Sr. Maestro. —,yes,yes,same-paragraph,none,high,Realmente ésta será la última interrupción que concedo.,Follows the Presidencia's question about Zavalía's requested interruption.,
240,2003-10-15_r26,2003-10-15_r26_ORDINARIA.pdf,35,Sr. Presidente,Sr. Presidente. —,yes,yes,same-paragraph,none,high,"En consideración en general. Si no se hace uso de la palabra, se va",Ambiguous by position only: the wording appears twice on page 35 under this same label; this is the first (Orden del Día Nº 829).,
241,2003-10-15_r26,2003-10-15_r26_ORDINARIA.pdf,35,Sr. Presidente,Sr. Presidente. —,yes,yes,same-paragraph,none,high,"En consideración en general. Si no se hace uso de la palabra, se va",Ambiguous by position only: two identical occurrences on page 35 under this same label; this is the second (Orden del Día Nº 831).,
242,2003-10-15_r26,2003-10-15_r26_ORDINARIA.pdf,86,Sr. Terragno,Sr. Terragno. —,yes,yes,same-paragraph,none,high,"Dejo planteado mi pedido, señor presidente. Si bien mi exposición será complementada con la","""Si bien mi exposición..."" continues in the next indented paragraph of the same turn.",
243,2003-11-04_r29,2003-11-04_r29_TRIBUNAL_DE_JUICIO_POLITICO.pdf,3,Sra. Presidenta,Sra. Presidenta. —,yes,yes,same-paragraph,none,high,"Perdón, doctor Badeni. Usted se encuentra en un instituto de la República y de","This record prints ""Presidenta"" here, not ""Presidente"".",
244,2003-11-04_r29,2003-11-04_r29_TRIBUNAL_DE_JUICIO_POLITICO.pdf,11,Sra. Presidenta,Sra. Presidenta.—,yes,yes,same-paragraph,none,high,"Adelante, doctor Badeni. Siga con las preguntas, por favor.","A near-identical later line reads ""Siga con sus preguntas, por favor"" under the same label; the exact quoted wording occurs once.",
245,2003-11-04_r29,2003-11-04_r29_TRIBUNAL_DE_JUICIO_POLITICO.pdf,12,Sra. Presidenta,Sra. Presidenta. —,yes,yes,same-paragraph,none,high,Yo le concedo el uso de la palabra...,"Single occurrence, between the Falú and Badeni exchanges near the foot of the page.",
246,2003-11-04_r29,2003-11-04_r29_TRIBUNAL_DE_JUICIO_POLITICO.pdf,38,Sr. Prades,Sr. Prades. —,yes,yes,same-paragraph,none,high,"El Consejo sanciona a un miembro de un tribunal inferior, ¿tiene algún recurso el","A later, reworded question by the same speaker mentions the Consejo de la Magistratura again; the quoted wording matches this line.",
247,2003-11-04_r29,2003-11-04_r29_TRIBUNAL_DE_JUICIO_POLITICO.pdf,44,Sr. Schorr,Sr. Schorr. —,yes,yes,same-paragraph,none,high,La cuestión es la siguiente: la Procuración del Tesoro de la Nación es el,Answer to the Secretaría's third read question.,
248,2003-11-04_r29,2003-11-04_r29_TRIBUNAL_DE_JUICIO_POLITICO.pdf,51,Sr. Schorr,Sr. Schorr. —,yes,yes,same-paragraph,none,high,Sí; eso es atinente al fondo. Lo que digo que es atinente a la,"Single occurrence, near the top of the page in reply to Diputado Falú.",
249,2003-11-04_r29,2003-11-04_r29_TRIBUNAL_DE_JUICIO_POLITICO.pdf,100,Sr. Fanelli Evans,Sr. Fanelli Evans.—,yes,yes,same-paragraph,none,high,No recuerdo si hice evaluación exactamente sobre eso.,Reply to Sra. Ibarra's question about his dictamen.,
250,2003-11-11_r32,2003-11-11_r32_TRIBUNAL_DE_JUICIO_POLITICO.pdf,35,Sr. Secretario (Estrada),Sr. Secretario (Estrada).—,yes,yes,same-paragraph,none,high,Nueve. Para que diga la testigo si recuerda si una vez que fue recibida,"The numbered question ""Nueve."" is read by the Secretaría; the witness Sra. Eggink answers in the next turn.",
251,2003-11-11_r32,2003-11-11_r32_TRIBUNAL_DE_JUICIO_POLITICO.pdf,41,Sra. Eggink,Sra. Eggink. —,yes,yes,same-paragraph,none,high,En realidad se cumplió la condición resolutoria.,Short one-line turn in the question-and-answer exchange with Sra. Ibarra; only one label could govern it.,
252,2003-11-11_r32,2003-11-11_r32_TRIBUNAL_DE_JUICIO_POLITICO.pdf,68,Sra. Presidenta,Sra. Presidenta. —,yes,yes,same-paragraph,none,high,Para una pregunta tiene la palabra la senadora Bermejo.,"Page prints ""Presidenta"" (with final a) throughout, transcribed as printed.",
253,2003-11-19_r33,2003-11-19_r33_ORDINARIA.pdf,92,Sr. Presidente (López Arias),Sr. Presidente (López Arias). —,yes,yes,same-paragraph,none,high,"Para una interrupción, tiene la palabra el señor senador Baglini.","ambiguous — the identical sentence is printed twice on this page (near the top and again near the bottom), but both occurrences carry the same label.",
254,2003-11-19_r33,2003-11-19_r33_ORDINARIA.pdf,92,Sr. Presidente (López Arias),Sr. Presidente (López Arias). —,yes,yes,same-paragraph,none,high,"Para una interrupción, tiene la palabra el señor senador Baglini.","ambiguous — same duplicated sentence as case 253; both printings are under the identical label, so the answer is unaffected.",
255,2003-11-19_r34,2003-11-19_r34_TRIBUNAL_DE_JUICIO_POLITICO.pdf,4,Sra. Negre de Alonso,Sra. Negre de Alonso. —,yes,yes,same-paragraph,none,high,"Señor presidente: en primer lugar, simplemente quiero decir que voy a pedir la inserción",Turn opens immediately after the presiding officer gives her the floor.,
256,2003-11-19_r34,2003-11-19_r34_TRIBUNAL_DE_JUICIO_POLITICO.pdf,7,Sr. Presidente,Sr. Presidente. —,yes,yes,same-paragraph,none,high,Se va a votar el dictamen leído por Secretaría.,No parenthetical surname is printed with this label on the page.,
257,2003-11-26_r35,2003-11-26_r35_ORDINARIA.pdf,10,Sr. Baglini,Sr. Baglini. —,yes,yes,same-paragraph,none,high,Señor presidente: como es la tercera vez que veo que el miembro informante dice,Last line of the page; the turn opens right there after the chair grants the interruption.,
258,2003-11-26_r35,2003-11-26_r35_ORDINARIA.pdf,72,Sr. Presidente (Salvatori),Sr. Presidente (Salvatori). —,yes,yes,same-paragraph,none,high,Tiene la palabra la señora senadora Sapag.,Only one printing of this sentence on the page.,
259,2003-11-27_r38,2003-11-27_r38_TRIBUNAL_DE_JUICIO_POLITICO.pdf,3,Sr. Presidente,Sr. Presidente. —,yes,yes,same-paragraph,none,high,"Así está previsto, senador Pichetto. Por eso invitamos primero a pasar al recinto a","Page prints ""Así está previsto, senador Pichetto."" (brief quotes it as ""Así está previsto""); last turn on the page.",
260,2003-12-04_r40,2003-12-04_r40_ORDINARIA.pdf,10,Sr. Presidente,Sr. Presidente. —,yes,yes,same-paragraph,none,high,"Con quórum, queda abierta la sesión.","Earlier labels on this page read ""Sr. Presidente (Gioja). —"", but this one is printed without the parenthesis.",
261,2003-12-04_r40,2003-12-04_r40_ORDINARIA.pdf,37,Sr. Presidente,Sr. Presidente. —,yes,yes,same-paragraph,none,high,Queda aprobada la comunicación. Se procederá en consecuencia.,"Only one line on the page ends ""la comunicación""; the other similar lines end ""la declaración"".",
262,2003-12-04_r40,2003-12-04_r40_ORDINARIA.pdf,54,Sr. Presidente,Sr. Presidente. —,yes,yes,same-paragraph,none,high,"Corresponde considerar el dictamen de la Comisión de Minería, Energía y Combustibles en el","ambiguous — this opening appears twice on the page (items 141 and 142), both under the same label.",
263,2003-12-04_r40,2003-12-04_r40_ORDINARIA.pdf,54,Sr. Presidente,Sr. Presidente. —,yes,yes,same-paragraph,none,high,"Corresponde considerar el dictamen de la Comisión de Minería, Energía y Combustibles en el",ambiguous — same duplicated opening as case 262; both printings carry the identical label.,
264,2003-12-04_r40,2003-12-04_r40_ORDINARIA.pdf,114,Sr. Presidente,Sr. Presidente. —,yes,yes,same-paragraph,none,high,Corresponde considerar si se trata sobre tablas el dictamen en los proyectos de ley,"ambiguous — the plural wording appears twice on the page (items 274 and 275), both under the same label.",
265,2003-12-04_r40,2003-12-04_r40_ORDINARIA.pdf,114,Sr. Presidente,Sr. Presidente. —,yes,yes,same-paragraph,none,high,Corresponde considerar si se trata sobre tablas el dictamen en el proyecto de ley,"Singular wording (""en el proyecto de ley"") appears once, at item 273.",
266,2003-12-04_r40,2003-12-04_r40_ORDINARIA.pdf,114,Sr. Presidente,Sr. Presidente. —,yes,yes,same-paragraph,none,high,Corresponde considerar si se trata sobre tablas el dictamen en los proyectos de ley,ambiguous — same duplicated plural wording as case 264; both printings carry the identical label.,
267,2003-12-17_r41,2003-12-17_r41_ORDINARIA.pdf,28,Sra. Fernández de Kirchner,Sra. Fernández de Kirchner. —,yes,yes,same-paragraph,none,high,No. ¿A Presupuesto y Hacienda?,Short reply immediately after the chair proposes sending the bill to committees.,
268,2004-02-24_r43,2004-02-24_r43_EXTRAORDINARIA.pdf,53,Sra. Negre de Alonso,Sra. Negre de Alonso. —,yes,yes,same-paragraph,none,high,Está bien; no hay problema. Con respecto a lo que dijo el señor senador,"""Está bien; no hay problema."" opens the turn; ""Con respecto a lo que dijo el señor senador Terragno..."" is the next unlabelled paragraph of the same turn.",
269,2004-02-24_r43,2004-02-24_r43_EXTRAORDINARIA.pdf,75,Sr. Presidente,Sr. Presidente. —,yes,yes,same-paragraph,none,high,"Señor senador Sanz: el senador Massoni le pide una interrupción, ¿se la concede?","Page prints ""Señor senador Sanz: el senador Massoni le pide una interrupción, ¿se la concede?"" with no parenthetical surname on the label.",
270,2004-02-24_r43,2004-02-24_r43_EXTRAORDINARIA.pdf,81,Sr. Presidente,Sr. Presidente.—,yes,yes,same-paragraph,none,high,Tiene la palabra el señor senador Sanz.,"On this page some chair labels are set ""Sr. Presidente. —"" and others, including this one, ""Sr. Presidente.—"" with no space before the dash.",
271,2004-02-24_r43,2004-02-24_r43_EXTRAORDINARIA.pdf,90,Sr. Morales,Sr. Morales. —,yes,yes,same-paragraph,none,high,Yo también espero que podamos sancionar esa norma por la que venimos bregando desde,Turn resumes right after the chair returns the floor to him.,
272,2004-03-18_r03,2004-03-18_r03_ESPECIAL.pdf,28,Sr. Presidente,Sr. Presidente. —,yes,yes,same-paragraph,none,high,Tiene la palabra el senador Castillo.,Second line of the page; no parenthetical surname printed.,
273,2004-03-18_r03,2004-03-18_r03_ESPECIAL.pdf,40,Sr. Prades,Sr. Prades. —,yes,yes,same-paragraph,none,high,Una cosa es el silencio y otra cosa...,First line of the page; the turn opens there.,
274,2004-03-31_r04,2004-03-31_r04_ORDINARIA.pdf,53,Sr. Pichetto,Sr. Pichetto. —,yes,yes,same-paragraph,none,high,"Señor presidente: voy a ser muy breve, casi le diría...","Bold runs over the name only, with the period and dash following; printed right after the chair gives him the floor to close the debate.",
275,2004-04-07_r05,2004-04-07_r05_ORDINARIA.pdf,3,Sr. Presidente,Sr. Presidente. —,yes,yes,same-paragraph,none,high,Se encuentra sobre las bancas el plan de labor aprobado en el plenario de,"Opens the section headed ""Plan de labor""; the section title itself is furniture and does not carry speech.",
276,2004-04-07_r05,2004-04-07_r05_ORDINARIA.pdf,60,Sr. Losada,Sr. Losada. —,yes,yes,same-paragraph,none,high,"Me la va a tener que autorizar, ya que voy a pedir que la","Sits between two turns of Sra. Fernández de Kirchner, but the words open the Losada paragraph itself.",
277,2004-04-28_r08,2004-04-28_r08_ORDINARIA.pdf,5,Sr. Presidente,Sr. Presidente. —,yes,yes,same-paragraph,none,high,"En consideración en general. Si no se hace uso de la palabra, se va","ambiguous — the same words appear twice on the page (items 4 and 5), but both occurrences carry the identical label Sr. Presidente. —; printed as ""En consideración en general."" with ""Si no se hace uso de la palabra, se va a votar."" on the next indented line of the same turn.",
278,2004-04-28_r08,2004-04-28_r08_ORDINARIA.pdf,29,Sr. Pichetto,Sr. Pichetto.—,yes,yes,same-paragraph,none,high,"Comparto lo mencionado por el señor senador Yoma. En consecuencia, solicito que se voten","Label printed with no space before the dash; ""En consecuencia, solicito que se voten..."" continues in the next indented paragraph of the same turn.",
279,2004-05-19_r11,2004-05-19_r11_ORDINARIA.pdf,69,Sr. Secretario (Estrada),Sr. Secretario (Estrada). —,yes,yes,same-paragraph,(Lee:),high,Sustitúyese el artículo 55 del Código Penal por el siguiente: Cuando concurrieren varios hechos,"The reading cue ""(Lee:)"" stands in italics between the label and the quoted words.",
280,2004-06-30_r15,2004-06-30_r15_ESPECIAL.pdf,53,Sr. Cafiero,Sr. Cafiero. -,yes,yes,same-paragraph,none,high,¡Cómo se enorgullece mi espíritu al ver que las nuevas generaciones...! ¡Es el trasvasamiento,"This page prints a short hyphen after the label, not the usual em dash.",
281,2004-07-07_r16,2004-07-07_r16_ORDINARIA.pdf,10,Sr. Presidente,Sr. Presidente. —,yes,yes,same-paragraph,none,high,Queda aprobada la resolución. Se harán las comunicaciones correspondientes.,"Occurs once, in the first labelled paragraph of the page.",
282,2004-07-07_r16,2004-07-07_r16_ORDINARIA.pdf,177,Sra. Gallego,Sra. Gallego. —,yes,yes,same-paragraph,none,high,"Señor presidente, señoras senadoras, señores senadores: tengo que expresar que mientras tratábamos una ley",Preceding turn is Sr. Presidente (Guinle). — giving her the floor.,
283,2004-08-04_r17,2004-08-04_r17_ORDINARIA.pdf,90,Sr. Pichetto,Sr. Pichetto. —,yes,yes,same-paragraph,none,high,Señor presidente: no nos ponemos nerviosos ni mucho menos. Tan sólo decimos que debe,"Page prints ""no nos ponemos nerviosos"", matching the quoted phrase apart from a minor wording difference in the brief.",
284,2004-08-25_r21,2004-08-25_r21_ORDINARIA.pdf,6,Sr. Presidente,Sr. Presidente.—,yes,yes,same-paragraph,none,high,Tiene la palabra la señora senadora Maza.,"Label printed with no space before the dash, unlike the ""Sr. Presidente (Guinle). —"" forms later on the same page.",
285,2004-09-15_r24,2004-09-15_r24_ORDINARIA.pdf,32,Sr. Presidente (Guinle),Sr. Presidente (Guinle). —,yes,yes,same-paragraph,none,high,"En consideración en general. Si no se hace uso de la palabra, se va","ambiguous — the same words appear three times on this page (items 85, 86, 87); all three carry the identical label.",
286,2004-09-15_r24,2004-09-15_r24_ORDINARIA.pdf,32,Sr. Presidente (Guinle),Sr. Presidente (Guinle). —,yes,yes,same-paragraph,none,high,"En consideración en general. Si no se hace uso de la palabra, se va",ambiguous — same three occurrences as the previous case; every occurrence carries this same label.,
287,2004-09-15_r24,2004-09-15_r24_ORDINARIA.pdf,32,Sr. Presidente (Guinle),Sr. Presidente (Guinle). —,yes,yes,same-paragraph,none,high,"En consideración en general. Si no se hace uso de la palabra, se va",ambiguous — same three occurrences as the two previous cases; every occurrence carries this same label.,
288,2004-09-29_r26,2004-09-29_r26_EN_MINORIA.pdf,12,Sra. Conti,Sra. Conti. —,yes,yes,same-paragraph,none,high,"Señor presidente: no quiero polemizar, pero realmente las interpretaciones de quienes estuvimos reunidos con","Spoken as an interruption inside Sr. Morales's turn, but printed under its own label.",
289,2004-10-06_r27,2004-10-06_r27_ORDINARIA.pdf,7,Sr. Presidente,Sr. Presidente. —,yes,yes,same-paragraph,none,high,"De conformidad con lo acordado en la reunión de labor parlamentaria celebrada ayer, corresponde","First paragraph after the bold section title ""Rechazo a las declaraciones del señor Ignacio Walker"".",
290,2004-10-06_r27,2004-10-06_r27_ORDINARIA.pdf,8,Sr. Presidente,Sr. Presidente. —,yes,yes,same-paragraph,none,high,Tiene la palabra el señor senador Losada.,"Occurs once on the page; the other Losada mention nearby reads ""Como dijo el presidente del bloque de la mayoría"".",
291,2004-10-06_r27,2004-10-06_r27_ORDINARIA.pdf,26,Sr. Presidente (Guinle),Sr. Presidente (Guinle). —,yes,yes,same-paragraph,none,high,Se están agregando el señor senador Rossi y las señoras senadoras Caparrós e Ibarra.,Follows the secretary's reading of the speakers' list.,
292,2004-10-06_r27,2004-10-06_r27_ORDINARIA.pdf,85,Sr. Presidente (Guinle),Sr. Presidente (Guinle). —,yes,yes,same-paragraph,none,high,"En consideración, en una sola votación, en general y en particular. Si no se","Item 126; ""Si no se hace uso de la palabra, se va a votar."" runs on the next indented line of the same turn.",
293,2004-10-20_r30,2004-10-20_r30_ORDINARIA.pdf,24,Sr. Presidente,Sr. Presidente . C,yes,yes,same-paragraph,none,medium,"Corresponde considerar el dictamen de la Comisión de Educación, Cultura, Ciencia y Tecnología en","On this page the dash after every label is printed as a stray capital-C glyph, and this label has a space before its period; transcribed exactly as it appears (item 22, ""Día Internacional de la Paz""). Page has no running head.",
294,2004-10-20_r30,2004-10-20_r30_ORDINARIA.pdf,91,Sra. Escudero,Sra. Escudero. C,yes,yes,same-paragraph,none,medium,"Señor presidente: he sido autora de un pedido de modificación, consistente en bajar de",Same mangled page as the previous case — the dash after the label prints as a stray capital-C glyph. Page has no running head.,
295,2004-10-27_r31,2004-10-27_r31_ORDINARIA.pdf,5,Sr. Castillo,Sr. Castillo. —,yes,yes,same-paragraph,none,high,Señor presidente: solicito pronto despacho para el tratamiento de un proyecto de ley presentado,Preceding turn is Sr. Presidente. — giving the floor to the senator from Catamarca.,
296,2004-11-10_r32,2004-11-10_r32_ORDINARIA.pdf,6,Sr. Presidente,Sr. Presidente. —,yes,yes,same-paragraph,none,high,Tiene la palabra el señor senador Pichetto.,Occurs once on the page.,
297,2004-11-10_r32,2004-11-10_r32_ORDINARIA.pdf,52,Sr. Presidente,Sr. Presidente. —,yes,yes,same-paragraph,none,high,Tiene la palabra el señor senador Giustiniani.,"Occurs once, near the foot of the page.",
298,2004-11-10_r32,2004-11-10_r32_ORDINARIA.pdf,57,Sr. Presidente,Sr. Presidente. —,yes,yes,same-paragraph,none,high,Tiene la palabra el señor senador Pichetto.,"Occurs once, in the upper third of the page.",
299,2004-11-10_r32,2004-11-10_r32_ORDINARIA.pdf,60,Sr. Pichetto,Sr. Pichetto. —,yes,yes,same-paragraph,none,high,Es una moción de orden.,Printed between two Losada turns; the words are their own labelled one-line turn.,
300,2004-11-17_r33,2004-11-17_r33_ORDINARIA.pdf,8,Sr. Presidente (Guinle),Sr. Presidente (Guinle). —,yes,yes,same-paragraph,none,high,Tiene la palabra el senador Pichetto.,"Item 4, ""Retiro de un proyecto""; page prints ""el senador Pichetto"", without ""señor"".",
301,2004-11-17_r33,2004-11-17_r33_ORDINARIA.pdf,27,Sr. Presidente (Guinle),Sr. Presidente (Guinle). —,yes,yes,same-paragraph,none,high,Queda aprobada la comunicación. Se procederá en consecuencia.,"Single occurrence of this exact wording on the page, after the Orden del Día Nº 1491 vote; the other closings on the page read ""la declaración"".",
302,2004-12-01_r35,2004-12-01_r35_ORDINARIA.pdf,22,Sr. Presidente,Sr. Presidente. —,yes,yes,same-paragraph,none,high,Corresponde considerar el dictamen de la Comisión de Presupuesto y Hacienda en el proyecto,"ambiguous — the same opening words appear four times on this page (items 42, 43, 44, 45), but every one of them is printed under the identical label ""Sr. Presidente. —""; I take item 42 (Rotary Club de General Roca).",
303,2004-12-01_r35,2004-12-01_r35_ORDINARIA.pdf,22,Sr. Presidente,Sr. Presidente. —,yes,yes,same-paragraph,none,high,Corresponde considerar el dictamen de la Comisión de Presupuesto y Hacienda en el proyecto,"ambiguous — four identical openings on the page (items 42-45), all under the same label; I take item 43 (parroquia San Ignacio de Loyola).",
304,2004-12-01_r35,2004-12-01_r35_ORDINARIA.pdf,22,Sr. Presidente,Sr. Presidente. —,yes,yes,same-paragraph,none,high,Corresponde considerar el dictamen de la Comisión de Presupuesto y Hacienda en el proyecto,"ambiguous — four identical openings on the page (items 42-45), all under the same label; I take item 44 (Anulación de resolución de la AFIP).",
305,2004-12-01_r35,2004-12-01_r35_ORDINARIA.pdf,22,Sr. Presidente,Sr. Presidente. —,yes,yes,same-paragraph,none,high,Corresponde considerar el dictamen de la Comisión de Presupuesto y Hacienda en el proyecto,"ambiguous — four identical openings on the page (items 42-45), all under the same label; I take item 45 (Asociación Deportiva y Cultural Lacar).",
306,2004-12-01_r35,2004-12-01_r35_ORDINARIA.pdf,99,Sr. Presidente (Guinle),Sr. Presidente (Guinle). —,yes,yes,same-paragraph,none,high,Tiene la palabra el senador Pichetto.,"Printed as ""Sr. Presidente (Guinle). — Tiene la palabra el senador Pichetto."" between two Pichetto turns.",
307,2004-12-01_r35,2004-12-01_r35_ORDINARIA.pdf,101,Sr. Presidente (Guinle),Sr. Presidente (Guinle). —,yes,yes,same-paragraph,none,high,Queda aprobada. Tiene la palabra el señor senador Jenefes.,"""Queda aprobada."" opens the turn and ""Tiene la palabra el señor senador Jenefes."" is the next line of that same turn, with no new label between them.",
308,2004-12-16_r36,2004-12-16_r36_ORDINARIA.pdf,137,Sr. Presidente (López Arias),Sr. Presidente (López Arias). —,yes,yes,same-paragraph,none,high,"Se registraron 39 votos por la afirmativa, ningún voto por la negativa y una","The page has a parallel ""40 votos"" announcement later, also under the same label; the ""39 votos"" one is the quoted line.",
309,2004-12-16_r37,2004-12-16_r37_ORDINARIA.pdf,19,Sr. Presidente (Guinle),Sr. Presidente (Guinle). —,yes,yes,same-paragraph,none,high,Tiene la palabra el señor senador Yoma.,"Running head on this page is mangled (""Πáγ. 19""), but it is furniture and sits above the quoted line.",
310,2005-02-03_r38,2005-02-03_r38_EXTRAORDINARIA.pdf,7,Sr. Bussi,Sr. Bussi. —,yes,yes,same-paragraph,none,high,Señor presidente: solicito autorización para abstenerme de votar.,Only occurrence on the page; the president's reply on the next line names Bussi.,
311,2005-03-02_r02,2005-03-02_r02_ORDINARIA.pdf,29,Sr. Losada,Sr. Losada. —,yes,yes,same-paragraph,none,high,"Señor presidente: para apoyar la iniciativa, pero también para apurarnos a decir que hemos","Opens the turn immediately after ""Sr. Presidente. — Tiene la palabra el señor senador Losada.""",
312,2005-03-02_r02,2005-03-02_r02_ORDINARIA.pdf,33,Sr. Pichetto,Sr. Pichetto. —,yes,yes,same-paragraph,none,high,"Señor presidente: en primer lugar, vamos a habilitar la discusión. La semana anterior sostuve",The quoted string spans the first line of the turn and the start of the next paragraph of the same turn; no new label intervenes.,
313,2005-03-09_r03,2005-03-09_r03_ORDINARIA.pdf,44,Sr. Losada,Sr. Losada. —,yes,yes,same-paragraph,none,high,Señor presidente: quiero apoyar lo que usted acaba de manifestar. En cada artículo los,"Turn granted as an interruption (""Para una interrupción, tiene la palabra el señor senador Losada"").",
314,2005-03-16_r05,2005-03-16_r05_ORDINARIA.pdf,98,Sr. Presidente,Sr. Presidente. —,yes,yes,same-paragraph,none,high,"El senador Menem le solicita una interrupción, senador Morales",Printed without a name in parentheses on this page.,
315,2005-05-04_r11,2005-05-04_r11_ORDINARIA.pdf,38,Sr. Presidente,Sr. Presidente. —,yes,yes,same-paragraph,none,high,Tiene la palabra el señor senador Pichetto.,Single occurrence naming Pichetto; other similar lines on the page name Puerta and Terragno.,
316,2005-05-04_r11,2005-05-04_r11_ORDINARIA.pdf,52,Sr. Presidente,Sr. Presidente. —,yes,yes,same-paragraph,none,high,"En consideración. Si no se hace uso de la palabra, se va a votar.","ambiguous — ""En consideración."" followed by ""Si no se hace uso de la palabra, se va a votar."" appears twice (Orden del Día Nº 41 and Nº 42), both under the identical label; I take the Nº 41 one.",
317,2005-05-04_r11,2005-05-04_r11_ORDINARIA.pdf,62,Sr. Presidente,Sr. Presidente. —,yes,yes,same-paragraph,none,high,Queda aprobada la resolución. Se comunicará a la Honorable Cámara de Diputados.,"ambiguous — the sentence appears twice on this page (first line of the page, and after the Orden del Día Nº 95 vote), both under the same label; I take the first-line occurrence.",
318,2005-05-04_r11,2005-05-04_r11_ORDINARIA.pdf,62,Sr. Presidente,Sr. Presidente. —,yes,yes,same-paragraph,none,high,Queda aprobada la resolución. Se comunicará a la Honorable Cámara de Diputados.,"ambiguous — same sentence twice on the page, both under the identical label; I take the second occurrence (after the Orden del Día Nº 95 vote).",
319,2005-05-18_r14,2005-05-18_r14_ORDINARIA.pdf,10,Sr. Presidente (Guinle),Sr. Presidente (Guinle). —,yes,yes,same-paragraph,none,high,"En consideración en general. Si no se hace uso de la palabra, se va","ambiguous — the wording appears three times on the page (Orden del Día Nº 248, 249, 250), all under the identical label; I take the Nº 248 one.",
320,2005-05-18_r14,2005-05-18_r14_ORDINARIA.pdf,10,Sr. Presidente (Guinle),Sr. Presidente (Guinle). —,yes,yes,same-paragraph,none,high,"En consideración en general. Si no se hace uso de la palabra, se va","ambiguous — three identical occurrences on the page, all under the same label; I take the Orden del Día Nº 249 one.",
321,2005-05-18_r14,2005-05-18_r14_ORDINARIA.pdf,10,Sr. Presidente (Guinle),Sr. Presidente (Guinle). —,yes,yes,same-paragraph,none,high,"En consideración en general. Si no se hace uso de la palabra, se va","ambiguous — three identical occurrences on the page, all under the same label; I take the Orden del Día Nº 250 one.",
322,2005-05-18_r14,2005-05-18_r14_ORDINARIA.pdf,45,Sr. Presidente,Sr. Presidente. —,yes,yes,same-paragraph,none,high,Corresponde considerar si se trata sobre tablas el proyecto de declaración de los señores,"Item 105, the Escudero y López Arias declaration (I Encuentro Intermunicipal Ruta Nº 81).",
323,2005-05-18_r14,2005-05-18_r14_ORDINARIA.pdf,45,Sr. Presidente,Sr. Presidente. —,yes,yes,same-paragraph,none,high,Corresponde considerar si se trata sobre tablas el proyecto de la señora senadora Escudero,"Item 106, the Escudero project on beneficiaries of ley 25.471.",
324,2005-05-18_r14,2005-05-18_r14_ORDINARIA.pdf,45,Sr. Presidente,Sr. Presidente. —,yes,yes,same-paragraph,none,high,Corresponde considerar si se trata sobre tablas el proyecto de declaración de la señora,"Item 104, the Negre de Alonso declaration on the book ""La tonada en la provincia de San Luis"".",
325,2005-06-08_r16,2005-06-08_r16_ORDINARIA.pdf,4,Sr. Presidente,Sr. Presidente. —,yes,yes,same-paragraph,none,high,Queda aprobada la resolución. Se procederá en consecuencia.,"Single occurrence with ""resolución"" (item 2, homenaje a Alfredo Bravo); the later parallel line on the page reads ""la declaración"".",
326,2005-06-08_r16,2005-06-08_r16_ORDINARIA.pdf,56,Sr. Presidente,Sr. Presidente. —,yes,yes,same-paragraph,none,high,"En consideración en general. Si no se hace uso de la palabra, se va","Page 56 prints the same words three times (after ""[Incorporar proyecto S 1447 y 1372/05...]"", after the Felipe Varela ""[Incorporar proyecto]"" and after the Chagas ""[Incorporar proyecto]""); ambiguous which instance, but all three carry the identical label ""Sr. Presidente. —"".",
327,2005-06-08_r16,2005-06-08_r16_ORDINARIA.pdf,56,Sr. Presidente,Sr. Presidente. —,yes,yes,same-paragraph,none,high,"En consideración en general. Si no se hace uso de la palabra, se va","Ambiguous instance (three identical occurrences on the page), but every one of them opens with ""Sr. Presidente. —"".",
328,2005-06-08_r16,2005-06-08_r16_ORDINARIA.pdf,56,Sr. Presidente,Sr. Presidente. —,yes,yes,same-paragraph,none,high,"En consideración en general. Si no se hace uso de la palabra, se va","Ambiguous instance (three identical occurrences on the page), all governed by ""Sr. Presidente. —""; the ""Si no se hace uso de la palabra, se va a votar."" line is the indented continuation of the same turn.",
329,2005-06-22_r20,2005-06-22_r20_TRIBUNAL_DE_JUICIO_POLITICO.pdf,59,Sr. Presidente,Sr. Presidente. —,yes,yes,same-paragraph,none,high,¿Acordamos un tiempo de 10 minutos para los oradores?,"Printed as ""Sr. Presidente. — ¿Acordamos un tiempo de 10 minutos para los oradores?""; single occurrence on the page.",
330,2005-06-22_r20,2005-06-22_r20_TRIBUNAL_DE_JUICIO_POLITICO.pdf,77,Sra. Fernández de Kirchner,Sra. Fernández de Kirchner. —,yes,yes,same-paragraph,none,high,"¿Me permite una interrupción, señor senador?","Interrupts Pichetto's turn; the label two lines below is printed ""Sr. Fernández de Kirchner"" but that governs a different paragraph.",
331,2005-07-27_r21,2005-07-27_r21_ORDINARIA.pdf,55,Sr. Presidente (Guinle),Sr. Presidente (Guinle). —,yes,yes,same-paragraph,none,high,Queda aprobada la resolución. Se procederá en consecuencia.,"Only one ""Queda aprobada la resolución"" on the page (Orden del Día 656); the other closings say ""la comunicación"".",
332,2005-07-27_r21,2005-07-27_r21_ORDINARIA.pdf,90,Sr. Pichetto,Sr. Pichetto. —,yes,yes,same-paragraph,none,high,"Señor presidente: en realidad, las últimas exposiciones efectuadas me eximen de mayores comentarios. Creo","Words open Pichetto's turn right after ""Sr. Presidente (Guinle). — Tiene la palabra el señor senador Pichetto.""",
333,2005-08-10_r22,2005-08-10_r22_ORDINARIA.pdf,31,Sr. Presidente (Guinle),Sr. Presidente (Guinle). —,yes,yes,same-paragraph,none,high,Continúa en el uso de la palabra el señor senador Losada.,"Single occurrence, mid-page, immediately before ""Sr. Losada. — Señor presidente: aquí se expresó..."".",
334,2005-08-10_r23,2005-08-10_r23_TRIBUNAL_DE_JUICIO_POLITICO.pdf,6,Sr. Salvatori,Sr. Salvatori. —,yes,yes,same-paragraph,none,high,"Señor presidente: quiero explicar el sentido de mi voto, por favor. Yo voy a","""Yo voy a adherir a la disidencia parcial..."" is the indented continuation of the same Salvatori turn.",
335,2005-09-07_r27,2005-09-07_r27_ORDINARIA.pdf,26,Sr. Presidente,Sr. Presidente. —,yes,yes,same-paragraph,none,high,Queda aprobada la declaración. Se procederá en consecuencia.,"Only one ""Queda aprobada la declaración"" on the page (Orden del Día 809); the others say ""la comunicación"".",
336,2005-09-21_r29,2005-09-21_r29_ORDINARIA.pdf,12,Sr. Presidente (Guinle),Sr. Presidente (Guinle). —,yes,yes,same-paragraph,none,high,Tiene la palabra el señor senador Losada.,"Single occurrence, immediately before ""Sr. Losada. — Señor presidente: nosotros también adherimos..."".",
337,2005-09-21_r29,2005-09-21_r29_ORDINARIA.pdf,69,Sr. Presidente,Sr. Presidente. —,yes,yes,same-paragraph,none,high,"En consideración en general. Si no se hace uso de la palabra, se va","Page 69 prints these words four times (Órdenes del Día 1017, 1018, 1019, 1020); ambiguous which instance, but all four carry ""Sr. Presidente. —"".",
338,2005-09-21_r29,2005-09-21_r29_ORDINARIA.pdf,69,Sr. Presidente,Sr. Presidente. —,yes,yes,same-paragraph,none,high,"En consideración en general. Si no se hace uso de la palabra, se va","Ambiguous instance (four identical occurrences on the page), all under ""Sr. Presidente. —"".",
339,2005-09-21_r29,2005-09-21_r29_ORDINARIA.pdf,69,Sr. Presidente,Sr. Presidente. —,yes,yes,same-paragraph,none,high,"En consideración en general. Si no se hace uso de la palabra, se va","Ambiguous instance (four identical occurrences on the page), all under ""Sr. Presidente. —"".",
340,2005-09-21_r29,2005-09-21_r29_ORDINARIA.pdf,83,Sr. Rossi,Sr. Rossi. —,yes,yes,same-paragraph,none,high,"Señor presidente: por supuesto, quiero adherir a este proyecto y hacer mías las palabras","Follows ""Sr. Presidente. — Tiene la palabra el senador Rossi, por la provincia de Córdoba.""",
341,2005-09-28_r32,2005-09-28_r32_ORDINARIA.pdf,7,Sr. Presidente,Sr. Presidente. —,yes,yes,same-paragraph,none,high,"Corresponde considerar en conjunto los dictámenes de comisión con proyectos de comunicación, resolución y","Opens section 7 (""III Congreso de la Industria Química y Petroquímica del Mercosur""), single occurrence.",
342,2005-09-28_r32,2005-09-28_r32_ORDINARIA.pdf,25,Sr. Secretario (Estrada),Sr. Secretario (Estrada). —,yes,yes,same-paragraph,none,high,Se registran 33 votos por la afirmativa y 18 por la negativa.,"Printed right after the stage direction ""— Se practica la votación por medios electrónicos.""; single occurrence.",
343,2005-09-28_r33,2005-09-28_r33_TRIBUNAL_DE_JUICIO_POLITICO.pdf,8,Sr. Menem,Sr. Menem. —,yes,yes,same-paragraph,none,high,Señor presidente: es simplemente para referirme a lo que acaba de expresar el señor,"The turn continues ""...a lo que acaba de expresar el señor senador Pichetto.""; single occurrence.",
344,2005-09-28_r33,2005-09-28_r33_TRIBUNAL_DE_JUICIO_POLITICO.pdf,15,Sr. Presidente,Sr. Presidente. —,yes,yes,same-paragraph,none,high,Hay quórum. Continúa la sesión de Tribunal en Juicio Político. Por Secretaría se dará,"Printed as ""Sr. Presidente. — Hay quórum."" after ""— Luego de unos instantes:"", with the two following sentences as indented continuation of the same turn.",
345,2005-11-16_r37,2005-11-16_r37_ORDINARIA.pdf,30,Sr. Presidente,Sr. Presidente.—,yes,yes,same-paragraph,none,high,Tiene la palabra el señor senador Losada.,"Page 30 prints these words twice, both under the identical label ""Sr. Presidente.—"" (no space before the dash on this page); ambiguous which instance.",
346,2005-11-16_r37,2005-11-16_r37_ORDINARIA.pdf,30,Sr. Presidente,Sr. Presidente.—,yes,yes,same-paragraph,none,high,Tiene la palabra el señor senador Losada.,"Ambiguous instance (two identical occurrences on the page), both governed by ""Sr. Presidente.—"".",
347,2005-11-30_r40,2005-11-30_r40_ORDINARIA.pdf,17,Sr. López Arias,Sr. López Arias. —,yes,yes,same-paragraph,none,high,Señor presidente: podría votarse en primer lugar la posibilidad de que los señores senadores,Single occurrence; the turn follows the Presidencia's clarification about the five-minute limit.,
348,2005-11-30_r40,2005-11-30_r40_ORDINARIA.pdf,30,Sr. Presidente (Guinle),Presidente (Guinle). —,yes,yes,same-paragraph,none,medium,"En consideración en general. Si no se hace uso de la palabra, se va","Ambiguous — the page prints the words twice: under Orden del Día 1378 the label is printed WITHOUT the honorific, ""Presidente (Guinle). —"", and under Orden del Día 502 it is ""Sr. Presidente (Guinle). —""; I report the first (the honorific really is missing on the page, not an OCR slip, since the same page prints ""Presidente (Guinle)."" four times).",
349,2005-12-21_r42,2005-12-21_r42_EXTRAORDINARIA.pdf,158,Sr. Morales,Sr. Morales. —,yes,yes,same-paragraph,none,high,"Se la concedo, señor presidente.","Answers ""Sr. Presidente (López Arias). — Le pide una interrupción el señor senador Massoni, ¿se la concede?""; single occurrence.",
350,2005-12-21_r42,2005-12-21_r42_EXTRAORDINARIA.pdf,178,Sra. Fernández de Kirchner,Sra. Fernández de Kirchner. —,yes,yes,same-paragraph,none,high,Quiero aclarar que esta inclusión es porque habíamos olvidado algo. Usted sabe que lo,"""Usted sabe que lo que está vigente..."" is the indented continuation of the same turn, before ""Sr. Secretario (Estrada). — Sí.""",
351,2005-12-22_r43,2005-12-22_r43_EXTRAORDINARIA.pdf,40,Sr. Presidente (López Arias),Sr. Presidente (López Arias). —,yes,yes,same-paragraph,none,high,Tiene la palabra el señor senador Bussi.,"Label sits near the foot of Pág. 40, immediately before the quoted words; next label is Sr. Bussi.",
352,2006-02-15_r44,2006-02-15_r44_EXTRAORDINARIA.pdf,31,Sr. Morales,Sr. Morales. —,yes,yes,same-paragraph,none,high,"Ah, perdón, votamos el 4E en contra. Pero después del tratamiento del 4E, en","Second Sr. Morales turn on the page, right after the stage direction ""— Varios señores senadores hablan a la vez.""",
353,2006-02-15_r44,2006-02-15_r44_EXTRAORDINARIA.pdf,53,Sr. Presidente,Sr. Presidente. —,yes,yes,same-paragraph,none,high,Queda sancionado el proyecto de ley. Se comunicará a la Honorable Cámara de Diputados.,Follows the Sr. Secretario vote count and the italic Acta line; the label opens the quoted sentence.,
354,2006-02-22_r01,2006-02-22_r01_PREPARATORIA.pdf,15,Sr. Presidente,Sr. Presidente. —,yes,yes,same-paragraph,none,high,Tiene la palabra el señor senador Sanz.,"Immediately under the bold section heading ""11 / Prosecretarios del Senado"".",
355,2006-02-22_r01,2006-02-22_r01_PREPARATORIA.pdf,15,Sr. Sanz,Sr. Sanz. —,yes,yes,same-paragraph,none,high,Señor presidente: quiero efectuar la propuesta en nombre de mi bloque para ocupar las,"Printed as ""quiero efectuar la propuesta en nombre de mi bloque para ocupar las prosecretarías..."".",
356,2006-02-22_r45,2006-02-22_r45_EXTRAORDINARIA.pdf,63,Sr. Presidente,Sr. Presidente. —,yes,yes,same-paragraph,none,high,Dejamos constancia de la posición de su bloque. Tiene la palabra el señor senador,"""Dejamos constancia de la posición de su bloque."" and the following indented ""Tiene la palabra el señor senador Giustiniani."" are one turn.",
357,2006-03-08_r02,2006-03-08_r02_ORDINARIA.pdf,39,Sr. Presidente,Sr. Presidente. —,yes,yes,same-paragraph,none,high,Tiene la palabra el señor senador Morales.,"Second line of Pág. 39, after ""(Aplausos.)"" which does not end the previous turn but a new label does.",
358,2006-03-22_r04,2006-03-22_r04_ORDINARIA.pdf,12,Sr. Presidente,Sr. Presidente. —,yes,yes,same-paragraph,none,high,"En consideración en general. Si no se hace uso de la palabra, se va","ambiguous — the same wording appears twice on this page (Orden del Día Nº 8 and Nº 10), but both are under the identical label Sr. Presidente. —.",
359,2006-03-22_r04,2006-03-22_r04_ORDINARIA.pdf,12,Sr. Presidente,Sr. Presidente. —,yes,yes,same-paragraph,none,high,"En consideración en general. Si no se hace uso de la palabra, se va",ambiguous — same repeated wording as case 358 on this page; both occurrences carry the same label.,
360,2006-04-26_r07,2006-04-26_r07_ORDINARIA.pdf,9,Sr. Presidente,Sr. Presidente. —,yes,yes,same-paragraph,none,high,"En consideración en general. Si no se hace uso de la palabra, se va","ambiguous — the wording appears three times on this page (Orden del Día Nº 137, 138, 139), all under the same label.",
361,2006-04-26_r07,2006-04-26_r07_ORDINARIA.pdf,9,Sr. Presidente,Sr. Presidente. —,yes,yes,same-paragraph,none,high,"En consideración en general. Si no se hace uso de la palabra, se va",ambiguous — same triple repetition as case 360; every occurrence carries the identical label.,
362,2006-04-26_r07,2006-04-26_r07_ORDINARIA.pdf,9,Sr. Presidente,Sr. Presidente. —,yes,yes,same-paragraph,none,high,"En consideración en general. Si no se hace uso de la palabra, se va",ambiguous — same triple repetition as cases 360 and 361; label identical in all three.,
363,2006-04-26_r07,2006-04-26_r07_ORDINARIA.pdf,12,Sr. Presidente,Sr. Presidente. —,yes,yes,same-paragraph,none,high,"¿Serían cinco minutos por orador, más allá de lo que hablen los miembros informantes?",Last line of Pág. 12; the sentence runs on to the next page but the label opens it here.,
364,2006-04-26_r07,2006-04-26_r07_ORDINARIA.pdf,75,Sra. Negre de Alonso,Sra. Negre de Alonso. —,yes,yes,same-paragraph,none,high,"Está bien. Lamentablemente, hay 323 chicos muertos y no podemos lograr consenso para votarlo...","First line of Pág. 75, directly under the running head.",
365,2006-05-10_r08,2006-05-10_r08_ORDINARIA.pdf,11,Sr. Presidente (López Arias),Sr. Presidente (López Arias). —,yes,yes,same-paragraph,none,high,Tiene la palabra la senadora Perceval.,Last line of Pág. 11; earlier labels on the page use the same parenthetical form.,
366,2006-05-10_r08,2006-05-10_r08_ORDINARIA.pdf,13,Sr. Presidente (López Arias),Sr. Presidente (López Arias). —,yes,yes,same-paragraph,none,high,Queda aprobado el plan de labor.,"Follows the stage direction ""— Se practica la votación.""",
367,2006-05-10_r08,2006-05-10_r08_ORDINARIA.pdf,14,Sr. Presidente (López Arias),Sr. Presidente (López Arias). —,yes,yes,same-paragraph,none,high,Tiene la palabra la señora senadora Curletti.,"Distinct from the earlier ""Tiene la palabra la señora senadora Perceval."" turn on the same page.",
368,2006-06-14_r12,2006-06-14_r12_ORDINARIA.pdf,10,Sr. Presidente (Pampuro),Sr. Presidente (Pampuro).—,yes,yes,same-paragraph,none,high,Tiene la palabra el senador Fernández.,"Printed with the dash butted against the period, unlike the other labels on this page which read ""Sr. Presidente (Pampuro). —"".",
369,2006-06-14_r12,2006-06-14_r12_ORDINARIA.pdf,18,Sr. Presidente (Pampuro),Sr. Presidente (Pampuro). —,yes,yes,same-paragraph,none,high,Tiene la palabra la señora senadora Pinchetti de Sierra Morales.,"Second line of Pág. 18, directly under the running head.",
370,2006-06-14_r12,2006-06-14_r12_ORDINARIA.pdf,18,Sr. Secretario (Estrada),Sr. Secretario (Estrada). —,yes,yes,same-paragraph,none,high,Se registraron 37 votos por la afirmativa. Unanimidad.,"The 37-vote count; a later Sr. Secretario turn on the same page reports 38 votes, so no confusion.",
371,2006-06-28_r13,2006-06-28_r13_ORDINARIA.pdf,23,Sr. Presidente,Sr. Presidente. —,yes,yes,same-paragraph,none,high,"Si no se hace uso de la palabra, se va a votar en general","Matches the later occurrence near the foot of the page; an earlier turn on the page reads ""se va a votar el proyecto en general"", also under Sr. Presidente. —.",
372,2006-06-28_r13,2006-06-28_r13_ORDINARIA.pdf,25,Sr. Rossi,Sr. Rossi. —,yes,yes,same-paragraph,none,high,"Señor presidente: con relación a lo manifestado por el señor senador Capitanich quiero aclarar,","Near the foot of Pág. 25, after the presidency grants Rossi the interruption.",
373,2006-06-28_r13,2006-06-28_r13_ORDINARIA.pdf,37,Sr. Presidente (López Arias),Sr. Presidente (López Arias). —,yes,yes,same-paragraph,none,high,Tiene la palabra la señora senadora Negre de Alonso.,"Upper part of Pág. 37, after the bold list of expediente numbers and a Sra. Negre de Alonso turn.",
374,2006-07-05_r14,2006-07-05_r14_ESPECIAL.pdf,31,Sr.  Capitanich,Sr. Capitanich. —,yes,yes,same-paragraph,none,high,"Se la concedo, señor presidente.","Printed with a wide gap after ""Sr."" (""Sr.  Capitanich.""); transcribed with a single space.",
375,2006-07-05_r14,2006-07-05_r14_ESPECIAL.pdf,58,Sr. Sanz,Sr. Sanz. —,yes,yes,same-paragraph,none,high,El que empezó fue el senador Pichetto cuando hablaba el senador Morales. De modo,"Second Sr. Sanz turn on Pág. 58, between two Sr. Presidente (López Arias) turns.",
376,2006-07-12_r16,2006-07-12_r16_ORDINARIA.pdf,8,Sr. Zavalía,Sr. Zavalía. —,yes,yes,same-paragraph,none,high,"Estamos violando el Reglamento, señor presidente.",One-line turn between two Fernández de Kirchner turns; no ambiguity.,
377,2006-07-12_r16,2006-07-12_r16_ORDINARIA.pdf,60,Sr. Morales,Sr. Morales. —,yes,yes,same-paragraph,none,high,"Sí, el justicialismo ha sido eficiente para muchas cosas. También lo fue en la",Immediately follows the one-line turn labelled Sra. Fernández de Kirchner.,
378,2006-07-12_r16,2006-07-12_r16_ORDINARIA.pdf,71,Sr. Presidente (Pampuro),Sr. Presidente (Pampuro). —,yes,yes,same-paragraph,none,high,Tiene la palabra el señor senador Giustiniani.,The next paragraph opens the turn of Sr. Giustiniani.,
379,2006-08-02_r17,2006-08-02_r17_ORDINARIA.pdf,40,Sr. Presidente,Sr. Presidente. —,yes,yes,same-paragraph,none,high,Resulta aprobado. Corresponde votar el proyecto. ¿Quieren votar en general y en particular en,"Quote spans the label paragraph (""Resulta aprobado."") and its continuation paragraph; ""Resulta aprobado."" recurs later on the page, also under Sr. Presidente.",
380,2006-09-13_r22,2006-09-13_r22_ORDINARIA.pdf,32,Sr. Secretario (Estrada),Sr. Secretario (Estrada). —,yes,yes,same-paragraph,none,high,Proyectos de ley sobre tablas: S.3101/06; S. 3251/06; S.2872/06; S.2954/06; S.2822/06; S.2984/06; S. 3229/06;,"Follows the Sr. Presidente turn under the bold section title ""11. Consideración en conjunto de proyectos con tratamiento sobre tablas acordado"".",
381,2006-10-04_r24,2006-10-04_r24_ORDINARIA.pdf,45,Sr. Ríos,Sr. Ríos. —,yes,yes,earlier-on-page,none,high,"Primeramente, según el contrato original, la empresa no estaba obligada a hacer inversiones. En","Label opens one paragraph above (""Esas son mentiras. (Risas.)""); the stage direction does not end the turn.",
382,2006-10-11_r25,2006-10-11_r25_ORDINARIA.pdf,32,Sr. Giustiniani,Sr. Giustiniani. —,yes,yes,same-paragraph,none,high,"El señor senador Capitanich sigue sin responder cuánto va a ser el costo fiscal,",Preceded by Sr. Presidente (López Arias) giving him back the floor.,
383,2006-11-22_r28,2006-11-22_r28_ORDINARIA.pdf,55,Sr. Giustiniani,Sr. Giustiniani. —,yes,yes,same-paragraph,none,high,Señor presidente: creo que se da un paso muy importante con la aprobación de,Preceded by Sr. Presidente. — Tiene la palabra el señor senador Giustiniani.,
384,2006-11-29_r29,2006-11-29_r29_ORDINARIA.pdf,10,Sr. Presidente (López Arias),Sr. Presidente (López Arias). —,yes,yes,same-paragraph,none,high,Corresponde considerar el dictamen de la Comisión de Acuerdos en el mensaje del Poder,"ambiguous only in position — the same opening sentence is printed four times on this page, every time under Sr. Presidente (López Arias).",
385,2006-11-29_r29,2006-11-29_r29_ORDINARIA.pdf,27,Sr. Morales,Sr. Morales. —,yes,yes,same-paragraph,none,high,"Gracias, señor senador. Señor presidente: justo me llamaron, de manera que escuché parcialmente la",Interruption granted by Rodríguez Saá; quote spans the label line and its continuation paragraph.,
386,2006-11-29_r29,2006-11-29_r29_ORDINARIA.pdf,37,Sr. Sanz,Sr. Sanz. —,yes,yes,same-paragraph,none,high,Señor presidente: hay un solo dictamen respecto del proyecto de ley en revisión por,"Printed with the surname in bold and the period outside the bold (""Sr. Sanz. —"").",
387,2006-11-29_r29,2006-11-29_r29_ORDINARIA.pdf,74,Sr. Presidente (Pampuro),Sr. Presidente (Pampuro).—,yes,yes,same-paragraph,none,high,Senador Capitanich: el señor senador Rodríguez Saá le solicita una interrupción. ¿Se la concede?,Printed with no space between the parenthesis and the dash on this page.,
388,2006-11-29_r29,2006-11-29_r29_ORDINARIA.pdf,87,Sr. Pichetto,Sr. Pichetto. —,yes,yes,same-paragraph,none,high,"Señor presidente: la idea es aprobar los proyectos individualmente, sin debate; pero el señor","Second Pichetto turn on the page, after ""— Varios señores senadores hablan a la vez.""",
389,2006-12-06_r30,2006-12-06_r30_ORDINARIA.pdf,9,Sr. Presidente,Sr. Presidente. —,yes,yes,same-paragraph,none,high,"Corresponde considerar el dictamen de las Comisiones de Educación, Cultura, Ciencia y Tecnología; de","Directly under the bold section title ""8. Ley de Educación Nacional"".",
390,2006-12-06_r30,2006-12-06_r30_ORDINARIA.pdf,86,Sr. Presidente (Pampuro),Sr. Presidente (Pampuro). —,yes,yes,same-paragraph,none,high,"Muy bien, continúe en el uso de la palabra, señor senador.",Between two Capitanich turns; no other candidate label.,
391,2006-12-06_r30,2006-12-06_r30_ORDINARIA.pdf,98,Sr. Presidente (López Arias),Sr. Presidente (López Arias) . —,yes,yes,same-paragraph,none,high,"Con las modificaciones aceptadas por la Comisión, se va a votar en general y",The page prints a stray space between the closing parenthesis and the period; transcribed as printed.,
392,2006-12-20_r32,2006-12-20_r32_ORDINARIA.pdf,27,Sr. Presidente,Sr. Presidente. —,yes,yes,same-paragraph,none,high,"A continuación, vamos a pasar a los tratamientos sobre tablas acordados. En primer lugar,","Under the bold title ""19. Consideración en conjunto de diversos dictámenes de la Comisión Bicameral Permanente de Trámite Legislativo""; quote runs into the following continuation paragraph.",
393,2006-12-20_r32,2006-12-20_r32_ORDINARIA.pdf,46,Sr. Saadi,Sr. Saadi. —,yes,yes,same-paragraph,none,high,"Ya está aprobado, pero quisiera insertar los fundamentos de esta iniciativa.","Second Saadi turn, right after the one-line Sr. Sanz turn ""¡Ya está aprobado!"".",
394,2007-02-13_r33,2007-02-13_r33_EXTRAORDINARIA.pdf,7,Sr. Presidente,Sr. Presidente. —,yes,yes,same-paragraph,none,high,"En consideración Si no se hace uso de la palabra, se va a votar.","ambiguous — the same wording (""En consideración"" + continuation ""Si no se hace uso de la palabra, se va a votar."") is printed twice on this page (licencia Falcó, licencia Colombo); both are under Sr. Presidente. I report the first.",
395,2007-02-13_r33,2007-02-13_r33_EXTRAORDINARIA.pdf,7,Sr. Presidente,Sr. Presidente. —,yes,yes,same-paragraph,none,high,"En consideración Si no se hace uso de la palabra, se va a votar.",ambiguous — same duplicated wording as case 394; the second occurrence (licencia de la senadora Colombo) carries the identical label Sr. Presidente.,
396,2007-02-13_r33,2007-02-13_r33_EXTRAORDINARIA.pdf,7,Sr. Presidente,Sr. Presidente. —,yes,yes,same-paragraph,none,high,Tiene la palabra el señor senador Sanz.,Followed by the turn labelled Sr. Sanz.,
397,2007-03-01_r00,2007-03-01_r00_ASAMBLEA.pdf,19,Sr. Presidente de la Nación,Sr. Presidente de la Nación. —,yes,yes,previous-page,none,high,La verdad es que les puedo asegurar que fue un paso que siempre soñé,"Turn opens at the foot of printed page 5 and runs unbroken through page 19; pages 6-18 print no new label, only running heads and (Aplausos.)/(Manifestaciones en las galerías.).",
398,2007-03-14_r02,2007-03-14_r02_ORDINARIA.pdf,21,Sr. Secretario (Estrada),Sr. Secretario (Estrada). —,yes,yes,same-paragraph,none,high,Se registran 43 votos por la afirmativa; unanimidad.,"Followed by the italic line ""— El resultado de la votación surge del Acta nº 2"".",
399,2007-03-14_r02,2007-03-14_r02_ORDINARIA.pdf,25,Sra. Presidenta (Curletti),Sra. Presidenta (Curletti). —,yes,yes,same-paragraph,none,high,Tiene la palabra el señor senador Morales.,"Verified on a magnified crop: this page really prints ""Presidenta"", not ""Presidente"".",
400,2007-03-28_r03,2007-03-28_r03_ORDINARIA.pdf,6,Sr. Presidente,Sr. Presidente. —,yes,yes,same-paragraph,none,high,Queda aprobada la declaración. Se procederá en consecuencia,ambiguous — the sentence is printed twice on this page (before the Rodolfo Walsh homage and after it); both occurrences are labelled Sr. Presidente.,
401,2007-03-28_r03,2007-03-28_r03_ORDINARIA.pdf,22,Sr. Presidente (Pampuro),Sr. Presidente (Pampuro). —,yes,yes,same-paragraph,none,high,"Si hay asentimiento, procedemos de esa forma.","Line reads ""Sr. Presidente (Pampuro). — Si hay asentimiento, procedemos de esa forma.""; the bold period sits after ""Presidente (Pampuro)"".",
402,2007-03-28_r03,2007-03-28_r03_ORDINARIA.pdf,22,Sr. Presidente (Pampuro),Sr. Presidente (Pampuro). —,yes,yes,same-paragraph,none,high,Quedan aprobados. Se harán las comunicaciones correspondientes.,"Printed tightly as ""Sr. Presidente (Pampuro). — Quedan aprobados. Se harán las comunicaciones correspondientes.""; the same sentence recurs on page 23 but under the same label.",
403,2007-03-28_r03,2007-03-28_r03_ORDINARIA.pdf,23,Sr. Secretario (Estrada),Sr. Secretario (Estrada). —,yes,yes,same-paragraph,none,high,"Ahora, corresponde considerar el pedido de ampliación de licencia que ha presentado el señor","Opens the turn immediately under the bold section title ""22. Ampliación de licencia para un señor senador"".",
404,2007-04-25_r05,2007-04-25_r05_ORDINARIA.pdf,13,Sr. Presidente,Sr. Presidente. —,yes,yes,same-paragraph,none,high,Tiene la palabra el senador López Arias.,"Near the foot of the page, under the bold title ""9. Terremoto en la República de Chile""; this page prints the presidency without a name in parentheses.",
405,2007-04-25_r05,2007-04-25_r05_ORDINARIA.pdf,27,Sr. Guinle,Sr. Guinle. —,yes,yes,same-paragraph,none,high,Voy a continuar. Pero voy a tener que contestar cada uno de los argumentos,"Directly follows ""Sr. Presidente (López Arias). — Por favor, continúe y cierre, señor senador Guinle.""",
406,2007-05-02_r06,2007-05-02_r06_ORDINARIA.pdf,7,Sr. Martínez,Sr. Martínez. —,yes,yes,same-paragraph,none,high,Señor presidente: tengo entendido que las cuestiones de privilegio no se debaten.,"First line of the page body, immediately under the running head.",
407,2007-05-02_r06,2007-05-02_r06_ORDINARIA.pdf,16,Sra. Perceval,Sra. Perceval. —,yes,yes,same-paragraph,none,high,"Hemos circulado las notas de invitación la semana pasada, senador Sanz.","Sits between ""Sr. Pichetto. — Pido la palabra."" and ""Sr. Presidente (Pampuro). — Tiene la palabra el señor senador Pichetto.""",
408,2007-06-06_r08,2007-06-06_r08_ORDINARIA.pdf,10,Sr. Pichetto,Sr. Pichetto. —,yes,yes,same-paragraph,none,high,Señor presidente: considero que cabe efectuar la siguiente aclaración. Este Senado y quien habla,The quoted string spans the label line and the following indented paragraph of the same turn.,
409,2007-06-06_r08,2007-06-06_r08_ORDINARIA.pdf,53,Sr. Presidente (López Arias),Sr. Presidente (López Arias). —,yes,yes,same-paragraph,none,high,"Resulta afirmativo. Antes de constituir la Cámara en comisión, por Secretará se enunciarán los","""Resulta afirmativo."" follows the label; ""Antes de constituir la Cámara..."" is the indented continuation of that same turn, with the page's misprint ""Secretará"" preserved.",
410,2007-07-04_r10,2007-07-04_r10_ORDINARIA.pdf,41,Sr. Presidente (López Arias),Sr. Presidente (López Arias). —,yes,yes,same-paragraph,none,high,"No; esa es una moción aparte. Si quiere hacerla, señor senador...","Second-to-last speech line on the page, answering senator Salvatori.",
411,2007-07-04_r10,2007-07-04_r10_ORDINARIA.pdf,41,Sr. Salvatori,Sr. Salvatori. —,yes,yes,same-paragraph,none,high,"Señor presidente: debo entender que en la votación quedó implícito el tratamiento con preferencia,","Under the bold title ""14. Moción de pronto despacho. Marco regulatorio de la producción biotecnológica"".",
412,2007-08-08_r11,2007-08-08_r11_ORDINARIA.pdf,29,Sr. Guinle,Sr. Guinle. —,yes,yes,same-paragraph,none,high,"En realidad, conforme al Reglamento, hubo impugnaciones que fueron sustanciadas precisamente. Se produjeron los","Last turn on the page; the footnotes ""Ver el Apéndice."" sit below the rule, outside the paragraph.",
413,2007-08-22_r12,2007-08-22_r12_ORDINARIA.pdf,26,Sr. Presidente,Sr. Presidente. —,yes,yes,same-paragraph,none,high,Tiene la palabra el señor senador Morales. Están anotados la senadora Negre de Alonso,"""Están anotados la senadora Negre de Alonso y los senadores Gómez Diez y Basualdo."" is the indented continuation of the same presidential turn; no name in parentheses on this page.",
414,2007-11-07_r13,2007-11-07_r13_ORDINARIA.pdf,5,Sr. Presidente,Sr. Presidente. —,yes,yes,same-paragraph,none,high,Obra sobre las bancas el plan de labor aprobado en la reunión de labor,"Opens the turn under the bold section title ""5. Plan de labor"".",
415,2007-11-07_r13,2007-11-07_r13_ORDINARIA.pdf,25,Sra. Escudero,Sra. Escudero. —,yes,yes,same-paragraph,none,high,Señor presidente: brevemente quiero explicar las modificaciones introducidas en el plenario de comisiones al,"Follows the president's ""Tiene la palabra la señora senadora Escudero.""",
416,2007-11-14_r14,2007-11-14_r14_ORDINARIA.pdf,11,Sr. Presidente (Pampuro),Sr. Presidente (Pampuro). —,yes,yes,same-paragraph,none,high,En consideración el retiro del pliego.,"Second line of the page body, before ""— Se practica la votación.""",
417,2007-11-14_r14,2007-11-14_r14_ORDINARIA.pdf,33,Sr. Capitanich,Sr. Capitanich. —,yes,yes,same-paragraph,none,high,"Señor presidente: efectivamente, este Honorable Senado propicia el tratamiento de un proyecto de ley",Last line of the page; the sentence continues onto the following page.,
418,2007-11-21_r15,2007-11-21_r15_ORDINARIA.pdf,23,Sr. Presidente (Pampuro),Sr. Presidente (Pampuro).—,yes,yes,same-paragraph,none,medium,"Si no se hace uso de la palabra, se va a votar.","ambiguous — the sentence is printed three times on this page (twice right after this label, once as an indented continuation of it), but every occurrence falls under the same presidential label, which here prints the dash flush against the period.",
419,2007-11-21_r15,2007-11-21_r15_ORDINARIA.pdf,23,Sr. Presidente (Pampuro),Sr. Presidente (Pampuro).—,yes,yes,same-paragraph,none,medium,"Si no se hace uso de la palabra, se va a votar.",ambiguous — same repeated sentence as case 418; all three printings on the page are governed by this same label.,
420,2007-11-21_r15,2007-11-21_r15_ORDINARIA.pdf,27,Sr. Presidente (Pampuro),Sr. Presidente (Pampuro). —,yes,yes,same-paragraph,none,high,"Para una interrupción, tiene la palabra la señora senadora Sapag.",Follows senator Escudero's remark that senator Sapag is asking for an interruption.,
421,2007-11-21_r15,2007-11-21_r15_ORDINARIA.pdf,32,Sr. Secretario (Estrada),Sr. Secretario (Estrada). —,yes,yes,same-paragraph,none,high,"Ya he dado lectura al texto de la senadora Negre de Alonso, el que","Under the bold heading block ""2 / Conferencia"", after the president opens the conference.",
422,2007-11-21_r15,2007-11-21_r15_ORDINARIA.pdf,41,Sra. Escudero,Sra. Escudero. —,yes,yes,same-paragraph,none,high,"Entonces, pido que se vote una preferencia.",Short turn between two presidential lines about the Chaco project.,
423,2007-11-21_r15,2007-11-21_r15_ORDINARIA.pdf,48,Sr. Capitanich,Sr. Capitanich. —,yes,yes,same-paragraph,none,high,El Consorcio Portuario Regional de Mar del Plata es un ente público no estatal,"Follows ""Sr. Presidente (Pampuro). — Tiene la palabra el señor senador Capitanich.""",
424,2007-11-28_r18,2007-11-28_r18_ORDINARIA.pdf,27,Sr. Capitanich,Sr. Capitanich. —,yes,yes,same-paragraph,none,high,Señor presidente: quiero destacar la labor que ha ejercido la presidenta de la comisión,"On this page the period after the surname is printed outside the bold, but the label text is unchanged.",
425,2007-11-28_r18,2007-11-28_r18_ORDINARIA.pdf,34,Sr. Presidente (López Arias),Sr. Presidente (López Arias). —,yes,yes,same-paragraph,none,high,Se van a votar ambos proyectos en general y en particular en una sola,"Second line of the page body, just under the running head.",
426,2007-11-28_r18,2007-11-28_r18_ORDINARIA.pdf,58,Sr. Presidente (López Arias),Sr. Presidente (López Arias).,yes,yes,same-paragraph,none,high,Tiene la palabra el señor senador Rossi.,Second line of page; label and words in the same paragraph.,
427,2007-11-28_r18,2007-11-28_r18_ORDINARIA.pdf,64,Sr. Secretario (Estrada),Sr. Secretario (Estrada).,yes,yes,same-paragraph,none,high,Se registran 40 votos por la afirmativa; unanimidad.,Under section 27; the other Estrada line on the page reads a different text.,
428,2007-12-05_r19,2007-12-05_r19_ORDINARIA.pdf,13,Sr. Presidente (Pampuro),Sr. Presidente (Pampuro).,yes,yes,same-paragraph,none,high,"Si no se hace uso de la palabra, se va a votar.","The sentence appears three times on the page (sections 11 and 12), but every occurrence falls under Sr. Presidente (Pampuro), so no ambiguity of speaker.",
429,2007-12-05_r19,2007-12-05_r19_ORDINARIA.pdf,19,Sr. Morales,Sr. Morales.,yes,yes,same-paragraph,none,high,"Señor presidente: muy brevemente, la segunda prorroga se refiere a la vigencia del impuesto","Page prints ""prorroga"" without accent, as quoted.",
430,2007-12-05_r19,2007-12-05_r19_ORDINARIA.pdf,25,Sr. Capitanich,Sr. Capitanich.,yes,yes,same-paragraph,none,high,Señor presidente: quisiera hacer una aclaración respecto de algunos puntos en consideración. En primer,"Printed as ""Sr. Capitanich. —"" with the period outside the bold run.",
431,2007-12-12_r20,2007-12-12_r20_ORDINARIA.pdf,54,Sr. Presidente,Sr. Presidente.,yes,yes,same-paragraph,none,high,Tiene la palabra el senador Sanz.,No name in parenthesis is printed on this page for the chair.,
432,2007-12-19_r21,2007-12-19_r21_ORDINARIA.pdf,19,Sr. Secretario (Estrada),Sr. Secretario (Estrada).,yes,yes,same-paragraph,none,high,"Se registran 65 votos a favor, ninguno negativo y ninguna abstención. No obstante, están",Several Estrada turns on the page; only this one carries the 65-vote text.,
433,2007-12-19_r21,2007-12-19_r21_ORDINARIA.pdf,86,Sr. Presidente (Marino),Sr. Presidente (Marino).,yes,yes,same-paragraph,none,high,Nos restan tres proyectos de ley.,"Immediately before the bold section title ""S. 685/07: Exportación..."".",
434,2007-12-26_r22,2007-12-26_r22_ORDINARIA.pdf,3,Sr. Presidente,Sr. Presidente.,yes,yes,same-paragraph,"<footnote marker ""1"" at end of sentence>",high,Queda aprobada la declaración. Se procederá en consecuencia.,"Footnote reference number follows ""consecuencia.""; no name in parenthesis printed.",
435,2007-12-26_r22,2007-12-26_r22_ORDINARIA.pdf,16,Sr. Rossi,Sr. Rossi.,yes,yes,same-paragraph,none,high,Señor presidente: por encima del debate que se está dando en el día de,"Printed as ""Sr. Rossi. —"" with the period outside the bold run.",
436,2008-02-27_r01,2008-02-27_r01_PREPARATORIA.pdf,2,Sr. Presidente,Sr. Presidente.,yes,yes,same-paragraph,none,high,Queda abierta la sesión preparatoria.,First speech line after the stage direction giving place and time.,
437,2008-02-27_r24,2008-02-27_r24_EXTRAORDINARIA.pdf,62,Sr. Secretario (Estrada),Sr. Secretario (Estrada).,yes,yes,same-paragraph,none,high,"En el artículo 34 hay que agregar un anteúltimo párrafo al artículo 84, al",Second Estrada turn on the page; the words open that turn.,
438,2008-03-26_r03,2008-03-26_r03_ORDINARIA.pdf,49,Sr. Pichetto,Sr. Pichetto.,yes,yes,same-paragraph,none,high,"No, señor presidente. No voy a conceder una interrupción a la señora senadora Estenssoro,",Answers the interruption request of Sra. Estenssoro printed just above.,
439,2008-04-09_r04,2008-04-09_r04_ORDINARIA.pdf,38,Sr. Pichetto,Sr. Pichetto.,yes,yes,same-paragraph,none,high,"Señor presidente: tiene absoluta razón el senador preopinante. De hecho, esto hace a la",Preceding line is Sr. Presidente (Romero) giving him the floor.,
440,2008-04-16_r05,2008-04-16_r05_ORDINARIA.pdf,19,Sr. Sanz,Sr. Sanz.,yes,yes,same-paragraph,none,high,"Sin ánimo de polemizar —desde ya, le agradezco que me conceda la interrupción—, nos","The interruption is granted by Sr. Ríos in the line above, but the words are printed under Sanz.",
441,2008-04-16_r05,2008-04-16_r05_ORDINARIA.pdf,37,Sr. Presidente,Sr. Presidente.,yes,yes,same-paragraph,none,high,Queda hecha la aclaración. Cerramos el tema.,Line immediately before the bold section title 19.,
442,2008-04-30_r06,2008-04-30_r06_INFORMATIVA_ESPECIAL.pdf,34,Sr. Morales,Sr. Morales.,yes,yes,same-paragraph,none,high,", supongo que, por lo que acaba de decir el señor senador Urquía, apoya","Printed with the dash joined to the label as ""Sr. Morales.—""; the quoted fragment follows ""(risas)"" inside the same paragraph.",
443,2008-05-14_r07,2008-05-14_r07_ORDINARIA.pdf,13,Sr. Fernández,Sr. Fernández.,yes,yes,same-paragraph,none,high,"Señor presidente: me parece que primero deberíamos votar el tratamiento sobre tablas, porque es","Printed with the dash joined to the label as ""Sr. Fernández.—""; first of two Fernández turns on the page.",
444,2008-05-14_r07,2008-05-14_r07_ORDINARIA.pdf,18,Sr. Presidente,Sr. Presidente.,yes,yes,same-paragraph,none,high,Tiene la palabra el señor senador Sanz.,Three chair turns on this page; only this one names senator Sanz for the floor.,
445,2008-05-28_r09,2008-05-28_r09_ORDINARIA.pdf,17,Sr. Secretario (Estrada),Sr. Secretario (Estrada).,yes,yes,same-paragraph,none,high,"El proyecto de la senadora Parrilli se leyó junto con el 1558/08, que se",Line immediately before the bold section title 18.,
446,2008-06-25_r10,2008-06-25_r10_ORDINARIA.pdf,24,Sr. Presidente,Sr. Presidente.,yes,yes,same-paragraph,"<footnote marker ""12"" after ""Diputados.."">",high,Queda sancionado el proyecto de ley. Se comunica a la Honorable Cámara de Diputados..,"Page prints the doubled full stop ""Diputados.."" exactly as quoted.",
447,2008-07-16_r11,2008-07-16_r11_ORDINARIA.pdf,75,Sra. Escudero,Sra. Escudero.,yes,yes,same-paragraph,none,high,Señor presidente: yo no soy productora agropecuaria ni dueña de campo; no estoy en,Chair gives her the floor in the line above.,
448,2008-08-06_r12,2008-08-06_r12_ORDINARIA.pdf,12,Sr. Presidente,Sr. Presidente.,yes,yes,same-paragraph,none,high,"En consideración. Si no se hace uso de la palabra, se va a votar.","Printed as ""Sr. Presidente.–"" with a short dash; ""En consideración."" opens the turn and the voting sentence is the next indented line of the same turn.",
449,2008-08-06_r12,2008-08-06_r12_ORDINARIA.pdf,30,Sr. Prosecretario (Canals),Sr. Prosecretario (Canals).,yes,yes,same-paragraph,none,high,“La comisión deberá requerir autorización judicial previa en los casos previstos en los incisos,"The clerk is reading quoted articles aloud; the opening quotation mark belongs to the read text, not to a new speaker.",
450,2008-08-06_r12,2008-08-06_r12_ORDINARIA.pdf,65,Sr. Presidente,Sr. Presidente.,yes,yes,same-paragraph,none,high,Queda aprobado el artículo 3º. Corresponde considerar el artículo 4º. Si no se hace,"Printed as ""Sr. Presidente.–""; the three quoted sentences are consecutive lines of one chair turn.",
451,2008-08-06_r12,2008-08-06_r12_ORDINARIA.pdf,66,Sr. Pichetto,Sr. Pichetto.–,yes,yes,same-paragraph,none,high,"Señor presidente: con relación a la continuidad de la sesión, pedimos que tratemos los","Third labelled turn on the page; two earlier ""Sr. Pichetto"" labels exist but the quoted words open this one.",
452,2008-08-06_r12,2008-08-06_r12_ORDINARIA.pdf,70,Sra. Colombo,Sra. Colombo.–,yes,yes,same-paragraph,none,high,Yo también solicité el uso de la palabra.,Sits between the Presidente line giving the floor to Gioja and Gioja's own turn.,
453,2008-09-03_r14,2008-09-03_r14_ORDINARIA.pdf,15,Sr. Verani,Sr. Verani. –,yes,yes,same-paragraph,none,high,"Quiero hacer una aclaración, señor presidente. Me parece que estamos confundiendo. El acta no",First line of the page; label opens the paragraph holding the quoted words.,
454,2008-09-03_r14,2008-09-03_r14_ORDINARIA.pdf,61,Sr. Presidente,Sr. Presidente. —,yes,yes,same-paragraph,none,high,Tiene la palabra la señora senadora Colombo.,Single-line turn immediately before Sra. Colombo's speech.,
455,2008-09-03_r14,2008-09-03_r14_ORDINARIA.pdf,124,Sra. Negre de Alonso,Sra. Negre de Alonso. —,yes,yes,same-paragraph,none,high,"¿Me permite una interrupción, senador Ríos?",Two other Negre de Alonso turns on the page; the quoted question is unique to this one.,
456,2008-09-03_r14,2008-09-03_r14_ORDINARIA.pdf,133,Sr. Presidente,Sr. Presidente. –,yes,yes,same-paragraph,none,high,Tiene la palabra el señor senador Fuentes.,Precedes Sr. Fuentes' turn on the same page.,
457,2008-09-24_r16,2008-09-24_r16_ORDINARIA.pdf,7,Sr. Presidente (Pampuro),Sr. Presidente (Pampuro).—,yes,yes,same-paragraph,none,high,Tiene la palabra la señora senadora Negre de Alonso.,"Second Pampuro label on the page; the quoted line opens this turn, followed by Sra. Negre de Alonso.",
458,2008-10-01_r17,2008-10-01_r17_ORDINARIA.pdf,40,Sr. Rodríguez Saá,Sr. Rodríguez Saá. —,yes,yes,previous-page,none,high,"La expongo así, porque los jubilados no saben que es esta. Muy entendible según","Turn opens on page 39; the quoted words sit in the ""Esta es la fórmula. (La exhibe)"" paragraph on page 40, before the next label (Sr. Mayans).",
459,2008-10-01_r17,2008-10-01_r17_ORDINARIA.pdf,102,Sr. Rodríguez Saá,Sr. Rodríguez Saá.—,yes,yes,same-paragraph,none,high,¿Por qué no lo explicaron en la comisión?,"One-line turn between two ""Varios señores senadores hablan a la vez"" stage directions.",
460,2008-10-01_r17,2008-10-01_r17_ORDINARIA.pdf,105,Sr. Secretario (Estrada),Sr. Secretario (Estrada). —,yes,yes,same-paragraph,none,high,Se registraron 39 votos por la afirmativa y 28 por la negativa.,"ambiguous — the identical sentence is printed twice on this page (artículo 6° and artículo 9°), but both times under this same label.",
461,2008-10-01_r17,2008-10-01_r17_ORDINARIA.pdf,105,Sr. Secretario (Estrada),Sr. Secretario (Estrada). —,yes,yes,same-paragraph,none,high,Se registraron 39 votos por la afirmativa y 28 por la negativa.,ambiguous — same duplicated sentence as case 460; both occurrences carry this identical label.,
462,2008-11-05_r19,2008-11-05_r19_ORDINARIA.pdf,20,Sr. Presidente,Sr. Presidente. —,yes,yes,same-paragraph,none,high,Queda constituida la Cámara en comisión y confirmadas las autoridades para la conferencia.,"Follows the ""— Asentimiento."" stage direction under the heading ""Constitución de la Cámara en Comisión"".",
463,2008-11-20_r20,2008-11-20_r20_ORDINARIA.pdf,3,Sr. Secretario (Estrada),Sr. Secretario (Estrada). —,yes,yes,same-paragraph,none,high,"""El Senado de la Nación declara su beneplácito por la visita oficial a la","The quoted text is the read-out declaration introduced by ""(Lee:)"" in the same paragraph.",
464,2008-11-20_r20,2008-11-20_r20_ORDINARIA.pdf,13,Sr. Presidente (Pampuro),Sr. Presidente (Pampuro). —,yes,yes,same-paragraph,none,high,¡Esto es el “Carlos Pellegrini!,"Printed as ¡Esto es el ""Carlos Pellegrini! (Risas)., between a Secretario turn and Sr. Fuentes.",
465,2008-11-20_r20,2008-11-20_r20_ORDINARIA.pdf,35,Sr. Vera,Sr. Vera. —,yes,yes,same-paragraph,none,high,Si es verdad ––con lo que mi bloque y yo coincidimos en general— que,Label follows the italic note that senador Nicolás Alejandro Fernández takes the chair.,
466,2008-11-20_r20,2008-11-20_r20_ORDINARIA.pdf,43,Sr. Presidente (Marino),Sr. Presidente (Marino).—,yes,yes,same-paragraph,none,high,Tiene la palabra el señor senador Cabanchik.,Only occurrence of this line on the page; Cabanchik's turn follows.,
467,2008-11-26_r21,2008-11-26_r21_ORDINARIA.pdf,45,Sr. Presidente,Sr. Presidente. —,yes,yes,same-paragraph,none,high,Tiene la palabra la senadora Estenssoro.,Precedes Sra. Estenssoro's turn; other Presidente lines on the page give the floor to different senators.,
468,2008-11-26_r21,2008-11-26_r21_ORDINARIA.pdf,58,Sr. Presidente (Romero),Sr. Presidente (Romero). —,yes,yes,same-paragraph,none,high,"Si no se hace uso de la palabra, se va a votar el tratamiento","Full sentence reads ""...se va a votar el tratamiento sobre tablas.""; a shorter unlabelled ""se va a votar."" line elsewhere does not match.",
469,2008-12-10_r22,2008-12-10_r22_ORDINARIA.pdf,94,Sr. Romero,Sr. Romero. —,yes,yes,same-paragraph,none,high,Señor presidente: quiero precisar el sentido de mi voto en la prórroga del impuesto,Follows the Presidente line giving the floor to senador Romero.,
470,2008-12-17_r23,2008-12-17_r23_ORDINARIA.pdf,77,Sr. Biancalani,Sr. Biancalani.—,yes,yes,same-paragraph,none,high,"Cada uno, desde su lugar cumplió con sus funciones. Pero que les quede bien","Label follows the italic ""— Se llama para formar quórum."" direction near the top of the page.",
471,2008-12-17_r23,2008-12-17_r23_ORDINARIA.pdf,89,Sr. Secretario (Estrada),Sr. Secretario (Estrada). —,yes,yes,same-paragraph,none,high,Se registran 33 votos afirmativos y 12 negativos. También aquí se han superado los,Three Secretario turns on this page; only this one carries the 33/12 vote count.,
472,2008-12-17_r23,2008-12-17_r23_ORDINARIA.pdf,95,Sr. Presidente (Pampuro),Sr. Presidente (Pampuro). —,yes,yes,same-paragraph,none,high,Tiene la palabra el señor senador Rossi.,"Second line of the page, immediately before Sr. Rossi's turn.",
473,2008-12-17_r23,2008-12-17_r23_ORDINARIA.pdf,111,Sr. Presidente (Pampuro),Sr. Presidente (Pampuro). —,yes,yes,same-paragraph,none,high,Tiene la palabra la señora senadora Fellner.,Precedes Sra. Fellner's turn; other Pampuro lines on the page give the floor to Gioja and Rached.,
474,2008-12-18_r24,2008-12-18_r24_ORDINARIA.pdf,61,Sr. Romero,Sr. Romero. —,yes,yes,same-paragraph,none,high,"Señor presidente: no voy a ser muy extenso. Sólo quiero ratificar que, si bien","""Señor presidente: no voy a ser muy extenso."" opens the labelled paragraph; ""Sólo quiero ratificar que, si bien..."" continues in the next unlabelled paragraph of the same turn.",
475,2008-12-18_r24,2008-12-18_r24_ORDINARIA.pdf,72,Sr. Presidente,Sr. Presidente. —,yes,yes,same-paragraph,none,high,Tiene la palabra el señor senador Sanz.,"ambiguous — the identical line is printed twice on this page, but both occurrences carry this same label.",
476,2008-12-18_r24,2008-12-18_r24_ORDINARIA.pdf,72,Sr. Presidente,Sr. Presidente.,yes,yes,same-paragraph,none,high,Tiene la palabra el señor senador Sanz.,"The same sentence is printed twice on the page, both times under ""Sr. Presidente."" — no ambiguity about who speaks.",
477,2008-12-18_r24,2008-12-18_r24_ORDINARIA.pdf,90,Sr. Presidente,Sr. Presidente.,yes,yes,same-paragraph,none,high,Aprobado. Tiene la palabra el señor senador Jenefes.,"""Aprobado."" carries the label; ""Tiene la palabra el señor senador Jenefes."" is the indented continuation of the same turn.",
478,2009-03-04_r02,2009-03-04_r02_ORDINARIA.pdf,31,Sra. Escudero,Sra. Escudero.,yes,yes,same-paragraph,none,high,Señor presidente: en el mismo sentido quiero recordar el voto negativo de quienes hoy,Label printed immediately before the quoted words.,
479,2009-03-04_r02,2009-03-04_r02_ORDINARIA.pdf,53,Sr. Secretario (Estrada),Sr. Secretario (Estrada).,yes,yes,same-paragraph,none,high,"S. 208/09, S. 4517/08, S. 4367/08, 3349/08, 4533/08 —es un texto unificado sobre el","Label followed by the italic reading cue ""(Lee:)"" and then the quoted list of expedientes.",
480,2009-03-26_r03,2009-03-26_r03_ORDINARIA.pdf,127,Sra. Estenssoro,Sra. Estenssoro.,yes,yes,same-paragraph,none,high,"Señor presidente: mientras esperamos que se obtenga el quórum, quiero agradecer al bloque de",Label printed immediately before the quoted words.,
481,2009-05-13_r05,2009-05-13_r05_ORDINARIA.pdf,12,Sr. Secretario (Estrada),Sr. Secretario (Estrada).,yes,yes,same-paragraph,none,high,Es el Orden del Día N 8.,"Page prints ""Es el Orden del Día N° 8."" with the degree-mark abbreviation.",
482,2009-05-13_r05,2009-05-13_r05_ORDINARIA.pdf,13,Sra. Quintela,Sra. Quintela.,yes,yes,same-paragraph,none,high,"Señor presidente: el senador presidente de mi bancada solicitó que se trataran dos proyectos,",Label printed immediately before the quoted words.,
483,2009-05-13_r05,2009-05-13_r05_ORDINARIA.pdf,30,Sr. Escudero,Sr. Escudero.,yes,yes,same-paragraph,none,high,Señor presidente: yo quiero empezar reconociendo el trabajo que se hizo en la Comisión,"The page really prints ""Sr. Escudero."" (masculine honorific) although the previous line announces ""la señora senadora Escudero""; transcribed as printed after zooming in to check.",
484,2009-05-13_r05,2009-05-13_r05_ORDINARIA.pdf,37,Sra. Viudes,Sra. Viudes.,yes,yes,same-paragraph,none,high,"Solicito que se voten las inserciones, señor presidente.",Label printed immediately before the quoted words.,
485,2009-05-13_r05,2009-05-13_r05_ORDINARIA.pdf,41,Sr. Presidente (Marín),Sr. Presidente (Marín).,yes,yes,same-paragraph,none,high,"Primero, se va a votar la habilitación del tratamiento sobre tablas. Si no se","""Si no se hace uso de la palabra, se va a votar."" is the indented continuation of the same turn.",
486,2009-05-13_r05,2009-05-13_r05_ORDINARIA.pdf,52,Sr. Presidente (Marín),Sr. Presidente (Marín).,yes,yes,same-paragraph,none,high,Tiene la palabra la señora senadora Corregido.,Label printed immediately before the quoted words.,
487,2009-05-13_r05,2009-05-13_r05_ORDINARIA.pdf,63,Sr. Presidente,Sr. Presidente.,yes,yes,same-paragraph,none,high,"Si no se hace uso de la palabra, se van a votar los pedidos","A similar sentence appears lower on the page (""se va a votar en una sola votación""), but only this one reads ""se van a votar los pedidos""; both belong to ""Sr. Presidente."" anyway.",
488,2009-07-08_r06,2009-07-08_r06_ORDINARIA.pdf,10,Sr. Petcoff Naidenoff,Sr. Petcoff Naidenoff.,yes,yes,same-paragraph,none,high,Se trata de un proyecto de declaración por el cual el Senado expresa su,"Second turn by this speaker on the page, after an intervening ""Sr. Prosecretario (Canals)."" line.",
489,2009-07-08_r06,2009-07-08_r06_ORDINARIA.pdf,20,Sr. Cabanchik,Sr. Cabanchik.,yes,yes,same-paragraph,none,high,Señor presidente: aclaro que la propuesta de pedirle al Poder Ejecutivo fundamentos o razones,"Page reads ""aclaro que la propuesta de pedirle al Poder Ejecutivo fundamentos o razones explícitas"".",
490,2009-07-08_r06,2009-07-08_r06_ORDINARIA.pdf,23,Sr. Sanz,Sr. Sanz.,yes,yes,same-paragraph,none,high,Es un proyecto de declaración por el que se expresa reconocimiento al pueblo venezolano,"Second Sanz turn on the page; the quoted wording matches this one, not the earlier one.",
491,2009-07-08_r06,2009-07-08_r06_ORDINARIA.pdf,51,Sra. Parrilli,Sra. Parrilli.,yes,yes,same-paragraph,none,high,Señor presidente: es para decir que la provincia del Neuquén ha sido pionera en,Label printed immediately before the quoted words.,
492,2009-08-05_r07,2009-08-05_r07_ORDINARIA.pdf,46,Sr. Presidente,Sr. Presidente.,yes,yes,same-paragraph,"superscript footnote marker ""6"" after ""Aprobado.""",high,Aprobado. Corresponde votar el proyecto en general y en particular en una sola votación.,"""Corresponde votar el proyecto en general y en particular en una sola votación."" is the indented continuation of the same turn.",
493,2009-08-05_r07,2009-08-05_r07_ORDINARIA.pdf,68,Sr. Presidente,Sr. Presidente.,yes,yes,same-paragraph,none,high,Tiene la palabra la señora senadora Perceval.,Label printed immediately before the quoted words.,
494,2009-08-20_r08,2009-08-20_r08_ORDINARIA.pdf,12,Sr. Presidente,Sr. Presidente.,yes,yes,same-paragraph,none,high,Tiene la palabra el señor senador Rossi.,Label printed immediately before the quoted words.,
495,2009-08-20_r08,2009-08-20_r08_ORDINARIA.pdf,31,Sr. Presidente (Pampuro),Sr. Presidente (Pampuro).,yes,yes,same-paragraph,none,high,Tiene la palabra el señor senador Reutemann.,Label printed immediately before the quoted words.,
496,2009-08-20_r08,2009-08-20_r08_ORDINARIA.pdf,58,Sr. Presidente (Marín),Sr. Presidente (Marín).,yes,yes,same-paragraph,none,high,"Señora senadora, por favor, diríjase a la Presidencia. Es lo que corresponde.",Label printed immediately before the quoted words.,
497,2009-08-20_r08,2009-08-20_r08_ORDINARIA.pdf,70,Sr. Sanz,Sr. Sanz.,yes,yes,same-paragraph,none,high,Señor presidente: a riesgo de mezclar argumentos vinculados con el tratamiento de este proyecto,Label printed immediately before the quoted words.,
498,2009-08-20_r08,2009-08-20_r08_ORDINARIA.pdf,123,Sr. Presidente,Sr. Presidente.,yes,yes,same-paragraph,none,high,"Tiene dos minutos, nada más.",Label printed immediately before the quoted words.,
499,2009-09-09_r11,2009-09-09_r11_INFORMATIVA_ESPECIAL.pdf,3,Sr. Presidente,Sr. Presidente.,yes,yes,same-paragraph,none,high,"Perfecto, es lo que habíamos hablado. Se incorporará en el Diario de Sesiones el","""Se incorporará en el Diario de Sesiones el decreto..."" is the next indented paragraph of the same turn, which ends with a footnote marker ""1"".",
500,2009-09-09_r11,2009-09-09_r11_INFORMATIVA_ESPECIAL.pdf,37,Sr. Jefe de Gabinete de Ministros,Sr. Jefe de Gabinete de Ministros.,yes,yes,same-paragraph,none,high,"Me llevo su inquietud, señor senador.",Label printed immediately before the quoted words; no personal name is printed with it.,
501,2009-10-09_r13,2009-10-09_r13_ESPECIAL.pdf,167,Sr. Pichetto,Sr. Pichetto.—,yes,yes,same-paragraph,none,high,¡Señor presidente: le pido que se remita al artículo en tratamiento!,"Label prints with the dash run onto the name, no space: ""Sr. Pichetto.—"".",
502,2009-10-09_r13,2009-10-09_r13_ESPECIAL.pdf,189,Sr. Presidente,Sr. Presidente. –,yes,yes,same-paragraph,none,high,"Queda aprobado el artículo 68. Se van a votar los artículos 66, 69, 70","Quote spans two lines of the same turn (""Queda aprobado el artículo 68."" then the indented ""Se van a votar los artículos 66, 69, 70 y 71.""), no new label between them.",
503,2009-10-09_r13,2009-10-09_r13_ESPECIAL.pdf,191,Sr. Ríos,Sr. Ríos. —,yes,yes,same-paragraph,none,high,"Votemos de a uno, señor presidente.","Single occurrence, mid-page.",
504,2009-10-21_r14,2009-10-21_r14_ORDINARIA.pdf,52,Sr. Martínez (J.C.),Sr. Martínez (J.C.). —,yes,yes,previous-page,none,high,aquellas que cuenten con la autorización de las casas matrices,"Last label on printed page 50 (after the italic note about Pampuro taking the chair); pages 51 and 52 carry no label at all, so the turn runs through to the quoted words on page 52.",
505,2009-10-21_r14,2009-10-21_r14_ORDINARIA.pdf,63,Sr. Presidente,Sr. Presidente.,yes,yes,same-paragraph,none,high,Tiene la palabra el señor senador Ríos.,"The exact sentence appears twice on this page, both times under ""Sr. Presidente."" followed by a long dash, so the label is not in doubt.",
506,2009-10-28_r15,2009-10-28_r15_ORDINARIA.pdf,43,Sr. Presidente (Marín),Sr. Presidente (Marín).,yes,yes,same-paragraph,none,high,Tiene la palabra el señor senador Rodríguez Saá.,The dash after the label is mangled in this scan and prints as a stray bracket-like mark.,
507,2009-10-28_r15,2009-10-28_r15_ORDINARIA.pdf,56,Sr. Presidente (Pampuro),Sr. Presidente (Pampuro). –,yes,yes,same-paragraph,none,high,"Senadora Troadello, ¿su votación es afirmativa o negativa?",Immediately follows the italic line about the voting result and Acta Nº 3.,
508,2009-11-11_r16,2009-11-11_r16_ORDINARIA.pdf,79,Sr. Presidente,Sr. Presidente. —,yes,yes,same-paragraph,none,high,Tiene la palabra la señora senadora Escudero.,No parenthetical name on this label.,
509,2009-11-11_r16,2009-11-11_r16_ORDINARIA.pdf,147,Sr. Secretario (Estrada),Sr. Secretario (Estrada). —,yes,yes,same-paragraph,none,high,Se registran 42 votos afirmativos y 25 votos negativos.,"Second Estrada turn on the page, just before the Acta Nº 10 note.",
510,2009-11-18_r17,2009-11-18_r17_ORDINARIA.pdf,72,Sra. Estenssoro,Sra. Estenssoro. —,yes,yes,same-paragraph,none,high,Senador no se ría. No es serio.,"The preceding line is the stage direction ""— Murmullos en el recinto."", which does not end the turn, but a fresh Estenssoro label is printed anyway.",
511,2009-11-18_r17,2009-11-18_r17_ORDINARIA.pdf,84,Sr. Secretario (Estrada),Sr. Secretario (Estrada). —,yes,yes,same-paragraph,none,high,"Se registran 51 votos afirmativos, unanimidad, con las salvedades que ha hecho el senador","Sentence continues ""...Cabanchik, de las que queda constancia en el Diario de Sesiones.""",
512,2009-11-25_r18,2009-11-25_r18_ORDINARIA.pdf,7,Sr. Presidente,Sr. Presidente.,yes,yes,same-paragraph,none,high,"Se continuaría con los temas y, si se logra el consenso, sería abordado al",Dash after the label is mangled throughout this page and prints as a stray bracket-like mark.,
513,2009-11-25_r18,2009-11-25_r18_ORDINARIA.pdf,30,Sr. Presidente (Pampuro),Sr. Presidente (Pampuro).-,yes,yes,same-paragraph,none,high,Continúa en el uso de la palabra el señor senador Calcagno y Maillman.,"Label uses a short hyphen here, not the long dash.",
514,2009-11-25_r18,2009-11-25_r18_ORDINARIA.pdf,42,Sr. Pichetto,Sr. Pichetto. —,yes,yes,same-paragraph,none,high,Para la semana que viene.,"Short reply between two ""Sr. Presidente."" turns.",
515,2009-11-25_r18,2009-11-25_r18_ORDINARIA.pdf,52,Sr. Rodríguez Saá,Sr. Rodríguez Saá. —,yes,yes,same-paragraph,none,high,Lo que está haciendo no está dentro de las normas del debate.,"First printed line of the page body, below the running head.",
516,2009-11-25_r18,2009-11-25_r18_ORDINARIA.pdf,88,Sr. Presidente (Pampuro),Sr. Presidente (Pampuro). —,yes,yes,same-paragraph,none,high,Tiene la palabra la señora senadora Escudero.,This exact sentence occurs once on the page; other similar lines name different senators.,
517,2009-12-02_r20,2009-12-02_r20_ORDINARIA.pdf,121,Sr. Secretario (Estrada),Sr. Secretario (Estrada). —,yes,yes,same-paragraph,none,high,"En consecuencia, los votos afirmativos son 46.","ambiguous — the identical sentence is printed twice on this page (near the top and at the foot), but both occurrences carry the same label, so the answer is unaffected.",
518,2009-12-02_r20,2009-12-02_r20_ORDINARIA.pdf,121,Sr. Secretario (Estrada),Sr. Secretario (Estrada). —,yes,yes,same-paragraph,none,high,"En consecuencia, los votos afirmativos son 46.",ambiguous — same duplicated sentence as case 517 (top and foot of the page); both are labelled Sr. Secretario (Estrada).,
519,2009-12-02_r20,2009-12-02_r20_ORDINARIA.pdf,127,Sr. Presidente,Sr. Presidente. —,yes,yes,same-paragraph,none,high,"Si ningún otro senador va a hacer uso de la palabra, se van a","Follows the bold list of Orden del Día items; the quoted wording (""se van a votar"") matches only this turn, not the later ""se va a votar"" one.",
520,2010-02-24_r01,2010-02-24_r01_PREPARATORIA.pdf,22,Sr. Presidente,Sr. Presidente. –,yes,yes,same-paragraph,none,high,"Verificamos si no hay quórum y, entonces, levantamos la sesión.",Directly after the italic stage direction about the Frente para la Victoria bloc leaving the chamber.,
521,2010-02-24_r01,2010-02-24_r01_PREPARATORIA.pdf,28,Sr. Artaza,Sr. Artaza. –,yes,yes,same-paragraph,none,high,"Señor presidente: como nuevo integrante de este Honorable Cuerpo, al cumplir los argentinos 200",Opens the turn right after the chair gives Artaza the floor.,
522,2010-04-14_r06,2010-04-14_r06_ORDINARIA.pdf,44,Sr. Morales,Sr. Morales. –,yes,yes,same-paragraph,none,high,Señor presidente: planteo una moción para que cerremos la lista de oradores.,An earlier Morales turn on the same page proposes closing the speakers' list in different words; the quoted wording matches only this one.,
523,2010-04-14_r06,2010-04-14_r06_ORDINARIA.pdf,57,Sra. Di Perna,Sra. Di Perna. –,yes,yes,same-paragraph,none,high,Yo vengo de una provincia...,"The phrase starts two turns on this page (once with the ellipsis, once continuing ""...la de Chubut""); both are labelled Sra. Di Perna.",
524,2010-04-14_r06,2010-04-14_r06_ORDINARIA.pdf,132,Sr. Morales,Sr. Morales. –,yes,yes,same-paragraph,none,high,Señor presidente: simplemente quiero plantear una cuestión de orden. Solicito que se ponga en,"Near the foot of the page, after the chair gives Morales the floor.",
525,2010-04-14_r06,2010-04-14_r06_ORDINARIA.pdf,143,Sr. Presidente,Sr. Presidente. –,yes,yes,same-paragraph,none,high,Senador Morales: ¿entonces retira su moción?,"Second-to-last turn on the page, answered by ""Sr. Morales.- Así es, señor presidente.""",
526,2010-04-14_r06,2010-04-14_r06_ORDINARIA.pdf,150,Sr. Presidente,Sr. Presidente. –,yes,yes,same-paragraph,none,high,"Si hay asentimiento, se procederá a votar el tratamiento sobre tablas Se requieren dos","Page 150; the paragraph opens with the label and runs ""Si hay asentimiento, se procederá a votar el tratamiento sobre tablas Se requieren dos tercios de los votos"".",
527,2010-04-28_r07,2010-04-28_r07_ORDINARIA.pdf,121,Sr. Presidente,Sr. Presidente. –,yes,yes,same-paragraph,none,high,Tiene la palabra el señor senador Torres.,"Page 34; single-line turn ""Sr. Presidente. – Tiene la palabra el señor senador Torres.""",
528,2010-04-28_r07,2010-04-28_r07_ORDINARIA.pdf,141,Sr. Presidente,Sr. Presidente. –,yes,yes,same-paragraph,none,high,Tiene la palabra el señor senador Mayans.,"Page 54; the bold covers ""Sr. Presidente"" with the period printed just after it.",
529,2010-04-28_r07,2010-04-28_r07_ORDINARIA.pdf,154,Sr. Presidente,Sr. Presidente. –,yes,yes,same-paragraph,"footnote marker ""1"" at the end of the sentence",high,Queda aprobada la declaración. Se procederá en consecuencia.,"Page 67; the line is followed by the section heading ""11 / PLAN DE LABOR"".",
530,2010-04-28_r07,2010-04-28_r07_ORDINARIA.pdf,169,Sr. Presidente,Sr. Presidente. –,yes,yes,same-paragraph,"footnote marker ""1"" after ""Diputados.""",high,Quedan sancionados los proyectos de ley. Se comunicarán a la Honorable Cámara de Diputados.,"ambiguous — the identical sentence is printed twice on page 82 (top of page and again after the vote on the O.D. 95/96/97 block), but both occurrences carry the same label ""Sr. Presidente. –"".",
531,2010-04-28_r07,2010-04-28_r07_ORDINARIA.pdf,169,Sr. Presidente,Sr. Presidente. –,yes,yes,same-paragraph,"footnote marker ""1"" after ""Diputados.""",high,Quedan sancionados los proyectos de ley. Se comunicarán a la Honorable Cámara de Diputados.,"ambiguous — same duplicated sentence as case 530 on page 82; both printings are governed by ""Sr. Presidente. –"".",
532,2010-05-05_r08,2010-05-05_r08_ORDINARIA.pdf,124,Sr. Pichetto,Sr. Pichetto. –,yes,yes,same-paragraph,none,high,"Solamente el artículo 10, señor presidente.",Page 124; reply to the president's question about voting article 10.,
533,2010-05-19_r09,2010-05-19_r09_ORDINARIA.pdf,46,Sra. Corradi de Beltrán,Sra. Corradi de Beltrán. –,yes,yes,same-paragraph,"""(Aplausos)"" appears three times inside the paragraph",high,", de Los Manseros Santiagueños","Page 46; note the same speaker is printed earlier on the page as ""Sra. Corradi del Beltrán."" but the paragraph holding the quoted words reads ""Sra. Corradi de Beltrán.""","checked and correct, not a defect — the page really does interleave '(Aplausos)' between the items of a list the senator is reading out, so the turn comes out as fragments opening with a comma. The parser keeps the applause and the fragments in printed order, all under Sra. Corradi de Beltrán."
534,2010-06-30_r13,2010-06-30_r13_ORDINARIA.pdf,27,Sr. Secretario (Estrada),Sr. Secretario (Estrada). –,yes,yes,same-paragraph,none,high,"En consecuencia, los votos afirmativos son 48.","Page 27; printed as ""En consecuencia, los votos afirmativos son 48.""",
535,2010-07-14_r14,2010-07-14_r14_ORDINARIA.pdf,26,Sr. Pichetto,Sr. Pichetto. –,yes,yes,same-paragraph,none,high,Cuando tengamos número quisiera que votemos el cierre de la lista de oradores de,"Page 26; the turn continues ""...de acuerdo a lo que acaba de hacer el secretario parlamentario.""",
536,2010-07-14_r14,2010-07-14_r14_ORDINARIA.pdf,167,Sra. Negre de Alonso,Sra. Negre de Alonso. –,yes,yes,same-paragraph,none,high,Pido la palabra para plantear una cuestión de privilegio.,"Page 167; first line under the bold section heading ""8 / CUESTIÓN DE PRIVILEGIO"".",
537,2010-08-11_r15,2010-08-11_r15_ORDINARIA.pdf,81,Sr. Presidente,Sr. Presidente. –,yes,yes,same-paragraph,none,high,Tiene la palabra el señor senador Pichetto.,Page 81; single-line turn between senator Osuna's and senator Pichetto's turns.,
538,2010-08-25_r16,2010-08-25_r16_ORDINARIA.pdf,13,Sr. Presidente,Sr. Presidente. –,yes,yes,same-paragraph,none,high,"Aprobado. En consideración la moción de preferencia, con dictamen de comisión, formulada por el","Page 13; ""Aprobado."" opens the labelled paragraph and the indented continuation reads ""En consideración la moción de preferencia, con dictamen de comisión, formulada por el señor senador Morales.""",
539,2010-08-25_r16,2010-08-25_r16_ORDINARIA.pdf,15,Sr. Presidente,Sr. Presidente. –,yes,yes,same-paragraph,none,high,Aprobada. Tiene la palabra el senador Jenefes.,"Page 15; ""Aprobada."" opens the labelled paragraph, ""Tiene la palabra el senador Jenefes."" is its indented continuation.",
540,2010-08-25_r16,2010-08-25_r16_ORDINARIA.pdf,33,Sr. Presidente,Sr. Presidente. –,yes,yes,same-paragraph,none,high,Sí. Como era un proyecto de resolución…,Page 33; short exchange with senator Rodríguez Saá near the foot of the page.,
541,2010-08-25_r16,2010-08-25_r16_ORDINARIA.pdf,43,Sr. Secretario,Sr. Secretario (Estrada). –,yes,yes,same-paragraph,none,high,(Estrada Resultan 37 votos por la afirmativa. Unanimidad.,"Page 43; the quoted string is a mangled rendering of ""Sr. Secretario (Estrada). – Resultan 37 votos por la afirmativa. Unanimidad."", so the label text itself is part of the quote.",
542,2010-08-25_r16,2010-08-25_r16_ORDINARIA.pdf,52,Sra. Fellner,Sra. Fellner. –,yes,yes,same-paragraph,none,high,"Señor presidente: en 2003, era diputada de la Nación y fue el primer proyecto","Page 52; follows ""Sr. Presidente (Romero). – Tiene la palabra la senadora Fellner.""",
543,2010-08-25_r16,2010-08-25_r16_ORDINARIA.pdf,62,Sr. Torres,Sr. Torres. –,yes,yes,same-paragraph,none,high,"Como quiero prevenir eso es que estoy en contra de este tipo de cuestiones,","Page 62; the label is reprinted right after the stage direction ""– Ocupa la Presidencia el señor vicepresidente de la Nación, don Julio César Cleto Cobos.""",
544,2010-09-29_r18,2010-09-29_r18_ORDINARIA.pdf,95,Sr. Presidente,Sr. Presidente. –,yes,yes,same-paragraph,none,high,Corresponde votar la moción de preferencia para tratar este asunto la semana próxima con,"Page 95; last labelled paragraph on the page, above the ""Ver el Apéndice"" footnote.",
545,2010-09-29_r18,2010-09-29_r18_ORDINARIA.pdf,98,Sr. Presidente,Sr. Presidente. –,yes,yes,same-paragraph,none,high,"Aprobado. Si ningún otro señor senador va a hacer uso de la palabra, se","Page 98; ""Aprobado."" opens the labelled paragraph, the indented continuation is ""Si ningún otro señor senador va a hacer uso de la palabra..."". An earlier ""Sr. Presidente. – Aprobado."" on the same page is followed by different words.",
546,2010-09-29_r18,2010-09-29_r18_ORDINARIA.pdf,100,Sr. Pichetto,Sr. Pichetto. –,yes,yes,same-paragraph,none,high,"Señor presidente: como aclaración, le pido que proceda a remitir la sanción definitiva del","Page 100; follows ""Sr. Presidente (Marino). – Tiene la palabra el señor senador Pichetto.""",
547,2010-09-29_r18,2010-09-29_r18_ORDINARIA.pdf,105,Sr. Secretario (Estrada),Sr. Secretario (Estrada). –,yes,yes,same-paragraph,none,high,"Se registran 58 votos afirmativos, unanimidad.","Page 105; the page also carries ""Se registran 59 votos afirmativos; unanimidad."" lower down under the same label, but only one line reads 58.",
548,2010-09-29_r18,2010-09-29_r18_ORDINARIA.pdf,110,Sr. Presidente,Sr. Presidente. –,yes,yes,same-paragraph,"footnote marker ""1"" between ""Aprobado."" and ""Tiene la palabra...""",high,Aprobado. Tiene la palabra el señor senador Pichetto.,Page 110; the labelled paragraph is the first line of the page.,
549,2010-09-29_r18,2010-09-29_r18_ORDINARIA.pdf,208,Sr. Secretario (Estrada),Sr. Secretario (Estrada). –,yes,yes,same-paragraph,none,high,"Resultan 33 votos por la afirmativa, 35 por la negativa y una abstención.","Page 208; a later line under the same label reads ""Resultan 35 votos afirmativos, 33 negativos y una abstención."", which is a different tally.",
550,2010-10-13_r19,2010-10-13_r19_ORDINARIA.pdf,113,Sr. Presidente,Sr. Presidente. –,yes,yes,same-paragraph,none,high,El señor senador Pérsico le solicita una interrupción.,Page 113; single-line turn interrupting senator Rodríguez Saá.,
551,2010-10-20_r20,2010-10-20_r20_ORDINARIA.pdf,12,Sr. Presidente,Sr. Presidente.,yes,yes,same-paragraph,none,high,"En consideración. Si no se hace uso de la palabra, se va a votar","Label paragraph reads ""Sr. Presidente. – En consideración."" and the next indented line continues ""Si no se hace uso de la palabra, se va a votar la moción de preferencia...""; an earlier ""Sr. Presidente. – Si no se hace uso de la palabra, se va a votar."" also appears at the top of the page, same label either way.",
552,2010-10-20_r20,2010-10-20_r20_ORDINARIA.pdf,47,Sr. Guinle,Sr. Guinle.,yes,yes,same-paragraph,none,high,"Señor presidente: en realidad, lo que estamos haciendo acá es modificar la Ley 22802,",Quoted words open the turn directly after the label.,
553,2010-11-03_r21,2010-11-03_r21_ORDINARIA.pdf,22,Sr. Torres,Sr. Torres.,yes,yes,same-paragraph,none,high,Señor presidente: para mí es muy especial rendir homenaje a Néstor Kirchner. Aquí hablamos,"Printed as ""Sr. Torres"" in bold with the period outside the bold run.",
554,2010-11-03_r21,2010-11-03_r21_ORDINARIA.pdf,41,Sra. Vigo,Sra. Vigo.,yes,yes,same-paragraph,none,high,"Señor presidente: solicito que se trate en la próxima sesión, con o sin dictamen","Printed as ""Sra. Vigo"" in bold with the period outside the bold run.",
555,2010-11-24_r23,2010-11-24_r23_ORDINARIA.pdf,78,Sr. Presidente (Marino),Sr. Presidente (Marino).,yes,yes,same-paragraph,none,high,"Perdón, senadora. El senador Cano le solicita una interrupción.",Interruption inside senator Fellner's speech; label carries the parenthetical name.,
556,2010-11-24_r23,2010-11-24_r23_ORDINARIA.pdf,116,Sr. Presidente,Sr. Presidente.,yes,yes,same-paragraph,none,high,Queda aprobado en general. Tiene la palabra la señora senadora Negre de Alonso.,"Only ""Queda aprobado en general."" is printed, as the last line of page 116; the following sentence about senator Negre de Alonso must continue on page 117, which was not supplied. An identical sentence ""Tiene la palabra la señora senadora Negre de Alonso."" appears earlier on this page, also under ""Sr. Presidente.""",
557,2010-12-15_r24,2010-12-15_r24_EXTRAORDINARIA.pdf,14,Sr. Mayans,Sr. Mayans.,yes,yes,same-paragraph,none,high,"También Hebe de Bonafini, y sin conocerlo. ¡Otra vergüenza!","The immediately preceding line ""También Hebe de Bonafini."" is labelled ""Sr. Petcoff Naidenoff.""; the quoted longer sentence with ""y sin conocerlo. ¡Otra vergüenza!"" is the Mayans reply.",
558,2010-12-15_r24,2010-12-15_r24_EXTRAORDINARIA.pdf,38,Sr. Artaza,Sr. Artaza.,yes,yes,same-paragraph,none,high,Señor presidente: resulta insoslayable para mí no hacer mención a esta cuestión. En primer,"The label paragraph ends at ""...a esta cuestión.""; ""En primer lugar"" starts the next indented line of the same turn.",
559,2010-12-15_r24,2010-12-15_r24_EXTRAORDINARIA.pdf,57,Sr. Secretario (Estrada),Sr. Secretario (Estrada).,yes,yes,same-paragraph,none,high,“El Senado de la Nación declara su reconocimiento a los acuerdos alcanzados en la,Read-out of the declaration text follows the secretary's label directly.,
560,2010-12-15_r24,2010-12-15_r24_EXTRAORDINARIA.pdf,58,Sr. Pichetto,Sr. Pichetto.,yes,yes,same-paragraph,none,high,"Señor presidente: nosotros vamos a votar en contra de esta propuesta, porque entendemos que",none,
561,2010-12-15_r24,2010-12-15_r24_EXTRAORDINARIA.pdf,74,Sr. Castillo,Sr. Castillo.,yes,yes,same-paragraph,none,high,Señor presidente: más allá de poder compartir algunas valoraciones que hizo el señor senador,none,
562,2011-03-01_r00,2011-03-01_r00_ASAMBLEA.pdf,13,Sra. Presidenta de la Nación,Sra. Presidenta de la Nación.,yes,yes,previous-page,"running head ""1° de marzo de 2011  Asamblea legislativa  Pág. 13"" between the label on page 12 and the quoted words on page 13",high,"Es necesario dar el salto cualitativo para que, realmente, esta formidable inversión que están","Last label before the quote is at the foot of page 12 (""Sra. Presidenta de la Nación. – No. No se griten, que no vale la pena.""); page 13 prints no label at all, only applause markers.",
563,2011-03-01_r00,2011-03-01_r00_ASAMBLEA.pdf,18,Sra. Presidenta de la Nación,Sra. Presidenta de la Nación.,yes,yes,same-paragraph,none,high,Me hubiera gustado que esos números no hubiesen tenido lugar en la República Argentina.,"Label re-printed after ""– Manifestaciones en las galerías."" at the bottom of page 18.",
564,2011-03-16_r02,2011-03-16_r02_ORDINARIA.pdf,23,Sr. Presidente,Sr. Presidente.,yes,yes,same-paragraph,none,high,"De conformidad con lo dispuesto por el artículo 187 del Reglamento, la Presidencia informa","Paragraph ends with a footnote marker whose note (""Ver el Apéndice."") sits at the page foot, outside the paragraph.",
565,2011-03-16_r02,2011-03-16_r02_ORDINARIA.pdf,28,Sr. Presidente,Sr. Presidente.,yes,yes,same-paragraph,none,high,Retomamos el tema con nuevos oradores; hay mujeres que están con ganas de hablar.,none,
566,2011-03-16_r02,2011-03-16_r02_ORDINARIA.pdf,74,Sr. Jenefes,Sr. Jenefes.,yes,yes,same-paragraph,none,high,"Sí. Acepto la propuesta del ingeniero, que muchas veces ejerce la abogacía en forma","Paragraph contains the stage direction ""(Risas.)"" at its end, which does not break the turn.",
567,2011-03-16_r02,2011-03-16_r02_ORDINARIA.pdf,78,Sr. Secretario (Estrada),Sr. Secretario (Estrada).,yes,yes,same-paragraph,none,high,Se registran 38 votos por la afirmativa. Unanimidad.,none,
568,2011-03-30_r03,2011-03-30_r03_ORDINARIA.pdf,49,Sr. Guinle,Sr. Guinle,yes,yes,same-paragraph,none,high,…le toman la planta. En realidad fue una toma en donde intervinieron algunos de,"This occurrence of the label is printed WITHOUT the closing period (""Sr. Guinle – …le toman la planta.""), unlike the same speaker's earlier label on the page (""Sr. Guinle."").",
569,2011-03-30_r03,2011-03-30_r03_ORDINARIA.pdf,85,Sr. Presidente,Sr. Presidente.,yes,yes,same-paragraph,none,high,Senador Pichetto: ¿usted había solicitado el tratamiento de un proyecto vinculado con la provincia,"The presiding officer addresses senator Pichetto; the reply below carries the label ""Sr. Pichetto.""",
570,2011-04-13_r04,2011-04-13_r04_ORDINARIA.pdf,7,Sr. Presidente,Sr. Presidente.,yes,yes,same-paragraph,none,high,"Aprobado. En consideración en general. Si no se hace uso de la palabra, se","Label paragraph is ""Sr. Presidente. – Aprobado.""; the two following indented lines continue the same turn.",
571,2011-04-13_r04,2011-04-13_r04_ORDINARIA.pdf,11,Sr. Presidente,Sr. Presidente.,yes,yes,same-paragraph,none,high,Tiene la palabra el señor senador Morales.,none,
572,2011-04-13_r04,2011-04-13_r04_ORDINARIA.pdf,16,Sr. Presidente,Sr. Presidente.,yes,yes,same-paragraph,none,high,Tiene la palabra el senador Guinle.,none,
573,2011-04-13_r04,2011-04-13_r04_ORDINARIA.pdf,23,Sra. Escudero,Sra. Escudero.,yes,yes,same-paragraph,none,high,Señor presidente: voy a sugerir una modificación en los artículos 3° y 4° del,"Printed as ""Sra. Escudero.-"" with a hyphen instead of the usual dash separator.",
574,2011-04-13_r04,2011-04-13_r04_ORDINARIA.pdf,33,Sr. Presidente (Pampuro),Sr. Presidente (Pampuro).,yes,yes,same-paragraph,none,high,Muy bien. Esos son los cinco órdenes del día. Si no se hace uso,"Label paragraph is ""Muy bien. Esos son los cinco órdenes del día.""; ""Si no se hace uso de la palabra, se van a votar."" is the next indented line of the same turn.",
575,2011-04-13_r04,2011-04-13_r04_ORDINARIA.pdf,35,Sr. Presidente (Pampuro),Sr. Presidente (Pampuro).,yes,yes,same-paragraph,none,high,Tiene la palabra el señor senador Pichetto.,"Several ""Sr. Presidente (Pampuro). – Tiene la palabra el señor senador ..."" lines on this page, but only one names Pichetto.",
576,2011-05-04_r05,2011-05-04_r05_ORDINARIA.pdf,30,Sr. Presidente,Sr. Presidente.,yes,yes,same-paragraph,none,high,"Para una interrupción, tiene la palabra el senador Pichetto.",Label printed without a name in parentheses on this page; the words are the whole one-line turn.,
577,2011-05-04_r05,2011-05-04_r05_ORDINARIA.pdf,36,Sr. Secretario (Estrada),Sr. Secretario (Estrada).,yes,yes,same-paragraph,none,high,"Se registran 54 votos afirmativos, con las salvedades de los votos negativos de las","Turn opens immediately after the stage direction ""- Se practica la votación por medios electrónicos.""",
578,2011-05-04_r05,2011-05-04_r05_ORDINARIA.pdf,58,Sr. Presidente (Marino),Sr. Presidente (Marino).,yes,yes,same-paragraph,none,high,Tiene la palabra el señor senador Alfredo Martínez.,"Earlier on the same page the chair is labelled ""Sr. Presidente (Fernández).""; the presidency changed mid-page, but the governing label here is Marino.",
579,2011-06-01_r07,2011-06-01_r07_ORDINARIA.pdf,11,Sr. Presidente (Pampuro),Sr. Presidente (Pampuro).,yes,yes,same-paragraph,none,high,Tiene la palabra la señora senadora Parrilli.,Line sits directly under the bold section heading for S.- 3654/10 y O.D. N° 263/11.,
580,2011-06-29_r08,2011-06-29_r08_ORDINARIA.pdf,12,Sr. Sanz,Sr. Sanz.,yes,yes,same-paragraph,none,high,Señor presidente: solicito que se incorpore al bloque de los proyectos de declaración que,Last turn on the page; it continues onto the following page.,
581,2011-06-29_r08,2011-06-29_r08_ORDINARIA.pdf,12,Sr. Romero,Sr. Romero.,yes,yes,same-paragraph,none,high,"Para dar por terminado el tema anterior, quiero decir que el presidente del bloque",none,
582,2011-06-29_r08,2011-06-29_r08_ORDINARIA.pdf,13,Sr. Presidente,Sr. Presidente.,yes,yes,same-paragraph,none,high,"Los dejamos reservados en mesa, junto con el homenaje a Hipólito Irigoyen.","Page prints ""Hipólito Irigoyen"" with that spelling; no name in parentheses on this label.",
583,2011-07-27_r09,2011-07-27_r09_ORDINARIA.pdf,25,Sr. Sanz,Sr. Sanz.,yes,yes,same-paragraph,none,high,".─ Quería saber si podemos incorporar el tratamiento de expediente S. 1114/11, de la","The quoted string begins with the label's own dash; printed as ""Sr. Sanz.- Quería saber si podemos incorporar..."".",
584,2011-07-27_r09,2011-07-27_r09_ORDINARIA.pdf,35,Sr. Presidente,Sr. Presidente.,yes,yes,same-paragraph,none,high,Les voy a pedir brevedad porque hay varios senadores anotados. Tiene la palabra la,"""Tiene la palabra la senadora Bortolozzi de Bogado."" is an indented continuation line of the same turn.",
585,2011-07-27_r09,2011-07-27_r09_ORDINARIA.pdf,48,Sr. Calcagno y Maillmann,Sr. Calcagno y Maillmann.,yes,yes,same-paragraph,none,high,"Señor presidente: trataré de trabajar el tema tal como lo definió la senadora, es","Page prints ""definió la senadora, es decir a través de la ley de sociedades"".",
586,2011-08-31_r10,2011-08-31_r10_ORDINARIA.pdf,20,Sr. Presidente,Sr. Presidente.,yes,yes,same-paragraph,none,high,El proyecto vuelve a comisión.,"Immediately followed by the bold section heading ""PLAN DE LABOR (Continuación)"".",
587,2011-08-31_r10,2011-08-31_r10_ORDINARIA.pdf,24,Sr. Presidente,Sr. Presidente.,yes,yes,same-paragraph,none,high,"Para rendir un homenaje, tiene la palabra el señor senador Cabanchik.","Line sits directly under the bold heading ""DÍA DEL LECTOR. HOMENAJE AL NATALICIO DE JORGE LUIS BORGES"".",
588,2011-08-31_r10,2011-08-31_r10_ORDINARIA.pdf,37,Sr. Presidente,Sr. Presidente.,yes,yes,same-paragraph,none,high,Tiene la palabra la senadora Rojkés de Alperovich.,none,
589,2011-08-31_r10,2011-08-31_r10_ORDINARIA.pdf,39,Sr. Presidente,Sr. Presidente.,yes,yes,same-paragraph,none,high,Tiene la palabra el señor senador Sanz.,none,
590,2011-08-31_r10,2011-08-31_r10_ORDINARIA.pdf,60,Sr. Presidente,Sr. Presidente.,yes,yes,same-paragraph,none,high,Tiene la palabra la señora senadora Bongiorno.,none,
591,2011-08-31_r10,2011-08-31_r10_ORDINARIA.pdf,66,Sr. Presidente,Sr. Presidente.,yes,yes,same-paragraph,none,high,Tiene la palabra la señora senadora Negre de Alonso.,"Printed as ""Sr. Presidente. - Tiene la palabra la señora senadora Negre de Alonso.""",
592,2011-11-02_r12,2011-11-02_r12_ORDINARIA.pdf,18,Sr. Guastavino,Sr. Guastavino.,yes,yes,previous-page,none,high,"Néstor Carlos Kirchner, ya en ese entonces, mostraba su pasión y su compromiso de","Turn opens on printed page 17; page 18 carries no label at all, so the turn continues.",
593,2011-11-02_r12,2011-11-02_r12_ORDINARIA.pdf,22,Sr. Morales,Sr. Morales.,yes,yes,same-paragraph,none,high,"Señor presidente: deseo rendir en esta ocasión homenaje a Sergio Alberto Montiel, quien fue",none,
594,2011-11-02_r12,2011-11-02_r12_ORDINARIA.pdf,24,Sr. Presidente (Marino),Sr. Presidente (Marino).,yes,yes,same-paragraph,"superscript footnote marker ""1"" after ""consecuencia."" keyed to ""Ver el Apéndice."" at the foot of the page",high,Queda aprobada la declaración. Se procederá en consecuencia.,"First line of the page; followed by the bold heading ""HOMENAJE AL SEÑOR SENADOR (M. C.) DON JOSÉ MARIA SÁEZ"".",
595,2011-11-02_r12,2011-11-02_r12_ORDINARIA.pdf,46,Sr. Secretario (Estrada),Sr. Secretario (Estrada).,yes,yes,same-paragraph,none,high,Se registran 47 votos por la afirmativa. Unanimidad.,"Last line of the page, right after ""- Se practica la votación por medios electrónicos.""",
596,2011-11-02_r12,2011-11-02_r12_ORDINARIA.pdf,66,Sr. Presidente (Marino),Sr. Presidente (Marino).,yes,yes,same-paragraph,none,high,Votaremos primero el proyecto de creación de un juzgado en Tartagal.,none,
597,2011-11-02_r12,2011-11-02_r12_ORDINARIA.pdf,71,Sr. Presidente (Marino),Sr. Presidente (Marino).,yes,yes,same-paragraph,none,high,"Si no se logra la habilitación sobre tablas, no se puede tratar.",none,
598,2011-12-21_r16,2011-12-21_r16_EXTRAORDINARIA.pdf,7,Sr. Secretario (Estrada),Sr. Secretario (Estrada).,yes,yes,same-paragraph,none,high,"Naturalmente, en la versión taquigráfica va a constar lo expresado por el senador Martínez.",none,
599,2011-12-21_r16,2011-12-21_r16_EXTRAORDINARIA.pdf,74,Sr. Presidente,Sr. Presidente.,yes,yes,same-paragraph,none,high,"Le solicita una interrupción el señor senador Verani, ¿la concede?",No name in parentheses anywhere on this page's chair labels.,
600,2011-12-21_r16,2011-12-21_r16_EXTRAORDINARIA.pdf,117,Sr. Morales,Sr. Morales.,yes,yes,same-paragraph,none,high,"Después, pídale explicaciones al senador, a su compañero, de las cosas que han pasado","Printed ""Después, pídale explicaciones al senador...""; the turn sits between two ""Varios señores senadores hablan a la vez."" stage directions.",
601,2011-12-21_r16,2011-12-21_r16_EXTRAORDINARIA.pdf,137,Sr. Presidente,Sr. Presidente.,yes,yes,same-paragraph,none,high,Tiene la palabra el senador Pichetto.,"One-line turn on p.137, immediately followed by ""Sr. Pichetto."" opening the next turn.",
602,2011-12-21_r16,2011-12-21_r16_EXTRAORDINARIA.pdf,149,Sr. Secretario (Estrada),Sr. Secretario (Estrada).,yes,yes,same-paragraph,none,high,Se registran 42 votos por la afirmativa y 27 por la negativa. En este,"Follows the stage direction ""Se practica la votación por medios electrónicos.""; only ""Sr. Secretario"" is bold, ""(Estrada)"" is roman.",
603,2011-12-22_r17,2011-12-22_r17_EXTRAORDINARIA.pdf,114,Sr. Secretario (Estrada),Sr. Secretario (Estrada).,yes,yes,same-paragraph,none,high,"Se registran 61 votos por la afirmativa, 2 por la negativa.","Page also prints ""Se registran 61 votos por la afirmativa y 2 por la negativa."" lower down, likewise under ""Sr. Secretario (Estrada).""; the comma form matches the upper line.",
604,2012-03-14_r02,2012-03-14_r02_ORDINARIA.pdf,49,Sr. Presidente,Sr. Presidente.,yes,yes,same-paragraph,none,high,"Para una interrupción, tiene la palabra la señora senadora Corregido.","One-line turn between Morandini's ""Sí, cómo no."" and Corregido's interruption.",
605,2012-03-14_r02,2012-03-14_r02_ORDINARIA.pdf,59,Sra. Bongiorno,Sra. Bongiorno.,yes,yes,same-paragraph,none,high,Señor presidente: he presentado un proyecto en conmemoración del ataque terrorista a la Embajada,"Turn opens right after the president's ""Tiene la palabra la senadora Bongiorno.""",
606,2012-03-21_r03,2012-03-21_r03_ORDINARIA.pdf,4,Sr. Bermejo,Sr. Bermejo.,yes,yes,same-paragraph,none,high,"Señor presidente: muy brevemente. Había pedido la palabra antes que el senador Pichetto, por","Last full paragraph of p.4; the footnote ""Ver el Apéndice."" sits below the text block, not inside the paragraph.",
607,2012-03-21_r03,2012-03-21_r03_ORDINARIA.pdf,86,Sr. Rodríguez Saá,Sr. Rodríguez Saá.,yes,yes,same-paragraph,none,high,"El Acta. Pedí, por las dudas, el texto original, que es clarísimo, no hay","The preceding line ""Sr. Pichetto. – El Acta."" repeats the words ""El Acta"" but not the quoted continuation.",
608,2012-03-21_r03,2012-03-21_r03_ORDINARIA.pdf,95,Sr. Morales,Sr. Morales.,yes,yes,same-paragraph,none,high,"Si no me daba la interrupción, no se trataba de usted. Creo que el","Printed with a double space, ""la interrupción,  no se trataba de usted.""; ""Creo que el ministro..."" continues the same turn in the next paragraph.",
609,2012-04-25_r04,2012-04-25_r04_ESPECIAL.pdf,26,Sr. Fuentes,Sr. Fuentes.,yes,yes,same-paragraph,none,high,"Señor presidente: con todo respeto, el senador manifestó recién que en los objetivos del",Interruption granted by the president just above.,
610,2012-04-25_r04,2012-04-25_r04_ESPECIAL.pdf,44,Sr. Martínez,Sr. Martínez.,yes,yes,same-paragraph,none,high,"Todos sabemos, y en esto hemos coincidido, que los hidrocarburos, especialmente el petróleo y","Turn opens after ""Sr. Presidente. – Tiene la palabra el señor senador Martínez.""",
611,2012-04-25_r04,2012-04-25_r04_ESPECIAL.pdf,50,Sra. Morandini,Sra. Morandini.,yes,yes,same-paragraph,none,high,"No, no admito interrupciones, señor presidente.","One-line reply between two ""Sr. Presidente."" lines.",
612,2012-04-25_r04,2012-04-25_r04_ESPECIAL.pdf,53,Sr. Presidente,Sr. Presidente.,yes,yes,same-paragraph,none,high,"Señor senador: para hacer uso de la palabra, debe solicitar una interrupción.","First labelled line of p.53, directly under the carried-over stage direction ""alcance del micrófono.""",
613,2012-05-16_r06,2012-05-16_r06_ORDINARIA.pdf,46,Sr. Giustiniani,Sr. Giustiniani.,yes,yes,same-paragraph,none,high,"No, yo concedo las interrupciones. Lo que decía antes era otra cosa, que de",Reply to Romero's interruption request.,
614,2012-05-16_r06,2012-05-16_r06_ORDINARIA.pdf,66,Sra. Presidenta (Rojkés de Alperovich),Sra. Presidenta (Rojkés de Alperovich).,yes,yes,same-paragraph,none,high,Tiene la palabra el señor senador Martínez.,"Ambiguous — the identical sentence is printed twice on p.66 (first line of the page and again lower down), but both carry this same label.",
615,2012-05-16_r06,2012-05-16_r06_ORDINARIA.pdf,66,Sra. Presidenta (Rojkés de Alperovich),Sra. Presidenta (Rojkés de Alperovich).,yes,yes,same-paragraph,none,high,Tiene la palabra el señor senador Martínez.,"Ambiguous — same duplicated sentence as case 614; verified by zoom that both occurrences print ""(Rojkés de Alperovich)."" with the period outside the parenthesis.",
616,2012-05-30_r08,2012-05-30_r08_INFORMATIVA_ESPECIAL.pdf,23,Sr. Marino,Sr. Marino.,yes,yes,same-paragraph,none,high,Señor presidente: creo que lo que ha manifestado el señor senador Sanz nos ha,"Turn opens after ""Sr. Presidente. –  Tiene la palabra el señor senador Marino.""",
617,2012-07-04_r10,2012-07-04_r10_ORDINARIA.pdf,44,Sra. Presidenta (Rojkés de Alperovich.),Sra. Presidenta (Rojkés de Alperovich.),yes,yes,same-paragraph,none,high,"Para una interrupción, tiene la palabra la señora senadora Giménez.",Verified by zoom — on this page the period is printed inside the parenthesis and there is none after it.,
618,2012-07-04_r10,2012-07-04_r10_ORDINARIA.pdf,68,Sr. Secretario (Estrada.),Sr. Secretario (Estrada.),yes,yes,same-paragraph,none,high,"Es un proyecto que lleva la firma de la senadora Fellner, del senador Linares,","Verified by zoom — period inside the parenthesis; only ""Sr. Secretario"" is bold.",
619,2012-07-11_r11,2012-07-11_r11_ORDINARIA.pdf,23,Sr. Presidente,Sr. Presidente.,yes,yes,same-paragraph,none,high,Tiene la palabra el señor senador Colazo.,"Sits just under the bold section title ""DECLARACIÓN DE RÍO GRANDE COMO CAPITAL DE LA VIGILIA DE MALVINAS. TRATAMIENTO SOBRE TABLAS."" and after ""Sr. Colazo. – Pido la palabra.""",
620,2012-08-15_r12,2012-08-15_r12_ORDINARIA.pdf,49,Sr. Pichetto,Sr. Pichetto.,yes,yes,same-paragraph,none,high,"En primer lugar, me parece que algunas reflexiones referidas a la anterior audiencia pública,","Turn opens after ""Sr. Presidente. – Tiene la palabra el señor senador Pichetto.""",
621,2012-08-16_r13,2012-08-16_r13_ESPECIAL.pdf,89,Sr. Cabanchik,Sr. Cabanchik.,yes,yes,same-paragraph,none,high,"Como la convocatoria a la votación anterior era en general, ahora inevitablemente hay que",Turn opens after the president gives Cabanchik the floor.,
622,2012-09-05_r14,2012-09-05_r14_ORDINARIA.pdf,13,Sr. Presidente,Sr. Presidente.-,yes,yes,same-paragraph,none,high,Corresponde la consideración de los órdenes del día con proyectos de ley que por,"This session prints the separator as a hyphen glued to the label (""Sr. Presidente.-""); label sits under the bold title ""PRÓRROGA DEL PROGRAMA NACIONAL DE ENTREGA VOLUNTARIA DE ARMAS DE FUEGO"".",
623,2012-09-05_r14,2012-09-05_r14_ORDINARIA.pdf,20,Sr. Secretario (Estrada),Sr. Secretario (Estrada).-,yes,yes,same-paragraph,none,high,Se registran 53 votos por la afirmativa…,"Here the whole label including ""(Estrada)"" is bold and the separator is a hyphen; page also shows a later ""Se registran 54 votos afirmativos"" line under the same label.",
624,2012-09-05_r14,2012-09-05_r14_ORDINARIA.pdf,35,Sr. Martínez,Sr. Martínez.-,yes,yes,same-paragraph,none,high,"Señora presidenta: realmente, me asombra un poco la presentación, porque este asunto tenía dictamen","Turn opens after ""Sra. Presidenta (Rojkés de Alperovich).- Tiene la palabra el señor senador Martínez.""",
625,2012-09-05_r14,2012-09-05_r14_ORDINARIA.pdf,39,Sra. Presidenta (Rojkés de Alperovich),Sra. Presidenta (Rojkés de Alperovich).,yes,yes,same-paragraph,none,high,"Si no se hace uso de la palabra, se entenderá que el Senado constituido","Whole label bold including the parenthesis; separator printed as "" - "" on this line.",
626,2012-09-12_r15,2012-09-12_r15_ORDINARIA.pdf,4,Sr. Cabanchik,Sr. Cabanchik.-,yes,yes,same-paragraph,none,high,"Señor presidente: deseo pedir una preferencia para la próxima sesión, para el proyecto S.-52/12,","Opens the section headed ""6 / EXPROPIACIÓN CONFITERÍA DEL MOLINO. MOCIÓN DE PREFERENCIA""; page prints ""el proyecto S.-52/12"".",
627,2012-09-12_r15,2012-09-12_r15_ORDINARIA.pdf,4,Sr. Petcoff Naidenoff,Sr. Petcoff Naidenoff.-,yes,yes,same-paragraph,none,high,Señor presidente: También para dejar constancia de que oportunamente voy a solicitar el tratamiento,"Second paragraph of the page; page prints ""También"" capitalised after the colon, matching the quote.",
628,2012-09-12_r15,2012-09-12_r15_ORDINARIA.pdf,20,Sr. Presidente,Sr. Presidente.-,yes,yes,same-paragraph,none,high,"Están los de los senadores Martínez, Verna...","Immediately after ""Sr. Pichetto.- Martínez, Verna...""; the president repeats the names, so the two adjacent turns are similar but the quoted wording is only under Sr. Presidente.",
629,2012-09-12_r15,2012-09-12_r15_ORDINARIA.pdf,82,Sr. Presidente,Sr. Presidente.-,yes,yes,same-paragraph,none,high,"Para una interrupción, tiene la palabra la señora senadora Estenssoro.","One-line turn between ""Sr. Filmus.- La concedo."" and ""Sra. Estenssoro.- Gracias, senador Filmus.""",
630,2012-10-03_r16,2012-10-03_r16_ORDINARIA.pdf,38,Sr. Presidente,Sr. Presidente.-,yes,yes,same-paragraph,"superscript footnote marker 19 after ""correspondientes."" (footnote ""Ver el Apéndice."" at page foot)",high,Queda aprobado. Se harán las comunicaciones correspondientes.,"Third line of the page, just above the section title ""10 / CONSIDERACIÓN EN CONJUNTO DE ÓRDENES DEL DÍA"".",
631,2012-10-03_r16,2012-10-03_r16_ORDINARIA.pdf,67,Sr. Morales,Sr. Morales.-,yes,yes,same-paragraph,none,high,"Después del consejo jurisprudencial del señor senador Pichetto, le concedo una interrupción a la","Answers the president's question in the preceding line; page prints ""Después del consejo jurisprudencial"".",
632,2012-10-17_r17,2012-10-17_r17_ORDINARIA.pdf,8,Sr. Fuentes,Sr. Fuentes.-,yes,yes,earlier-on-page,none,high,"Ahora le doy la interrupción, señora presidenta, si usted lo autoriza.","Unlabelled indented continuation paragraph of the Fuentes turn; only ""(Risas.)"" intervenes, and the next label after it is ""Sra. Presidenta (Rojkés de Alperovich).-"".",
633,2012-10-25_r18,2012-10-25_r18_ESPECIAL.pdf,12,Sr. Guinle,Sr. Guinle.-,yes,yes,same-paragraph,none,high,"¿Me permite una interrupción, senador Morales?",One-line interjection interrupting the Morales speech.,
634,2012-10-31_r19,2012-10-31_r19_ORDINARIA.pdf,74,Sr. Presidente,Sr. Presidente.-,yes,yes,same-paragraph,none,high,Continúa en el uso de la palabra el señor senador Rodríguez Saá.,"Immediately followed by ""Sr. Rodríguez Saá.- Bien. He escuchado..."".",
635,2012-11-14_r20,2012-11-14_r20_ORDINARIA.pdf,67,Sr. Pérsico,Sr. Pérsico.-,yes,yes,same-paragraph,none,high,"Señora presidenta: este proyecto estuvo puesto dos veces en la reunión de labor, ya","Page prints ""en la reunión de labor, ya aprobado para ser tratado""; the label just above is ""Sra. Presidenta (Rojkés de Alperovich).-"".",
636,2012-11-14_r20,2012-11-14_r20_ORDINARIA.pdf,126,Sr. Mayans,Sr. Mayans.-,yes,yes,same-paragraph,none,high,"Señora presidenta: teníamos pactado con los senadores el tratamiento de otros temas, pero dado","Follows ""Sra. Presidenta (Rojkés de Alperovich).- Tiene la palabra el señor senador Mayans.""",
637,2012-11-27_r00,2012-11-27_r00_ASAMBLEA.pdf,5,Sr. Secretario (Estrada),Sr. Secretario (Estrada).-,yes,yes,same-paragraph,none,high,"Obran en Secretaría sendas notas presentadas por señores diputados y señoras diputadas, señores senadores","Under the section title ""2 / DECRETO DE CONVOCATORIA"".",
638,2012-11-27_r00,2012-11-27_r00_ASAMBLEA.pdf,6,Sr. Presidente,Sr. Presidente.-,yes,yes,same-paragraph,none,high,"Dado el asentimiento prestado, por Secretaría se dará cuenta de la nómina de los","First labelled turn on the page, after the ""- Asentimiento."" stage direction.",
639,2012-11-28_r21,2012-11-28_r21_ORDINARIA.pdf,68,Sr. Presidente,Sr. Presidente.-,yes,yes,same-paragraph,none,high,"Si no se hace uso de la palabra, se va a votar el inciso","The paragraph reads ""...se va a votar el inciso e), con la modificación propuesta.""; other ""se va a votar"" turns on the page are also under Sr. Presidente.",
640,2012-11-28_r21,2012-11-28_r21_ORDINARIA.pdf,80,Sr. Secretario (Estrada),Sr. Secretario (Estrada).-,yes,yes,same-paragraph,none,high,"Entonces, se acaba de aprobar la inclusión del expediente 17/12 del Poder Ejecutivo en","Followed by ""Sra. Negre de Alonso.- Ya votamos la inclusión.""",
641,2012-11-28_r21,2012-11-28_r21_ORDINARIA.pdf,99,Sr. Presidente,Sr. Presidente.-,yes,yes,same-paragraph,none,high,"En consideración en general y en particular en una sola votación estos proyectos, salvo","First labelled turn after the long unlabelled list of bill titles; page prints ""salvo el que se refiere al tema de vivienda en Jujuy"".",
642,2012-11-28_r21,2012-11-28_r21_ORDINARIA.pdf,101,Sr. Presidente,Sr. Presidente.-,yes,yes,same-paragraph,none,high,"Entonces, ahora ponemos en consideración la habilitación sobre tablas. Si no se hace uso","The quote spans the labelled line and the indented continuation ""Si no se hace uso de la palabra, se va a votar.""; no new label between them.",
643,2012-11-29_r22,2012-11-29_r22_ORDINARIA.pdf,21,Sr. Presidente,Sr. Presidente.-,yes,yes,same-paragraph,none,high,"Senadores Fernández, Morales, Romero, Linares. A partir de ahí, senadora Negre de Alonso, senador","Answers ""Sr. Pichetto.- Señor presidente: por favor, lea la lista de oradores.""",
644,2012-11-29_r22,2012-11-29_r22_ORDINARIA.pdf,79,Sr. Presidente,Sr. Presidente.-,yes,yes,same-paragraph,"superscript footnote marker 13 after ""proyectos."" (footnote ""Ver el Apéndice."" at page foot)",high,Quedan aprobados todos los proyectos.,"Third labelled line of the page, just above the section title ""8 / CONSIDERACIÓN EN CONJUNTO DE PROYECTOS SOBRE TABLAS"".",
645,2012-12-19_r23,2012-12-19_r23_EXTRAORDINARIA.pdf,15,Sr. Pichetto,Sr. Pichetto.-,yes,yes,same-paragraph,none,high,Señor presidente: aclaro que yo planteé la votación de todos los proyectos. Había quedado,"Follows ""Sra. Presidenta (Rojkés de Alperovich).- Tiene la palabra el senador Pichetto.""",
646,2013-02-21_r24,2013-02-21_r24_EXTRAORDINARIA.pdf,71,Sra. Bongiorno,Sra. Bongiorno. -,yes,yes,same-paragraph,none,high,“La firma del Memorándum es el resultado de buscar justicia para las víctimas de,"Printed with a space between the period and the dash; the words are a quotation of canciller Timerman read aloud by Bongiorno, and the preceding turn is ""Sr. Presidente.- Por favor.""",
647,2013-03-01_r00,2013-03-01_r00_ASAMBLEA.pdf,17,Sra. Presidenta de la Nación,Sra. Presidenta de la Nación. –,yes,yes,previous-page,none,high,Nivel secundario. Tasa neta de escolarización de adolescentes y jóvenes. Tenemos también una evolución,"Label opens on printed page 6 under the section title ""4 / MENSAJE DE LA SEÑORA PRESIDENTA DE LA NACIÓN""; pages 7-17 carry no new label, only running heads, ""Dirección General de Taquígrafos"" footers and applause directions.",
648,2013-03-01_r00,2013-03-01_r00_ASAMBLEA.pdf,27,Sra. Presidenta de la Nación,Sra. Presidenta de la Nación. –,yes,yes,previous-page,none,high,No importa. No vengo acá a refregar nada a nadie ni a pedirle cuentas,"Same uninterrupted turn opened on printed page 6; on page 27 the quoted words follow the stage direction ""(Murmullos en el recinto.)"" inside the paragraph, which does not end the turn.",
649,2013-03-20_r03,2013-03-20_r03_ORDINARIA.pdf,45,Sr. Presidente,Sr. Presidente. -,yes,yes,same-paragraph,none,high,Senadora Montero: el senador Fernández solicita una interrupción para hacer un cierre. ¿Se la,"Printed with a space between the period and the dash; followed by ""- Varios señores senadores hablan a la vez.""",
650,2013-03-20_r03,2013-03-20_r03_ORDINARIA.pdf,52,Sr. Filmus,Sr. Filmus. -,yes,yes,same-paragraph,none,high,"Señor presidente: si el conjunto de los colegas están de acuerdo, hay cuatro órdenes","Printed with a space between the period and the dash; follows ""Sr. Presidente. - Tiene la palabra el señor senador Filmus.""",
651,2013-03-20_r03,2013-03-20_r03_ORDINARIA.pdf,63,Sr. Sanz,Sr. Sanz. -,yes,yes,same-paragraph,none,high,"No, me anoto para después.","One-line turn between two ""Sr. Romero. -"" turns; page uses ""Label. -"" spacing.",
652,2013-04-17_r04,2013-04-17_r04_ESPECIAL.pdf,18,Sr. Presidente,Sr. Presidente.-,yes,yes,same-paragraph,none,high,Se va a leer por Secretaría.,"Sits between ""Sr. Pichetto.- ¿Hay alguien más para anotarse?"" and ""Sr. Secretario (Estrada).-"".",
653,2013-04-17_r04,2013-04-17_r04_ESPECIAL.pdf,116,Sr. Presidente,Sr. Presidente.-,yes,yes,same-paragraph,none,high,"Dice que es para distender, un pequeño comentario.","Short exchange between two ""Sr. Pichetto.-"" lines.",
654,2013-04-18_r05,2013-04-18_r05_ESPECIAL.pdf,33,Sr. Presidente,Sr. Presidente.-,yes,yes,same-paragraph,none,high,Continúa en el uso de la palabra la señora senadora Negre de Alonso.,"Immediately precedes the ""Sra. Negre de Alonso.-"" turn.",
655,2013-04-18_r05,2013-04-18_r05_ESPECIAL.pdf,54,Sr. Castillo,Sr. Castillo.-,yes,yes,same-paragraph,none,high,"Muy amable. Solamente una cuestión mínima. Las presidencias de bloque tienen cuarenta minutos, y","Quote begins in the label's own paragraph (""Muy amable."") and continues over the next two indented paragraphs of the same turn.",
656,2013-04-24_r06,2013-04-24_r06_ORDINARIA.pdf,25,Sr. Secretario (Estrada),Sr. Secretario (Estrada).-,yes,yes,same-paragraph,none,high,Órdenes del día números 6/13; 8/13 a 14/13;17/13 a 20/13; 26/13; 30/13 y 31/13;,"Reading of the list of órdenes del día, right after ""Sr. Presidente.-"".",
657,2013-04-24_r06,2013-04-24_r06_ORDINARIA.pdf,51,Sra. Monllau,Sra. Monllau. -,yes,yes,same-paragraph,none,high,"No dudo de que hoy, como en el tema de trata de personas, se",Label re-printed after the stage direction about Boudou taking the chair; printed with a space before the dash and no space after it.,
658,2013-05-08_r07,2013-05-08_r07_ESPECIAL.pdf,87,Sr. Presidente,Sr. Presidente.-,yes,yes,same-paragraph,none,high,Tiene la palabra el señor senador Pichetto.,"Precedes the ""Sr. Pichetto.-"" turn near the foot of the page.",
659,2013-05-08_r07,2013-05-08_r07_ESPECIAL.pdf,124,Sr. Presidente,Sr. Presidente.-,yes,yes,same-paragraph,none,high,Tiene la palabra el senador Rodríguez Saá. Con esto comenzamos los cierres de los,Quote spans the label paragraph and the next indented paragraph of the same turn.,
660,2013-05-22_r08,2013-05-22_r08_ORDINARIA.pdf,7,Sr. Presidente,Sr. Presidente.-,yes,yes,same-paragraph,none,high,Tiene la palabra el senador Pichetto.,Precedes the Pichetto homage turn.,
661,2013-05-22_r08,2013-05-22_r08_ORDINARIA.pdf,71,Sr. Presidente,Sr. Presidente.-,yes,yes,same-paragraph,none,high,Tiene la palabra la señora senadora Morandini.,"Second-to-last line of the page, before ""Sra. Morandini.-"".",
662,2013-06-05_r10,2013-06-05_r10_INFORMATIVA_ESPECIAL.pdf,83,Sr. Mayans,Sr. Mayans.-,yes,yes,same-paragraph,none,high,"No me apure, presidente, recién estoy empezando.","Between two ""Sr. Presidente.-"" lines at the foot of the page.",
663,2013-06-05_r10,2013-06-05_r10_INFORMATIVA_ESPECIAL.pdf,96,Sr. Fernández,Sr. Fernández.-,yes,yes,same-paragraph,none,high,"Gracias, señor presidente; gracias al senador Cano también: son unos segunditos. Tomando las palabras","Quote starts in the label paragraph and runs into the next indented paragraph (""Tomando las palabras..."").",
664,2013-07-03_r12,2013-07-03_r12_ORDINARIA.pdf,56,Sr. Godoy,Sr. Godoy.-,yes,yes,same-paragraph,none,high,"Señora presidenta: en nombre de los senadores de la provincia de San Juan, quiero",First line of the page.,
665,2013-07-03_r12,2013-07-03_r12_ORDINARIA.pdf,65,Sra. Presidenta (Rojkés de Alperovich),Sra. Presidenta (Rojkés de Alperovich).-,yes,yes,same-paragraph,none,high,Aprobado. En consideración en general. Tiene la palabra la señora senadora Di Perna.,"The second ""Aprobado."" on the page (under the lactancia materna heading); the first one carries footnote marker 18 and different following text.",
666,2013-07-03_r12,2013-07-03_r12_ORDINARIA.pdf,83,Sra. Negre de Alonso,Sra. Negre de Alonso.-,yes,yes,same-paragraph,none,high,"Señor presidente: quiero hacer una pequeña reflexión, porque ahora vamos a votar un proyecto","Follows ""Sr. Presidente.- Tiene la palabra la senadora Negre de Alonso.""",
667,2013-07-31_r13,2013-07-31_r13_ESPECIAL.pdf,12,Sr. Presidente,Sr. Presidente.-,yes,yes,same-paragraph,none,high,Tiene la palabra el señor senador Lores.,"Precedes the ""Sr. Lores.-"" turn.",
668,2013-07-31_r13,2013-07-31_r13_ESPECIAL.pdf,22,Sr. Presidente,Sr. Presidente.-,yes,yes,same-paragraph,none,high,Obviamente. Tiene la palabra la señora senadora Morandini.,"""Obviamente."" is in the label paragraph; ""Tiene la palabra la señora senadora Morandini."" is the next indented paragraph of the same turn.",
669,2013-09-04_r14,2013-09-04_r14_ORDINARIA.pdf,20,Sra. Presidenta (Rojkés de Alperovich),Sra. Presidenta (Rojkés de Alperovich).-,yes,yes,same-paragraph,none,high,¿Alguien más quiere hacer uso de la palabra? Tiene la palabra el señor senador,"Quote continues into the next indented paragraph (""Tiene la palabra el señor senador Filmus."").",
670,2013-09-04_r14,2013-09-04_r14_ORDINARIA.pdf,59,Sra. Presidenta (Rojkés de Alperovich),Sra. Presidenta (Rojkés de Alperovich).-,yes,yes,same-paragraph,none,high,Tiene la palabra la señora senadora Monllau.,"Precedes the ""Sra. Monllau.-"" turn near the foot of the page.",
671,2013-09-04_r14,2013-09-04_r14_ORDINARIA.pdf,65,Sra. Presidenta (Rojkés de Alperovich),Sra. Presidenta (Rojkés de Alperovich).-,yes,yes,same-paragraph,none,high,"Ahora se la pedimos al senador Cimadevilla, ¿le parece?","Answer to ""Sra. Negre de Alonso.- Pido la palabra para una interrupción.""",
672,2013-09-12_r15,2013-09-12_r15_ORDINARIA.pdf,13,Sr. Presidente,Sr. Presidente.-,yes,yes,same-paragraph,none,high,"En consideración. Si no se hace uso de la palabra, se va a votar.","Matches the turn reading ""En consideración."" followed by ""Si no se hace uso de la palabra, se va a votar.""; an earlier turn on the same page, also ""Sr. Presidente.-"", reads ""En consideración el tratamiento sobre tablas."" with the same following line, so the label is the same either way.",
673,2013-09-12_r15,2013-09-12_r15_ORDINARIA.pdf,20,Sr. Mayans,Sr. Mayans.-,yes,yes,same-paragraph,none,high,"¡Siempre se van; se van del gobierno, se van siempre!",First line of the page.,
674,2013-09-12_r15,2013-09-12_r15_ORDINARIA.pdf,59,Sr. Presidente,Sr. Presidente.-,yes,yes,same-paragraph,none,high,Tiene la palabra la señora senadora Di Perna.,"Precedes ""Sra. Di Perna.- Si me permiten..."".",
675,2013-09-12_r15,2013-09-12_r15_ORDINARIA.pdf,70,Sr. Presidente,Sr. Presidente.-,yes,yes,same-paragraph,none,high,Vamos a seguir el orden.,Answer to the Mayans turn about the Parrilli project.,
676,2013-09-12_r15,2013-09-12_r15_ORDINARIA.pdf,80,Sr. Presidente,Sr. Presidente.-,yes,yes,same-paragraph,none,high,"Corresponde votar el tratamiento sobre tablas. Si no se hace uso de la palabra,","""Corresponde votar el tratamiento sobre tablas."" opens the turn; ""Si no se hace uso de la palabra, se va a votar."" is the indented continuation of the same turn.",
677,2013-09-12_r15,2013-09-12_r15_ORDINARIA.pdf,82,Sr. Mayans,Sr. Mayans.-,yes,yes,same-paragraph,none,high,Presidente: vamos a respetar la decisión tomada por los presidentes de bloque y vamos,"Preceded by ""Sr. Presidente.- Tiene la palabra el senador Mayans.""; the quoted words start Mayans' own turn.",
678,2013-09-12_r15,2013-09-12_r15_ORDINARIA.pdf,83,Sra. Higonet,Sra. Higonet.-,yes,yes,same-paragraph,none,high,"Señor presidente: que quede claro que hay que constituir la Cámara en comisión, ya","Follows the section heading ""23 / TRATAMIENTO EN CONJUNTO DE PROYECTOS DE LEY"" and a ""Sr. Presidente.-"" turn.",
679,2013-10-09_r16,2013-10-09_r16_ESPECIAL.pdf,85,Sr. Mayans,Sr. Mayans.-,yes,yes,same-paragraph,none,high,Reserva de partida se llama eso.,"Single-line interjection near the foot of the page, inside senator Juez's speech.",
680,2013-10-09_r16,2013-10-09_r16_ESPECIAL.pdf,86,Sr. Martínez,Sr. Martínez.-,yes,yes,same-paragraph,none,high,Señora presidenta: me voy a referir especialmente al tema que tiene que ver con,"Preceded by ""Sra. Presidenta (Rojkés de Alperovich).- Tiene la palabra el senador Martínez.""",
681,2013-11-13_r17,2013-11-13_r17_ORDINARIA.pdf,46,Sra. Presidenta (Rojkés de Alperovich),Sra. Presidenta (Rojkés de Alperovich).-,yes,yes,same-paragraph,none,high,Queda sancionado el proyecto de ley. Se comunicará a la Honorable Cámara de Diputados.,"Last paragraph of the page; carries a superscript footnote marker 46 pointing to ""Ver el Apéndice."" printed below the text.",
682,2013-11-13_r17,2013-11-13_r17_ORDINARIA.pdf,75,Sr. Pichetto,Sr. Pichetto.-,yes,yes,same-paragraph,none,high,"Votamos el dictamen de mayoría. Si logramos número, no tiene ningún sentido el planteo","Page prints ""Votamos el dictamen de mayoría.""; the brief's quote matches this turn's opening words.",
683,2013-11-13_r17,2013-11-13_r17_ORDINARIA.pdf,90,Sr. Secretario (Estrada),Sr. Secretario (Estrada).-,yes,yes,same-paragraph,none,high,Se registran 40 votos por la afirmativa.,"Followed by the stage direction ""- El resultado de la votación surge del acta correspondiente.""",
684,2013-11-27_r19,2013-11-27_r19_ESPECIAL.pdf,14,Sr. Pichetto,Sr. Pichetto.-,yes,yes,same-paragraph,none,high,Me parece que he sido claro. Estamos dispuestos a hacer el debate en general,"Preceded by ""Sra. Negre de Alonso.- Entonces, podemos perfectamente tratarlo en tres o cuatro sesiones.""",
685,2013-12-18_r21,2013-12-18_r21_EXTRAORDINARIA.pdf,31,Sr. Presidente,Sr. Presidente.-,yes,yes,same-paragraph,none,high,Tiene la palabra el señor senador Solanas.,"One-line turn giving the floor, immediately before ""Sr. Solanas.-"".",
686,2013-12-18_r21,2013-12-18_r21_EXTRAORDINARIA.pdf,55,Sr. Guinle,Sr. Guinle.-,yes,yes,same-paragraph,none,high,"Voy a seguir, porque le conozco la vuelta, por eso voy a seguir.","Preceded by ""Sr. Presidente.- El senador Morales le pide una interrupción.""",
687,2013-12-18_r21,2013-12-18_r21_EXTRAORDINARIA.pdf,98,Sr. Mayans,Sr. Mayans.-,yes,yes,same-paragraph,(Risas.),high,Por eso no ha sido reelecto.,"Page prints ""Por eso no ha sido reelecto. (Risas.)"" as a single-line interjection inside senator Morales' speech.",
688,2014-03-12_r02,2014-03-12_r02_ORDINARIA.pdf,3,Sra. Morandini,Sra. Morandini. –,yes,yes,same-paragraph,none,high,"Señor presidente: no nos vamos a extender, pero para hacer justicia, hay que decir","This session prints labels with a space and a dash, e.g. ""Sr. Presidente. –""; preceded by ""Sr. Presidente. – Tiene la palabra la senadora Morandini.""",
689,2014-03-12_r03,2014-03-12_r03_INFORMATIVA_ESPECIAL.pdf,26,Sr. Jefe de Gabinete de Ministros,Sr. Jefe de Gabinete de Ministros.-,yes,yes,same-paragraph,none,high,Lo que le quiero transmitir es que el tema de la evolución de los,"The same speaker also says ""Lo que le quiero transmitir..."" higher on the page, so both instances carry the identical label; no ambiguity of speaker.",
690,2014-03-12_r03,2014-03-12_r03_INFORMATIVA_ESPECIAL.pdf,39,Sra. Monllau,Sra. Monllau.-,yes,yes,same-paragraph,none,high,"Señor presidente: para empezar, quisiera dar continuidad a la temática que abordó el senador","Preceded by ""Sr. Presidente.- Tiene la palabra la senadora Monllau.""",
691,2014-03-12_r03,2014-03-12_r03_INFORMATIVA_ESPECIAL.pdf,45,Sr. Sanz,Sr. Sanz.-,yes,yes,same-paragraph,none,high,¿Y por qué responde las otras cosas y esta no?,"Page prints ""¿Y por qué responde las otras cosas y esta no?"" as a one-line turn between two ""Sr. Jefe de Gabinete de Ministros.-"" turns.",
692,2014-03-12_r03,2014-03-12_r03_INFORMATIVA_ESPECIAL.pdf,112,Sr. Jefe de Gabinete de Ministros,Sr. Jefe de Gabinete de Ministros.-,yes,yes,same-paragraph,none,high,Le quiero transmitir que es de carácter transitorio y la idea es sustituirlo lo,"Answers ""Sr. Linares.- ¿No va a haber planta entonces?"".",
693,2014-03-12_r03,2014-03-12_r03_INFORMATIVA_ESPECIAL.pdf,116,Sr. Jefe de Gabinete de Ministros,Sr. Jefe de Gabinete de Ministros.-,yes,yes,same-paragraph,none,high,Se hizo un acuerdo para garantizar el mismo precio.,"Near the top of the page, between two ""Sr. Linares.-"" turns.",
694,2014-03-26_r04,2014-03-26_r04_ESPECIAL.pdf,50,Sr. Presidente (Marino),Sr. Presidente (Marino). –,yes,yes,same-paragraph,none,high,Tiene la palabra el señor senador Basualdo.,"One-line turn giving the floor, immediately before ""Sr. Basualdo. – Gracias, señor presidente.""",
695,2014-04-09_r05,2014-04-09_r05_ORDINARIA.pdf,33,Sr. Giustiniani,Sr. Giustiniani. –,yes,yes,same-paragraph,none,high,La verdad es que algunos estamos sorprendidos por la lectura de esta ley que,"Preceded by ""Sr. Presidente. – Tiene la palabra el senador Giustiniani.""",
696,2014-04-09_r05,2014-04-09_r05_ORDINARIA.pdf,41,Sr. Presidente (Marino),Sr. Presidente (Marino). –,yes,yes,same-paragraph,none,high,Tiene la palabra la senadora Morandini.,"First label on the page, immediately before ""Sra. Morandini. –"".",
697,2014-05-07_r07,2014-05-07_r07_INFORMATIVA_ESPECIAL.pdf,29,Sra. Montero,Sra. Montero. –,yes,yes,same-paragraph,none,high,¡Pero todavía estamos sin salud!,"One-line interjection between two ""Sr. Jefe de Gabinete de Ministros."" turns.",
698,2014-05-07_r07,2014-05-07_r07_INFORMATIVA_ESPECIAL.pdf,32,Sr. Presidente (Romero),Sr. Presidente (Romero). –,yes,yes,same-paragraph,none,high,"Para una interrupción, tiene la palabra la senadora Negre de Alonso.","Immediately before ""Sra. Negre de Alonso. –""; an earlier ""Sr. Presidente (Romero). –"" turn on the same page announced the interruption request.",
699,2014-05-07_r07,2014-05-07_r07_INFORMATIVA_ESPECIAL.pdf,35,Sr. Sanz,Sr. Sanz. –,yes,yes,same-paragraph,none,high,"Cuánto para cada uno. ¿Sabe cuáles son los cinco? Canal 13, Telefé, Canal 9,","Page prints ""Cuánto para cada uno. ¿Sabe cuáles son los cinco? Canal 13, Telefé, Canal 9, América 2, Canal 7 TV pública.""",
700,2014-05-07_r07,2014-05-07_r07_INFORMATIVA_ESPECIAL.pdf,42,Sr. Morales,Sr. Morales. –,yes,yes,same-paragraph,none,high,¿Aumentó o no la inseguridad? Es una sensación de la gente.,"First line of the page, directly under the running head and ""Pág. 42"" line.",
701,2014-05-07_r07,2014-05-07_r07_INFORMATIVA_ESPECIAL.pdf,51,Sr. Presidente (Zamora),Sr. Presidente (Zamora). –,yes,yes,same-paragraph,none,high,"Tiene la palabra, señor senador.",Short one-line turn between two Sr. Mayans turns; no ambiguity.,
702,2014-05-07_r07,2014-05-07_r07_INFORMATIVA_ESPECIAL.pdf,52,Sr. Jefe de Gabinete de Ministros,Sr. Jefe de Gabinete de Ministros. –,yes,yes,same-paragraph,none,high,Tengo entendido que el insumo que se elabora no tiene residuos radiactivos. Eso es,Answer to Sr. Petcoff Naidenoff's question printed immediately above.,
703,2014-05-07_r07,2014-05-07_r07_INFORMATIVA_ESPECIAL.pdf,57,Sra. Morandini,Sra. Morandini. –,yes,yes,same-paragraph,none,high,Señor presidente: le agradezco al señor jefe de Gabinete que trate de poner estos,"Second Morandini turn on the page, right after ""Sr. Presidente (Zamora). – Senadora Morandini.""",
704,2014-05-07_r07,2014-05-07_r07_INFORMATIVA_ESPECIAL.pdf,68,Sr. Presidente (Zamora),Sr. Presidente (Zamora). –,yes,yes,same-paragraph,none,high,"Para una aclaración, tiene la palabra la señora senadora Fellner.","Penultimate line of the page, immediately before the Sra. Fellner turn.",
705,2014-05-07_r07,2014-05-07_r07_INFORMATIVA_ESPECIAL.pdf,111,Sr. Rodríguez Saá,Sr. Rodríguez Saá. –,yes,yes,previous-page,none,high,prepararse para informarnos adecuadamente; desde su perspectiva; con muchas de esas cosas no coincidimos,"Turn opens mid page 110 (""Ya termino, señor presidente.""); words are the first line of page 111, before the next label ""Sr. Presidente (Zamora). –"".",
706,2014-05-07_r07,2014-05-07_r07_INFORMATIVA_ESPECIAL.pdf,116,Sr. Presidente (Zamora),Sr. Presidente (Zamora). –,yes,yes,same-paragraph,none,high,Tiene la palabra el señor senador Pichetto.,Directly precedes the Sr. Pichetto turn on the same page.,
707,2014-05-07_r07,2014-05-07_r07_INFORMATIVA_ESPECIAL.pdf,120,Sr. Pichetto,Sr. Pichetto. –,yes,yes,earlier-on-page,none,high,"como representante del gobierno de Estados Unidos, fue a decir que la cuestión soberana","Words sit in the ""En el mes de noviembre"" paragraph, which continues the Pichetto turn opened three lines above.",
708,2014-05-21_r08,2014-05-21_r08_ORDINARIA.pdf,14,Sr. Morales,Sr. Morales. –,yes,yes,same-paragraph,none,high,"Señor presidente: como lo anticipé en la reunión de labor parlamentaria, nuestro bloque va","Turn opens just under the bold section title ""9. Cuestión de privilegio.""",
709,2014-05-21_r08,2014-05-21_r08_ORDINARIA.pdf,22,Sr. Presidente,Sr. Presidente. –,yes,yes,same-paragraph,none,high,Les voy a pedir que no dialoguen en este tema.,Follows a stage direction about senator Morales speaking off microphone.,
710,2014-05-21_r08,2014-05-21_r08_ORDINARIA.pdf,35,Sr. Sanz,Sr. Sanz. –,yes,yes,same-paragraph,none,high,Señor presidente: aclaro que el pedido de participación de un acuerdo previo en función,Last turn on the page; two earlier Sanz lines exist but this is the one carrying the words.,
711,2014-05-21_r08,2014-05-21_r08_ORDINARIA.pdf,38,Sr. Presidente,Sr. Presidente. –,yes,yes,same-paragraph,none,high,En consideración los órdenes del día mencionados. Si no se hace uso de la,The quoted phrase runs from the labelled line into the following indented line of the same turn.,
712,2014-05-28_r09,2014-05-28_r09_ORDINARIA.pdf,10,Sr. Presidente,Sr. Presidente.-,yes,yes,same-paragraph,none,high,Tiene la palabra la señora senadora Higonet.,Immediately precedes the Sra. Higonet turn.,
713,2014-05-28_r09,2014-05-28_r09_ORDINARIA.pdf,43,Sr. Pichetto,Sr. Pichetto.-,yes,yes,same-paragraph,none,high,"Bueno; si es breve, está bien.",Reply granting Solanas an interruption.,
714,2014-05-28_r09,2014-05-28_r09_ORDINARIA.pdf,61,Sr. Rodríguez Saá,Sr. Rodríguez Saá.-,yes,yes,same-paragraph,none,high,Señor presidente: estamos de acuerdo en el tratamiento sobre tablas y vamos a acompañar,"Distinct from case 715 on the same page, which is the Morales turn about the two thirds.",
715,2014-05-28_r09,2014-05-28_r09_ORDINARIA.pdf,61,Sr. Morales,Sr. Morales.-,yes,yes,same-paragraph,none,high,Señor presidente: estamos de acuerdo en conceder los dos tercios para habilitar el tratamiento,"Same page as case 714 but a different, earlier turn.",
716,2014-05-28_r09,2014-05-28_r09_ORDINARIA.pdf,66,Sr. Pichetto,Sr. Pichetto.-,yes,yes,same-paragraph,none,high,Hubo unanimidad. No hay ninguna discusión. Nos podemos apartar si hay una voluntad común…,Printed between the Sr. Martínez and Sr. Fernández one-liners.,
717,2014-05-28_r09,2014-05-28_r09_ORDINARIA.pdf,80,Sra. Negre de Alonso,Sra. Negre de Alonso.-,yes,yes,same-paragraph,none,high,"Exacto, Hurlingham. O sea, llevamos una historia acompañando la creación de universidades nacionales. Y","""Exacto, Hurlingham."" is the labelled line; the quote continues into the next indented paragraph of the same turn.",
718,2014-07-02_r10,2014-07-02_r10_ORDINARIA.pdf,22,Sr. Pichetto,Sr. Pichetto.-,yes,yes,same-paragraph,none,high,Señor presidente: de ninguna manera nosotros minimizamos ni subestimamos ni le quitamos la importancia,"Follows ""Sr. Presidente (Zamora).- Tiene la palabra el señor senador Pichetto.""",
719,2014-07-10_r11,2014-07-10_r11_ESPECIAL.pdf,6,Sr. Presidente (Zamora),Sr. Presidente (Zamora).-,yes,yes,same-paragraph,none,high,"Para una interrupción, tiene la palabra el señor senador Pichetto.","Label wraps onto a second line ending with ""Pichetto.""",
720,2014-09-03_r13,2014-09-03_r13_ESPECIAL.pdf,329,Sr. Fortuna,Sr. Fortuna.-,yes,yes,same-paragraph,none,high,Buenas tardes. Gracias por darnos la posibilidad de expresarnos. Para las asociaciones de consumidores,Opening line of the turn; the quote runs on into the following indented paragraph.,
721,2014-09-17_r14,2014-09-17_r14_ORDINARIA.pdf,16,Sr. Presidente,Sr. Presidente.-,yes,yes,same-paragraph,none,high,Tiene la palabra el señor senador Sanz.,"Under the bold section title ""9. Cuestión de privilegio. (S.-2.988/14.)""; label prints without a chair surname here.",
722,2014-09-17_r14,2014-09-17_r14_ORDINARIA.pdf,74,Sr. Presidente (Zamora),Sr. Presidente (Zamora).-,yes,yes,same-paragraph,none,high,Corresponde considerar el Orden del Día Nº 300. Ha pedido hacer uso de la,Quote spans the labelled line and the following indented line of the same turn.,
723,2014-10-22_r17,2014-10-22_r17_INFORMATIVA_ESPECIAL.pdf,7,Sr. Jefe de Gabinete de Ministros,Sr. Jefe de Gabinete de Ministros.-,yes,yes,previous-page,none,high,"capacidad de retención que tiene hoy el productor agropecuario argentino, en general, de casi","Turn opens on page 3; pages 4, 5, 6 and the top of page 7 carry no new label, so it still governs.",
724,2014-10-22_r17,2014-10-22_r17_INFORMATIVA_ESPECIAL.pdf,58,Sra. Borello,Sra. Borello.-,yes,yes,same-paragraph,none,high,O sea que la relación no es buena pero no es discriminación política.,"The paragraph ends with the stage direction ""(Risas.)"", which does not close the turn.",
725,2014-10-29_r18,2014-10-29_r18_ORDINARIA.pdf,75,Sr. Presidente,Sr. Presidente.-,yes,yes,same-paragraph,none,high,Tiene la palabra la senadora Higonet.,"Second-to-last labelled line of the page, before the Sra. Higonet turn.",
726,2014-11-19_r19,2014-11-19_r19_ESPECIAL.pdf,40,Sra. Di Perna,Sra. Di Perna.-,yes,yes,same-paragraph,none,high,"Señor presidente: en mi caso, quiero comenzar destacando las cuestiones positivas del proyecto. En","The label opens the paragraph; the preceding line is ""Sr. Presidente.- Tiene la palabra la senadora Di Perna.""",
727,2014-12-17_r22,2014-12-17_r22_ORDINARIA.pdf,28,Sra. Negre de Alonso,Sra. Negre de Alonso.-,yes,yes,same-paragraph,none,high,Hay que votar presidente y vocal…,"Single-line interjection between two ""Sr. Presidente.-"" turns.",
728,2014-12-17_r22,2014-12-17_r22_ORDINARIA.pdf,59,Sr. Barrionuevo,Sr. Barrionuevo.-,yes,yes,same-paragraph,none,high,Él fue presidente de la Comisión Investigadora sobre la fuga de divisas.,"Short exchange; the words are printed as ""Él fue presidente de la Comisión Investigadora sobre la fuga de divisas.""",
729,2014-12-17_r22,2014-12-17_r22_ORDINARIA.pdf,90,Sr. Presidente,Sr. Presidente.-,yes,yes,same-paragraph,none,high,"Quedan los otros proyectos de ley que mencionó el secretario, con excepción del C.D.-80","Turn opens right after the bold section title ""24. Consideración en conjunto de proyectos de ley. (Continuación.)""",
730,2015-03-01_r00,2015-03-01_r00_ASAMBLEA.pdf,21,Sra. Presidenta de la Nación,Sra. Presidenta de la Nación.-,yes,yes,previous-page,none,high,"Son 87.060 trabajadores nuevos, 3.985 nuevas empresas y 8.859 hectáreas que estaban baldías, abandonadas,","Label printed on Pág. 7; no new speaker label appears on pages 8 through 21, only applause and page furniture.",
731,2015-03-01_r00,2015-03-01_r00_ASAMBLEA.pdf,25,Sra. Presidenta de la Nación,Sra. Presidenta de la Nación.-,yes,yes,earlier-on-page,none,high,"Son 400 prestaciones; es decir, cobertura. Esta cobertura del Plan Nacer y del Programa","Label sits mid-page after the stage direction ""-Manifestación en las galerías.""; quoted words are in the last paragraph of the page.",
732,2015-03-11_r02,2015-03-11_r02_ORDINARIA.pdf,32,Sr. Giustiniani,Sr. Giustiniani.-,yes,yes,same-paragraph,none,high,Eso está en los artículos 3º y 4º…,"One-line interruption inside the Borello turn; the next line is ""Sra. Borello.- ¡Ah, bueno, perfecto!""",
733,2015-03-11_r02,2015-03-11_r02_ORDINARIA.pdf,39,Sr. Presidente,Sr. Presidente. –,yes,yes,same-paragraph,none,high,"Queda aprobado. Como no hay más temas que tratar, queda levantada la sesión.","Printed with an en dash and a space after ""Presidente.""; the second sentence is the indented continuation of the same turn.",
734,2015-04-15_r03,2015-04-15_r03_ORDINARIA.pdf,11,Sr. Guastavino,Sr. Guastavino.-,yes,yes,same-paragraph,none,high,"Señor presidente: sí, es el artículo 2º. El artículo 2º del proyecto original hacía","Follows ""Sr. Presidente.- Tiene la palabra el senador Guastavino.""",
735,2015-04-15_r03,2015-04-15_r03_ORDINARIA.pdf,11,Sr. Presidente,Sr. Presidente.-,yes,yes,same-paragraph,none,high,"Gracias, senador Pichetto. Tiene la palabra el senador Guastavino.","""Gracias, senador Pichetto."" opens the turn; ""Tiene la palabra el senador Guastavino."" is the indented continuation.",
736,2015-04-15_r03,2015-04-15_r03_ORDINARIA.pdf,12,Sra. Negre de Alonso,Sra. Negre de Alonso.-,yes,yes,same-paragraph,none,high,"Quiero dejar constancia de que presenté un dictamen en minoría, en el tema de","Turn opens after ""Tiene la palabra la senadora Negre de Alonso.""",
737,2015-05-27_r04,2015-05-27_r04_ORDINARIA.pdf,22,Sr. Presidente,Sr. Presidente.-,yes,yes,same-paragraph,none,high,Propongo una votación a mano alzada para retirar estos pliegos.,"Followed by the stage direction ""- Se practica la votación.""",
738,2015-05-27_r04,2015-05-27_r04_ORDINARIA.pdf,47,Sr. Secretario (Estrada),Sr. Secretario (Estrada).-,yes,yes,same-paragraph,none,high,"Orden del Día Nº 250, expediente S.-2.288/14.",One-line reading of the order of the day.,
739,2015-05-27_r04,2015-05-27_r04_ORDINARIA.pdf,73,Sra. Odarda,Sra. Odarda.-,yes,yes,same-paragraph,none,high,Señor presidente: como senadora de la provincia de Río Negro comprendo la defensa legítima,"Preceded by ""Sr. Presidente (Marino). – Tiene la palabra la señora senadora Odarda.""",
740,2015-07-01_r05,2015-07-01_r05_ORDINARIA.pdf,18,Sr. Presidente,Sr. Presidente.-,yes,yes,same-paragraph,"superscript footnote marker ""4"" between ""declaración."" and ""Se procederá""",high,Queda aprobada la declaración. Se procederá en consecuencia.,"A near-identical earlier line on the same page reads ""Queda aprobada la declaración por unanimidad.3 Se procederá en consecuencia."", also under ""Sr. Presidente.-"", so the speaker is the same either way.",
741,2015-07-01_r05,2015-07-01_r05_ORDINARIA.pdf,33,Sr. Presidente,Sr. Presidente.-,yes,yes,same-paragraph,none,high,Por favor: solicito se respete al orador en uso de la palabra. Los oradores,"Turn opens after ""- Murmullos en el recinto.""; ""Los oradores tienen cinco minutos..."" is the indented continuation.",
742,2015-07-01_r05,2015-07-01_r05_ORDINARIA.pdf,67,Sr. Presidente,Sr. Presidente.-,yes,yes,same-paragraph,none,high,"Muchas gracias, senador. La senadora Montero tiene la palabra. La senadora Negre de Alonso",First line of the page; the quoted words run across three lines of the same turn.,
743,2015-07-01_r05,2015-07-01_r05_ORDINARIA.pdf,95,Sr. Presidente,Sr. Presidente.-,yes,yes,same-paragraph,none,high,Aprobado. Vuelve a la comisión. Tiene la palabra la señora senadora Kunath.,"Printed as ""Sr. Presidente.- Aprobado. Vuelve a la comisión."" with the next indented line ""Tiene la palabra la señora senadora Kunath.""",
744,2015-07-29_r06,2015-07-29_r06_ORDINARIA.pdf,21,Sr. Abal Medina,Sr. Abal Medina.-,yes,yes,same-paragraph,none,high,Es correcto. Aclaro que también es un hospital de alta complejidad; la diferencia es,"Preceded by ""Sr. Presidente.- Tiene la palabra el señor senador Abal Medina.""",
745,2015-07-29_r06,2015-07-29_r06_ORDINARIA.pdf,21,Sr. Presidente,Sr. Presidente.-,yes,yes,same-paragraph,none,high,Tiene la palabra el señor senador Abal Medina.,"The same sentence is printed twice on this page (near the top and again lower down), both times under ""Sr. Presidente.-"", so the label is not in doubt.",
746,2015-07-29_r06,2015-07-29_r06_ORDINARIA.pdf,30,Sr. Morales,Sr. Morales.-,yes,yes,same-paragraph,none,high,"En la medida en que no se acceda al pedido de vuelta a comisión,","Preceded by ""Sr. Presidente.- Tiene la palabra el señor senador Morales.""",
747,2015-08-26_r07,2015-08-26_r07_ORDINARIA.pdf,48,Sr. Presidente,Sr. Presidente.-,yes,yes,same-paragraph,none,high,"A continuación, corresponde la consideración de los órdenes del día con proyectos de ley","Turn opens right after the bold section title ""19. Consideración en conjunto de órdenes del día con proyectos de ley.""",
748,2015-08-26_r07,2015-08-26_r07_ORDINARIA.pdf,49,Sr. Linares,Sr. Linares.-,yes,yes,same-paragraph,none,high,"Gracias, presidente. La verdad es que no tenía conocimiento del decreto, lo lamento. La","""Gracias, presidente."" opens the turn; ""La verdad es que no tenía conocimiento del decreto..."" is the next indented paragraph of the same turn.",
749,2015-08-26_r07,2015-08-26_r07_ORDINARIA.pdf,51,Sr. Abal Medina,Sr. Abal Medina.-,yes,yes,same-paragraph,none,high,"Muy brevemente quería aclarar, para que conste, que el proyecto S.-2.588 fue aprobado con","Under the bold section title ""20. Eximición de sanción a ciudadanos afectados por inundaciones. (S.-2.588/15.) (Continuación.)""",
750,2015-09-16_r08,2015-09-16_r08_ORDINARIA.pdf,9,Sr. Secretario (Estrada),Sr. Secretario (Estrada).-,yes,yes,same-paragraph,none,high,Mensaje 1.797/15 por el que se solicita acuerdo para promover al grado inmediato superior,"Reading of the executive messages under the section title ""4. Asuntos entrados.""",
751,2015-09-16_r08,2015-09-16_r08_ORDINARIA.pdf,11,Sr. Pichetto,Sr. Pichetto.-,yes,yes,same-paragraph,none,high,"Con respecto al tema del senador Giustiniani, no tenemos problema en que sea con","Label opens the same paragraph, immediately after ""Sr. Presidente.- Tiene la palabra el senador Pichetto.""",
752,2015-09-16_r08,2015-09-16_r08_ORDINARIA.pdf,15,Sr. Presidente,Sr. Presidente.-,yes,yes,same-paragraph,none,high,"Perdón, senador Pichetto, antes de finalizar le está pidiendo la palabra el senador Solanas.",The president interrupts Pichetto; the quoted words open the president's own labelled paragraph.,
753,2015-09-16_r08,2015-09-16_r08_ORDINARIA.pdf,16,Sra. Morandini,Sra. Morandini.-,yes,yes,same-paragraph,none,high,"Senador Pichetto, apenas una aclaración.","Printed ""Sra. Morandini.- Senador Pichetto, apenas una aclaración.""; the stage direction about Pichetto follows it.",
754,2015-09-16_r08,2015-09-16_r08_ORDINARIA.pdf,19,Sr. Presidente,Sr. Presidente.-,yes,yes,same-paragraph,none,high,Continúa la sesión. Corresponde la consideración de los órdenes del día con proyectos de,"Label follows the bold section title ""8. Consideración en conjunto de órdenes del día...""; ""Corresponde la consideración..."" is the next paragraph of the same turn.",
755,2015-09-16_r08,2015-09-16_r08_ORDINARIA.pdf,48,Sr. Basualdo,Sr. Basualdo.-,yes,yes,same-paragraph,none,high,"Señor presidente: he escuchado a los miembros informantes y a la senadora Montero, quien","Preceded by the stage direction about Amado Boudou taking the chair and by ""Sr. Presidente.- Tiene la palabra el senador Basualdo.""",
756,2015-09-16_r08,2015-09-16_r08_ORDINARIA.pdf,66,Sr. González,Sr. González.-,yes,yes,same-paragraph,none,high,"Pido autorización para leer algunas partes de mi exposición, porque tiene muchos números.",Quoted words open the labelled paragraph.,
757,2015-09-16_r08,2015-09-16_r08_ORDINARIA.pdf,74,Sr. Urtubey,Sr. Urtubey.-,yes,yes,same-paragraph,none,high,"Señor presidente: lo sabemos los miembros de la comisión, pero es para aclarar al",Quoted words open the labelled paragraph.,
758,2015-09-16_r08,2015-09-16_r08_ORDINARIA.pdf,74,Sr. Presidente (Zamora),Sr. Presidente (Zamora).-,yes,yes,same-paragraph,none,high,Tiene la palabra el señor senador Morales.,"Appears once on the page, under the homage section title; other ""Tiene la palabra"" lines on the page name Pichetto, not Morales.",
759,2015-09-16_r08,2015-09-16_r08_ORDINARIA.pdf,75,Sr. Presidente (Zamora),Sr. Presidente (Zamora).-,yes,yes,same-paragraph,none,high,Tiene la palabra el senador Morales.,"Near the foot of the page, just before ""Sr. Morales.- Si me permiten, leeré el texto..."".",
760,2015-10-07_r09,2015-10-07_r09_ORDINARIA.pdf,16,Sr. Secretario (Estrada),Sr. Secretario (Estrada).-,yes,yes,same-paragraph,none,high,Resultan 58 votos afirmativos. Unanimidad.,"Last labelled line of the page, after ""- Se practica la votación por medios electrónicos.""",
761,2015-10-07_r09,2015-10-07_r09_ORDINARIA.pdf,19,Sr. Rodríguez Saá,Sr. Rodríguez Saá.-,yes,yes,same-paragraph,none,high,Señor presidente: estamos a dos meses y dos o tres días de que la,Quoted words open the labelled paragraph.,
762,2015-10-07_r09,2015-10-07_r09_ORDINARIA.pdf,20,Sr. Presidente,Sr. Presidente.-,yes,yes,same-paragraph,none,high,Tiene la palabra el señor senador Guinle.,"Printed ""Sr. Presidente.- Tiene la palabra el señor senador Guinle.""; only occurrence on the page.",
763,2015-10-07_r09,2015-10-07_r09_ORDINARIA.pdf,75,Sr. Presidente,Sr. Presidente.-,yes,yes,same-paragraph,none,high,Ahora corresponde pasar al conjunto de proyectos de ley para tratar sobre tablas.,"Label follows the bold section title ""19. Consideración en conjuntos de proyectos de ley.""",
764,2015-10-07_r09,2015-10-07_r09_ORDINARIA.pdf,76,Sr. Presidente,Sr. Presidente.-,yes,yes,same-paragraph,none,high,"Quedan habilitados. Lea los números, secretario.","""Quedan habilitados."" is on the labelled line; ""Lea los números, secretario."" is the next paragraph of the same turn.",
765,2015-10-28_r10,2015-10-28_r10_ORDINARIA.pdf,68,Sr. Rodríguez Saá,Sr. Rodríguez Saá.-,yes,yes,previous-page,none,high,"cuál es el rumbo; no es que van en un rumbo equivocado, sino que","Label opens at the foot of printed page 66; page 67 carries no label, and the quoted words are the first line of page 68.",
766,2015-10-28_r10,2015-10-28_r10_ORDINARIA.pdf,87,Sr. Artaza,Sr. Artaza.-,yes,yes,earlier-on-page,none,high,Realmente soy autor y quería que esté también a la vista el proyecto S.,"Label opens ""En carácter de actor y de senador. (Risas.)""; the quoted words are the next paragraph of that same turn.",
767,2015-10-28_r10,2015-10-28_r10_ORDINARIA.pdf,97,Sr. Secretario (Estrada),Sr. Secretario (Estrada).-,yes,yes,same-paragraph,none,high,Resultan 43 votos afirmativos. Unanimidad.,"Top of the page; a second ""Resultan 43 votos afirmativos"" (without ""Unanimidad"") appears on printed page 99, not here.",
768,2015-10-28_r10,2015-10-28_r10_ORDINARIA.pdf,99,Sr. Presidente,Sr. Presidente.-,yes,yes,earlier-on-page,none,high,Declaración de interés del I Coloquio Provincial sobre Ordenamiento Territorial de Bosques Nativos. (S.-3.582/15,"Governing label is ""Sr. Presidente.- Queda habilitado el tratamiento sobre tablas.""; the stage direction ""- Los proyectos en consideración, cuyos textos se incluyen en el Apéndice, son los siguientes:"" sits between it and the listed items.",
769,2015-11-25_r11,2015-11-25_r11_ORDINARIA.pdf,37,Sr. Presidente (Zamora),Sr. Presidente (Zamora).-,yes,yes,same-paragraph,none,high,¿Separamos también el 802? Tiene la palabra el senador Pichetto.,"""¿Separamos también el 802?"" is on the labelled line; ""Tiene la palabra el senador Pichetto."" is the next paragraph of the same turn.",
770,2015-11-25_r11,2015-11-25_r11_ORDINARIA.pdf,46,Sr. Presidente (Zamora),Sr. Presidente (Zamora).-,yes,yes,same-paragraph,none,high,Tiene la palabra la señora senadora Odarda.,Only occurrence of this exact sentence on the page; the other similar lines name Negre de Alonso and Crexell.,
771,2015-12-03_r12,2015-12-03_r12_ESPECIAL.pdf,8,Sr. Presidente,Sr. Presidente.-,yes,yes,earlier-on-page,none,high,Señor senador nacional electo por la provincia de Mendoza don Julio César Cleto Cobos:,"The oath formula is a continuation paragraph of the turn opened by ""Sr. Presidente.- Si así no lo hiciereis, Dios y la Patria os lo demanden. (Aplausos.)"" just above it.",
772,2016-02-23_r01,2016-02-23_r01_PREPARATORIA.pdf,4,Sr. Presidente (Pinedo),Sr. Presidente (Pinedo).-,yes,yes,same-paragraph,none,high,Por Secretaría se dará lectura a la renuncia presentada por el doctor Estrada.,Quoted words open the labelled paragraph.,
773,2016-03-09_r02,2016-03-09_r02_ORDINARIA.pdf,5,Sr. Presidente (Pinedo),Sr. Presidente (Pinedo).-,yes,yes,same-paragraph,none,high,"En consideración. Si no se hace uso de la palabra, se va a votar.","""En consideración."" is on the labelled line; ""Si no se hace uso de la palabra, se va a votar."" is the next paragraph of the same turn.",
774,2016-04-27_r04,2016-04-27_r04_ESPECIAL.pdf,59,Sr. Presidente (Cobos),Sr. Presidente (Cobos).-,yes,yes,same-paragraph,none,high,"Muy bien. Después se van a autorizar las inserciones, senadora. Perdón, senadora Verasay; está","""Muy bien."" is on the labelled line at the foot of the page; the following two lines continue the same turn.",
775,2016-05-18_r05,2016-05-18_r05_ESPECIAL.pdf,33,Sra. Negre de Alonso,Sra. Negre de Alonso.-,yes,yes,same-paragraph,none,high,"Por ejemplo, si alguien sacara un crédito de 500.000 pesos –me sigo refiriendo al","Follows ""Sr. Presidente (Pinedo).- Continúa en el uso de la palabra la senadora Negre de Alonso.""",
776,2016-05-18_r05,2016-05-18_r05_ESPECIAL.pdf,45,Sr. Secretario (Tunessi),Sr. Secretario (Tunessi).-,yes,yes,same-paragraph,none,high,El proyecto de declaración del senador Abal Medina es un proyecto por el que,"Label opens the same paragraph; the neighbouring turns are Sr. Pichetto and Sr. Presidente (Marino), neither governs these words.",
777,2016-06-01_r07,2016-06-01_r07_INFORMATIVA_ESPECIAL.pdf,9,Sr. Jefe de Gabinete de Ministros,Sr. Jefe de Gabinete de Ministros.-,yes,yes,previous-page,none,high,"Lo segundo, es que vean las prioridades que el presidente ha marcado trabajando, en",Turn opens on printed page 4 and no new bold label appears on pages 5-9 before the quoted words at the top of page 9.,
778,2016-06-08_r08,2016-06-08_r08_ORDINARIA.pdf,43,Sra. Presidente,Sra. Presidente.-,yes,yes,same-paragraph,none,high,"Si no se hace uso de la palabra, se va a votar.","Printed ""Sra. Presidente"", not ""Presidenta""; transcribed as printed.",
779,2016-06-29_r10,2016-06-29_r10_ESPECIAL.pdf,117,Sra. Presidente,Sra. Presidente. -,yes,yes,same-paragraph,none,high,"Se consigna el voto negativo de la senadora Fellner en el 28, del senador","This page prints a space between ""Presidente."" and the dash; copied as printed.",
780,2016-07-13_r11,2016-07-13_r11_ORDINARIA.pdf,92,Sr. Secretario (Tunessi),Sr. Secretario (Tunessi).-,yes,yes,same-paragraph,none,high,"Muy bien, los leo todos, señor senador. Proyecto de ley del senador Perotti por","""Muy bien, los leo todos, señor senador."" opens the labelled paragraph; the Perotti sentence is the next paragraph of the same turn.",
781,2016-08-10_r12,2016-08-10_r12_ORDINARIA.pdf,13,Sr. Presidente (Pinedo),Sr. Presidente (Pinedo).-,yes,yes,same-paragraph,none,high,Tiene la palabra el señor senador Pais.,Last line of the page; label is on the same line as the quoted words.,
782,2016-08-10_r12,2016-08-10_r12_ORDINARIA.pdf,17,Sr. Presidente (Pinedo),Sr. Presidente (Pinedo).-,yes,yes,same-paragraph,none,high,"Sí, así se va a hacer.","Reads ""Sí, así se va a hacer."" between two Sr. Mayans turns.",
783,2016-08-10_r12,2016-08-10_r12_ORDINARIA.pdf,31,Sr. Secretario (Tunessi),Sr. Secretario (Tunessi).-,yes,yes,same-paragraph,none,high,Dictamen de la Comisión de Acuerdos por el que se solicita acuerdo para designar,"Upper part of the page, just before ""Sra. Presidente.- Si no se hace uso de la palabra"".",
784,2016-08-10_r12,2016-08-10_r12_ORDINARIA.pdf,62,Sr. Pichetto,Sr. Pichetto.-,yes,yes,same-paragraph,none,high,"No cumple el Reglamento, presidenta. Usted no tiene que contestarme a mí.","Immediately after a short ""Sr. Rozas.- ¿Me permite, presidente?"" turn.",
785,2016-08-10_r12,2016-08-10_r12_ORDINARIA.pdf,69,Sr. Secretario (Tunessi),Sr. Secretario (Tunessi).-,yes,yes,same-paragraph,none,high,Y faltarían mencionar el 428 y el 429. Esos son todos.,"First line of the page; page prints ""Y faltarían mencionar el 428 y el 429.""",
786,2016-08-10_r12,2016-08-10_r12_ORDINARIA.pdf,82,Sr. Secretario (Tunessi),Sr. Secretario (Tunessi).-,yes,yes,same-paragraph,none,high,"Hubo una confusión. Quiero explicar que, con respecto al tratamiento sobre tablas acordado en","""Hubo una confusión."" opens the labelled paragraph; ""Quiero explicar que..."" is the next paragraph of the same turn.",
787,2016-09-07_r13,2016-09-07_r13_ORDINARIA.pdf,21,Sr. Linares,Sr. Linares.-,yes,yes,same-paragraph,none,high,"Gracias, presidenta. Avalo la posición del senador Abal Medina. Desde la provincia de Buenos","Bottom of the page; ""Gracias, presidenta."" carries the label, the following paragraphs continue the same turn.",
788,2016-09-07_r13,2016-09-07_r13_ORDINARIA.pdf,61,Sra. Presidente,Sra. Presidente.-,yes,yes,same-paragraph,none,high,Tiene la palabra la senadora Fiore.,"Next turn is ""Sra. Fiore Viñuales.-"", but the quoted words belong to the presiding officer's line.",
789,2016-09-07_r13,2016-09-07_r13_ORDINARIA.pdf,63,Sr. Pais,Sr. Pais.-,yes,yes,same-paragraph,none,high,"Señora presidente: más allá de que hablen los miembros informantes de los dictámenes, pido",Label opens the paragraph containing the quoted words.,
790,2016-09-07_r13,2016-09-07_r13_ORDINARIA.pdf,95,Sra. Presidente,Sra. Presidente.-,yes,yes,same-paragraph,none,high,"Bien, unanimidad. Y ahora vamos el artículo 8º.","""Bien, unanimidad."" carries the label; ""Y ahora vamos el artículo 8º."" is the next line of the same turn.",
791,2016-09-21_r14,2016-09-21_r14_ESPECIAL.pdf,4,Sr. Urtubey,Sr. Urtubey.-,yes,yes,same-paragraph,none,high,"Gracias, señor presidente. Efectivamente, hoy sometemos a acuerdo de este pleno todos estos pliegos,","""Gracias, señor presidente."" carries the label; ""Efectivamente, hoy sometemos..."" continues the same turn.",
792,2016-09-21_r14,2016-09-21_r14_ESPECIAL.pdf,37,Sr. Presidente (Pinedo),Sr. Presidente (Pinedo).-,yes,yes,same-paragraph,none,high,"Gracias, señor senador. Tiene la palabra el senador Romero.","Near the bottom of the page, just before ""Sr. Romero.-"".",
793,2016-09-21_r14,2016-09-21_r14_ESPECIAL.pdf,51,Sr. Presidente (Pinedo),Sr. Presidente (Pinedo).-,yes,yes,same-paragraph,none,high,"Entonces, voy a votar del 27 al 29, inclusive. Se vota.","""Se vota."" is the next line of the same turn, before the italic stage direction.",
794,2016-09-28_r15,2016-09-28_r15_INFORMATIVA_ESPECIAL.pdf,3,Sr. Presidente (Pinedo),Sr. Presidente (Pinedo).-,yes,yes,same-paragraph,none,high,"Se pone en consideración la propuesta del señor senador, se requieren dos tercios de",Follows the Sr. Martínez (E. F.) turn and precedes the vote stage direction.,
795,2016-09-28_r15,2016-09-28_r15_INFORMATIVA_ESPECIAL.pdf,49,Sra. Giménez,Sra. Giménez.-,yes,yes,same-paragraph,none,high,"Gracias, señor presidente. Señor jefe de Gabinete: hoy, la verdad, es un día triste.","""Gracias, señor presidente."" carries the label at the top of the page; the ""Señor jefe de Gabinete"" sentence is the next paragraph of the same turn.",
796,2016-10-19_r16,2016-10-19_r16_ORDINARIA.pdf,64,Sr. Martínez (E. F.),Sr. Martínez (E. F.).-,yes,yes,same-paragraph,none,high,"Gracias, señor presidente. Señoras senadoras: las felicito por la ley que van a obtener","""Gracias, señor presidente."" carries the label; ""Señoras senadoras: las felicito..."" continues the same turn.",
797,2016-11-02_r17,2016-11-02_r17_ORDINARIA.pdf,92,Sr. Presidente (Pinedo),Sr. Presidente (Pinedo).-,yes,yes,same-paragraph,none,high,Tiene la palabra el senador Cobos.,"Directly precedes the ""Sr. Cobos.-"" turn.",
798,2016-11-02_r17,2016-11-02_r17_ORDINARIA.pdf,95,Sra. Labado,Sra. Labado.-,yes,yes,same-paragraph,none,high,"Señor presidente: escuché varias cosas en este debate, valga la redundancia, acerca del debate",Label opens the paragraph with the quoted words.,
799,2016-11-02_r17,2016-11-02_r17_ORDINARIA.pdf,104,Sr. Presidente (Pinedo),Sr. Presidente (Pinedo).-,yes,yes,same-paragraph,none,high,Corresponde considerar el dictamen de la Comisión de Legislación General en el proyecto de,"Paragraph opens the section titled ""21. Modificación de la Ley de Concursos y Quiebras (O.D. Nº 463/16.)"".",
800,2016-11-16_r18,2016-11-16_r18_ORDINARIA.pdf,83,Sr. Secretario (Tunessi),Sr. Secretario (Tunessi).-,yes,yes,same-paragraph,none,high,"Para modificar un proyecto suyo, senadora, que dice “declaración de interés religioso” y tiene","Between two ""Sra. Iturrez de Cappellini.-"" turns; the quoted words are the secretary's.",
801,2016-11-23_r19,2016-11-23_r19_ORDINARIA.pdf,27,Sr. Pérsico,Sr. Pérsico.-,yes,yes,same-paragraph,none,high,"Gracias, presidente. Acompaño este proyecto relativo a alquileres, pero quería hacer unos breves comentarios.","""Gracias, presidente."" follows the label directly; the rest of the quote is the next indented paragraph of the same turn.",
802,2016-11-23_r19,2016-11-23_r19_ORDINARIA.pdf,62,Sra. Labado,Sra. Labado.-,yes,yes,same-paragraph,none,high,"Antes de la votación, quiero fundamentar mi voto: como madre que ha sufrido la",Last of three short Labado turns on the page; the quoted words begin immediately after the label.,
803,2016-11-23_r19,2016-11-23_r19_ORDINARIA.pdf,62,Sra. Sacnun,Sra. Sacnun.-,yes,yes,same-paragraph,none,high,"Señor presidente: para abstenerme también, en el mismo sentido que lo planteado por el",Quoted words begin immediately after the label; a similar abstention request by Sra. García appears earlier but with different wording.,
804,2016-11-23_r19,2016-11-23_r19_ORDINARIA.pdf,108,Sra. Fernández Sagasti,Sra. Fernández Sagasti.-,yes,yes,same-paragraph,none,high,"Bueno, es lo que me pasó a mí. Tal vez, justo se han olvidado","The preceding line is the interjection ""Varios señores senadores.- No, no.""; the quoted words open a new Fernández Sagasti turn.",
805,2016-11-30_r20,2016-11-30_r20_ORDINARIA.pdf,10,Sra. Odarda,Sra. Odarda.-,yes,yes,same-paragraph,none,high,Señor presidente: solicito autorización para la abstención tanto del senador Fernando Solanas como de,Quoted words begin immediately after the label.,
806,2016-11-30_r20,2016-11-30_r20_ORDINARIA.pdf,137,Sra. Presidente,Sra. Presidente.-,yes,yes,same-paragraph,none,high,"Perdón. Espéreme, senador. Lo que yo proponía era votar el dictamen en mayoría y","Printed ""Sra. Presidente.-"" (not ""Presidenta""); the paragraph follows the stage direction ""- Varios señores senadores hablan a la vez.""",
807,2016-11-30_r20,2016-11-30_r20_ORDINARIA.pdf,145,Sr. Secretario (Tunessi),Sr. Secretario (Tunessi).-,yes,yes,same-paragraph,none,high,Se registran 57 votos afirmativos; 2 votos negativos y una abstención.,"ambiguous - the same vote wording is printed twice on the page (once continuing ""con la propuesta de la senadora de la Rosa""), but both instances carry the identical label ""Sr. Secretario (Tunessi).-""; I take the second, which ends at ""abstención.""",
808,2016-11-30_r20,2016-11-30_r20_ORDINARIA.pdf,145,Sr. Secretario (Tunessi),Sr. Secretario (Tunessi).-,yes,yes,same-paragraph,none,high,"Se registran 57 votos afirmativos; 2 votos negativos y una abstención, con la propuesta","The first of the two vote announcements on the page, the one continuing ""con la propuesta de la senadora de la Rosa para el artículo 5.""",
809,2016-11-30_r20,2016-11-30_r20_ORDINARIA.pdf,162,Sra. González,Sra. González.-,yes,yes,same-paragraph,none,high,Cerremos la lista de oradores.,"One-line turn between two ""Sra. Presidente.-"" turns; the quoted sentence is the whole turn.",
810,2016-11-30_r20,2016-11-30_r20_ORDINARIA.pdf,173,Sr. Secretario (Tunessi),Sr. Secretario (Tunessi).-,yes,yes,same-paragraph,none,high,“Proyecto de declaración. El Senado de la Nación declara su rechazo a la decisión,The secretary reads the declaration text; quoted words begin immediately after the label with an opening quotation mark.,
811,2016-12-14_r21,2016-12-14_r21_EXTRAORDINARIA.pdf,28,Sr. Braillard Poccard,Sr. Braillard Poccard.-,yes,yes,same-paragraph,none,high,"Gracias, señora presidente. Solamente quiero hacer nada más que algunas acotaciones, porque creo que","""Gracias, señora presidente."" sits on the label line; the rest of the quote is the next paragraph of the same turn.",
812,2016-12-21_r22,2016-12-21_r22_EXTRAORDINARIA.pdf,49,Sr. Martínez (E. F.),Sr. Martínez (E. F.).-,yes,yes,same-paragraph,none,high,"Gracias, presidenta. Tan solo una formalidad reglamentaria y la generosidad del senador Rozas me","""Gracias, presidenta."" sits on the label line; the rest of the quote is the next paragraph of the same turn.",
813,2016-12-21_r22,2016-12-21_r22_EXTRAORDINARIA.pdf,66,Sra. Presidente,Sra. Presidente.-,yes,yes,same-paragraph,none,high,"No, me dijo que sí, que había terminado. Le pregunté...","Second line of the page; printed ""Sra. Presidente.-"" (not ""Presidenta""). A similar later line reads ""Le pregunté a la senadora si había terminado y me dijo que sí."" under the same label.",
814,2017-03-01_r00,2017-03-01_r00_ASAMBLEA.pdf,8,Sr. Presidente de la Nación,Sr. Presidente de la Nación.-,yes,yes,previous-page,(Aplausos.),high,"Y no esperamos que vengan a las oficinas de la ANSES, fuimos a buscar","Turn opens on printed page 6; pages 7 and 8 carry no new label, only running heads and applause markers inside the paragraph.",
815,2017-03-01_r00,2017-03-01_r00_ASAMBLEA.pdf,10,Sr. Presidente de la Nación,Sr. Presidente de la Nación.-,yes,yes,previous-page,(Aplausos.),high,El Banco Central cumplió con sus metas y en el segundo semestre la inflación,"Last label before the quoted words is the third ""Sr. Presidente de la Nación.-"" on printed page 9 (after the ""Sra. Presidente.- Por favor, silencio."" interjection); page 10 has no label.",
816,2017-03-01_r00,2017-03-01_r00_ASAMBLEA.pdf,17,Sr. Presidente de la Nación,Sr. Presidente de la Nación.-,yes,yes,same-paragraph,(Aplausos.),high,"No hay más lugar para cinismos, señores.","First line of the page; the quoted sentence is followed on the same line by ""(Aplausos.)"".",
817,2017-03-29_r02,2017-03-29_r02_ORDINARIA.pdf,84,Sr. Presidente (Pinedo),Sr. Presidente (Pinedo).-,yes,yes,same-paragraph,none,high,Se van a votar los artículos 22 a 67.,"Printed as ""Se van a votar los artículos 22 a 67.""; a parallel line ""Se van a votar los artículos 63 al 67."" appears later under the same label.",
818,2017-03-29_r02,2017-03-29_r02_ORDINARIA.pdf,85,Sr. Presidente (Pinedo),Sr. Presidente (Pinedo).-,yes,yes,same-paragraph,none,high,"Resulta afirmativo. Ahora necesitamos habilitar, por las dos terceras partes de los votos, el","""Resulta afirmativo."" is on the label line; the rest of the quote is the next paragraph of the same turn.",
819,2017-03-29_r02,2017-03-29_r02_ORDINARIA.pdf,86,Sr. Secretario (Tunessi),Sr. Secretario (Tunessi).-,yes,yes,same-paragraph,none,high,"Se requieren dos tercios para habilitar su tratamiento, pero son: el expediente P.E.-449/16, proyecto",Quoted words begin immediately after the label; the same sentence is repeated three paragraphs later inside the same turn.,
820,2017-03-29_r02,2017-03-29_r02_ORDINARIA.pdf,90,Sr. Presidente (Pinedo),Sr. Presidente (Pinedo).-,yes,yes,earlier-on-page,none,medium,Declaración de reconocimiento a la trayectoria del grupo musical santafesino Canticuénticos. (O.D. Nº 1.094/16.),"The list item stands after the stage direction ""- Los órdenes del día en consideración, cuyos textos se incluyen en el Apéndice, son los siguientes:"", which does not end the Pinedo turn.",
821,2017-03-29_r02,2017-03-29_r02_ORDINARIA.pdf,98,Sr. Presidente (Pinedo),Sr. Presidente (Pinedo).-,yes,yes,same-paragraph,none,high,"Senador Pichetto, tiene la palabra.",One-line turn; quoted sentence follows the label directly.,
822,2017-03-29_r02,2017-03-29_r02_ORDINARIA.pdf,98,Sr. Presidente (Pinedo),Sr. Presidente (Pinedo).-,yes,yes,same-paragraph,none,high,"A ver, señores senadores, señores senadores… Si hay abstenciones, tenemos que decir quiénes son","Paragraph follows the stage direction ""- Varios señores senadores hablan a la vez."", which does not end the turn.",
823,2017-04-25_r03,2017-04-25_r03_ESPECIAL.pdf,10,Sra. Rodríguez Machado,Sra. Rodríguez Machado.-,yes,yes,same-paragraph,none,high,Pido la palabra para una cuestión de privilegio.,"First turn under the bold section title ""8. Cuestión de privilegio planteada por la señora senadora Rodríguez Machado. (S.-1.378/17.)"".",
824,2017-04-25_r04,2017-04-25_r04_INFORMATIVA_ESPECIAL.pdf,8,Sr. Pichetto,Sr. Pichetto.-,yes,yes,same-paragraph,none,high,"Estoy para el cierre, presidenta, cuando toque hablar a los presidentes de bloque. Tiene","Quoted words begin at the label; ""Tiene"" opens the next paragraph of the same turn (""Tiene que haber alguna lista de oradores hecha."").",
825,2017-04-26_r05,2017-04-26_r05_ESPECIAL.pdf,3,Sr. Lovera,Sr. Lovera.-,yes,yes,same-paragraph,none,high,"Gracias, señor presidente. En principio, agradezco la posibilidad de darnos estos minutos para hacer","""Gracias, señor presidente."" sits on the label line; the rest of the quote is the next paragraph of the same turn.",
826,2017-04-26_r05,2017-04-26_r05_ESPECIAL.pdf,11,Sr. Rozas,Sr. Rozas.-,yes,yes,same-paragraph,none,high,"Gracias, presidente, y gracias, senadora. Es simplemente para decirle que no es un proyecto","Label printed with no space after the dash (""Sr. Rozas.-Gracias, presidente, y gracias, senadora.""); the ""Es simplemente..."" sentence is the next indented paragraph of the same turn.",
827,2017-05-10_r06,2017-05-10_r06_ESPECIAL.pdf,41,Sra. Presidente,Sra. Presidente.-,yes,yes,same-paragraph,none,high,Senadora: van ya tres minutos y casi medio más. Tiene que ser respetuosa también,"Printed ""Presidente"", not ""Presidenta""; ""Tiene que ser respetuosa también de los demás."" is the following indented paragraph of the same turn.",
828,2017-05-31_r07,2017-05-31_r07_ORDINARIA.pdf,62,Sr. Presidente (Pinedo),Sr. Presidente (Pinedo).-,yes,yes,same-paragraph,none,high,Corresponde votar el proyecto de Catamarca a mano alzada.,"Page prints ""Corresponde votar el proyecto de Catamarca a mano alzada."" immediately after the label.",
829,2017-05-31_r07,2017-05-31_r07_ORDINARIA.pdf,69,Sr. Presidente (Pinedo),Sr. Presidente (Pinedo).-,yes,yes,same-paragraph,none,high,Corresponde proponer el tratamiento de los proyectos sobre tablas a solicitar acordados en la,"Bold section title ""21. Consideración en conjunto de proyectos sobre tablas"" sits above the paragraph but outside it.",
830,2017-06-28_r08,2017-06-28_r08_INFORMATIVA_ESPECIAL.pdf,45,Sr. Romero,Sr. Romero.-,yes,yes,same-paragraph,none,high,"No hay problema, presidente. Gracias. Jefe de Gabinete: yo sé que gran parte de","Bolding is uneven on the page (""Sr"". and ""Romero"" bold, the period-dash following); the ""Jefe de Gabinete: yo sé que gran parte de..."" sentence is the next indented paragraph of the same turn.",
831,2017-07-12_r09,2017-07-12_r09_ESPECIAL.pdf,13,Sra. Negre de Alonso,Sra. González.-,phrase-printed-twice,yes,same-paragraph,none,low,¿Por qué se cambió el orden?,"ambiguous - the exact phrase ""¿Por qué se cambió el orden?"" is printed four times on this page under three different labels (Sra. González twice, Varios señores senadores, Sra. Negre de Alonso); I report them in page order across cases 831-833 and this is the first occurrence.","parser right — page 13 of the 12 Jul 2017 sitting prints '¿Por qué se cambió el orden?' four times, under Sra. González (twice), 'Varios señores senadores' and Sra. Negre de Alonso, and the parser records all four turns, one under each label. Cases 831 and 833 are two of those four; nothing on the page tells a reader which occurrence was asked for."
832,2017-07-12_r09,2017-07-12_r09_ESPECIAL.pdf,13,Varios señores senadores,Varios señores senadores.-,yes,yes,same-paragraph,none,low,¿Por qué se cambió el orden?,"ambiguous - same words appear under Sra. González, Varios señores senadores and Sra. Negre de Alonso on this page; this is the second occurrence in page order, printed right after the stage direction ""- Varios señores senadores hablan a la vez.""",
833,2017-07-12_r09,2017-07-12_r09_ESPECIAL.pdf,13,Sra. González,Sra. Negre de Alonso.-,phrase-printed-twice,yes,same-paragraph,none,low,¿Por qué se cambió el orden?,"ambiguous - same words appear under Sra. González, Varios señores senadores and Sra. Negre de Alonso on this page; this is the third occurrence in page order.","parser right — same page, same four occurrences. See case 831."
834,2017-08-23_r10,2017-08-23_r10_ORDINARIA.pdf,24,Sra. Negre de Alonso,Sra. Negre de Alonso.-,yes,yes,same-paragraph,none,high,Señora presidente: pido la palabra para una cuestión de privilegio. Quiero decir que el,"""Quiero decir que el tema..."" is the next indented paragraph of the same turn; the bold section title ""5. Cuestión de privilegio planteada por la señora senadora Negre de Alonso. (S.-3.118/17.)"" is above and outside.",
835,2017-08-23_r10,2017-08-23_r10_ORDINARIA.pdf,35,Sr. Rozas,Sr. Rozas.-,yes,yes,same-paragraph,(Risas.),high,"Si me deja hablar, se va a enterar.","The paragraph reads ""Bueno, si me deja hablar, se va a enterar en el camino. (Risas.) Si me deja hablar, se va a enterar.""; the near-identical earlier clause in the same paragraph is the only other candidate and it carries the same label.",
836,2017-08-23_r10,2017-08-23_r10_ORDINARIA.pdf,35,Sr. Rozas,Sr. Rozas.-,yes,yes,same-paragraph,none,high,"No, no tiene ninguna facultad.","Single-line turn ""Sr. Rozas.- No, no tiene ninguna facultad."" between two ""Sra. Presidente.-"" turns.",
837,2017-08-23_r10,2017-08-23_r10_ORDINARIA.pdf,77,Sra. Presidente,Sra. Presidente.-,yes,yes,same-paragraph,none,high,"Muchas gracias, senador Pichetto. Tiene la palabra el senador Linares.","This page prints both ""Sra. Presidente.-"" and ""Sra. Presidenta.-"" in different turns; the one governing these words is ""Presidente"".",
838,2017-09-06_r11,2017-09-06_r11_INFORMATIVA_ESPECIAL.pdf,42,Sr. Jefe de Gabinete de Ministros,Sr. Jefe de Gabinete de Ministros.-,yes,yes,same-paragraph,none,high,"Exacto. Senadora Labado: respecto del plan de agua, usted sabe que lanzamos un llamado","""Exacto."" follows the label; ""Senadora Labado: respecto del plan de agua..."" is the next indented paragraph of the same turn.",
839,2017-09-07_r12,2017-09-07_r12_ORDINARIA.pdf,15,Sr. Presidente (Pinedo),Sr. Presidente (Pinedo).-,yes,yes,same-paragraph,none,high,Invito al señor senador Ángel Rozas a izar la bandera nacional en el mástil,"Bold section title ""1. Izamiento de la bandera nacional"" sits above the paragraph but outside it.",
840,2017-09-07_r12,2017-09-07_r12_ORDINARIA.pdf,20,Sr. Pichetto,Sr. Pichetto.-,yes,yes,same-paragraph,none,high,Quiero dejar constancia de que fue solicitada por mí en el marco de labor,"Turn opens ""Sr. Pichetto.- Quiero dejar constancia de que fue solicitada por mí en el marco de labor parlamentaria..."".",
841,2017-09-07_r12,2017-09-07_r12_ORDINARIA.pdf,37,Sr. Secretario (Tunessi),Sr. Secretario (Tunessi).-,yes,yes,same-paragraph,none,high,"Resultan afirmativos, 43 votos; negativos, 1 voto; y 4 abstenciones.","Last turn on the page, right after the stage direction ""- Se practica la votación por medios electrónicos.""",
842,2017-09-27_r13,2017-09-27_r13_ESPECIAL.pdf,73,Sr. Martínez (E. F.),Sr. Martínez (E. F.).-,yes,yes,same-paragraph,none,high,"Listo. Bueno, que digan que no.","Single-line turn ""Sr. Martínez (E. F.).- Listo. Bueno, que digan que no.""",
843,2017-09-27_r13,2017-09-27_r13_ESPECIAL.pdf,75,Sra. García Larraburu,Sra. García Larraburu.-,yes,yes,same-paragraph,none,high,"Y de responsabilidad interna nuestra y de defensa del trabajo que hacemos, porque resulta",Same speaker also has an earlier short turn on the page; the quoted words open her second turn.,
844,2017-11-29_r17,2017-11-29_r17_ESPECIAL.pdf,3,Sra. Presidente,Sra. Presidente.-,yes,yes,same-paragraph,none,high,Invito al senador doctor Carlos Saúl Menem a proceder al izamiento de la bandera,"Printed ""Presidente"", not ""Presidenta""; bold section title ""1. Izamiento de la bandera nacional"" is above and outside the paragraph.",
845,2017-11-29_r18,2017-11-29_r18_ORDINARIA.pdf,38,Sra. Presidente,Sra. Presidente.-,yes,yes,same-paragraph,none,high,Tiene la palabra el señor senador Rodríguez Saá.,"Last printed line of the page; printed ""Presidente"", not ""Presidenta"".",
846,2017-11-29_r18,2017-11-29_r18_ORDINARIA.pdf,41,Sra. Presidente,Sra. Presidente.-,yes,yes,same-paragraph,none,high,No se la va a otorgar.,"Single-line turn between ""Sra. Negre de Alonso.-"" and ""Sr. Petcoff Naidenoff.-"".",
847,2017-11-29_r18,2017-11-29_r18_ORDINARIA.pdf,95,Sr. Presidente (Rodríguez Saá),Sr. Presidente (Rodríguez Saá).-,yes,yes,same-paragraph,none,high,"Senadora por Mendoza, Fernández Sagasti.","The chair here is named Rodríguez Saá in the parenthesis, not Pinedo.",
848,2017-11-29_r18,2017-11-29_r18_ORDINARIA.pdf,111,Sr. Presidente (Pinedo),Sr. Presidente (Pinedo).-,yes,yes,same-paragraph,none,high,"Senador Urtubey, tiene la palabra.","Single-line turn ""Sr. Presidente (Pinedo).- Senador Urtubey, tiene la palabra.""",
849,2017-11-29_r18,2017-11-29_r18_ORDINARIA.pdf,119,Sr. Presidente (Pinedo),Sr. Presidente (Pinedo).-,yes,yes,same-paragraph,none,high,"Le agradezco el comentario, señor senador. Senador Romero, tiene la palabra.","""Senador Romero, tiene la palabra."" is the next indented paragraph of the same turn.",
850,2017-11-29_r18,2017-11-29_r18_ORDINARIA.pdf,145,Sr. Presidente (Pinedo).- C,Sr. Presidente (Pinedo).-,yes,yes,same-paragraph,none,high,"on esas aclaraciones, se va a votar en general y en particular el conjunto","The page prints ""Con esas aclaraciones..."" with the initial C set in bold as if part of the label, which is why the quoted fragment starts at ""on esas aclaraciones"".",
851,2017-12-27_r19,2017-12-27_r19_EXTRAORDINARIA.pdf,11,Sra. Odarda,Sra. Odarda.-,yes,yes,same-paragraph,none,high,"Quiero pedir una cuestión de privilegio, en este caso, contra el ministro de Defensa","Words open the turn immediately after the label, under section title ""8. Cuestión de privilegio planteada por la señora senadora Odarda (S.-4.747/17.)"".",
852,2017-12-27_r19,2017-12-27_r19_EXTRAORDINARIA.pdf,27,Sr. Presidente (Marino),Sr. Presidente (Marino).-,yes,yes,same-paragraph,none,high,"Senadora, quédese tranquila que yo aplico el sentido común todas las veces que presido.",Last turn on the page; words follow the label directly.,
853,2017-12-27_r19,2017-12-27_r19_EXTRAORDINARIA.pdf,40,Sr. Presidente (Marino),Sr. Presidente (Marino).-,yes,yes,same-paragraph,none,high,"Gracias, senadora. Senador Basualdo, tiene la palabra.","""Gracias, senadora."" follows the label; ""Senador Basualdo, tiene la palabra."" is the indented continuation line of the same turn.",
854,2017-12-27_r19,2017-12-27_r19_EXTRAORDINARIA.pdf,165,Sr. Secretario (Tunessi),Sr. Secretario (Tunessi).-,yes,yes,same-paragraph,none,high,"Se registran para ambos 67 votos por la afirmativa, cero por la negativa y","Words follow the label directly, after the stage direction ""- Se practica la votación por medios electrónicos.""",
855,2018-02-28_r01,2018-02-28_r01_PREPARATORIA.pdf,4,Sra. Presidente,Sra. Presidente.-,yes,yes,same-paragraph,none,high,Tiene la palabra el señor senador Pichetto.,"The exact sentence is printed twice on the page (once after ""Sr. Pichetto.- Pido la palabra."", once as a continuation line after ""El prosecretario administrativo lo propone el senador Pichetto.""); both fall under the same label ""Sra. Presidente.-"", so the ambiguity does not change the answer.",
856,2018-03-21_r02,2018-03-21_r02_ORDINARIA.pdf,79,Sra. Presidente,Sra. Presidente.-,yes,yes,same-paragraph,none,high,"Aprobadas. Si les parece, vamos a hacer una votación en general y en particular,","""Aprobadas."" follows the label; the ""Si les parece..."" sentence is the indented continuation of the same turn.",
857,2018-03-21_r02,2018-03-21_r02_ORDINARIA.pdf,81,Sr. Cobos,Sr. Cobos.-,yes,yes,same-paragraph,none,high,Así es. Y el otro convenio viene de la gestión de la expresidenta Cristina,"""Así es."" follows the label; the ""Y el otro convenio..."" sentence is the indented continuation of the same turn.",
858,2018-04-18_r03,2018-04-18_r03_ORDINARIA.pdf,16,Sra. Presidente,Sra. Presidente.-,yes,yes,same-paragraph,none,high,Queda aprobada la versión taquigráfica.,"Words follow the label directly; footnote marker 3 and ""Ver el Apéndice."" are page furniture outside the sentence.",
859,2018-04-18_r03,2018-04-18_r03_ORDINARIA.pdf,27,Sra. Presidente,Sra. Presidente.-,yes,yes,same-paragraph,none,high,"Senadora: ¿me espera un segundo? Perdón, voy a pedir a Seguridad que controle el","Turn opens right after the stage direction ""- Murmullos en las galerías.""; second sentence is the continuation line of the same turn.",
860,2018-04-18_r03,2018-04-18_r03_ORDINARIA.pdf,38,Sra. Presidente,Sra. Presidente.-,yes,yes,same-paragraph,none,high,"Muchas gracias, senador. Tiene la palabra el senador Ojeda.","""Muchas gracias, senador."" follows the label; ""Tiene la palabra el senador Ojeda."" is the continuation line of the same turn.",
861,2018-04-18_r03,2018-04-18_r03_ORDINARIA.pdf,39,Sr. Secretario (Tunessi),Sr. Secretario (Tunessi).-,yes,yes,same-paragraph,none,high,"El resultado es: afirmativos, 54 votos; negativo, cero votos; cero abstenciones.","Words follow the label directly, after ""- Se practica la votación por medios electrónicos.""",
862,2018-04-18_r03,2018-04-18_r03_ORDINARIA.pdf,88,Sra. Presidente,Sra. Presidente.-,yes,yes,same-paragraph,none,high,Seguimos con el plan de labor.,"First turn under the bold section title ""22. Ley de Compre Argentino y Desarrollo de Proveedores (O.D. Nº 15/18.)"".",
863,2018-04-18_r03,2018-04-18_r03_ORDINARIA.pdf,100,Sr. Presidente (Pinedo),Sr. Presidente (Pinedo).-,yes,yes,same-paragraph,none,high,"Gracias, senador Perotti. Tiene la palabra el señor senador Solanas.","""Gracias, senador Perotti."" follows the label; ""Tiene la palabra el señor senador Solanas."" is the continuation line of the same turn.",
864,2018-04-25_r04,2018-04-25_r04_ESPECIAL.pdf,5,Sra. Presidente,Sra. Presidente.-,yes,yes,same-paragraph,none,high,Tiene la palabra el senador Pinedo.,Last line of the page; words follow the label directly.,
865,2018-04-25_r04,2018-04-25_r04_ESPECIAL.pdf,6,Sr. Fuentes,Sr. Fuentes.-,yes,yes,same-paragraph,none,high,"Sí, quiero aclarar que no era un capricho, simplemente que la propuesta inicial que","Words follow the label directly, near the foot of the page.",
866,2018-04-25_r04,2018-04-25_r04_ESPECIAL.pdf,6,Sr. Rodríguez Saá,Sr. Rodríguez Saá.-,yes,yes,same-paragraph,none,high,"Pero vamos a tratar los tres temas por separados, con tres miembros informantes, uno","Words follow the label directly; this is the last of several short ""Sr. Rodríguez Saá.-"" turns on the page.",
867,2018-04-25_r04,2018-04-25_r04_ESPECIAL.pdf,78,Sra. Presidente,Sra. Presidente.-,yes,yes,same-paragraph,none,high,"No tratamos este tema, entonces.","Words follow the label directly, between two ""Sr. Petcoff Naidenoff.-"" turns.",
868,2018-04-25_r05,2018-04-25_r05_INFORMATIVA_ESPECIAL.pdf,4,Sra. Presidente,Sra. Presidente.-,yes,yes,same-paragraph,none,high,"Se encuentra en antesala el señor jefe de Gabinete de Ministros, licenciado don Marcos","First turn under the bold section title ""2. Informe del señor jefe de Gabinete de Ministros"".",
869,2018-04-25_r05,2018-04-25_r05_INFORMATIVA_ESPECIAL.pdf,16,Sr. Perotti,Sr. Perotti.-,yes,yes,same-paragraph,none,high,"Gracias, presidenta. Buenas tardes al señor jefe de Gabinete y a todo su equipo.","Words follow the label directly, after the presiding officer gives him the floor.",
870,2018-04-25_r05,2018-04-25_r05_INFORMATIVA_ESPECIAL.pdf,17,Sra. Presidente,Sra. Presidente.-,yes,yes,same-paragraph,none,high,"Muchas gracias, señor senador. Tiene la palabra el senador Mayans.","""Muchas gracias, señor senador."" follows the label; ""Tiene la palabra el senador Mayans."" is the continuation line of the same turn.",
871,2018-04-25_r05,2018-04-25_r05_INFORMATIVA_ESPECIAL.pdf,24,Sra. Presidente,Sra. Presidente.-,yes,yes,same-paragraph,none,high,"Muchas gracias, senadora Mirkin. Tiene la palabra la senadora López Valverde.",Last two lines of the page; the second sentence is the continuation line of the same turn.,
872,2018-05-30_r06,2018-05-30_r06_ESPECIAL.pdf,8,Sra. Presidente,Sra. Presidente.-,yes,yes,same-paragraph,none,high,Tiene la palabra la senadora Odarda.,"Words follow the label directly, between two ""Sra. Odarda.-"" turns.",
873,2018-05-30_r06,2018-05-30_r06_ESPECIAL.pdf,65,Sr. Presidente (Perotti),Sr. Presidente (Perotti).-,yes,yes,same-paragraph,none,high,"Gracias, senadora. Tiene la palabra el senador Pais.","""Gracias, senadora."" follows the label; ""Tiene la palabra el senador Pais."" is the continuation line of the same turn.",
874,2018-06-27_r08,2018-06-27_r08_INFORMATIVA_ESPECIAL.pdf,19,Sra. Mirkin,Sra. Mirkin.-,yes,yes,same-paragraph,none,high,"Bueno, permítame un poquitito más, señora presidenta. Usted hizo alusión a las veintiséis centrales","First sentence follows the label; ""Usted hizo alusión a las veintiséis centrales térmicas."" is the indented continuation of the same turn.",
875,2018-07-04_r09,2018-07-04_r09_ORDINARIA.pdf,53,Sr. Pichetto,Sr. Pichetto.-,yes,yes,same-paragraph,none,high,"¿Quién le planteó algo, presidente? ¿Alguien planteó algo?","Printed with no space between the label and the words (""Sr. Pichetto.-¿Quién le planteó algo, presidente?"").",
876,2018-08-08_r10,2018-08-08_r10_ESPECIAL.pdf,7,Sr. Snopek,Sr. Snopek.-,yes,yes,same-paragraph,none,high,"Destituyeron al defensor del pueblo; tomaron, con la policía de la provincia el año","The quoted words open the paragraph that begins with this label, after a short Pinedo/Snopek exchange.",
877,2018-08-08_r10,2018-08-08_r10_ESPECIAL.pdf,101,Sra. García Larraburu,Sra. García Larraburu.-,yes,yes,same-paragraph,none,high,Solamente un minuto. Me parece que está intentando ser ecuánime. Creo que tenemos que,"Page 101 ends at ""ser ecuánime.""; the tail ""Creo que tenemos que"" runs onto the next page, still inside this turn.",
878,2018-08-08_r10,2018-08-08_r10_ESPECIAL.pdf,110,Sra. Presidente,Sra. Presidente.-,yes,yes,same-paragraph,none,high,"Gracias, senadora. Tiene la palabra la senadora Giacoppo.","A near-duplicate at the foot of the page reads ""Tiene la palabra la señora senadora Giacoppo"" (with ""señora""), also under Sra. Presidente.-, so the label is the same either way.",
879,2018-08-09_r11,2018-08-09_r11_ESPECIAL_EN_MINORIA.pdf,7,Sra. Presidente,Sra. Presidente.-,yes,yes,same-paragraph,none,high,"Espéreme un segundito. Cuando tengo moción de orden, tengo que votarla inmediatamente...","The stage direction ""- Varios señores senadores hablan a la vez."" sits just before the label, not inside the turn.",
880,2018-08-22_r13,2018-08-22_r13_ESPECIAL.pdf,10,Sr. Pichetto,Sr. Pichetto.-,yes,yes,same-paragraph,none,high,Reitere la fecha del dictamen.,"The next line, ""Por favor, reitere la fecha del dictamen, señor secretario."", is Sr. Presidente (Pinedo).- but is worded differently, so no ambiguity.",
881,2018-08-22_r13,2018-08-22_r13_ESPECIAL.pdf,17,Sr. Presidente (Pinedo),Sr. Presidente (Pinedo).-,yes,yes,same-paragraph,none,high,"Gracias, señor senador. Senador Pais.","""Senador Pais."" is the indented continuation line of the same turn.",
882,2018-08-22_r13,2018-08-22_r13_ESPECIAL.pdf,86,Sr. Secretario (Tunessi),Sr. Secretario (Tunessi).-,yes,yes,same-paragraph,none,high,"Se registran 67 votos por la afirmativa, ningún voto por la negativa y ninguna","Footnote ""9 Ver el Apéndice."" is page furniture at the foot, outside the paragraph.",
883,2018-08-22_r13,2018-08-22_r13_ESPECIAL.pdf,113,Sr. Mera,Sr. Mera.-,yes,yes,same-paragraph,none,high,Señor presidente: voy a ser breve. Han sido bastante claros los expositores de mi,"""Han sido bastante claros..."" is the indented next paragraph of the same turn, at the foot of the page.",
884,2018-08-22_r13,2018-08-22_r13_ESPECIAL.pdf,133,Sra. Verasay,Sra. Verasay.-,yes,yes,same-paragraph,none,high,"Señora presidente: el tema que nos convoca hoy, escuchaba al senador preopinante, la extinción",Label opens the turn immediately after Sra. Presidente.- gives her the floor.,
885,2018-10-10_r16,2018-10-10_r16_ORDINARIA.pdf,51,Sr. Secretario (Tunessi),Sr. Secretario (Tunessi).-,yes,yes,same-paragraph,none,high,"Son los mensajes: P.E.-274/18, mensaje Nº 139/18, que solicita el retiro del mensaje Nº",Words open the turn directly after the label.,
886,2018-10-10_r16,2018-10-10_r16_ORDINARIA.pdf,93,Sra. Solari Quintana,Sra. Solari Quintana.-,yes,yes,same-paragraph,none,high,Exactamente: con o sin despacho.,"Printed with the period-hyphen partly outside the bold, but reads ""Sra. Solari Quintana.-"".",
887,2018-11-14_r17,2018-11-14_r17_ESPECIAL.pdf,10,Sr. Presidente (Pinedo),Sr. Presidente (Pinedo).-,yes,yes,same-paragraph,none,high,"Gracias, señor senador. Pasa a la Comisión de Asuntos Constitucionales.","An earlier turn on the same page says ""Pasa la cuestión de privilegio a la Comisión de Asuntos Constitucionales."", different wording, also Pinedo.",
888,2018-11-14_r17,2018-11-14_r17_ESPECIAL.pdf,12,Sr. Secretario (Tunessi),Sr. Secretario (Tunessi).-,yes,yes,same-paragraph,none,high,"Gracias, señor presidente. Órdenes del día números 952/18, 953/18, 954/18, 955/18, 956/18, 957/18 y","""Órdenes del día números 952/18..."" is the indented continuation line of the same turn.",
889,2018-11-14_r17,2018-11-14_r17_ESPECIAL.pdf,30,Sr. De Angeli,Sr. De Angeli.-,yes,yes,same-paragraph,none,high,"Gracias, presidente. Voy a ser muy breve porque voy a insertar, pero no puedo","""Voy a ser muy breve porque voy a insertar..."" is the indented continuation of the same turn.",
890,2018-11-14_r17,2018-11-14_r17_ESPECIAL.pdf,56,Sr. Mayans,Sr. Mayans.-,yes,yes,same-paragraph,none,high,¿Cómo el senador Fuentes habló cuarenta minutos?,The stage direction about senator García Larraburu speaking off-microphone precedes the label.,
891,2018-11-14_r17,2018-11-14_r17_ESPECIAL.pdf,199,Sr. Mayans,Sr. Mayans.-,yes,yes,same-paragraph,none,high,"Indique el proyecto que vamos a votar, presidente.",Words follow the label directly.,
892,2018-11-14_r17,2018-11-14_r17_ESPECIAL.pdf,201,Sr. Pichetto,Sr. Pichetto.-,yes,yes,same-paragraph,none,high,"Este proyecto, que es en el que vamos a insistir, de la senadora Mirkin,",Words follow the label directly.,
893,2018-11-14_r17,2018-11-14_r17_ESPECIAL.pdf,204,Sr. Presidente (Pinedo),Sr. Presidente (Pinedo).-,yes,yes,same-paragraph,none,high,"Así se votará, con esa modificación. Tiene la palabra el señor senador Rozas.","""Tiene la palabra el señor senador Rozas."" is the indented continuation line of the same turn.",
894,2018-12-12_r19,2018-12-12_r19_EXTRAORDINARIA.pdf,17,Sra. Odarda,Sra. Odarda.-,yes,yes,same-paragraph,none,high,Para informar que el senador Fernando Solanas y quien habla nos abstendremos en el,Words follow the label directly.,
895,2018-12-12_r19,2018-12-12_r19_EXTRAORDINARIA.pdf,20,Sra. Almirón,Sra. Almirón.-,yes,yes,same-paragraph,none,high,"Una conversación que tiene el exgobernador Ricardo Colombi y un agente de inteligencia, que","This is her second turn on the page, resuming after Sra. Presidente.- asks for silence.",
896,2019-02-27_r01,2019-02-27_r01_PREPARATORIA.pdf,4,Sra. Sacnun,Sra. Sacnun.-,yes,yes,same-paragraph,none,high,"Gracias, presidenta. Es por una cuestión de privilegio. La verdad es que uno lamenta","""La verdad es que uno lamenta iniciar la sesión especial..."" is the indented continuation of the same turn.",
897,2019-02-27_r01,2019-02-27_r01_PREPARATORIA.pdf,4,Sra. Presidente,Sra. Presidente.-,yes,yes,same-paragraph,none,high,Tiene la palabra la senadora Sacnun.,Words follow the label directly.,
898,2019-02-27_r01,2019-02-27_r01_PREPARATORIA.pdf,21,Sra. Presidente,Sra. Presidente.-,yes,yes,same-paragraph,none,high,"Por favor, senadoras y senadores, silencio. Gracias.","""Gracias."" is the indented continuation line of the same turn.",
899,2019-03-01_r00,2019-03-01_r00_ASAMBLEA.pdf,12,Sr. Presidente de la Nación,Sr. Presidente de la Nación.-,yes,yes,previous-page,none,high,Se cambia en serio cuando se vive en un barrio popular y se tiene,"Last label on page 11 (after ""- Manifestaciones""); the turn runs unbroken across the page break and applause markers into page 12.",
900,2019-03-20_r02,2019-03-20_r02_ORDINARIA.pdf,63,Sr. Presidente (Pinedo),Sr. Presidente (Pinedo).-,yes,yes,same-paragraph,(Risas.),high,"Me perdí, me perdí senador Mayans.",The laughter marker follows the quoted words inside the same paragraph.,
901,2019-04-16_r05,2019-04-16_r05_ESPECIAL.pdf,29,Sra. Presidente (Michetti),Sra. Presidente (Michetti).-,yes,yes,same-paragraph,none,high,Corresponde pasar a sesión de acuerdos. Por Secretaría se dará lectura a los órdenes,"The words appear under section title ""21. Consideración en conjunto de dictámenes de la Comisión de Acuerdos""; the sentence ""Corresponde pasar a sesión de acuerdos."" also appears alone at the top of the page (label-less continuation), but only the section-21 turn carries the ""Por Secretaría se dará lectura"" continuation.",
902,2019-04-16_r05,2019-04-16_r05_ESPECIAL.pdf,32,Sr. Fuentes,Sr. Fuentes.-,yes,yes,same-paragraph,none,high,"Gracias. Y disculpe, senador; no tengo otra manera. Expediente 309/18, Karina Gisela Alonso Candis,","Printed with no space after the label: ""Sr. Fuentes.-Gracias. Y disculpe, senador; no tengo otra manera.""; the expediente list follows as indented lines of the same turn.",
903,2019-04-16_r05,2019-04-16_r05_ESPECIAL.pdf,39,Sr. Bullrich,Sr. Bullrich.-,yes,yes,same-paragraph,none,high,Sí. Voy a escuchar la propuesta.,Short reply between two presidency turns; unambiguous.,
904,2019-04-16_r05,2019-04-16_r05_ESPECIAL.pdf,113,Sr. Presidente (Pinedo),Sr. Presidente (Pinedo).-,yes,yes,same-paragraph,"footnote reference ""21"" attached to ""correspondientes"" (footnote text at page foot: ""21Ver el Apéndice."")",high,Han resultado aprobados. Se realizarán las comunicaciones correspondientes . No habiendo más asuntos que,"Last speech turn of the sitting, followed by ""- Son las 20:43."" and the taquígrafos signature block.",
905,2019-05-22_r06,2019-05-22_r06_ESPECIAL.pdf,14,Sra. Ianni,Sra. Ianni.-,yes,yes,same-paragraph,none,high,"Señora presidenta: es para sumarnos de manera sencilla, como fue Eva o María Eva","Page prints ""Señora presidenta: es para sumarnos de manera sencilla, como fue Eva o María Eva o Evita, ..."".",
906,2019-05-22_r06,2019-05-22_r06_ESPECIAL.pdf,20,Sra. Presidente (Michetti),Sra. Presidente (Michetti).-,yes,yes,same-paragraph,none,high,"Si tengo mociones y pedidos de palabra, no lo puedo hacer, senador. Adelante, senador","""Adelante, senador Pinedo."" is the indented second line of the same turn.",
907,2019-05-22_r06,2019-05-22_r06_ESPECIAL.pdf,37,Sr. Secretario (Tunessi),Sr. Secretario (Tunessi).-,yes,yes,same-paragraph,none,high,Para el Orden del Día 135: afirmativos 47 votos; negativo cero voto; y cero,"Announcement of the Orden del Día 135 result, just after ""- Continúa la votación por medios electrónicos"".",
908,2019-05-22_r06,2019-05-22_r06_ESPECIAL.pdf,79,Sra. Presidente (Michetti),Sra. Presidente (Michetti).-,yes,yes,same-paragraph,none,high,Vamos a autorizar las inserciones y abstenciones a mano alzada.,"Follows the secretary's line ""Hay que autorizar las inserciones.""",
909,2019-05-22_r06,2019-05-22_r06_ESPECIAL.pdf,80,Sra. Presidente (Michetti),Sra. Presidente (Michetti).-,yes,yes,same-paragraph,none,high,"Queda abierta la conferencia. Corresponde considerar… Ahora sí, léelo.","Turn opens immediately under the centred bold heading ""II / Conferencia""; second line of the turn reads ""Corresponde considerar… Ahora sí, léelo.""",
910,2019-07-17_r07,2019-07-17_r07_ORDINARIA.pdf,50,Sr. Presidente (Pinedo),Sr. Presidente (Pinedo).-,yes,yes,same-paragraph,none,high,"Muchas gracias, señor senador. Voy a invitar al cuerpo a rendir el homenaje con","The ""Voy a invitar al cuerpo..."" sentence is the indented second line of the same presidency turn.",
911,2019-07-17_r07,2019-07-17_r07_ORDINARIA.pdf,70,Sr. Presidente (Pinedo),Sr. Presidente (Pinedo).-,yes,yes,same-paragraph,none,high,Queda claro que los votos negativos son los que se dijeron.,"Comes right after the italic linked line ""- El resultado de la votación surge del Acta N° 1.4"".",
912,2019-07-17_r07,2019-07-17_r07_ORDINARIA.pdf,80,Sr. Presidente (Pinedo),Sr. Presidente (Pinedo).-,yes,yes,same-paragraph,none,high,"Muchas gracias. Bueno, voy a poner en consideración en general y después, cuando tratemos","""Muchas gracias."" sits on the label line; ""Bueno, voy a poner en consideración..."" is the next indented line of the same turn.",
913,2019-07-17_r07,2019-07-17_r07_ORDINARIA.pdf,102,Sr. Presidente (Pinedo),Sr. Presidente (Pinedo).-,yes,yes,same-paragraph,none,high,Señor secretario: todos los senadores tienen en sus bancas el detalle. Le voy a,Interrupts the secretary's reading of the órdenes del día; unambiguous.,
914,2019-09-18_r08,2019-09-18_r08_ESPECIAL.pdf,4,Sra. Presidente (Michetti),Sra. Presidente (Michetti).-,yes,yes,same-paragraph,none,high,"Habiendo quorum , vamos a dar inicio a la sesión.","First speech turn of the sitting, right after the italic stage line giving the time and date; ""quorum"" is printed in italics.",
915,2019-09-18_r08,2019-09-18_r08_ESPECIAL.pdf,13,"Sr. Martínez, Ernesto","Sr. Martínez, Ernesto.-",yes,yes,same-paragraph,none,high,"Gracias, presidenta. La preferencia que paso a plantear facilita el tratamiento del orden del","Page prints ""Gracias, presidenta."" on the label line and ""La preferencia que paso a plantear facilita..."" as the next indented line of the same turn.",
916,2019-09-18_r08,2019-09-18_r08_ESPECIAL.pdf,15,Sr. Cobos,Sr. Cobos.-,yes,yes,same-paragraph,none,high,"Gracias, señora presidente. Es para pedir una preferencia del proyecto que he presentado, vinculado","""Gracias, señora presidente."" on the label line; the preference request follows as the next line of the same turn.",
917,2019-09-18_r08,2019-09-18_r08_ESPECIAL.pdf,22,Sra. Presidente (Michetti),Sra. Presidente (Michetti).-,yes,yes,same-paragraph,none,high,Gracias senadora. Tiene la palabra el señor senador Mayans.,"Printed with the period-dash outside the bold: ""Sra. Presidente (Michetti).- Gracias senadora."" (no comma after ""Gracias"").",
918,2019-11-13_r00,2019-11-13_r00_ASAMBLEA.pdf,9,Sra. Presidente (Michetti),Sra. Presidente (Michetti).-,yes,yes,earlier-on-page,none,high,"Queda aprobada la resolución. En consecuencia, queda proclamado presidente de la Nación Argentina para","Label opens the page (""Aprobada. (Aplausos.)""); the quoted words run across the next two indented paragraphs of the same turn, which contain ""(Aplausos. Se entona la Marcha Peronista.)"" further on.",
919,2019-11-13_r09,2019-11-13_r09_ESPECIAL.pdf,5,Sr. Cobos,Sr. Cobos.-,yes,yes,same-paragraph,none,high,"Señor presidente: quiero hacer dos propuestas. Una, como siempre hemos estado acostumbrados, sobre todo","""Señor presidente: quiero hacer dos propuestas."" on the label line; ""Una, como siempre hemos estado acostumbrados..."" is the next line of the same turn.",
920,2019-11-13_r09,2019-11-13_r09_ESPECIAL.pdf,6,Sr. Fuentes,Sr. Fuentes.-,yes,yes,same-paragraph,none,high,"En primer lugar, coincidiendo en cuanto a la necesidad del espíritu democrático y de","Follows the presidency line ""Tiene la palabra el señor senador Fuentes.""",
921,2019-11-13_r09,2019-11-13_r09_ESPECIAL.pdf,8,Sra. Presidente (Michetti),Sra. Presidente (Michetti).-,yes,yes,same-paragraph,none,high,Perfecto. Perfecto. Ahora vamos a votar eso y después doy la palabra para otras,"""Perfecto. Perfecto."" on the label line; ""Ahora vamos a votar eso y después doy la palabra para otras cosas."" is the next line of the same turn.",
922,2019-11-27_r10,2019-11-27_r10_ESPECIAL.pdf,10,Sr. Mayans,Sr. Mayans.-,yes,yes,same-paragraph,none,high,"Bien. En primer lugar, queremos agradecer la presencia de los señores gobernadores que están","Label opens the page with ""Bien.""; the thanks to the governors follow as the next indented line of the same turn.",
923,2019-11-27_r10,2019-11-27_r10_ESPECIAL.pdf,19,Sra. Presidente (Michetti),Sra. Presidente (Michetti).-,yes,yes,same-paragraph,none,high,Se aprueba por unanimidad. Ahora sí vamos a tomarle el juramento. Senador: le tengo,"Printed with the period-dash outside the bold; ""Ahora sí vamos a tomarle el juramento..."" is the next line of the same turn.",
924,2019-12-10_r00,2019-12-10_r00_ASAMBLEA.pdf,7,Sra. Presidente (Michetti),Sra. Presidente (Michetti).-,yes,yes,same-paragraph,none,high,"Invito al señor presidente de la Honorable Cámara de Diputados de la Nación, don","Turn sits under the bold section heading ""1. Izamiento de la bandera nacional""; unambiguous.",
925,2019-12-10_r00,2019-12-10_r00_ASAMBLEA.pdf,21,Sr. Presidente de la Nación,Sr. Presidente de la Nación.-,yes,yes,previous-page,"""(Aplausos.)"" immediately before the quoted words, inside the paragraph",high,"…para que la Matemática, la Historia, la Literatura, la Física y las ciencias de","Label printed on printed page 10 under heading ""8. Mensaje del señor presidente de la Nación""; pages 11-21 carry no new speaker label, only running heads, ""Dirección General de Taquígrafos"" and inline ""(Aplausos.)"" marks.",
926,2019-12-10_r00,2019-12-10_r00_ASAMBLEA.pdf,22,Sr. Presidente de la Nación,Sr. Presidente de la Nación.-,yes,yes,previous-page,none,high,Hoy existen regiones en donde 3 de cada 10 chicos no comienzan su escolaridad,"Turn opens on Pág. 10 under the section heading ""8. Mensaje del señor presidente de la Nación""; no new bold label appears on pages 11 through 22, so it carries to the quoted words on Pág. 22.",
927,2019-12-20_r11,2019-12-20_r11_EXTRAORDINARIA.pdf,21,Sra. Presidenta (Fernández de Kirchner),Sra. Presidenta (Fernández de Kirchner).-,yes,yes,same-paragraph,none,high,Se somete a votación la propuesta del senador Naidenoff.,"The label heads the very paragraph containing the quoted sentence, just after Sr. Petcoff Naidenoff's proposal.",
928,2019-12-20_r11,2019-12-20_r11_EXTRAORDINARIA.pdf,25,Sra. Presidenta (Fernández de Kirchner),Sra. Presidenta (Fernández de Kirchner).-,yes,yes,same-paragraph,none,high,"Terminado el cuarto intermedio, continuamos con esta primera sesión extraordinaria.","Preceded only by the stage direction ""-Luego de unos instantes:"", which does not end a turn.",
929,2019-12-20_r11,2019-12-20_r11_EXTRAORDINARIA.pdf,46,Sr. De Angeli,Sr. De Angeli.-,yes,yes,same-paragraph,none,high,"Estoy hablando y escucho con mucho respeto cuando hablan ustedes. Por favor, exijo el","Page prints ""Sr. De Angeli.- Estoy hablando y escucho con mucho respeto cuando hablan ustedes. Por favor, exijo el mismo respeto.""",
930,2019-12-20_r11,2019-12-20_r11_EXTRAORDINARIA.pdf,51,Sr. Petcoff Naidenoff,Sr. Petcoff Naidenoff.-,yes,yes,same-paragraph,none,high,Solamente para una aclaración. Quiero recordar a todo el cuerpo que hay que tratar,"""Solamente para una aclaración."" sits in the labelled paragraph; ""Quiero recordar a todo el cuerpo..."" is the next paragraph of the same turn.",
931,2019-12-20_r11,2019-12-20_r11_EXTRAORDINARIA.pdf,75,Sra. Rodríguez Machado,Sra. Rodríguez Machado.-,yes,yes,same-paragraph,none,high,… donde no llega el congelamiento. Nosotros no vamos a levantar esa mano. Nosotros,"The interjection ""Varios señores senadores.- ¡No!"" immediately precedes, but the quoted words start in the Rodríguez Machado paragraph.",
932,2019-12-20_r11,2019-12-20_r11_EXTRAORDINARIA.pdf,76,Sra. Presidenta (Ledesma Abdala),Sra. Presidenta (Ledesma Abdala).-,yes,yes,same-paragraph,none,high,"Senador Lovera, tiene la palabra.","Printed as ""Sra. Presidenta (Ledesma Abdala).- Senador Lovera, tiene la palabra."" near the foot of Pág. 76.",
933,2019-12-20_r11,2019-12-20_r11_EXTRAORDINARIA.pdf,83,Sra. Presidenta (Ledesma Abdala),Sra. Presidenta (Ledesma Abdala).-,yes,yes,same-paragraph,none,high,Senador Doñate: tiene la palabra.,"Printed as ""Sra. Presidenta (Ledesma Abdala).- Senador Doñate: tiene la palabra.""",
934,2019-12-20_r11,2019-12-20_r11_EXTRAORDINARIA.pdf,86,Sr. Fiad,Sr. Fiad.-,yes,yes,same-paragraph,none,high,"Muchas gracias, señora presidenta. Si realmente uno puede pensar que el fin no justifica","""Muchas gracias, señora presidenta."" is the labelled paragraph; the ""Si realmente uno puede pensar..."" sentence is the next paragraph of the same turn.",
935,2019-12-20_r11,2019-12-20_r11_EXTRAORDINARIA.pdf,130,Sr. Petcoff Naidenoff,Sr. Petcoff Naidenoff.-,yes,yes,same-paragraph,none,high,"Sí, presidenta; tengo el cierre. La distorsión de lo que esto genera...","""Sí, presidenta; tengo el cierre."" is the labelled paragraph; ""La distorsión de lo que esto genera..."" follows in the same turn before the next presidential label.",
936,2019-12-20_r11,2019-12-20_r11_EXTRAORDINARIA.pdf,140,Sra. Presidenta (Fernández de Kirchner),Sra. Presidenta (Fernández de Kirchner).-,yes,yes,same-paragraph,none,high,Tiene la palabra el senador Reutemann. ¿Quiere...?,"Follows the stage direction ""-Varios señores senadores hablan a la vez.""",
937,2020-05-21_r04,21-05-2020_ESPECIAL.pdf,4,Sra. Presidenta (Fernández de Kirchner),Sra. Presidenta (Fernández de Kirchner).-,yes,yes,same-paragraph,none,high,Corresponde votar la habilitación sobre tablas de los dictámenes a los que por Prosecretaría,"Under the heading ""4. Consideración en conjunto de los órdenes del día números 41/20, 39/20 y 40/20"".",
938,2020-05-21_r04,21-05-2020_ESPECIAL.pdf,69,Sr. Petcoff Naidenoff,Sr. Petcoff Naidenoff.-,yes,yes,same-paragraph,none,high,"Que estuvo presente en el terremoto de San Juan en 1944; que estuvo presente,","The label re-opens the turn right after the stage direction ""-Contenido no inteligible.""",
939,2024-08-22_r07,22-08-2024_ORDINARIA.pdf,5,Sra. Presidente (Villarruel),Sra. Presidente (Villarruel).-,yes,yes,same-paragraph,none,high,Invito a la senadora Beatriz Luisa Ávila a proceder al izamiento de la bandera,"Page prints ""Presidente"", not ""Presidenta""; transcribed as printed.",
940,2024-08-22_r07,22-08-2024_ORDINARIA.pdf,15,Sr. Paoltroni,Sr. Paoltroni.-,yes,yes,same-paragraph,none,high,"Buenos días, señora presidente. Teníamos varios. ¿Solamente me refiero a este o a todos","""Buenos días, señora presidente."" is the labelled paragraph; the ""Teníamos varios..."" question is the next paragraph of the same turn.",
941,2024-08-22_r07,22-08-2024_ORDINARIA.pdf,26,Sr. Presidente (Abdala),Sr. Presidente (Abdala).-,yes,yes,same-paragraph,none,high,"Gracias, senador Lousteau. A continuación, tiene la palabra el senador por la provincia de","""Gracias, senador Lousteau."" is the labelled paragraph; the ""A continuación, tiene la palabra el senador por la provincia de San Juan, Bruno Olivera."" sentence follows in the same turn.",
942,2024-08-22_r07,22-08-2024_ORDINARIA.pdf,27,Sr. Presidente (Abdala),Sr. Presidente (Abdala).-,yes,yes,same-paragraph,none,high,"Tenemos quórum. Por favor, votamos a mano alzada.","Printed after the stage direction ""-Luego de unos instantes:"".",
943,2024-08-22_r07,22-08-2024_ORDINARIA.pdf,72,Sra. Huala,Sra. Huala.-,yes,yes,same-paragraph,none,high,"Sí, pero quiero decir por qué: porque entiendo que ya hay una ley que","Printed as ""Sra. Huala.- Sí, pero quiero decir por qué: porque entiendo que ya hay una ley que regula el artículo 10 de este proyecto.""",
944,2022-09-22_r11,22-09-2022_ESPECIAL.pdf,92,Sra. Presidenta (Ledesma Abdala),Sra. Presidenta (Ledesma Abdala).-,yes,yes,same-paragraph,none,high,"Tiene la palabra, senadora Fernández Sagasti.","Under the heading ""13. Cuestión de privilegio planteada por la señora senadora Fernández Sagasti (S.-2.445/22.)"".",
945,2024-02-23_r01,23-02-2024_PREPARATORIA.pdf,28,Sra. Presidente (Villarruel),Sra. Presidente (Villarruel).-,yes,yes,same-paragraph,none,high,Tiene el uso de la palabra la senadora Lucía Corpacci.,"Page prints ""Presidente"", not ""Presidenta""; transcribed as printed.",
946,2020-07-23_r09,23-07-2020_ESPECIAL.pdf,79,Sr. Presidente (Lousteau),Sr. Presidente (Lousteau).-,yes,yes,same-paragraph,none,high,"Tiene la palabra la senadora Ledesma, para una aclaración.","Printed as ""Sr. Presidente (Lousteau).- Tiene la palabra la senadora Ledesma, para una aclaración.""",
947,2020-07-23_r09,23-07-2020_ESPECIAL.pdf,90,Sra. Presidenta (Fernández de Kirchner),Sra. Presidenta (Fernández de Kirchner).-,yes,yes,same-paragraph,none,high,Bien. Tiene la palabra la senadora Elías de Perez.,"""Bien."" is the labelled paragraph; ""Tiene la palabra la senadora Elías de Perez."" is the following line of the same turn.",
948,2021-02-24_r30,24-02-2021_EXTRAORDINARIA.pdf,23,Sr. Secretario (Fuentes),Sr. Secretario (Fuentes).-,yes,yes,same-paragraph,none,high,"Gracias, senador. Senadora Tapia: ausente. Senador Uñac: afirmativo. Senadora Vega: afirmativo. Senadora Verasay: afirmativo.","""Gracias, senador."" is the labelled paragraph and the roll-call names that follow are indented continuation lines of the same turn.",
949,2021-02-24_r30,24-02-2021_EXTRAORDINARIA.pdf,63,Sra. Presidenta (Ledesma Abdala),Sra. Presidenta (Ledesma Abdala).-,yes,yes,same-paragraph,none,high,Corresponde aprobar lista de oradores que se dará lectura.,"Under the heading ""6. Promoción de las inversiones en la construcción de obras privadas nuevas realizadas en el territorio de la República Argentina"".",
950,2021-02-24_r01,24-02-2021_PREPARATORIA.pdf,4,Sra. Presidenta (Ledesma Abdala),Sra. Presidenta (Ledesma Abdala).-,yes,yes,same-paragraph,none,high,Se incorporará al Diario de Sesiones el decreto dictado por la Presidencia convocando a,"The paragraph ends with a superscript footnote marker whose note ""Ver el Apéndice."" is printed at the foot of the page, outside the paragraph.",
951,2022-02-24_r01,24-02-2022_PREPARATORIA.pdf,5,Sra. Presidenta (Fernández de Kirchner),Sra. Presidenta (Fernández de Kirchner).-,yes,yes,same-paragraph,none,high,"Porque lo de la senadora Losada es elección, pero esto es ratificación. ¿Es así?","Label opens the same line as the quoted words; the reply ""Así es."" below is Sr. Cornejo.",
952,2020-06-24_r08,24-06-2020_ESPECIAL.pdf,15,Sra. Mirkin,Sra. Mirkin.-,yes,yes,same-paragraph,none,high,¡Yo no respondí! ¡Hice una cuestión de privilegio contra la senadora Vega!,"Single-line intervention between Sr. Bullrich and Sr. Martínez, Julio.",
953,2020-06-24_r08,24-06-2020_ESPECIAL.pdf,47,Sr. Mera,Sr. Mera.-,yes,yes,same-paragraph,none,high,…en la sesión de que solo podemos tratar los temas que fija el decreto,"Turn resumes after the stage direction ""-Manifestaciones simultáneas."" with a fresh Sr. Mera label.",
954,2021-06-24_r09,24-06-2021_ESPECIAL.pdf,59,Sra. Presidenta (Ledesma Abdala),Sra. Presidenta (Ledesma Abdala).-,yes,yes,same-paragraph,none,high,Continúa la sesión. Corresponde poner a consideración el orden del día que por Secretaría,"Label sits right after the bold section title ""13. Ampliación del Régimen de Zona Fría""; ""Continúa la sesión."" is on the label line and ""Corresponde poner a consideración..."" is the next line of the same turn.",
955,2021-06-24_r09,24-06-2021_ESPECIAL.pdf,67,Sra. Catalfamo,Sra. Catalfamo.-,yes,yes,same-paragraph,none,high,"Muchas gracias, presidente. Sin lugar a dudas, creo que después de lo que acaba","""Muchas gracias, presidente."" on the label line, ""Sin lugar a dudas..."" is the next line of the same turn.",
956,2021-06-24_r09,24-06-2021_ESPECIAL.pdf,82,Sr. Cobos,Sr. Cobos.-,yes,yes,same-paragraph,none,high,"Yo voy a hacer un poquitito de historia. La década del 90, cuando fue","Last labelled turn on the page, opened right after Sr. Presidente (Mayans) gives him the floor.",
957,2021-06-24_r09,24-06-2021_ESPECIAL.pdf,117,Sra. Sacnun,Sra. Sacnun.-,yes,yes,previous-page,none,high,"Entre 2016 y 2019, Santa Fe sufrió la mayor desconexión de usuarios comerciales e","Turn opens on Pág. 115 and runs unbroken through Pág. 116 to the quoted paragraph on Pág. 117; only running heads and the ""Dirección General de Taquígrafos"" footers intervene, plus the in-line stage direction ""(Se exhibe.)"".",
958,2021-03-25_r03,25-03-2021_ESPECIAL.pdf,43,Sr. Pais,Sr. Pais.-,yes,yes,same-paragraph,none,high,"Perfecto, presidenta. Hay dificultad de Internet en todo el país. Estaba diciendo que pedimos","""Perfecto, presidenta."" is on the label line; the following lines continue the same turn.",
959,2024-09-26_r10,26-09-2024_ORDINARIA.pdf,12,Sra. Presidente (Villarruel),Sra. Presidente (Villarruel).-,yes,yes,same-paragraph,none,high,"Gracias, senadora Terenzi. Pasa a la Comisión de Asuntos Constitucionales su cuestión de privilegio","Page prints ""Presidente"", not ""Presidenta""; verified at magnification.",
960,2024-09-26_r10,26-09-2024_ORDINARIA.pdf,31,Sr. Presidente (Abdala),Sr. Presidente (Abdala).-,yes,yes,same-paragraph,none,high,"A continuación, tiene la palabra la senadora Terenzi para hacer una aclaración.","Label follows the bold section title ""19. Aclaración de los números de expediente de varias mociones de preferencia"".",
961,2024-09-26_r10,26-09-2024_ORDINARIA.pdf,32,Sra. Tagliaferri,Sra. Tagliaferri.-,yes,yes,same-paragraph,none,high,"Muchas gracias, señor presidente. Voy a ser breve. Como leyó el secretario parlamentario, ingresaron","Last turn on the page; ""Como leyó el secretario parlamentario..."" is the next line of the same turn.",
962,2020-08-27_r12,27-08-2020_ESPECIAL.pdf,4,Sra. Presidenta (Fernández de Kirchner),Sra. Presidenta (Fernández de Kirchner).-,yes,yes,same-paragraph,none,high,"A mano alzada, resulta aprobada. Queda aprobada la licencia hasta el 1° de enero","Follows the stage direction ""-Se practica la votación a mano alzada.""; the page also carries the footnote ""2 Ver el Apéndice"", outside this paragraph.",
963,2020-08-27_r12,27-08-2020_ESPECIAL.pdf,109,Sr. Schiavoni,Sr. Schiavoni.-,yes,yes,same-paragraph,none,high,"Gracias, presidenta. Si bien ya hemos anticipado, tanto en el plenario de comisiones como",Turn opens at the top of the page after Sra. Presidenta (Fernández de Kirchner) gives him the floor.,
964,2022-10-27_r12,27-10-2022_ESPECIAL.pdf,27,Sr. Rodíguez Saá,Sr. Rodíguez Saá.-,yes,yes,same-paragraph,none,high,"Gracias, señora presidente. Estamos ante un proyecto que tiene dos aspectos: la defensa de","The bold label is misprinted ""Rodíguez"" (no r) although the line just above reads ""senador Rodríguez Saá""; transcribed as printed, verified at magnification.","checked — the page misspells the surname as 'Sr. Rodíguez Saá', missing an r, and the parser copies it as printed. The two blocks still resolve to RODRÍGUEZ SAÁ, ADOLFO."
965,2022-10-27_r12,27-10-2022_ESPECIAL.pdf,48,Sra. Presidenta (Ledesma Abdala),Sra. Presidenta (Ledesma Abdala).-,yes,yes,same-paragraph,none,high,"Gracias, senadora. Tiene la palabra, senador Zimmermann.","""Gracias, senadora."" on the label line, ""Tiene la palabra, senador Zimmermann."" on the next line of the same turn.",
966,2022-10-27_r12,27-10-2022_ESPECIAL.pdf,59,Sra. Presidenta (Losada),Sra. Presidenta (Losada).-,yes,yes,same-paragraph,none,high,"Senador, ya se pasó tres minutos, más de tres minutos del tiempo acordado. Le","Interruption of Sr. Rodas; label printed with ""Presidenta"".",
967,2022-10-27_r12,27-10-2022_ESPECIAL.pdf,108,Sra. Presidenta (Ledesma Abdala),Sra. Presidenta (Ledesma Abdala).-,yes,yes,same-paragraph,none,high,Se convierte en ley. Se comunica al Poder Ejecutivo.,"Follows the underlined note ""-El resultado de la votación surge del Acta N° 6.""",
968,2024-11-27_r11,27-11-2024_INFORMATIVA_ESPECIAL.pdf,78,Sr. Vischi,Sr. Vischi.-,yes,yes,same-paragraph,none,high,¡Increíble! Pero sí es cierto que había un 70 por ciento de argentinos que,"""¡Increíble!"" is on the label line; ""Pero sí es cierto..."" continues the same turn on the next line.",
969,2020-02-28_r14,28-02-2020_EXTRAORDINARIA.pdf,52,Sra. Presidenta (Ledesma Abdala),Sra. Presidenta (Ledesma Abdala).-,yes,yes,same-paragraph,none,high,Gracias senadora. Tiene la palabra el señor senador Daniel Lovera.,"Page prints ""Gracias senadora."" without a comma; the next line hands the floor to senador Daniel Lovera.",
970,2023-09-28_r06,28-09-2023_ESPECIAL.pdf,13,Sra. Giménez,Sra. Giménez.-,yes,yes,same-paragraph,none,high,"Gracias, señora presidenta. Quiero pedir la preferencia del expediente S.-1.944/23, a través del cual","""Gracias, señora presidenta."" on the label line; the expediente request continues the same turn.",
971,2023-09-28_r06,28-09-2023_ESPECIAL.pdf,24,Sra. Presidenta (Ledesma Abdala),Sra. Presidenta (Ledesma Abdala).-,yes,yes,same-paragraph,none,high,Tiene la palabra senador Juez.,Single-line turn immediately before Sr. Juez begins speaking.,
972,2023-09-28_r06,28-09-2023_ESPECIAL.pdf,45,Sr. Snopek,Sr. Snopek.-,yes,yes,same-paragraph,none,high,"¡Qué falta de respeto, senador!",Single-line interjection between two Sr. Cornejo turns.,
973,2023-09-28_r06,28-09-2023_ESPECIAL.pdf,68,Sra. Álvarez Rivero,Sra. Álvarez Rivero.-,yes,yes,same-paragraph,none,high,"Primero, le contaría a una senadora que habló temprano, aprovechando que soy maestra, que","This is her first Álvarez Rivero turn on the page, interrupted afterwards by Sra. Di Tullio.",
974,2023-09-28_r06,28-09-2023_ESPECIAL.pdf,111,Sra. Presidenta (Fernández de Kirchner),Sra. Presidenta (Fernández de Kirchner).-,yes,yes,same-paragraph,none,high,"¡Por favor! A ver, espere. Un minuto, por favor.","""¡Por favor!"" on the label line; ""A ver, espere. Un minuto, por favor."" is the next line of the same turn, before ""-Manifestaciones simultáneas.""",
975,2023-09-28_r06,28-09-2023_ESPECIAL.pdf,121,Sra. Álvarez Rivero,Sra. Álvarez Rivero.-,yes,yes,same-paragraph,none,high,"Nuevamente, buenas noches, señora presidenta. En junio de 2020, se votó en este Congreso","""Nuevamente, buenas noches, señora presidenta."" on the label line; ""En junio de 2020..."" continues the same turn.",
976,2023-09-28_r06,28-09-2023_ESPECIAL.pdf,142,Sra. Vigo,Sra. Vigo.-,yes,yes,same-paragraph,none,high,"Gracias, presidente. Una vez más, pido disculpas. Sobre todo, a la comunidad de Río","Label opens the turn with ""Gracias, presidente.""; ""Una vez más, pido disculpas. Sobre todo, a la comunidad de Río Tercero,"" is the next paragraph of the same turn.",
977,2023-09-28_r06,28-09-2023_ESPECIAL.pdf,154,Sr. Mayans,Sr. Mayans.-,yes,yes,same-paragraph,none,high,El senador Blanco aclara. Quiero saber cuáles son las universidades que vota a favor,"Printed with wide justified spacing as ""Sr.  Mayans.-"" but the label text is Sr. Mayans.-",
978,2023-09-28_r06,28-09-2023_ESPECIAL.pdf,165,Sra. Presidenta (Ledesma Abdala),Sra. Presidenta (Ledesma Abdala).-,yes,yes,same-paragraph,none,high,Bueno. ¿Estamos de acuerdo entonces?,"""Bueno."" follows the label; ""¿Estamos de acuerdo entonces?"" is the next paragraph of the same turn, after Sra. Tagliaferri's turn.",
979,2023-09-28_r06,28-09-2023_ESPECIAL.pdf,167,Sra. Presidenta (Ledesma Abdala),Sra. Presidenta (Ledesma Abdala).-,yes,yes,same-paragraph,none,high,Corresponde poner a consideración el orden del día que por Secretaría se enunciará.,"Immediately below the bold section title ""18. Modificación de la Ley de Protección Integral...""; the words follow the label directly.",
980,2021-10-28_r13,28-10-2021_ORDINARIA.pdf,62,Sr. Caserio,Sr. Caserio.-,yes,yes,same-paragraph,none,high,"Gracias, señora presidenta. Para que la actualización sea automática, en diciembre de cada año,","""Gracias, señora presidenta."" is the last printed line of the page under this label; the rest of the quote continues on the following page, which was not supplied.",
981,2021-10-28_r13,28-10-2021_ORDINARIA.pdf,68,Sra. Presidenta (Ledesma Abdala),Sra. Presidenta (Ledesma Abdala).-,yes,yes,same-paragraph,none,high,La nota con las modificaciones obra en Secretaría. Corresponde aprobar inserciones y abstenciones.,"""La nota con las modificaciones obra en Secretaría."" follows the label; ""Corresponde aprobar inserciones y abstenciones."" is the next paragraph of the same turn.",
982,2020-10-29_r19,29-10-2020_ORDINARIA.pdf,16,Sra. Presidenta (Fernández de Kirchner),Sra. Presidenta (Fernández de Kirchner).-,yes,yes,same-paragraph,none,high,"¡Claro! Ahora, pero si el voto…",Follows the turn of Sr. Secretario (Fuentes).-; words are directly after this label.,
983,2020-10-29_r19,29-10-2020_ORDINARIA.pdf,23,Sra. Presidenta (Fernández de Kirchner),Sra. Presidenta (Fernández de Kirchner).-,yes,yes,same-paragraph,none,high,"Debo aclarar que no hubo ninguna confusión en cuanto a lo afirmativo o negativo,","New label printed right after the italic line ""-El resultado de la votación surge del Acta N° 1.""",
984,2020-10-29_r19,29-10-2020_ORDINARIA.pdf,65,Sr. Poggi,Sr. Poggi.-,yes,yes,same-paragraph,none,high,"… y, en particular, el Ministerio de Salud. Creo que muchas de ellas ya","Label reopens the turn after ""-Contenido no inteligible.""; ""Creo que muchas de ellas ya estaban facultadas..."" is the next paragraph of the same turn.",
985,2020-10-29_r19,29-10-2020_ORDINARIA.pdf,70,Sra. Giménez,Sra. Giménez.-,yes,yes,same-paragraph,none,high,"Gracias. En los últimos siglos, se ha podido, justamente, hacer frente a estas pandemias","""Gracias."" follows the label; ""En los últimos siglos..."" is the next paragraph of the same turn.",
986,2020-10-29_r19,29-10-2020_ORDINARIA.pdf,86,Sra. Presidenta (Ledesma Abdala),Sra. Presidenta (Ledesma Abdala).-,yes,yes,same-paragraph,none,high,"Gracias, senadora. Corresponde votar la autorización de las abstenciones e inserciones.","""Gracias, senadora."" follows the label; the ""Corresponde votar..."" sentence is the next paragraph of the same turn.",
987,2020-10-29_r19,29-10-2020_ORDINARIA.pdf,110,Sr. Presidente (Closs),Sr. Presidente (Closs).-,yes,yes,same-paragraph,none,high,"Gracias, señor senador. Tiene la palabra la senadora Silvia Giacoppo.","""Gracias, señor senador."" follows the label; ""Tiene la palabra la senadora Silvia Giacoppo."" is the next paragraph of the same turn.",
988,2023-11-29_r00,29-11-2023_ASAMBLEA.pdf,9,Sra. Presidenta (Fernández de Kirchner),Sra. Presidenta (Fernández de Kirchner).-,yes,yes,same-paragraph,none,high,"Resulta aprobado. En consecuencia, queda proclamado presidente de la República Argentina","""Resulta aprobado."" follows the label; ""En consecuencia, queda proclamado presidente..."" is the next paragraph of the same turn.",
989,2020-12-29_r28,29-12-2020_ESPECIAL.pdf,146,Sra. Elías de Perez,Sra. Elías de Perez.-,yes,yes,same-paragraph,none,high,"Gracias, presidenta. Hace dos años, como recordaba recién el senador preopinante, discutíamos en este","Printed ""Perez"" without accent; ""Gracias, presidenta."" follows the label and ""Hace dos años..."" is the next paragraph of the same turn.",
990,2023-03-30_r02,30-03-2023_ESPECIAL.pdf,17,Sra. Presidenta (Ledesma Abdala),Sra. Presidenta (Ledesma Abdala).-,yes,yes,same-paragraph,none,high,"¡Silencio, por favor! Vamos a continuar con la sesión.","""¡Silencio, por favor!"" recurs several times on the page but always under this same label; the instance with ""Vamos a continuar con la sesión."" is unique.",
991,2023-03-30_r02,30-03-2023_ESPECIAL.pdf,31,Sra. Presidenta (Ledesma Abdala),Sra. Presidenta (Ledesma Abdala).-,yes,yes,same-paragraph,none,high,"Vaya cerrando, senador, por favor.",Single-line turn interrupting Sr. Parrilli.,
992,2022-06-30_r07,30-06-2022_ORDINARIA.pdf,4,Sra. Presidenta (Fernández de Kirchner),Sra. Presidenta (Fernández de Kirchner).-,yes,yes,same-paragraph,none,high,"Con la presencia de 41 señores senadores y senadoras, damos comienzo a la sesión","First speaking turn of the session, right after the italic opening line about the time and date.",
993,2022-06-30_r07,30-06-2022_ORDINARIA.pdf,12,Sr. Petcoff Naidenoff,Sr. Petcoff Naidenoff.-,yes,yes,same-paragraph,none,high,"Bueno, me queda un minuto.",Words follow the label directly.,
994,2022-06-30_r07,30-06-2022_ORDINARIA.pdf,12,Sr. Petcoff Naidenoff,Sr. Petcoff Naidenoff.-,yes,yes,same-paragraph,none,high,"Fueron tremendas las violaciones a los derechos humanos. Por lo tanto, todo lo que","""Fueron tremendas las violaciones a los derechos humanos."" follows the label after ""-Manifestaciones simultáneas.""; ""Por lo tanto, todo lo que..."" is the next paragraph of the same turn.",
995,2022-06-30_r07,30-06-2022_ORDINARIA.pdf,39,Sra. Presidenta (Ledesma Abdala),Sra. Presidenta (Ledesma Abdala).-,yes,yes,same-paragraph,none,high,"Gracias, senador. Tiene la palabra senador Rodríguez.","""Gracias, senador."" follows the label; ""Tiene la palabra senador Rodríguez."" is the next paragraph of the same turn.",
996,2022-06-30_r07,30-06-2022_ORDINARIA.pdf,41,Sr. Presidente (Closs),Sr. Presidente (Closs).-,yes,yes,same-paragraph,none,high,"Gracias, senador. Senadora Carmen Álvarez Rivero, tiene usted la palabra.","""Gracias, senador."" follows the label; ""Senadora Carmen Álvarez Rivero, tiene usted la palabra."" is the next paragraph of the same turn.",
997,2022-06-30_r07,30-06-2022_ORDINARIA.pdf,65,Sr. Mayans,Sr. Mayans.-,yes,yes,same-paragraph,none,high,"No, pero Schwarzenegger sí; hay una película… Por eso, no tenemos la comprensión los","Label is the first line of the page; ""Por eso, no tenemos la comprensión los varones..."" is the next paragraph of the same turn.",
998,2020-07-30_r10,30-07-2020_ESPECIAL.pdf,4,Sra. Presidenta (Fernández de Kirchner),Sra. Presidenta (Fernández de Kirchner).-,yes,yes,same-paragraph,none,high,"Para un homenaje, tiene la palabra la senadora García Larraburu.","Under the bold section title ""4. Homenaje al señor Mario Ruiz""; the words follow the label directly.",
999,2020-07-30_r10,30-07-2020_ESPECIAL.pdf,7,Sr. Secretario (Fuentes),Sr. Secretario (Fuentes).-,yes,yes,same-paragraph,none,high,"Mensaje 49/20, expediente PE.- 97/20, por el que se solicita acuerdo para promover a",Words follow the label directly.,
1000,2020-11-30_r25,30-11-2020_ORDINARIA_CONTINUACIÓN.pdf,34,Sr. Secretario (Fuentes),Sr. Secretario (Fuentes).-,yes,yes,same-paragraph,none,high,"Gracias, senador Taiana. Senador Reutemann: ¿su voto?","""Gracias, senador Taiana."" follows the label; ""Senador Reutemann: ¿su voto?"" is the next paragraph of the same turn.",
