case,session,pdf,page,parser_speaker,blind_read_label,agree,words_found,label_distance,furniture_in_paragraph,confidence,opening_words,reader_notes,checked_by_hand_afterwards
1,2020-03-01_r00,01-03-2020_ASAMBLEA.pdf,24,Sr. Presidente de la Nación,Sr. Presidente de la Nación.-,yes,yes,previous-page,none,high,Con nuestra llegada hemos encontrado un panorama de desidia y abandono en ese tema.,"Label opens the turn on Pág. 8 under the heading ""4. Mensaje del señor presidente de la Nación""; pages 9-24 carry no new bold label, only running heads, ""Dirección General de Taquígrafos"" and applause; the quoted paragraph on Pág. 24 begins ""Así como lo hacemos... (Aplausos.) Con nuestra llegada hemos encontrado un panorama de desidia y abandono en ese tema.""",
2,2022-03-01_r00,01-03-2022_ASAMBLEA.pdf,31,Sr. Presidente de la Nación,Sr. Presidente de la Nación.-,yes,yes,previous-page,none,high,Tengo la convicción de que Malvinas nos une en una causa nacional que convoca,"Pág. 21 prints the same label twice (after two ""-Manifestaciones simultáneas."" interruptions); the last one governs, and pages 22-31 print no new label.",
3,2023-03-01_r00,01-03-2023_ASAMBLEA.pdf,21,Sr. Presidente de la Nación,Sr. Presidente de la Nación.-,yes,yes,previous-page,none,high,Hay otras historias. Son las historias de las personas de carne y hueso cuyas,Label opens the turn at the top of Pág. 9; pages 10-21 carry no new bold label.,
4,2023-03-01_r00,01-03-2023_ASAMBLEA.pdf,27,Sr. Presidente de la Nación,Sr. Presidente de la Nación.-,yes,yes,previous-page,none,high,"De igual modo, continuamos con las obras e inversiones para contar con más efectores","Same turn as case 3, still unbroken at Pág. 27; the quoted words follow ""(Aplausos.)"" inside the first paragraph of that page.",
5,2022-09-01_r09,01-09-2022_ESPECIAL.pdf,19,Sra. Ávila,Sra. Ávila.-,yes,yes,same-paragraph,none,high,"Muchas gracias, señora presidenta. Quiero presentar en este cuerpo una cuestión de privilegio para","The label paragraph reads ""Sra. Ávila.- Muchas gracias, señora presidenta.""; the quote continues into the next paragraph of the same turn.",
6,2022-09-01_r09,01-09-2022_ESPECIAL.pdf,60,Sra. Presidenta (Ledesma Abdala),Sra. Presidenta (Ledesma Abdala).-,yes,yes,same-paragraph,none,high,"Senador Rodas: por favor, explique lo del jardín de infantes. Ahí el senador Rodas","Quote spans the label paragraph and the following line ""Ahí el senador Rodas va a explicar."" of the same turn.",
7,2022-09-01_r09,01-09-2022_ESPECIAL.pdf,61,Sra. Presidenta (Ledesma Abdala),Sra. Presidenta (Ledesma Abdala).-,yes,yes,same-paragraph,none,high,"Sí, el del nombre del senador Bullrich pasa a comisión.",One of several turns by the same speaker on the page; only this one carries the quoted words.,
8,2022-09-01_r09,01-09-2022_ESPECIAL.pdf,84,Sr. Secretario (Fuentes),Sr. Secretario (Fuentes).-,yes,yes,same-paragraph,none,high,"Orden del Día N° 268/22. Dictamen en el proyecto de ley venido en revisión,","Follows the bold section title ""25. Creación del Régimen de Promoción de Inversiones en la Industria Automotriz - Autopartista y su Cadena de Valor (O.D. Nº 268/22.)"".",
9,2022-09-01_r09,01-09-2022_ESPECIAL.pdf,92,Sr. Secretario (Fuentes),Sr. Secretario (Fuentes).-,yes,yes,same-paragraph,none,high,"Ahora me perdí, tengo que volver a leerle de vuelta…","Printed as ""Sr. Secretario (Fuentes).- Ahora me perdí, tengo que volver a leerle de vuelta…"" right after ""-Manifestaciones simultáneas.""",
10,2021-06-02_r07,02-06-2021_ESPECIAL.pdf,27,Sr. Caserio.-…,Sr. Caserio.-,yes,yes,same-paragraph,none,high,"o sea, 1.500.000 más. Esto significa que la empresa va a terminar pagando 2.750.000","Label is followed by an ellipsis, ""Sr. Caserio.-… o sea, 1.500.000 más."", resuming after ""-Contenido no inteligible.""",
11,2022-06-02_r06,02-06-2022_INFORMATIVA_ESPECIAL.pdf,39,Sr. Jefe de Gabinete de Ministros (Manzur),Sr. Jefe de Gabinete de Ministros (Manzur).-,yes,yes,same-paragraph,none,high,"Nosotros tenemos las herramientas para seguir adelante, pero, digo, también nos tenemos que hacer","Several turns with this same label appear on the page; the quoted words open the one after ""Sra. Presidenta (Losada).- Senador, no se puede.""",
12,2020-10-02_r15,02-10-2020_ESPECIAL.pdf,30,Sra. Presidenta (Ledesma Abdala),Sra. Presidenta (Ledesma Abdala).-,yes,yes,same-paragraph,none,high,"Continuemos con el Orden del Día. Secretario: por favor, lea.","Turn opens right below the bold section title ""10. Convenio de Transferencia Progresiva de Facultades y Funciones de Seguridad...(Continuación.)""; the quote runs into the next line ""Secretario: por favor, lea.""",
13,2020-10-02_r15,02-10-2020_ESPECIAL.pdf,77,"Sr. Martínez, Ernesto","Sr. Martínez, Ernesto.-",yes,yes,same-paragraph,none,high,"...que lo que hablaba la señora vicepresidenta de la Nación. Finalmente, el oficialismo se","Second turn with this label on the page, resuming after ""-Contenido no inteligible.""; the quote continues into the following paragraph ""Finalmente, el oficialismo se cura en salud...""",
14,2020-10-02_r15,02-10-2020_ESPECIAL.pdf,144,Sra. Presidenta (Fernández de Kirchner),Sra. Presidenta (Fernández de Kirchner).-,yes,yes,same-paragraph,none,high,"Muchas gracias, señora senadora. Vamos a escuchar al miembro informante, el senador Luenzo, que",Quote spans the label paragraph and the following line of the same turn about the miembro informante.,
15,2023-11-02_r00,02-11-2023_ASAMBLEA.pdf,7,Sra. Presidenta (Fernández de Kirchner),Sra. Presidenta (Fernández de Kirchner).-,yes,yes,same-paragraph,none,high,"Invito a la señora presidenta de la Cámara de Diputados, diputada Cecilia Moreau, a","Turn sits under the bold section title ""1. Izamiento de la bandera nacional. Entonación del Himno Nacional Argentino"".",
16,2021-06-03_r08,03-06-2021_INFORMATIVA_ESPECIAL.pdf,55,Sr. Taiana,Sr. Taiana.-,yes,yes,same-paragraph,none,high,"Muchas gracias, señora presidenta. Primero, quiero agradecer la presencia del jefe de Gabinete y","Label paragraph reads ""Sr. Taiana.- Muchas gracias, señora presidenta.""; the quote continues into the next paragraph of the same turn.",
17,2021-06-03_r08,03-06-2021_INFORMATIVA_ESPECIAL.pdf,78,Sr. Petcoff Naidenoff,Sr. Petcoff Naidenoff.-,yes,yes,same-paragraph,none,high,¿No salió el decreto? Yo pensé que los funcionarios del Poder Ejecutivo estaban habilitados,"Third turn with this label on the page; quote spans the label paragraph and the following one, ""Yo pensé que los funcionarios del Poder Ejecutivo estaban habilitados para vacunarse…""",
18,2020-09-03_r13,03-09-2020_ESPECIAL.pdf,91,Sr. Secretario (Fuentes),Sr. Secretario (Fuentes).-,yes,yes,same-paragraph,none,high,"Gracias, senadora. Senador Espínola: afirmativo. Senadora Fernández Sagasti: afirmativo. Senador Fiad: su voto.","The page prints many turns with this label; the roll-call lines Espínola / Fernández Sagasti / Fiad identify the one that opens ""Gracias, senadora."" after Sra. Elías de Perez.",
19,2020-09-03_r13,03-09-2020_ESPECIAL.pdf,92,Sr. Secretario (Fuentes),Sr. Secretario (Fuentes).-,yes,yes,same-paragraph,none,high,"Gracias, senadora. Senador Rodríguez Saá: afirmativo. Senador Romero: ausente. Senadora Sacnun: afirmativo. Senadora Sapag:",Same label recurs throughout the roll call; the Rodríguez Saá / Romero / Sacnun / Sapag lines pin it to the turn following Sra. Rodríguez Machado.,
20,2020-09-03_r13,03-09-2020_ESPECIAL.pdf,94,Sr. Secretario (Fuentes),Sr. Secretario (Fuentes).-,yes,yes,same-paragraph,none,high,"Lista de oradores: García Larraburu; Lousteau; Mirkin; Cobos; Caserio; González; González, María Teresa; Schiavoni;","Printed as ""Sr. Secretario (Fuentes).- Lista de oradores: García Larraburu; Lousteau; ...""",
21,2021-02-04_r29,04-02-2021_EXTRAORDINARIA.pdf,32,Sra. Presidenta (Ledesma Abdala),Sra. Presidenta (Ledesma Abdala).-,yes,yes,same-paragraph,none,high,"Bien. Con 66 votos afirmativos, 0 negativos, 1 abstención resultan aprobados los acuerdos y","Turn follows the italic line ""-El resultado de la votación surge del Acta Nº 1.""",
22,2020-06-04_r05,04-06-2020_ESPECIAL.pdf,52,Sra. Sacnun,Sra. Sacnun.-,yes,yes,same-paragraph,none,high,"Gracias, presidenta. Quiero decirle, señora presidenta, que realmente lamento profundamente la actitud y la","Label paragraph reads ""Sra. Sacnun.- Gracias, presidenta.""; the quote continues into the next paragraph of the same turn.",
23,2024-07-04_r06,04-07-2024_ESPECIAL.pdf,11,Sr. Presidente (Abdala),Sr. Presidente (Abdala).-,yes,yes,same-paragraph,none,high,"Por favor, no dialoguen entre ustedes. Diríjanse a la Presidencia. La Presidencia va a","Quote spans the label paragraph and the following one, ""La Presidencia va a resolver cuándo va a ser la próxima sesión, senador.""",
24,2024-07-04_r06,04-07-2024_ESPECIAL.pdf,13,Sr. Mayans,Sr. Mayans.-,yes,yes,same-paragraph,none,high,En la moción concreta del ultraoficialista Vischi se dijo con o sin despacho de,"Page has many short alternating turns; only this one reads ""En la moción concreta del ultraoficialista Vischi se dijo con o sin despacho de comisión.""",
25,2024-07-04_r06,04-07-2024_ESPECIAL.pdf,32,Sra. Prosecretaria (Martínez),Sra. Prosecretaria (Martínez).-,yes,yes,same-paragraph,none,high,"Expediente P.E. 50/24, mensaje N° 41/24, que solicita acuerdo para designar director del Banco","Sits between two ""Sr. Presidente (Abdala)"" turns under the section title ""9. Mensaje del Poder Ejecutivo nacional solicitando acuerdo"".",
26,2024-07-04_r06,04-07-2024_ESPECIAL.pdf,36,Sr. Presidente (Abdala),Sr. Presidente (Abdala).-,yes,yes,same-paragraph,none,high,"Adelante, senador Mayans. Tiene la palabra.","""Adelante, senador Mayans."" sits on the label line; ""Tiene la palabra."" is the indented continuation of the same turn, before the next label (Sr. Mayans.-).",
27,2024-07-04_r06,04-07-2024_ESPECIAL.pdf,49,Sr. Presidente (Abdala),Sr. Presidente (Abdala).-,yes,yes,same-paragraph,none,high,"Senador Pagotto, ¿ha solicitado la palabra?",Second-to-last line of the page; next label is Sr. Pagotto.-.,
28,2024-07-04_r06,04-07-2024_ESPECIAL.pdf,57,Sr. Presidente (Abdala),Sr. Presidente (Abdala).-,yes,yes,same-paragraph,none,high,Tiene la palabra el senador Paoltroni.,One-line turn between the Romero turn and the Paoltroni turn.,
29,2024-07-04_r06,04-07-2024_ESPECIAL.pdf,64,Sr. Pagotto,Sr. Pagotto.-,yes,yes,same-paragraph,none,high,¡Tengo que dar explicaciones porque acá se habla como si esto hubiera aparecido por,"Turn opens the page; printed text continues ""...por generación espontánea!"".",
30,2024-07-04_r06,04-07-2024_ESPECIAL.pdf,68,Sr. Romero,Sr. Romero.-,yes,yes,same-paragraph,none,high,Aquí está fresco el recuerdo de cuando en Diputados La Libertad Avanza pidió que,Label immediately precedes the quoted words.,
31,2024-07-04_r06,04-07-2024_ESPECIAL.pdf,69,Sr. Presidente (Abdala),Sr. Presidente (Abdala).-,yes,yes,same-paragraph,none,high,"Gracias, senadora García Larraburu. Tiene la palabra el senador Fama.","""Tiene la palabra el senador Fama."" is the indented second line of the same turn, before the Sr. Fama.- label.",
32,2024-07-04_r06,04-07-2024_ESPECIAL.pdf,71,Sr. Presidente (Abdala),Sr. Presidente (Abdala).-,yes,yes,same-paragraph,none,high,Perdón: aprobada la moción del senador Mayans. Vuelve a la comisión por el articulado,"Continuation line reads ""Vuelve a la comisión por el articulado correspondiente.""",
33,2020-12-04_r26,04-12-2020_ESPECIAL.pdf,48,Sra. Presidenta (Ledesma Abdala),Sra. Presidenta (Ledesma Abdala).-,yes,yes,same-paragraph,none,high,"Gracias, senador. Tiene la palabra senador Lousteau.","Page prints ""Presidenta"" with final a here.",
34,2020-12-04_r26,04-12-2020_ESPECIAL.pdf,103,Sra. Presidenta (Fernández de Kirchner),Sra. Presidenta (Fernández de Kirchner).-,yes,yes,same-paragraph,none,high,"Gracias, señor senador. Tiene la palabra, como oradora de cierre por el oficialismo, la","Continuation names ""la senadora Anabel Fernández Sagasti""; next label is Sra. Fernández Sagasti.-.",
35,2020-02-05_r12,05-02-2020_ESPECIAL_EXTRAORDINARIA.pdf,25,Sra. Mirkin,Sra. Mirkin.-,yes,yes,same-paragraph,none,high,¿Cómo qué tiene que ver? Estoy preguntando. ¿Qué? ¿Se inscribe por interpósito senador o,Label immediately precedes the quoted words.,
36,2020-02-05_r12,05-02-2020_ESPECIAL_EXTRAORDINARIA.pdf,28,Sra. Vega,Sra. Vega.-,yes,yes,previous-page,none,high,"planteándoles, por ejemplo, la autovía para la ruta nacional 38 que une La Rioja","Last label before the quote is on printed page 25 (""Sra. Vega.- Gracias, señora presidenta.""); pages 26 and 27 carry no label, and the quoted words open page 28.",
37,2020-11-05_r21,05-11-2020_ESPECIAL.pdf,43,Sr. Prosecretario (Tunessi),Sr. Prosecretario (Tunessi).-,yes,yes,same-paragraph,none,high,"Gracias, senador. Senadora Solari Quintana: ausente. Senadora Tagliaferri: gracias, senadora. Afirmativo. Senador Taiana: afirmativo.","Printed roll-call reads ""Senadora Tagliaferri: gracias, senadora. Afirmativo."" on its own indented line.",
38,2020-11-05_r21,05-11-2020_ESPECIAL.pdf,59,Sra. Presidenta (Ledesma Abdala),Sra. Presidenta (Ledesma Abdala).-,yes,yes,same-paragraph,none,high,Aprobado. Tiene la palabra senador Taiana.,"""Aprobado."" on the label line; ""Tiene la palabra senador Taiana."" is the indented continuation.",
39,2022-04-07_r03,07-04-2022_ESPECIAL.pdf,44,Sr. Yedlin,Sr. Yedlin.-,yes,yes,same-paragraph,none,high,Señor presidente: la verdad que celebro que estemos preocupados por la Justicia y que,Label immediately precedes the quoted words.,
40,2022-04-07_r03,07-04-2022_ESPECIAL.pdf,45,Sra. Presidenta (Losada),Sra. Presidenta (Losada).-,yes,yes,same-paragraph,none,high,"Muchas gracias, senador. Tiene la palabra la senadora Carmen Álvarez Rivero.",Second line of the turn names Carmen Álvarez Rivero; next label is Sra. Álvarez Rivero.-.,
41,2022-04-07_r03,07-04-2022_ESPECIAL.pdf,65,Sra. Presidenta (Losada),Sra. Presidenta (Losada).-,yes,yes,same-paragraph,none,high,"Gracias, senador. Tiene la palabra el senador Luis Naidenoff.",Next label is Sr. Petcoff Naidenoff.-.,
42,2021-04-08_r04,08-04-2021_ESPECIAL.pdf,78,Sr. Presidente (Closs),Sr. Presidente (Closs).-,yes,yes,same-paragraph,none,high,"Está arriba de once minutos, senadora. ¿Me ayuda con el tiempo?",Near the foot of the page; next label is Sra. Elías de Perez.-.,
43,2020-10-08_r17,08-10-2020_ESPECIAL.pdf,4,Sra. Presidenta (Fernández de Kirchner),Sra. Presidenta (Fernández de Kirchner).-,yes,yes,same-paragraph,none,high,"De conformidad con el artículo 187 del reglamento, se da ingreso por intranet a","Under the bold section title ""3. Asuntos entrados"", which is furniture outside the paragraph.",
44,2020-10-08_r17,08-10-2020_ESPECIAL.pdf,78,Sr. Secretario (Fuentes),Sr. Secretario (Fuentes).-,yes,yes,same-paragraph,none,high,"Jorge Taiana, Julio Cobos, Antonio Rodas, Beatriz Mirkin y María de los Ángeles Sacnun.",Reading of the speakers list; label immediately precedes the names.,
45,2021-12-09_r15,09-12-2021_ORDINARIA.pdf,29,Sra. Presidenta (Ledesma Abdala),Sra. Presidenta (Ledesma Abdala).-,yes,yes,same-paragraph,none,high,Resultan aprobadas las mociones de preferencia.,"Follows the stage direction ""-Se practica la votación a mano alzada."", which does not carry a label.",
46,2021-12-09_r15,09-12-2021_ORDINARIA.pdf,77,Sr. Prosecretario (Tunessi),Sr. Prosecretario (Tunessi).-,yes,yes,same-paragraph,none,high,Orden del Día N° 722/21. Dictamen en el proyecto de ley del señor senador,"Last turn on the page; an earlier Tunessi turn on the same page also lists órdenes del día, but only this one carries N° 722/21.",
47,2022-08-10_r08,10-08-2022_ESPECIAL.pdf,8,Sra. Presidenta (Fernández de Kirchner),Sra. Presidenta (Fernández de Kirchner).-,yes,yes,same-paragraph,none,high,Bien. Tiene la palabra el senador Naidenoff.,"""Bien."" on the label line; ""Tiene la palabra el senador Naidenoff."" is the indented continuation.",
48,2022-08-10_r08,10-08-2022_ESPECIAL.pdf,10,Sra. Presidenta (Fernández de Kirchner),Sra. Presidenta (Fernández de Kirchner).-,yes,yes,same-paragraph,none,high,"Para una aclaración de la aclaración de la aclaración, tiene la palabra la senadora","Continuation names ""la senadora Fernández Sagasti""; next label is Sra. Fernández Sagasti.-.",
49,2022-08-10_r08,10-08-2022_ESPECIAL.pdf,23,Sra. Presidenta (Ledesma Abdala),Sra. Presidenta (Ledesma Abdala).-,yes,yes,same-paragraph,none,high,"Gracias, senador. Continúe, senadora Di Tullio.","""Gracias, senador."" on the label line; ""Continúe, senadora Di Tullio."" is the indented continuation.",
50,2022-08-10_r08,10-08-2022_ESPECIAL.pdf,41,Sra. Presidenta (Ledesma Abdala),Sra. Presidenta (Ledesma Abdala).-,yes,yes,same-paragraph,none,high,"Resulta aprobada la lista de oradores. Tiene la palabra, senador Guerra.","""Tiene la palabra, senador Guerra."" is the indented continuation before the Sr. Guerra.- label.",
51,2022-08-10_r08,10-08-2022_ESPECIAL.pdf,45,Sr. Zimmermann,Sr. Zimmermann.-,yes,yes,same-paragraph,none,high,"Gracias, presidenta. Bueno, yo creo que para analizar este proyecto es necesario que nos","Label opens the turn with ""Gracias, presidenta.""; the ""Bueno, yo creo que..."" sentence is the next paragraph of the same turn.",
52,2022-08-10_r08,10-08-2022_ESPECIAL.pdf,83,Sra. Presidenta (Ledesma Abdala),Sra. Presidenta (Ledesma Abdala).-,yes,yes,same-paragraph,none,high,"¿Alguien más va a aclarar el sentido del voto…? Queda constancia por Secretaría. Propongo,","Label opens the turn; ""Queda constancia por Secretaría."" and ""Propongo, entonces..."" continue the same turn.",
53,2020-12-10_r27,10-12-2020_ESPECIAL.pdf,73,"Sra. González, Nancy","Sra. González, Nancy.-",yes,yes,same-paragraph,none,high,"Esta es una abuela en la plaza del 2017; una abuela que estaba reclamando,","Label reprinted after the stage direction ""-Se exhibe una fotografía."" and governs the quoted words directly.",
54,2021-03-11_r02,11-03-2021_ESPECIAL.pdf,7,Sr. Secretario (Fuentes),Sr. Secretario (Fuentes).-,yes,yes,same-paragraph,none,high,Doñate: afirmativo. Durango: afirmativo. Duré: afirmativo. Elías de Perez: afirmativo. Espínola: afirmativo. Fernández Sagasti:,"Roll-call block opens ""Sr. Secretario (Fuentes).- Doñate: afirmativo."" and the following names are continuation lines of that turn.",
55,2021-03-11_r02,11-03-2021_ESPECIAL.pdf,28,Sra. Rodríguez Machado,Sra. Rodríguez Machado.-,yes,yes,same-paragraph,none,high,Sí. Pero yo dije que el pedido de presencia del ministro Cafiero era con,Label opens the paragraph containing the quoted words.,
56,2023-05-11_r04,11-05-2023_INFORMATIVA_ESPECIAL.pdf,4,Sr. Lousteau,Sr. Lousteau.-,yes,yes,same-paragraph,none,high,Deberían haber aprendido economía también.,"One-line turn: ""Sr. Lousteau.- Deberían haber aprendido economía también.""",
57,2023-05-11_r04,11-05-2023_INFORMATIVA_ESPECIAL.pdf,35,Sr. Jefe de Gabinete de Ministros,Sr. Jefe de Gabinete de Ministros.-,yes,yes,same-paragraph,none,high,"Así que, sin ninguna duda, el debate tiene que ser, a mi criterio, muchísimo","Label opens the paragraph; page prints ""muchísimo más completo.""",
58,2023-05-11_r04,11-05-2023_INFORMATIVA_ESPECIAL.pdf,53,Sr. Petcoff Naidenoff,Sr. Petcoff Naidenoff.-,yes,yes,same-paragraph,none,high,"Muchas gracias, presidente. Bueno, gracias ministro por estar en este recinto y dar la","Label opens with ""Muchas gracias, presidente.""; the ""Bueno, gracias ministro..."" sentence is the next paragraph of the same turn.",
59,2023-05-11_r04,11-05-2023_INFORMATIVA_ESPECIAL.pdf,63,Sra. Presidenta (Ledesma Abdala),Sra. Presidenta (Ledesma Abdala).-,yes,yes,same-paragraph,none,high,"Bien, muchas gracias. No habiendo más asuntos que tratar y habiendo cumplimentado con el","Label opens with ""Bien, muchas gracias.""; the closing sentence continues the same turn.",
60,2020-06-11_r06,11-06-2020_ESPECIAL.pdf,27,Sra. Presidenta (Ledesma Abdala),Sra. Presidenta (Ledesma Abdala).-,yes,yes,same-paragraph,none,high,"Gracias, senador. Tiene la palabra la palabra la senadora Elías de Perez.","Page prints the duplicated wording ""Tiene la palabra la palabra la senadora Elías de Perez."" exactly as quoted.",
61,2020-03-12_r02,12-03-2020_ESPECIAL.pdf,65,Sr. Lousteau,Sr. Lousteau-,yes,yes,same-paragraph,none,medium,Los jueces van a cobrar lo mismo.,"The page prints the label without the usual period, as ""Sr. Lousteau-"" followed by the quoted interjection; name itself is unambiguous.",
62,2020-03-12_r02,12-03-2020_ESPECIAL.pdf,68,Sr. Romero,Sr. Romero.-,yes,yes,previous-page,none,high,"Somos reconvertidos. Muchos ya, que somos grandes, somos reconvertidos, y estamos contentos de estar",Last label is on printed page 66 (after the stage direction about Cristina Fernández de Kirchner taking the chair); pages 67 and 68 carry no new label.,
63,2022-05-12_r04,12-05-2022_ESPECIAL.pdf,9,Sra. González Riollo,Sra. González Riollo.-,yes,yes,same-paragraph,none,high,Coincido que en este Senado tiene que primar el diálogo y las buenas prácticas.,"Page prints ""Coincido que en este Senado tiene que primar el diálogo y las buenas prácticas.""",
64,2022-05-12_r04,12-05-2022_ESPECIAL.pdf,10,Sra. Presidenta (Ledesma Abdala),Sra. Presidenta (Ledesma Abdala).-,yes,yes,same-paragraph,none,high,"¿O quiere contestar? Porque no puede contestar la cuestión de privilegio, senadora.",Label opens the paragraph with the quoted question.,
65,2022-05-12_r04,12-05-2022_ESPECIAL.pdf,17,Sr. Parrilli,Sr. Parrilli.-,yes,yes,same-paragraph,none,high,"…a decir que el mandato de Cristina Kirchner, en 2015, vencía doce horas antes.","Label reprinted after the chair's ""Silencio, por favor."" and opens the paragraph with the quoted words.",
66,2022-05-12_r04,12-05-2022_ESPECIAL.pdf,17,Sra. Presidenta (Ledesma Abdala),Sra. Presidenta (Ledesma Abdala).-,yes,yes,same-paragraph,none,high,"Gracias, senadora. Pasa a la Comisión de Asuntos Constitucionales para su consideración.","Turn opens at the top of the page with ""Gracias, senadora."" and continues ""Pasa a la Comisión de Asuntos Constitucionales para su consideración. (Aplausos.)"".",
67,2022-05-12_r04,12-05-2022_ESPECIAL.pdf,21,Sr. Mayans,Sr. Mayans.-,yes,yes,same-paragraph,none,high,"Sí hablé por teléfono con él, porque me preguntó si yo había escrito en",Label is the first line of the page and opens the quoted sentence.,
68,2022-05-12_r04,12-05-2022_ESPECIAL.pdf,27,Sr. Yedlin,Sr. Yedlin.-,yes,yes,same-paragraph,none,high,"Muchas gracias, señora presidenta. Hoy, 12 de mayo, Día Internacional del Enfermero y de","Label opens with ""Muchas gracias, señora presidenta.""; the ""Hoy, 12 de mayo..."" sentence is the next paragraph of the same turn.",
69,2022-05-12_r04,12-05-2022_ESPECIAL.pdf,31,Sra. Presidenta (Ledesma Abdala),Sra. Presidenta (Ledesma Abdala).-,yes,yes,same-paragraph,none,high,"Gracias, senadora. Por último, tiene la palabra la senadora Duré.","Label opens with ""Gracias, senadora.""; ""Por último, tiene la palabra la senadora Duré."" continues the same turn.",
70,2022-05-12_r04,12-05-2022_ESPECIAL.pdf,40,Sra. Presidenta (Ledesma Abdala),Sra. Presidenta (Ledesma Abdala).-,yes,yes,same-paragraph,none,high,"Bien. Entonces, tiene la palabra el miembro informante, también único orador, senador Rodríguez Saá.","Label opens with ""Bien.""; ""Entonces, tiene la palabra el miembro informante..."" continues the same turn.",
71,2022-05-12_r04,12-05-2022_ESPECIAL.pdf,68,Sra. Terenzi,Sra. Terenzi.-,yes,yes,same-paragraph,none,high,"Muchas gracias, señora presidenta. Buenas tardes. Voy a ser muy breve. En principio, quiero","Label opens with ""Muchas gracias, señora presidenta. Buenas tardes.""; ""Voy a ser muy breve..."" continues the same turn.",
72,2022-05-12_r04,12-05-2022_ESPECIAL.pdf,69,Sra. Giménez,Sra. Giménez.-,yes,yes,same-paragraph,none,high,"Gracias, señora presidenta. En la sesión del 17 de marzo, en este mismo recinto,","Label opens with ""Gracias, señora presidenta.""; the ""En la sesión del 17 de marzo..."" sentence continues the same turn.",
73,2022-05-12_r04,12-05-2022_ESPECIAL.pdf,85,Sr. Romero,Sr. Romero.-,yes,yes,same-paragraph,none,high,"Es que la distinguida senadora –no la critico, senadora–, tiene una voz muy potente","Page prints ""no la critico"" (without accent) inside the quoted sentence.",
74,2024-06-12_r05,12-06-2024_ESPECIAL.pdf,83,Sra. Presidente (Villarruel),Sra. Presidente (Villarruel).-,yes,yes,same-paragraph,none,high,El que necesita retirarse está en libertad de hacerlo. Nadie se los impide. Este,"Page prints ""Presidente"", not ""Presidenta""; transcribed as printed.",
75,2024-06-12_r05,12-06-2024_ESPECIAL.pdf,95,Sr. Parrilli,Sr. Parrilli.-,yes,yes,same-paragraph,none,high,"Respete la palabra, senador prófugo. Cállese la boca. Lo segundo que voy a decir…","Label reprinted after the stage direction about senator Romero's off-microphone remarks; the ""Lo segundo que voy a decir…"" line continues the same turn.",
76,2024-06-12_r05,12-06-2024_ESPECIAL.pdf,133,Sra. Presidente (Villarruel),Sra. Presidente (Villarruel).-,yes,yes,same-paragraph,none,high,"No, no, son modificaciones que son parte del debate, pero igualmente ahora las van","Label opens the paragraph directly preceding the quoted words; page prints ""Presidente"", not ""Presidenta"".",
77,2024-06-12_r05,12-06-2024_ESPECIAL.pdf,174,Sr. Bensusán,Sr. Bensusán.-,yes,yes,same-paragraph,none,high,"Gracias, presidenta. Quería fundamentar el voto de mi bloque… De mi interbloque. Vamos a","Quote begins at the label (""Gracias, presidenta."") and runs into the next paragraph of the same turn.",
78,2024-06-12_r05,12-06-2024_ESPECIAL.pdf,220,Sra. Di Tullio,Sra. Di Tullio.-,yes,yes,same-paragraph,none,high,¡No era mi voluntad abstenerme! ¡Está falseando mi voto!,Short one-line turn between Sra. Presidente (Villarruel) and Sra. Álvarez Rivero.,
79,2024-06-12_r05,12-06-2024_ESPECIAL.pdf,236,Sr. Presidente (Abdala),Sr. Presidente (Abdala).-,yes,yes,same-paragraph,none,high,"Gracias, senador Parrilli. Tiene la palabra a continuación Huala, María Victoria.",Quote begins at the label and continues into the next indented paragraph of the same turn.,
80,2024-06-12_r05,12-06-2024_ESPECIAL.pdf,256,Sr. Secretario (Giustinian),Sr. Secretario (Giustinian).-,yes,yes,same-paragraph,none,high,"Resultado: afirmativos, 37 votos; negativos, 35. Aprobado.","Announcement of the vote result; the following line is the italic blue Acta N° 17 reference, not speech.",
81,2024-06-12_r05,12-06-2024_ESPECIAL.pdf,262,Sr. Atauche,Sr. Atauche.-,yes,yes,same-paragraph,none,high,No. Aceptamos lo que le acabamos de decir.,"One-line reply following Sra. Di Tullio's question about ""la copa"".",
82,2024-06-12_r05,12-06-2024_ESPECIAL.pdf,266,Sr. Lousteau,Sr. Lousteau.-,yes,yes,same-paragraph,none,high,"Se puede leer por Secretaría todo el Título III, que es el Capítulo “Bienes",First line of the page; quote begins immediately after the label.,
83,2024-06-12_r05,12-06-2024_ESPECIAL.pdf,269,Sr. Presidente (Abdala),Sr. Presidente (Abdala).-,yes,yes,same-paragraph,none,high,"Aprobada. Como consecuencia de eso, se procede a la votación por medios electrónicos del","""Aprobada."" follows the label after the stage direction ""Se practica la votación a mano alzada.""; quote continues in the next paragraph of the same turn.",
84,2024-06-12_r05,12-06-2024_ESPECIAL.pdf,280,Sr. Atauche,Sr. Atauche.-,yes,yes,same-paragraph,none,high,"Está bien, pero nosotros, desde la comisión, queremos modificar el artículo 112, para que",Last labelled turn on the page; quote begins directly after the label.,
85,2024-06-12_r05,12-06-2024_ESPECIAL.pdf,284,Sr. Presidente (Abdala),Sr. Presidente (Abdala).-,yes,yes,same-paragraph,none,high,"Va a explicar el secretario de nuevo, si tienen alguna duda.","Page has many consecutive Sr. Presidente (Abdala) turns; the quoted words open one of them, so attribution is unambiguous.",
86,2023-07-12_r05,12-07-2023_EN_MINORÍA.pdf,19,Sra. Presidenta (Ledesma Abdala),Sra. Presidenta (Ledesma Abdala).-,yes,yes,same-paragraph,none,high,"Gracias, senadora. Tiene la palabra senadora Duré.","Quote begins at the label and continues in the next indented line (""Tiene la palabra senadora Duré.""); this page prints ""Presidenta"".",
87,2024-09-12_r09,12-09-2024_ORDINARIA.pdf,14,Sra. Duré,Sra. Duré.-,yes,yes,same-paragraph,none,high,Sí. Pero está hablando arriba mío. Ya termino. Solamente decirles que ojalá que en,"Quote begins at the label (""Sí. Pero está hablando arriba mío."") and runs into the following paragraph of the same turn.",
88,2024-09-12_r09,12-09-2024_ORDINARIA.pdf,107,Sr. Linares,Sr. Linares.-,yes,yes,same-paragraph,none,medium,"Gracias, señor presidente. Me parece que de números estamos llenos; llenos de hablar únicamente","Only the opening ""Gracias, señor presidente."" is printed on this page (last line); the rest of the quote continues on the next printed page, which was not supplied.",
89,2024-09-12_r09,12-09-2024_ORDINARIA.pdf,126,Sr. Presidente (Abdala),Sr. Presidente (Abdala).-,yes,yes,same-paragraph,none,high,"Gracias, senador Vischi. A continuación, tiene la palabra la senadora por Mendoza, Fernández Sagasti,",Quote begins at the label and continues into the next indented paragraph of the same turn.,
90,2024-09-12_r09,12-09-2024_ORDINARIA.pdf,134,Sr. Presidente (Abdala),Sr. Presidente (Abdala).-,yes,yes,same-paragraph,none,high,"Senador Atauche, diríjase a Presidencia, así no hablamos entre todos. Gracias.",Short presiding interjection between two Sr. Atauche turns.,
91,2020-11-12_r22,12-11-2020_ESPECIAL.pdf,27,Sra. Presidenta (Ledesma Abdala),Sra. Presidenta (Ledesma Abdala).-,yes,yes,same-paragraph,none,high,"Le queda un minuto, senador.","One-line time warning interrupting Sr. Lovera; page prints ""Presidenta"".",
92,2024-12-12_r12,12-12-2024_ESPECIAL.pdf,22,Sra. Sapag,Sra. Sapag.-,yes,yes,previous-page,none,high,", me dijo: “Melgarejo está más pirata que yo”. Cantarero era de Salta –usted","Turn opens on Pág. 21 after Sra. Presidente (Villarruel) gives her the floor; no new label appears before the quoted words on Pág. 22. The paragraph contains the stage direction ""(Se tapa un ojo con la palma de la mano.)"" just before the quoted words.",
93,2023-04-13_r03,13-04-2023_ORDINARIA.pdf,20,Sra. Ianni,Sra. Ianni.-,yes,yes,same-paragraph,none,high,"Muchas gracias, señora presidenta. Quisiera pedir moción de preferencia para dos proyectos. Uno es",Quote begins at the label and continues into the next indented paragraph of the same turn.,
94,2023-04-13_r03,13-04-2023_ORDINARIA.pdf,56,Sra. Valenzuela,Sra. Valenzuela.-,yes,yes,same-paragraph,none,high,"¡Gracias a los señores legisladores, quienes pusieron a sus asesores a disposición y con","Two consecutive Sra. Valenzuela turns separated by ""Manifestaciones en las galerías.""; the quoted words open the first of them.",
95,2023-04-13_r03,13-04-2023_ORDINARIA.pdf,67,Sr. Yedlin,Sr. Yedlin.-,yes,yes,previous-page,(La exhibe.),high,"Esta figura tiene una historia muy interesante. Primero, es una figura que ha circulado","Turn resumes under ""Sr. Yedlin.-"" on Pág. 65 (after the presiding interruption) and runs unbroken through Pág. 66 to the quoted words on Pág. 67; the stage direction ""(La exhibe.)"" sits inside the same paragraph, immediately before the quote.",
96,2023-04-13_r03,13-04-2023_ORDINARIA.pdf,97,Sra. Presidenta (Losada),Sra. Presidenta (Losada).-,yes,yes,same-paragraph,none,high,"Disculpe, disculpe. No veo de dónde hablan, pero…","One of several short presiding interjections separated by ""Manifestaciones de las galerías.""; the quoted words open the second one.",
97,2023-04-13_r03,13-04-2023_ORDINARIA.pdf,100,Sra. Presidenta (Losada),Sra. Presidenta (Losada).-,yes,yes,same-paragraph,none,high,"Por favor… En serio, por favor. Tiene la palabra el senador Romero","Quote begins at the label and continues into the next indented line (""Tiene la palabra el senador Romero"").",
98,2023-04-13_r03,13-04-2023_ORDINARIA.pdf,134,Sr. Mayans,Sr. Mayans.-,yes,yes,same-paragraph,none,high,"Nosotros en un acto, en un acto…","Three consecutive Sr. Mayans turns separated by ""Manifestaciones simultáneas.""; the quoted words are the middle one.",
99,2021-05-13_r05,13-05-2021_ESPECIAL.pdf,4,Sra. Presidenta (Ledesma Abdala),Sra. Presidenta (Ledesma Abdala).-,yes,yes,same-paragraph,none,high,Invito a la señora senadora Laura Rodríguez Machado a izar el pabellón nacional y,"Turn opens right after the bold section title ""1. Izamiento de la bandera nacional...""; page prints ""Presidenta"".",
100,2021-05-13_r05,13-05-2021_ESPECIAL.pdf,21,Sra. Presidenta (Ledesma Abdala),Sra. Presidenta (Ledesma Abdala).-,yes,yes,same-paragraph,none,high,Corresponde aprobar la lista de oradores que se dará lectura.,Quote opens the turn immediately after the Secretary's reading of the three órdenes del día.,
101,2021-05-13_r05,13-05-2021_ESPECIAL.pdf,47,Sra. Presidenta (Ledesma Abdala),Sra. Presidenta (Ledesma Abdala).-,yes,yes,same-paragraph,none,high,"Resulta aprobada. Tiene la palabra, miembro informante, senadora Sacnun.","""Resulta aprobada."" follows the label directly; ""Tiene la palabra, miembro informante, senadora Sacnun."" is the next line of the same turn.",
102,2021-05-13_r05,13-05-2021_ESPECIAL.pdf,99,Sr. Parrilli,Sr. Parrilli.-,yes,yes,same-paragraph,none,high,"Está bien. Quería decirle –respondiéndole al senador Weretilneck, que me ha hecho llegar la","""Está bien."" sits on the label line; ""Quería decirle..."" continues the same turn before the next label (Sra. Presidenta (Ledesma Abdala)).",
103,2021-05-13_r05,13-05-2021_ESPECIAL.pdf,135,Sr. Presidente (Closs),Sr. Presidente (Closs).-,yes,yes,same-paragraph,none,high,"Lista de oradores, se dará lectura a los efectos de su aprobación.",Words open the paragraph right after the label.,
104,2020-08-13_r11,13-08-2020_ESPECIAL.pdf,91,Sr. Bullrich,Sr. Bullrich.-,yes,yes,same-paragraph,none,high,"Gracias, presidenta. Voy a hablar de los dos proyectos: de la ampliación presupuestaria, incorporando","""Gracias, presidenta."" on the label line, ""Voy a hablar de los dos proyectos..."" next line of the same turn.",
105,2020-08-13_r11,13-08-2020_ESPECIAL.pdf,95,Sra. Presidenta (Ledesma Abdala),Sra. Presidenta (Ledesma Abdala).-,yes,yes,same-paragraph,none,high,"Cierren los micrófonos, por favor. Solo Caserio tiene abierto el micrófono. Gracias.","""Cierren los micrófonos, por favor."" on the label line; ""Solo Caserio tiene abierto el micrófono. Gracias."" continues the same turn.",
106,2020-08-13_r11,13-08-2020_ESPECIAL.pdf,99,Sra. Presidenta (Ledesma Abdala),Sra. Presidenta (Ledesma Abdala).-,yes,yes,same-paragraph,none,high,"Gracias, senador. Tiene la palabra el senador Romero.","Same turn continues into ""Tiene la palabra el senador Romero."" on the following line.",
107,2020-08-13_r11,13-08-2020_ESPECIAL.pdf,100,Sra. Presidenta (Ledesma Abdala),Sra. Presidenta (Ledesma Abdala).-,yes,yes,same-paragraph,none,high,"Muchas gracias, senador. Tiene la palabra el senador Mayans.","""Muchas gracias, senador."" on the label line; ""Tiene la palabra el senador Mayans."" is the next line of the same turn.",
108,2020-08-13_r11,13-08-2020_ESPECIAL.pdf,112,Sr. Caserio,Sr. Caserio.-,yes,yes,same-paragraph,none,high,"En este caso, esta moratoria tiene un cambio muy significativo, ya que amplía el","Label reopens the turn immediately after the stage direction ""–Contenido no inteligible.""",
109,2023-12-13_r08,13-12-2023_ESPECIAL.pdf,14,Sra. Presidente (Villarruel),Sra. Presidente (Villarruel).-,yes,yes,same-paragraph,none,high,"Senadora, no es una charla. Por favor.","Page prints ""Presidente"", not ""Presidenta""; transcribed as printed.",
110,2023-12-13_r08,13-12-2023_ESPECIAL.pdf,23,Sra. Presidente (Villarruel),Sra. Presidente (Villarruel).-,yes,yes,same-paragraph,none,high,Se somete a votación a mano alzada la propuesta del senador Atauche.,"A similar later line, ""Se somete, entonces, a votación la propuesta del senador Atauche."", is under the same label, so no ambiguity.",
111,2023-12-13_r08,13-12-2023_ESPECIAL.pdf,24,Sra. Presidente (Villarruel),Sra. Presidente (Villarruel).-,yes,yes,same-paragraph,none,high,Queda reservado el cargo de vicepresidente. Y se somete a votación la postulación de,"""Queda reservado el cargo de vicepresidente."" on the label line; ""Y se somete a votación la postulación de la senadora Carolina Losada..."" continues the same turn.",
112,2023-12-13_r08,13-12-2023_ESPECIAL.pdf,24,Sr. Prosecretario (Tunessi),Sr. Prosecretario (Tunessi).-,yes,yes,same-paragraph,none,high,No tiene que estar en el decreto. No corresponde.,"Last speech line before the bold section title ""6. Renuncia de la señora vicepresidente 2° del H. Senado de la Nación"".",
113,2023-12-13_r08,13-12-2023_ESPECIAL.pdf,25,Sra. Presidente (Villarruel),Sra. Presidente (Villarruel).-,yes,yes,same-paragraph,(Aplausos.),high,"Si así no lo hiciereis, Dios y la Patria os lo demanden.","The Vigo oath response; an earlier line on the same page reads ""la Patria os lo demande"" (no ""Dios""), so the quoted wording is unique, and both are under the same label.",
114,2023-12-13_r08,13-12-2023_ESPECIAL.pdf,29,Sr. Romero,Sr. Romero.-,yes,yes,same-paragraph,none,high,"Gracias, señora presidenta. En nombre del interbloque Cambio Federal, del interbloque Innovación Federal y","""Gracias, señora presidenta."" on the label line; the interbloque sentence continues the same turn.",
115,2023-12-13_r08,13-12-2023_ESPECIAL.pdf,30,Sra. Presidente (Villarruel),Sra. Presidente (Villarruel).-,yes,yes,same-paragraph,none,high,"Gracias, senadora. Se somete a votación la propuesta del senador Romero.","""Gracias, senadora."" on the label line; ""Se somete a votación la propuesta del senador Romero."" next line of the same turn.",
116,2024-03-14_r02,14-03-2024_ESPECIAL.pdf,39,Sr. Mayans,Sr. Mayans.-,yes,yes,same-paragraph,none,high,"Es simplemente para aclarar el sentido del voto: vamos a votar todo junto, con",Words open the paragraph right after the label.,
117,2024-03-14_r02,14-03-2024_ESPECIAL.pdf,41,Sra. Presidente (Villarruel),Sra. Presidente (Villarruel).-,yes,yes,same-paragraph,none,high,"Se somete a votación, por medios electrónicos. Se inicia la votación.","""Se somete a votación, por medios electrónicos."" on the label line; ""Se inicia la votación."" continues the same turn.",
118,2024-03-14_r02,14-03-2024_ESPECIAL.pdf,44,Sra. Presidente (Villarruel),Sra. Presidente (Villarruel).-,yes,yes,same-paragraph,none,high,"Gracias, senador. Tiene el uso de la palabra el senador Maximiliano Abad.",The label line is printed with a small leading indent; text otherwise as shown.,
119,2024-03-14_r02,14-03-2024_ESPECIAL.pdf,51,Sr. Mayans,Sr. Mayans.-,yes,yes,same-paragraph,none,high,"No, tengo que aclarar el voto.",Words open the paragraph right after the label.,
120,2024-03-14_r02,14-03-2024_ESPECIAL.pdf,55,Sra. Fernández Sagasti,Sra. Fernández Sagasti.-,yes,yes,same-paragraph,none,high,Pero había entendido eso. Quiero que…,"Last speech line of the page, directly after the label.",
121,2024-05-15_r04,15-05-2024_INFORMATIVA_ESPECIAL.pdf,55,Sra. García Larraburu,Sra. García Larraburu.-,yes,yes,same-paragraph,none,high,"Bueno, dicho esto y más allá del humor…","Page prints ""Bueno, dicho esto y más allá del humor…"" right after the label.",
122,2021-07-15_r10,15-07-2021_ESPECIAL.pdf,21,Sr. Petcoff Naidenoff,Sr. Petcoff Naidenoff.-,yes,yes,same-paragraph,none,high,"De dos expedientes. Uno, el 179/21, que es un proyecto de declaración respecto del",Words open the paragraph right after the label.,
123,2021-07-15_r10,15-07-2021_ESPECIAL.pdf,27,Sr. Recalde,Sr. Recalde.-,yes,yes,same-paragraph,none,high,"Gracias, señora presidenta. Estamos poniendo en consideración los dictámenes sobre tres decretos de necesidad","""Gracias, señora presidenta."" on the label line; the dictámenes sentence continues the same turn.",
124,2021-07-15_r10,15-07-2021_ESPECIAL.pdf,68,Sra. García Larraburu,Sra. García Larraburu.-,yes,yes,same-paragraph,none,high,"Sí un minuto, ya estoy terminando, señor presidente. Acá nació y estudió el Che.","""Sí un minuto, ya estoy terminando, señor presidente."" on the label line; ""Acá nació y estudió el Che."" continues the same turn.",
125,2021-07-15_r10,15-07-2021_ESPECIAL.pdf,121,Sra. Presidenta (Rodríguez Machado),Sra. Presidenta (Rodríguez Machado).-,yes,yes,same-paragraph,none,high,"Gracias, señor senador. Oportunamente, se tomará nota del sentido de sus votos. Corresponde, ahora,","Here the record prints ""Presidenta""; the chair label carries into ""Corresponde, ahora, el uso de la palabra al senador Claudio Poggi"".",
126,2021-07-15_r10,15-07-2021_ESPECIAL.pdf,124,Sra. Elías de Perez,Sra. Elías de Perez.-,yes,yes,same-paragraph,none,high,… ser una política de Estado…,"Short turn near the foot of the page, opened by its own label; the preceding line is the stage direction ""-Contenido no inteligible.""",
127,2020-09-16_r14,16-09-2020_ESPECIAL.pdf,5,Sr. Lousteau,Sr. Lousteau.-,yes,yes,same-paragraph,none,high,"Con respecto a las sesiones especiales pedidas, lo que pasa es que la convocatoria,",The quoted words open the paragraph directly after the label.,
128,2020-09-16_r14,16-09-2020_ESPECIAL.pdf,70,Sr. Secretario (Fuentes),Sr. Secretario (Fuentes).-,yes,yes,same-paragraph,none,high,Orden del Día N° 203/20. Dictamen del proyecto de ley venido en revisión por,Reading of Orden del Día N° 203/20 under item 12 of the session.,
129,2022-11-16_r13,16-11-2022_ESPECIAL.pdf,44,Sra. Presidenta (Ledesma Abdala),Sra. Presidenta (Ledesma Abdala).-,yes,yes,same-paragraph,none,high,Resulta aprobado. Y resulta incorporado al temario de esta sesión pública especial del día,"Paragraph follows the stage direction ""-Se practica la votación a mano alzada.""",
130,2022-11-16_r13,16-11-2022_ESPECIAL.pdf,44,Sra. Presidenta (Ledesma Abdala),Sra. Presidenta (Ledesma Abdala).-,yes,yes,same-paragraph,none,high,"No habiendo más asuntos que tratar, queda levantada esta sesión pública especial. Muchas gracias.","Closing turn of the session; ""Muchas gracias."" continues in the next indented line of the same turn.",
131,2022-03-17_r02,17-03-2022_ESPECIAL.pdf,5,Sra. Presidenta (Fernández de Kirchner),Sra. Presidenta (Fernández de Kirchner).-,yes,yes,same-paragraph,none,high,"Ahora, viene el turno de preferencias. La senadora Clara Vega tiene la palabra.","Opens section 5 ""Mociones de preferencia""; the sentence about senator Clara Vega is the next line of the same turn.",
132,2022-03-17_r02,17-03-2022_ESPECIAL.pdf,9,Sra. Presidenta (Fernández de Kirchner),Sra. Presidenta (Fernández de Kirchner).-,yes,yes,same-paragraph,none,high,"Tiene la palabra, senador Mayans.","Single occurrence on this page, right after the secretary reads Orden del Día N° 1/22.",
133,2021-08-19_r11,19-08-2021_ESPECIAL.pdf,17,Sr. Mayans,Sr. Mayans.-,yes,yes,same-paragraph,none,high,"Muchas gracias, presidenta. En primer lugar, quiero darle la bienvenida a la senadora Juliana","""Muchas gracias, presidenta."" opens the turn; the welcome to senator Juliana Di Tullio is the next line of the same turn.",
134,2021-08-19_r11,19-08-2021_ESPECIAL.pdf,23,Sra. Presidenta (Ledesma Abdala),Sra. Presidenta (Ledesma Abdala).-,yes,yes,same-paragraph,none,high,"Bien. Sí, senador Naidenoff tiene la palabra.","""Bien."" opens the turn; ""Sí, senador Naidenoff tiene la palabra."" is the next line of the same turn.",
135,2021-08-19_r11,19-08-2021_ESPECIAL.pdf,56,Sr. Secretario (Fuentes),Sr. Secretario (Fuentes).-,yes,yes,same-paragraph,none,high,Afirmativo. Senadora Vucasovich: ¿su voto?,"Roll-call block; ""Afirmativo."" opens the turn and the Vucasovich question is the next line of the same turn.",
136,2021-08-19_r11,19-08-2021_ESPECIAL.pdf,77,Sr. Secretario (Fuentes),Sr. Secretario (Fuentes).-,yes,yes,same-paragraph,none,high,"Afirmativo. Gracias, senadora. Giménez: afirmativo. Gladys González: afirmativo. María Teresa González: afirmativo. Nancy González:","""Afirmativo. Gracias, senadora."" appears twice on the page, but only the first is followed by the Giménez/González list; both carry the same label.",
137,2021-05-20_r06,20-05-2021_ESPECIAL.pdf,71,Sr. Castillo,Sr. Castillo.-,yes,yes,same-paragraph,none,high,"Ya termino, señora presidenta. La van debilitando a través de pequeñas cuestiones que van","""Ya termino, señora presidenta."" opens the turn; the sentence about weakening democracy is the next line of the same turn.",
138,2021-05-20_r06,20-05-2021_ESPECIAL.pdf,84,Sra. Tapia,Sra. Tapia.-,yes,yes,same-paragraph,none,high,"Quiero finalizar, entonces, señora presidente, y señores senadores y senadoras, señalando que además de","Note the page prints ""Sra. Presidenta (Ledesma de Abdala)"" and ""(Ledesma Abdala)"" for the chair, but the quoted words belong to the senator's turn.",
139,2001-07-18_r45,2001-07-18_r45_ORDINARIA.pdf,5,Sr. Presidente (Losada),Sr. Presidente (Losada). —,yes,yes,same-paragraph,none,high,Invito al señor senador San Millán a izar la bandera nacional en el mástil,"Under the bold section title ""Izamiento de la bandera nacional"".",
140,2001-07-18_r45,2001-07-18_r45_ORDINARIA.pdf,13,Sr. Menem,Sr. Menem. —,yes,yes,same-paragraph,none,high,Señor presidente: solicito que quede constancia de que ha sido aprobada por unanimidad y,"Senator Menem's turn, immediately after the chair announces the communication is approved.",
141,2001-07-18_r45,2001-07-18_r45_ORDINARIA.pdf,13,Sr. Presidente (Losada),Sr. Presidente (Losada). —,yes,yes,same-paragraph,none,high,A continuación corresponde considerar en conjunto los dictámenes de comisiones que contienen proyectos de,"Opens section 14; the footnote ""Ver el Apéndice."" sits below the paragraph, not inside it.",
142,2001-07-18_r45,2001-07-18_r45_ORDINARIA.pdf,27,Sr. Presidente (Losada),Sr. Presidente (Losada). —,yes,yes,same-paragraph,none,high,"Si no se hace uso de la palabra, se va a votar su pase",The vote on sending Orden del Día N° 530 to the archive; printed without a space before the dash.,
143,2001-07-18_r45,2001-07-18_r45_ORDINARIA.pdf,31,Sr. Presidente (Losada),Sr. Presidente (Losada). —,yes,yes,same-paragraph,none,high,Corresponde considerar el dictamen de la Comisión de Asistencia Social y Salud Pública en,"Ambiguous by position only: the same opening words start items 59, 60 and 61 on this page, but all three carry this same label.",
144,2001-07-18_r45,2001-07-18_r45_ORDINARIA.pdf,33,Sr. Presidente (Losada),Sr. Presidente (Losada). —,yes,yes,same-paragraph,none,high,Corresponde considerar el dictamen de la Comisión de Turismo en el proyecto de resolución,"Ambiguous by position: item 66 and item 67 both open this way, and the last line of the page is cut off mid-sentence; both carry this same label.",
145,2001-07-18_r45,2001-07-18_r45_ORDINARIA.pdf,33,Sr. Presidente (Losada),Sr. Presidente (Losada). —,yes,yes,same-paragraph,none,high,Corresponde considerar el dictamen de la Comisión de Turismo en el proyecto de resolución,"Same quoted words as case 144; item 66 and the truncated item 67 both open this way, and both carry this same label.",
146,2001-07-18_r45,2001-07-18_r45_ORDINARIA.pdf,38,Sr. Presidente (Losada),Sr. Presidente (Losada). —,yes,yes,same-paragraph,none,high,"Corresponde considerar el dictamen de las comisiones de Asuntos Administrativos y Municipales, de Transportes",Opens item 80 on railway-company subsidies.,
147,2001-07-18_r45,2001-07-18_r45_ORDINARIA.pdf,44,Sr. Presidente (Losada),Sr. Presidente (Losada). —,yes,yes,same-paragraph,none,high,Queda aprobada la declaración. Se procederá en consecuencia.,"Single occurrence of this exact wording on the page, after Orden del Día N° 589.",
148,2001-07-18_r45,2001-07-18_r45_ORDINARIA.pdf,53,Sr. Presidente (Menem),Sr. Presidente (Menem). —,yes,yes,same-paragraph,none,high,"En consideración en general. Si no se hace uso de la palabra, se va","The chair on this page is printed as Menem, not Losada; ""Si no se hace uso de la palabra..."" is the next line of the same turn.",
149,2001-07-18_r45,2001-07-18_r45_ORDINARIA.pdf,55,Sr. Presidente (Losada),Sr. Presidente (Losada). —,yes,yes,same-paragraph,none,high,"Si no se hace uso de la palabra, se va a votar la moción","Vote on the motion to modify the plan de labor, at the top of the page.",
150,2001-11-07_r69,2001-11-07_r69_ORDINARIA.pdf,9,Sra. Sapag,Sra. Sapag. —,yes,yes,same-paragraph,none,high,Es para dejar constancia de que no presto acuerdo a la solicitud del Poder,The quoted words open the turn immediately after the chair gives the floor to the senator from Neuquén.,
151,2001-11-07_r69,2001-11-07_r69_ORDINARIA.pdf,18,Sr. Presidente (Menem),Sr. Presidente (Menem).,yes,yes,same-paragraph,none,high,"En consideración en general. Si no se hace uso de la palabra, se va","ambiguous — the same words appear twice on pág. 18 (Orden del Día Nº 979 and Nº 970), but both are governed by the identical label Sr. Presidente (Menem).",
152,2001-11-07_r69,2001-11-07_r69_ORDINARIA.pdf,18,Sr. Presidente (Menem),Sr. Presidente (Menem).,yes,yes,same-paragraph,none,high,"En consideración en general. Si no se hace uso de la palabra, se va","ambiguous — two occurrences on pág. 18; both under Sr. Presidente (Menem), so the answer is the same either way.",
153,2001-11-07_r69,2001-11-07_r69_ORDINARIA.pdf,24,Sr. Presidente (Menem),Sr. Presidente (Menem).,yes,yes,same-paragraph,none,high,Queda sancionado el proyecto de ley. Se comunicará a la Honorable Cámara de Diputados.,ambiguous — the sentence appears twice on pág. 24 (top of page and after the S. 1520/01 vote); both under Sr. Presidente (Menem).,
154,2001-11-07_r69,2001-11-07_r69_ORDINARIA.pdf,30,Sr. Presidente (Losada),Sr. Presidente (Losada).,yes,yes,same-paragraph,none,high,"En consideración en general. Si no se hace uso de la palabra, se va","Section 48, after the [S. 974/01] heading; ""En consideración en general."" opens the labelled paragraph and ""Si no se hace uso de la palabra, se va a votar."" continues the same turn.",
155,2001-11-07_r69,2001-11-07_r69_ORDINARIA.pdf,30,Sr. Presidente (Losada),Sr. Presidente (Losada).,yes,yes,same-paragraph,none,high,Queda aprobada la declaración. Se procederá en consecuencia.,"Single occurrence on pág. 30, closing section 48.",
156,2001-11-07_r69,2001-11-07_r69_ORDINARIA.pdf,31,Sr. Presidente (Losada),Sr. Presidente (Losada).,yes,yes,same-paragraph,none,high,Tiene la palabra el señor senador por Córdoba.,"Only one ""por Córdoba"" call on pág. 31, preceding Sr. Molinari Romero's intervention.",
157,2001-11-07_r69,2001-11-07_r69_ORDINARIA.pdf,39,Sr. Presidente (Losada),Sr. Presidente (Losada).,yes,yes,same-paragraph,none,high,"Si no se hace uso de la palabra, se va a votar el Título","""...se va a votar el Título IX, con las modificaciones propuestas por el señor senador Agúndez.""",
158,2001-11-07_r69,2001-11-07_r69_ORDINARIA.pdf,47,Sr. Presidente (Losada),Sr. Presidente (Losada).,yes,yes,same-paragraph,none,high,"La Presidencia informa que el cuerpo está sesionando en minoría, por lo cual se",Follows the Sr. Secretario (Oyarzún) paragraph in section 63.,
159,2001-11-14_r71,2001-11-14_r71_ORDINARIA.pdf,8,Sr. Agúndez,Sr. Agúndez.,yes,yes,same-paragraph,none,high,Señor presidente: solicito la incorporación en el plan de labor del proyecto de ley,"Section ""9 bis - Plan de Labor (continuación)"" on pág. 8.",
160,2001-11-14_r71,2001-11-14_r71_ORDINARIA.pdf,9,Sr. Pruyas,Sr. Pruyas.,yes,yes,same-paragraph,none,high,"Señor presidente: solicito la inclusión en el punto ""Tratamientos sobre Tablas"" de un proyecto","Printed as ""Sr. Pruyas. — Señor presidente: solicito la inclusión en el punto ""Tratamientos sobre Tablas"" de un proyecto de resolución de mi autoría"".",
161,2001-11-14_r71,2001-11-14_r71_ORDINARIA.pdf,11,Sr. Presidente (Menem),Sr. Presidente (Menem).,yes,yes,same-paragraph,none,high,Tiene la palabra el señor senador por La Rioja.,Precedes Sr. Galván's intervention on pág. 11; single occurrence.,
162,2001-11-14_r71,2001-11-14_r71_ORDINARIA.pdf,25,Sr. Presidente (Menem),Sr. Presidente (Menem).,yes,yes,same-paragraph,none,high,"Si hay asentimiento, así se hará.","Reply to Sr. Gioja's ""Propongo que se vote por capítulos"" in section 57 (Firma digital).",
163,2001-11-14_r71,2001-11-14_r71_ORDINARIA.pdf,29,Sr. Gioja,Sr. Gioja.,yes,yes,same-paragraph,none,high,"¡Lo vamos a extrañar, senador!",One-line turn on pág. 29 between two Sr. Presidente (Menem) turns.,
164,2001-11-14_r71,2001-11-14_r71_ORDINARIA.pdf,30,Sr. Gioja,Sr. Gioja.,yes,yes,same-paragraph,none,high,"Señor presidente: voy a solicitar que se inserte lo que pensaba decir, en coincidencia","Follows the president's ""Tiene la palabra el señor senador por San Juan."" on pág. 30.",
165,2001-11-14_r71,2001-11-14_r71_ORDINARIA.pdf,32,Sr. Presidente (Menem),Sr. Presidente (Menem).,yes,yes,same-paragraph,none,high,"Quedará constancia del voto negativo del señor senador por La Pampa, Carlos Verna.","Section 64 on pág. 32, answering Sr. Verna's request.",
166,2001-11-14_r71,2001-11-14_r71_ORDINARIA.pdf,35,Sr. Gioja,Sr. Gioja.,yes,yes,same-paragraph,none,high,Señor presidente: solicito el tratamiento sobre tablas de este dictamen.,"Section 66 on pág. 35, after ""Tiene la palabra el señor senador por San Juan.""",
167,2001-11-28_r73,2001-11-28_r73_ORDINARIA.pdf,7,Sr. Presidente (Losada),Sr. Presidente (Losada).,yes,yes,same-paragraph,none,high,Tiene la palabra el señor senador San Millán.,"Section 4 on pág. 7, between Sr. San Millán's ""Pido la palabra"" and his speech.",
168,2001-11-28_r73,2001-11-28_r73_ORDINARIA.pdf,7,Sr. Yoma,Sr. Yoma.,yes,yes,same-paragraph,none,high,Señor presidente: si bien es cierto que hay un proyecto de dictamen de la,"Printed as ""Sr. Yoma. — Señor presidente: si bien es cierto que hay un proyecto de dictamen de la Comisión de Asuntos Constitucionales...""",
169,2001-11-28_r73,2001-11-28_r73_ORDINARIA.pdf,8,Sr. Presidente (Losada),Sr. Presidente (Losada).,yes,yes,same-paragraph,none,high,Tiene la palabra el señor senador Torino.,"Lower half of pág. 8, preceding Sr. Torino's ""Solicito que se incorpore al plan de labor parlamentaria el Orden del Día 1088.""",
170,2001-11-28_r73,2001-11-28_r73_ORDINARIA.pdf,8,Sr. Gioja,Sr. Gioja.,yes,yes,same-paragraph,none,high,Pedimos que se apruebe. Sea bueno...,Single-line turn on pág. 8.,
171,2001-11-28_r73,2001-11-28_r73_ORDINARIA.pdf,8,Sr. Gioja,Sr. Gioja.,yes,yes,same-paragraph,none,high,Por eso propongo que se modifique el plan de labor y que lo votemos,"Two lines below case 170, still on pág. 8.",
172,2001-11-28_r73,2001-11-28_r73_ORDINARIA.pdf,19,Sr. Presidente (Losada),Sr. Presidente (Losada).,yes,yes,same-paragraph,none,high,Por Secretaría se realizará el trámite correspondiente.,"Under the ""Pedido de incorporación de firmas"" heading on pág. 19; single occurrence.",
173,2001-11-28_r73,2001-11-28_r73_ORDINARIA.pdf,25,Sr. Presidente (Losada),Sr. Presidente (Losada).,yes,yes,same-paragraph,none,high,"En consideración en general. Si no se hace uso de la palabra, se va","ambiguous — the words appear three times on pág. 25 (after [Incorporar dictamen], Orden del Día Nº 1060 and Nº 1061); all three under Sr. Presidente (Losada).",
174,2001-11-28_r73,2001-11-28_r73_ORDINARIA.pdf,25,Sr. Presidente (Losada),Sr. Presidente (Losada).,yes,yes,same-paragraph,none,high,"En consideración en general. Si no se hace uso de la palabra, se va","ambiguous — three identical occurrences on pág. 25, all governed by Sr. Presidente (Losada).",
175,2001-11-28_r73,2001-11-28_r73_ORDINARIA.pdf,25,Sr. Presidente (Losada),Sr. Presidente (Losada).,yes,yes,same-paragraph,none,high,"En consideración en general. Si no se hace uso de la palabra, se va","ambiguous — three identical occurrences on pág. 25, all governed by Sr. Presidente (Losada).",
176,2001-11-28_r73,2001-11-28_r73_ORDINARIA.pdf,28,Sr. Presidente (Losada),Sr. Presidente (Losada).,yes,yes,same-paragraph,none,high,Queda aprobada la declaración por unanimidad. Se procederá en consecuencia.,"Second labelled turn on the page; the other similar lines on this page read ""la comunicación"", not ""la declaración"".",
177,2001-11-28_r73,2001-11-28_r73_ORDINARIA.pdf,31,Sr. Presidente (Losada),Sr. Presidente (Losada).,yes,yes,same-paragraph,none,high,Corresponde considerar el dictamen de la Comisión de Presupuesto y Hacienda en el proyecto,"ambiguous - the same wording opens both section 30 (Salum) and section 31 (Meneghini) on this page, but both are printed under Sr. Presidente (Losada).",
178,2001-11-28_r73,2001-11-28_r73_ORDINARIA.pdf,31,Sr. Presidente (Losada),Sr. Presidente (Losada).,yes,yes,same-paragraph,none,high,Corresponde considerar el dictamen de la Comisión de Presupuesto y Hacienda en el proyecto,ambiguous - same duplicated wording as case 177 (sections 30 and 31); both occurrences carry the identical label.,
179,2001-11-28_r73,2001-11-28_r73_ORDINARIA.pdf,49,Sr. Presidente (Menem),Sr. Presidente (Menem).,yes,yes,same-paragraph,none,high,Corresponde considerar el proyecto de ley del señor senador Arnold y otros señores senadores,"Opening of section 63, ""Ley Federal de la Marina Mercante - Vuelta a comisión"".",
180,2001-11-28_r73,2001-11-28_r73_ORDINARIA.pdf,50,Sr. Gioja,Sr. Gioja.,yes,yes,same-paragraph,none,high,Solicito el tratamiento sobre tablas de este proyecto de ley.,Single-sentence turn inside section 65.,
181,2001-11-28_r73,2001-11-28_r73_ORDINARIA.pdf,59,Sr. Villaverde,Sr. Villaverde.,yes,yes,same-paragraph,none,high,Señor presidente: solicito la inserción de mi discurso.,"Near the top of the page, just before the stage direction about Losada taking the chair.",
182,2002-04-11_r05,2002-04-11_r05_ESPECIAL.pdf,9,Sr. Presidente (Maqueda),Sr. Presidente (Maqueda).,yes,yes,same-paragraph,none,high,"Perdón, señor jefe de Gabinete: tengo la obligación de avisarle que solamente le restan",Interrupts the jefe de Gabinete's speech to warn about time.,
183,2002-04-11_r05,2002-04-11_r05_ESPECIAL.pdf,24,Sr. Losada,Sr. Losada.,yes,yes,same-paragraph,none,high,"No obstante, creo que vamos a tener las respuestas. Por lo tanto, en este","Second Losada turn on the page, after the Presidencia asks him to address the chair; printed with no space before the dash.",
184,2002-04-11_r05,2002-04-11_r05_ESPECIAL.pdf,26,Sr. Presidente (López Arias),Sr. Presidente (López Arias).,yes,yes,same-paragraph,none,high,Tiene la palabra el señor jefe de Gabinete de Ministros.,The line just before the jefe de Gabinete answers question 311.,
185,2002-04-11_r05,2002-04-11_r05_ESPECIAL.pdf,38,Sr. Presidente (López Arias),Sr. Presidente (López Arias).,yes,yes,same-paragraph,none,high,Tiene la palabra la señora senadora Sapag.,Immediately precedes the Sra. Sapag turn on the same page.,
186,2002-04-11_r05,2002-04-11_r05_ESPECIAL.pdf,38,Sra. Sapag,Sra. Sapag.,yes,yes,same-paragraph,none,high,Señor presidente: si bien la respuesta a la primera pregunta que deseaba formular ya,Follows the chair giving her the floor.,
187,2002-04-11_r05,2002-04-11_r05_ESPECIAL.pdf,39,Sra. Sapag,Sra. Sapag.,yes,yes,same-paragraph,none,high,Señor presidente: me refiero al fondo fiduciario que se iba a generar con el,"Second Sapag turn of the session, answering the jefe de Gabinete's request for clarification.",
188,2002-04-11_r05,2002-04-11_r05_ESPECIAL.pdf,40,Sr. Daniele,Sr. Daniele.,yes,yes,same-paragraph,none,high,Escuchando su optimista informe y con la posibilidad de que en mayo el Fondo,"Follows ""Tiene la palabra el señor senador Daniele.""",
189,2002-04-11_r05,2002-04-11_r05_ESPECIAL.pdf,41,Sr. Jefe de Gabinete de Ministros,Sr. Jefe de Gabinete de Ministros.,yes,yes,same-paragraph,none,high,Respecto del impuesto a la transferencia de combustibles ratifico lo que había expuesto con,"Last labelled turn on the page, answering senator Mayans.",
190,2002-04-11_r05,2002-04-11_r05_ESPECIAL.pdf,54,Sr. Presidente (Maqueda),Sr. Presidente (Maqueda).,yes,yes,same-paragraph,none,high,Tiene la palabra el señor senador Moro.,Comes right after the exchange with Sra. Isidori.,
191,2002-05-28_r12,2002-05-28_r12_EN_MINORIA.pdf,2,Sr. Presidente (Maqueda),Sr. Presidente (Maqueda).,yes,yes,same-paragraph,none,high,"Muchas gracias, señor senador. No existiendo el quórum suficiente, y dada su solicitud, queda",The quoted words start in the labelled line and continue in the indented paragraph below it; the closing turn of the session.,
192,2002-08-22_r20,2002-08-22_r20_EN_MINORIA.pdf,4,Sr. Presidente (López Arias),Sr. Presidente (López Arias).,yes,yes,same-paragraph,none,high,Señora senadora: reitero algo que dije cuando usted no estaba presente. En la reunión,Reply to Sra. Maza at the top of the page.,
193,2002-08-22_r20,2002-08-22_r20_EN_MINORIA.pdf,5,Sr. Presidente (López Arias),Sr. Presidente (López Arias).,yes,yes,same-paragraph,none,high,"De modo que, senador Menem, queda levantada la sesión por falta de quórum.","Final turn before ""Son las 13 y 50.""",
194,2003-03-12_r03,2003-03-12_r03_ORDINARIA.pdf,23,Sr. Maestro,Sr. Maestro.,yes,yes,same-paragraph,none,high,Señor presidente: vamos a proponer que continuemos en cuarto intermedio y tratemos de sesionar,Last labelled turn on the page.,
195,2003-03-12_r03,2003-03-12_r03_ORDINARIA.pdf,23,Sr. Presidente (Gioja),Sr. Presidente (Gioja).,yes,yes,same-paragraph,none,high,Tiene la palabra el senador Lamberto.,"Exact wording appears once; a similar earlier line on the page (""la senadora Colombo y luego el senador Lamberto"") also carries the same label.",
196,2003-03-26_r05,2003-03-26_r05_ORDINARIA.pdf,69,Sr. Pichetto,Sr. Pichetto.,yes,yes,same-paragraph,none,high,"Señor presidente: reitero que esta prueba fue producida, vista y televisada en horario vespertino,","First line of the page, printed with no space before the dash.",
197,2003-03-26_r05,2003-03-26_r05_ORDINARIA.pdf,173,Sr. Presidente (López Arias),Sr. Presidente (López Arias).,yes,yes,same-paragraph,none,high,Senador Maestro: la senadora Escudero le solicita una interrupción. ¿Se la concede?,Interrupts senator Maestro to relay Escudero's request.,
198,2003-05-25_r00,2003-05-25_r00_ASAMBLEA.pdf,5,Sr. Secretario (Oyarzún),Sr. Secretario (Oyarzún).,yes,yes,earlier-on-page,none,high,"“El Honorable Congreso de la Nación Argentina, reunido en Asamblea, RESUELVE Artículo 1º.– Declarar","Label line reads ""Sr. Secretario (Oyarzún). – (Lee)""; the quoted resolution text follows in the paragraphs below it.",
199,2003-05-28_r09,2003-05-28_r09_ORDINARIA.pdf,63,Sra. Perceval,Sra. Perceval.,yes,yes,same-paragraph,none,high,"Una vez más, consciente de la necesidad de acortar los debates para poder llegar","Follows the chair giving her the floor; the presiding label on this page is printed bare as ""Sr. Presidente."" with no name.",
200,2003-05-28_r09,2003-05-28_r09_ORDINARIA.pdf,88,Sr. Yoma,Sr. Yoma.,yes,yes,same-paragraph,none,high,"Respecto del pedido que hizo el señor senador Gioja, quiero decir que se trata","Second Yoma line on the page, after ""Tiene la palabra el señor senador Yoma.""",
201,2003-07-23_r15,2003-07-23_r15_ORDINARIA.pdf,31,Sr. Presidente (Gioja),Sr. Presidente (Gioja). —,yes,yes,same-paragraph,none,high,Queda aprobada la declaración. Se procederá en consecuencia.,Third occurrence of a Gioja turn under Orden del Día N° 309; the words open that paragraph directly after the label.,
202,2003-08-06_r16,2003-08-06_r16_ORDINARIA.pdf,37,Sr. Presidente (López Arias),Sr. Presidente (López Arias). —,yes,yes,same-paragraph,none,high,Tiene la palabra el señor senador Baglini.,"One-line turn near the foot of the page, immediately before Sr. Baglini's reply.",
203,2003-08-20_r17,2003-08-20_r17_ORDINARIA.pdf,75,Sra. Conti,Sra. Conti. —,yes,yes,same-paragraph,none,high,"Solicito una interrupción, señor presidente.",Single-sentence turn between Sr. Baglini's speech and the Presidente's reply.,
204,2003-09-03_r20,2003-09-03_r20_TRIBUNAL_DE_JUICIO_POLITICO.pdf,73,Sr. Presidente,Sr. Presidente. —,yes,yes,same-paragraph,none,high,Por Secretaría se procederá a dar lectura del proyecto de resolución por el que,Label printed without a parenthetical name on this page.,
205,2003-10-08_r25,2003-10-08_r25_TRIBUNAL_DE_JUICIO_POLITICO.pdf,10,Sr. Presidente,Sr. Presidente. —,yes,yes,same-paragraph,none,high,Tiene la palabra el doctor Eduardo Moliné O'Connor.,"Near the foot of the page, just before Sr. Moliné O'Connor's turn opens.",
206,2003-10-08_r25,2003-10-08_r25_TRIBUNAL_DE_JUICIO_POLITICO.pdf,71,Sr. Moro,Sr. Moro. —,yes,yes,same-paragraph,none,high,"Voy concluyendo: este punto, o sea, la posibilidad de suspender preventivamente a un miembro","The label follows the stage direction about Scioli taking the chair, which does not end or start a turn by itself.",
207,2003-10-15_r26,2003-10-15_r26_ORDINARIA.pdf,15,Sr. Presidente,Sr. Presidente. —,yes,yes,same-paragraph,none,high,Tiene la palabra el señor senador Salvatori.,"Under section 10, between Sr. Salvatori's ""Pido la palabra"" and his speech.",
208,2003-10-15_r26,2003-10-15_r26_ORDINARIA.pdf,111,Sr. Baglini,Sr. Baglini. —,yes,yes,same-paragraph,none,high,"Voy redondeando, señor presidente. En las declaraciones juradas de ganancias de los años 2000","The quote begins in the labelled paragraph and continues into its next indented paragraph, still Baglini's turn.",
209,2003-10-15_r26,2003-10-15_r26_ORDINARIA.pdf,117,Sr. Presidente,Sr. Presidente. —,yes,yes,same-paragraph,none,high,Continúa en el uso de la palabra el señor senador Yoma.,One-line turn handing the floor back to senator Yoma.,
210,2003-11-04_r29,2003-11-04_r29_TRIBUNAL_DE_JUICIO_POLITICO.pdf,31,Sr. Gentile,Sr. Gentile. —,yes,yes,same-paragraph,none,high,No lo conozco por el expediente.,"Near the foot of the page; earlier similar lines (""No los conozco"") are distinct wording under the same speaker.",
211,2003-11-04_r29,2003-11-04_r29_TRIBUNAL_DE_JUICIO_POLITICO.pdf,46,Sr. Diputado Falú,Sr. Diputado Falú. —,yes,yes,same-paragraph,none,high,"Ah, a usted le dijeron así, de modo impersonal, que alguien le iba a","Upper third of the page, question addressed to Sr. Schorr.",
212,2003-11-04_r29,2003-11-04_r29_TRIBUNAL_DE_JUICIO_POLITICO.pdf,87,Sra. Ibarra,Sra. Ibarra. —,yes,yes,same-paragraph,none,high,"No, usted me deja hablar a mí, que soy la que está formulando la","Page prints ""No, usted me deja hablar a mí, que soy la que está formulando la pregunta.""",
213,2003-11-04_r29,2003-11-04_r29_TRIBUNAL_DE_JUICIO_POLITICO.pdf,89,Sr. Schorr,Sr. Schorr. —,yes,yes,same-paragraph,none,high,Abarcaba algunos conceptos y otros no.,"Short answer in the middle of the page, following Sra. Ibarra's question.",
214,2003-11-05_r30,2003-11-05_r30_ORDINARIA.pdf,2,Sr. Presidente,Sr. Presidente. —,yes,yes,same-paragraph,none,high,"Si todos los señores senadores toman asiento, tenemos quórum.","Follows the stage direction ""— A las 17 y 27:"", which does not carry a speaker.",
215,2003-11-05_r30,2003-11-05_r30_ORDINARIA.pdf,50,Sr. Baglini,Sr. Baglini. —,yes,yes,same-paragraph,none,high,Pido la palabra para una cuestión de privilegio.,"First line under the bold section title ""Cuestión de privilegio"".",
216,2003-11-11_r32,2003-11-11_r32_TRIBUNAL_DE_JUICIO_POLITICO.pdf,44,Sr. Guinle,Sr. Guinle. —,yes,yes,same-paragraph,none,high,"En realidad, el Estado estaba reconociendo derechos; y es lo que dice usted en","Middle of the page, in the exchange with Sra. Eggink.",
217,2003-11-11_r32,2003-11-11_r32_TRIBUNAL_DE_JUICIO_POLITICO.pdf,63,Sr. Siseles,Sr. Siseles. —,yes,yes,same-paragraph,none,high,Llegaban por sometimiento de cualquiera de las partes que se hubiera sentido perjudicada por,"Answer to the Secretario's fourth question, upper half of the page.",
218,2003-11-19_r33,2003-11-19_r33_ORDINARIA.pdf,21,Sr. Presidente,Sr. Presidente. —,yes,yes,same-paragraph,none,high,Hubo 44 votos positivos sobre 44.,"Top of the page, just before the stage direction about several senators speaking at once.",
219,2003-11-19_r33,2003-11-19_r33_ORDINARIA.pdf,47,Sr. Presidente,Sr. Presidente. —,yes,yes,same-paragraph,none,high,"Corresponde considerar el dictamen de las comisiones de Educación, Cultura, Ciencia y Tecnología y","Item 91 (Orden del Día N° 1068); the nearby item 90 reads ""la Comisión de Educación..."" in the singular, so it is not the match.",
220,2003-11-19_r33,2003-11-19_r33_ORDINARIA.pdf,50,Sr. Presidente,Sr. Presidente . —,yes,yes,same-paragraph,none,high,Queda aprobada la comunicación Se procederá en consecuencia.,Label is printed with a space before the period throughout this page; transcribed as printed. Occurs under Orden del Día N° 1078.,
221,2003-11-19_r33,2003-11-19_r33_ORDINARIA.pdf,63,Sr. Presidente,Sr. Presidente . —,yes,yes,same-paragraph,none,high,"En consideración en general. Si no se hace uso de la palabra, se va","Ambiguous — the same words appear three times on this page (under Orden del Día N° 1139, 1140 and 1141), but all three are printed under the identical label ""Sr. Presidente . —"" (space before the period as printed).",
222,2003-11-19_r33,2003-11-19_r33_ORDINARIA.pdf,63,Sr. Presidente,Sr. Presidente . —,yes,yes,same-paragraph,none,high,"En consideración en general. Si no se hace uso de la palabra, se va","Ambiguous — three identical occurrences on this page, all under the same label; label printed with a space before the period.",
223,2003-11-19_r33,2003-11-19_r33_ORDINARIA.pdf,63,Sr. Presidente,Sr. Presidente . —,yes,yes,same-paragraph,none,high,"En consideración en general. Si no se hace uso de la palabra, se va","Ambiguous — three identical occurrences on this page, all under the same label; label printed with a space before the period.",
224,2003-11-19_r33,2003-11-19_r33_ORDINARIA.pdf,115,Sr. Presidente,Sr. Presidente. —,yes,yes,same-paragraph,none,high,Tiene la palabra la señora senadora Müller.,"Under section 215 ""Inserciones"", between Sra. Müller's ""Pido la palabra"" and her speech.",
225,2003-11-26_r35,2003-11-26_r35_ORDINARIA.pdf,11,Sr. Prosecretario (Canals),Sr. Prosecretario (Canals). —,yes,yes,same-paragraph,none,high,"El dictamen está firmado por los señores senadores Kirchner, Müller, Walter, Menem, Guinle, Jenefes","Page prints the surnames as ""Kirchner, Müller, Walter, Menem, Guinle,  Jenefes y Seguí.""",
226,2003-11-26_r35,2003-11-26_r35_ORDINARIA.pdf,12,Sr. Presidente (Gioja),Sr. Presidente (Gioja). —,yes,yes,same-paragraph,none,high,Tiene la palabra el senador Pichetto.,"Single-line turn ""Sr. Presidente (Gioja). — Tiene la palabra el senador Pichetto.""; no competing label.",
227,2003-11-26_r35,2003-11-26_r35_ORDINARIA.pdf,116,Sr. Presidente,Sr. Presidente. —,yes,yes,same-paragraph,none,high,"Si no se hace más uso de la palabra, se va a votar el","Paragraph reads ""Sr. Presidente. — Si no se hace más uso de la palabra, se va a votar el capítulo VIII, artículos 58 a 74.""; this page prints the presidency label without a parenthetical name.",
228,2003-12-04_r40,2003-12-04_r40_ORDINARIA.pdf,60,Sr. Presidente,Sr. Presidente. —,yes,yes,same-paragraph,none,high,Queda aprobada la declaración. Se procederá en consecuencia.,"Only one ""Queda aprobada la declaración"" on the page (item 163); the two similar lines say ""la comunicación"".",
229,2003-12-04_r40,2003-12-04_r40_ORDINARIA.pdf,85,Sra. Negre de Alonso,Sra. Negre de Alonso. —,yes,yes,same-paragraph,none,high,En el tercer párrafo del artículo 3(cid:47) se ha producido la omisión de una,"The ""(cid:47)"" in the brief is the degree/ordinal sign printed as ""artículo 3°"".",
230,2003-12-04_r40,2003-12-04_r40_ORDINARIA.pdf,99,Sra. senadora electa Pass de Cresto,Sra. senadora electa Pass de Cresto. —,yes,yes,same-paragraph,none,high,"Y por la memoria de don Enrique Tomás Cresto, ex gobernador de Entre Ríos,",First paragraph on the page; label printed in bold at its start.,
231,2003-12-04_r40,2003-12-04_r40_ORDINARIA.pdf,102,Sra. Müller,Sra. Müller. —,yes,yes,same-paragraph,none,high,Señor presidente: quiero expresar el agradecimiento en nombre de mi bancada al esfuerzo que,"Near the foot of the page; footnote ""Ver el Apéndice."" sits below the text block, outside the paragraph.",
232,2003-12-04_r40,2003-12-04_r40_ORDINARIA.pdf,122,Sr. Presidente,Sr. Presidente.—,yes,yes,same-paragraph,none,high,En consideración la moción de preferencia formulada por el señor senador Maestro. Si no,"Item 291 (Maestro preference); printed with no space between the period and the dash, unlike the Pichetto one in item 290.",
233,2003-12-04_r40,2003-12-04_r40_ORDINARIA.pdf,122,Sr. Presidente,Sr. Presidente. —,yes,yes,same-paragraph,none,high,En consideración la moción de preferencia formulada por el señor senador Pichetto. Si no,Item 290 (Pichetto preference); a near-identical sentence naming Maestro appears lower on the same page under the same presidency label.,
234,2003-12-17_r41,2003-12-17_r41_ORDINARIA.pdf,21,Sr. Presidente,Sr. Presidente. —,yes,yes,same-paragraph,none,high,Tiene la palabra la señora senadora Fernández de Kirchner.,"One-line turn immediately preceding the ""Sra. Fernández de Kirchner. —"" turn.",
235,2003-12-17_r41,2003-12-17_r41_ORDINARIA.pdf,55,Sr. Presidente,Sr. Presidente. —,yes,yes,same-paragraph,none,high,"En consideración en general. Si no se hace uso de la palabra, se va","ambiguous — ""En consideración en general."" followed by ""Si no se hace uso de la palabra, se va a votar."" occurs three times on this page, but every occurrence carries the same label ""Sr. Presidente. —"".",
236,2003-12-17_r41,2003-12-17_r41_ORDINARIA.pdf,55,Sr. Presidente,Sr. Presidente. —,yes,yes,same-paragraph,none,high,"En consideración en general. Si no se hace uso de la palabra, se va","ambiguous — same quoted words as case 235; three occurrences on the page, all under ""Sr. Presidente. —"".",
237,2004-02-24_r43,2004-02-24_r43_EXTRAORDINARIA.pdf,80,Sr. Massoni,Sr. Massoni. —,yes,yes,same-paragraph,none,high,"No, me estoy refiriendo al artículo 23.",One-line reply between Guinle's interruption and the presidency handing the floor back to Massoni.,
238,2004-03-18_r02,2004-03-18_r02_ORDINARIA.pdf,36,Sr. Gómez Diez,Sr. Gómez Diez. —,yes,yes,same-paragraph,none,high,Señor presidente: quiero aclarar que los dos proyectos en cuestión no están en la,"Opens the turn right after ""Sr. Presidente (Guinle). — Tiene la palabra el señor senador Gómez Diez.""",
239,2004-03-31_r04,2004-03-31_r04_ORDINARIA.pdf,3,Sr. Presidente,Sr. Presidente.—,yes,yes,same-paragraph,none,high,En la reunión de labor parlamentaria celebrada ayer se acordó rendir homenaje a los,"Under section title ""Homenaje al XXII aniversario de la gesta de Malvinas""; printed with no space between period and dash.",
240,2004-03-31_r04,2004-03-31_r04_ORDINARIA.pdf,51,Sr. Giustiniani,Sr. Giustiniani. —,yes,yes,same-paragraph,none,high,Simplemente quiero hacer una aclaración de tres minutos. Lo que pasa es que fui,Turn opens right after the presidency announces his interruption.,
241,2004-03-31_r04,2004-03-31_r04_ORDINARIA.pdf,60,Sr. Presidente,Sr. Presidente. —,yes,yes,same-paragraph,none,high,"Entonces, la moción de preferencia es con despacho de comisión.","Second-to-last line of the page, between two Pichetto turns.",
242,2004-03-31_r04,2004-03-31_r04_ORDINARIA.pdf,67,Sr. Presidente,Sr. Presidente. —,yes,yes,same-paragraph,none,high,Tiene la palabra la señora senadora Fernández de Kirchner.,"One-line turn preceding the ""Sra. Fernández de Kirchner. —"" turn in section 16.",
243,2004-04-07_r05,2004-04-07_r05_ORDINARIA.pdf,3,Sr. Presidente,Sr. Presidente. —,yes,yes,same-paragraph,none,high,"En consideración. Si no se hace uso de la palabra, se va a votar.","Printed as ""En consideración."" on the label line with ""Si no se hace uso de la palabra, se va a votar."" as the next indented line of the same turn.",
244,2004-04-07_r05,2004-04-07_r05_ORDINARIA.pdf,20,Sr. Losada,Sr. Losada. —,yes,yes,same-paragraph,none,high,Señor presidente: habíamos acordado que por bloque hablaría la menor cantidad de senadores posibles.,"Follows ""Sr. Presidente. — Continúa con el uso de la palabra el señor senador Losada.""",
245,2004-04-07_r05,2004-04-07_r05_ORDINARIA.pdf,20,Sr. Presidente,Sr. Presidente. —,yes,yes,same-paragraph,none,high,"Discúlpeme, señor senador. ¿Usted quiere hablar después, señora senadora?","""Discúlpeme, señor senador."" on the label line; the question to the senadora is the next indented line of the same turn, before ""Sra. Ibarra. —"".",
246,2004-04-07_r05,2004-04-07_r05_ORDINARIA.pdf,54,Sra. Perceval,Sra. Perceval. —,yes,yes,same-paragraph,none,high,"Señor presidente: quiero ser fiel, no dogmática, con lo que pienso y creo. Pretendo","The presidency gives the floor to ""la señora senadora por Mendoza"" and the next label printed is Sra. Perceval.",
247,2004-04-07_r05,2004-04-07_r05_ORDINARIA.pdf,69,Sr. Presidente,Sr. Presidente. —,yes,yes,same-paragraph,none,high,"Entonces, no se acepta la modificación. Si hay acuerdo, se van votar los artículos","""Entonces, no se acepta la modificación."" on the label line, ""Si hay acuerdo, se van votar los artículos 1° y 2 en forma conjunta."" as the next indented line of the same turn.",
248,2004-04-07_r05,2004-04-07_r05_ORDINARIA.pdf,83,Sr. Presidente,Sr. Presidente. —,yes,yes,same-paragraph,none,high,Tiene la palabra el senador Terragno.,"One-line turn followed by ""Sr. Terragno. — En el mismo sentido.""",
249,2004-04-28_r08,2004-04-28_r08_ORDINARIA.pdf,18,Sr. Losada,Sr. Losada. —,yes,yes,same-paragraph,none,high,Señor presidente: cuando pregunté sobre la propuesta del bloque justicialista lo hice porque me,"Follows ""Sr. Presidente. — Tiene la palabra el señor senador Losada.""",
250,2004-04-28_r08,2004-04-28_r08_ORDINARIA.pdf,19,Sr. Presidente,Sr. Presidente. —,yes,yes,same-paragraph,none,high,Señor senador Losada: ya está firmado el dictamen por parte de las comisiones...,"Turn addressed to senator Losada, right after ""Sra. Fernández de Kirchner. — Ya tiene despacho...""",
251,2004-04-28_r08,2004-04-28_r08_ORDINARIA.pdf,30,Sr. Presidente,Sr. Presidente.,yes,yes,same-paragraph,none,high,Tiene la palabra el senador Urquía.,Last line of page 30; no parenthetical surname printed on this label.,
252,2004-05-05_r09,2004-05-05_r09_ORDINARIA.pdf,7,Sr. Presidente (Guinle),Sr. Presidente (Guinle).,yes,yes,same-paragraph,none,high,"En realidad, el señor senador Jenefes está pidiendo la modificación del plan de labor.","Page prints ""En realidad, el señor senador Jenefes está pidiendo la modificación del plan de labor.""",
253,2004-05-19_r11,2004-05-19_r11_ORDINARIA.pdf,20,Sr. Presidente,Sr. Presidente.,yes,yes,same-paragraph,none,high,Queda aprobada la declaración. Se procederá en consecuencia.,"Only one ""declaración"" occurrence on the page; the other three say ""comunicación"".",
254,2004-05-19_r11,2004-05-19_r11_ORDINARIA.pdf,70,Sr. Presidente,Sr. Presidente.,yes,yes,same-paragraph,none,high,Corresponde considerar si se trata sobre tablas el dictamen en los proyectos de comunicación,"Last line of page 70; the sentence breaks after ""en los proyectos"" and continues on the next page.",
255,2004-06-02_r12,2004-06-02_r12_ORDINARIA.pdf,5,Sr. Presidente,Sr. Presidente.,yes,yes,same-paragraph,none,high,Tiene la palabra el señor senador Pichetto.,"Single occurrence, near the bottom of the page.",
256,2004-06-02_r12,2004-06-02_r12_ORDINARIA.pdf,9,Sr. Presidente,Sr. Presidente.,yes,yes,same-paragraph,none,high,"En consideración el plan de labor. Si no se hace uso de la palabra,","""Si no se hace uso de la palabra, se va a votar."" is the continuation line of the same turn.",
257,2004-06-02_r12,2004-06-02_r12_ORDINARIA.pdf,29,Sr. Terragno,Sr. Terragno.,yes,yes,same-paragraph,none,high,El señor senador por Jujuy ha defendido muy bien y con pasión la posición,"Last turn on the page, opened immediately before the quoted words.",
258,2004-06-02_r12,2004-06-02_r12_ORDINARIA.pdf,89,Sr. Presidente,Sr. Presidente.,yes,yes,same-paragraph,none,high,Corresponde considerar el dictamen de la Comisión de Defensa Nacional en el proyecto de,"The page prints a stray space before the period (""Sr. Presidente .""); label is at the foot of the page under heading ""Simprode 2004"".",
259,2004-06-23_r14,2004-06-23_r14_ORDINARIA.pdf,7,Sr. Presidente (Guinle),Sr. Presidente (Guinle).,yes,yes,same-paragraph,none,high,Tiene la palabra el señor senador Fernández.,"The phrase appears twice on this page (ambiguous which one), but both occurrences carry the same label.",
260,2004-06-23_r14,2004-06-23_r14_ORDINARIA.pdf,7,Sr. Presidente (Guinle),Sr. Presidente (Guinle).,yes,yes,same-paragraph,none,high,Tiene la palabra el señor senador Fernández.,"Ambiguous — two identical occurrences on the page, both under the same label.",
261,2004-07-07_r16,2004-07-07_r16_ORDINARIA.pdf,42,Sr. Presidente (Guinle),Sr. Presidente (Guinle).,yes,yes,same-paragraph,none,high,Tiene la palabra la señora senadora Perceval.,"Bold run in the scan is ""Sr. Presidente ("" with ""Guinle)."" following; label read as Sr. Presidente (Guinle).",
262,2004-07-07_r16,2004-07-07_r16_ORDINARIA.pdf,145,Sr. Presidente,Sr. Presidente.,yes,yes,same-paragraph,none,high,"Perdón, senador Jenefes, le informo al cuerpo que vamos a votar a la hora",No parenthetical surname on this label; interrupts senator Jenefes mid-turn.,
263,2004-07-07_r16,2004-07-07_r16_ORDINARIA.pdf,161,Sr. Presidente (Guinle),Sr. Presidente (Guinle).,yes,yes,same-paragraph,none,high,"Como lo está haciendo, senadora. Justamente está dejando constancia de manera expresa de cuál","Single occurrence, replying to senator Gallego.",
264,2004-08-04_r17,2004-08-04_r17_ORDINARIA.pdf,22,Sr. Presidente,Sr. Presidente.,yes,yes,same-paragraph,none,high,Queda aprobada la declaración. Se procederá en consecuencia.,"Ambiguous — the phrase appears twice on the page, both under the same label, printed with a stray space as ""Sr. Presidente ."".",
265,2004-08-11_r18,2004-08-11_r18_ORDINARIA.pdf,19,Sr. Presidente,Sr. Presidente.,yes,yes,same-paragraph,none,high,El senador Capitanich le solicita una interrupción. ¿Se la concede?,"Single occurrence, following ""Sr. Capitanich. — ¿Me permite una interrupción?"".",
266,2004-08-18_r19,2004-08-18_r19_ORDINARIA.pdf,22,Sr. Terragno,Sr. Terragno.,yes,yes,same-paragraph,none,high,Anticipo mi voto favorable al proyecto que incorpora un tercer párrafo al artículo 7E,"The page prints ""artículo 7°""; the brief's ""7E"" is an encoding artefact of the degree sign.",
267,2004-08-18_r19,2004-08-18_r19_ORDINARIA.pdf,50,Sr. Presidente (Guinle),Sr. Presidente (Guinle).,yes,yes,same-paragraph,none,high,La senadora Kirchner le solicita una interrupción.,First line of the page.,
268,2004-09-22_r25,2004-09-22_r25_ORDINARIA.pdf,17,Sr. Presidente (Guinle),Sr. Presidente (Guinle).,yes,yes,same-paragraph,none,high,En consideración el artículo 5° según el texto del dictamen en mayoría. Si no,"Last turn on page 17; the sentence ""Si no..."" continues on the following page.",
269,2004-10-06_r27,2004-10-06_r27_ORDINARIA.pdf,83,Sr. Presidente (Guinle),Sr. Presidente (Guinle).,yes,yes,same-paragraph,none,high,"Corresponde considerar el dictamen de la Comisión de Educación, Cultura, Ciencia y Tecnología en","Under heading ""Parque General San Martín, Mendoza""; single occurrence.",
270,2004-10-20_r30,2004-10-20_r30_ORDINARIA.pdf,94,Sr. Pichetto,Sr. Pichetto.,yes,yes,same-paragraph,none,high,Señor presidente: ya había notificado al presidente del bloque radical que para este proyecto,On this page the em dash after each label is rendered as a capital C by a font fault; label itself is legible.,
271,2004-11-10_r32,2004-11-10_r32_ORDINARIA.pdf,91,Sr. Bussi,Sr. Bussi.,yes,yes,same-paragraph,none,high,"Señor presidente: para avanzar más rápidamente en el debate, voy a pedir autorización a","Last turn on page 91, opened right before the quoted words.",
272,2004-11-10_r32,2004-11-10_r32_ORDINARIA.pdf,96,Sr. Prades,Sr. Prades.,yes,yes,same-paragraph,none,high,¡Y usted se fue muchas veces...!,"Single occurrence, in the exchange with senator Pichetto.",
273,2004-11-17_r33,2004-11-17_r33_ORDINARIA.pdf,18,Sr. Presidente (Guinle),Sr. Presidente (Guinle).,yes,yes,same-paragraph,none,high,"En consideración en general. Si no se hace uso de la palabra, se va","Ambiguous — the phrase appears four times on the page, every one under the same label.",
274,2004-11-17_r33,2004-11-17_r33_ORDINARIA.pdf,18,Sr. Presidente (Guinle),Sr. Presidente (Guinle).,yes,yes,same-paragraph,none,high,"En consideración en general. Si no se hace uso de la palabra, se va","Ambiguous — four identical occurrences on the page, all under the same label.",
275,2004-11-17_r33,2004-11-17_r33_ORDINARIA.pdf,18,Sr. Presidente (Guinle),Sr. Presidente (Guinle).,yes,yes,same-paragraph,none,high,"En consideración en general. Si no se hace uso de la palabra, se va","Ambiguous — four identical occurrences; in the third one a ""Sr. Secretario (Estrada)"" turn falls between the two sentences, but the quoted sentences still each open a Sr. Presidente (Guinle) turn.",
276,2004-11-17_r33,2004-11-17_r33_ORDINARIA.pdf,47,Sr. Mayans,Sr. Mayans.,yes,yes,same-paragraph,none,high,60 a 40. Antes era al revés.,One-line interruption on Pág. 47 between two Cafiero paragraphs; label immediately precedes the words.,
277,2004-12-01_r35,2004-12-01_r35_ORDINARIA.pdf,101,Sr. Presidente (Guinle),Sr. Presidente (Guinle).,yes,yes,same-paragraph,none,high,"Queda aprobado. Si no se hace uso de la palabra, se va a votar","Printed with a stray space before the period, ""Sr. Presidente (Guinle) . — Queda aprobado.""; ""Si no se hace uso de la palabra..."" is the indented continuation of that same turn.",
278,2004-12-01_r35,2004-12-01_r35_ORDINARIA.pdf,112,Sr. Presidente (Guinle),Sr. Presidente (Guinle).,yes,yes,same-paragraph,none,high,Tiene la palabra el señor senador Capitanich.,"Last ""Tiene la palabra el señor senador Capitanich."" on Pág. 112; only one such line on the page.",
279,2004-12-16_r37,2004-12-16_r37_ORDINARIA.pdf,32,Sr. Presidente (Guinle),Sr. Presidente (Guinle).,yes,yes,same-paragraph,none,high,Tiene la palabra el señor senador Jaque.,"Printed with the dash run on, ""Sr. Presidente (Guinle).— Tiene la palabra el señor senador Jaque.""",
280,2005-02-03_r38,2005-02-03_r38_EXTRAORDINARIA.pdf,29,Sr. Secretario (Estrada),Sr. Secretario (Estrada).,yes,yes,same-paragraph,none,high,"Se registraron 46 votos afirmativos, ninguno negativo y 4 abstenciones.",Only vote tally with 46 affirmative and 4 abstentions on Pág. 29.,
281,2005-03-01_r00,2005-03-01_r00_ASAMBLEA.pdf,26,Sr. Presidente de la Nación,Sr. Presidente de la Nación.,yes,yes,previous-page,none,high,"La tarea es inmensa y los convocamos a todos, con humildad, para que vengan","Label printed on Pág. 6; pages 7 through 26 carry no further speaker label, so the turn runs unbroken to the quoted words on Pág. 26.",
282,2005-03-09_r03,2005-03-09_r03_ORDINARIA.pdf,48,Sr. Secretario (Estrada),Sr. Secretario (Estrada).,yes,yes,same-paragraph,none,high,Se registraron 54 votos por la afirmativa. Hay unanimidad. Es necesario que la señora,"The turn begins at the foot of Pág. 48 and the ""Es necesario que la señora senadora Pinchetti..."" sentence continues at the top of the next page under the same label.",
283,2005-03-09_r03,2005-03-09_r03_ORDINARIA.pdf,49,Sr. Presidente (Guinle),Sr. Presidente (Guinle).,yes,yes,same-paragraph,none,high,Se deja constancia de su voto negativo al artículo 46. Si no se hace,"Last turn on Pág. 49; ""Si no se hace uso de la palabra..."" is the indented continuation of the same turn.",
284,2005-03-16_r05,2005-03-16_r05_ORDINARIA.pdf,7,Sr. Presidente,Sr. Presidente.,yes,yes,same-paragraph,none,high,Obra sobre las bancas el plan de labor parlamentaria aprobado en la reunión de,"Opens section 2 ""Plan de labor"" on Pág. 7; no parenthesis after the honorific on this page.",
285,2005-03-16_r05,2005-03-16_r05_ORDINARIA.pdf,17,Sr. Presidente,Sr. Presidente.,yes,yes,same-paragraph,none,high,Queda aprobada la comunicación. Se procederá en consecuencia.,"Ambiguous by position only — the same sentence is printed four times on Pág. 17 (before section 7, and after Ordenes del Día 1796, 1797 and 1801), but every occurrence carries the identical label.",
286,2005-03-16_r05,2005-03-16_r05_ORDINARIA.pdf,17,Sr. Presidente,Sr. Presidente.,yes,yes,same-paragraph,none,high,Queda aprobada la comunicación. Se procederá en consecuencia.,"Ambiguous by position only — four identical occurrences on Pág. 17, all under the same label.",
287,2005-03-16_r05,2005-03-16_r05_ORDINARIA.pdf,17,Sr. Presidente,Sr. Presidente.,yes,yes,same-paragraph,none,high,Queda aprobada la comunicación. Se procederá en consecuencia.,"Ambiguous by position only — four identical occurrences on Pág. 17, all under the same label.",
288,2005-03-16_r05,2005-03-16_r05_ORDINARIA.pdf,17,Sr. Presidente,Sr. Presidente.,yes,yes,same-paragraph,none,high,Queda aprobada la comunicación. Se procederá en consecuencia.,"Ambiguous by position only — four identical occurrences on Pág. 17, all under the same label.",
289,2005-03-16_r05,2005-03-16_r05_ORDINARIA.pdf,105,Sr. Presidente,Sr. Presidente.,yes,yes,same-paragraph,none,high,"Si hay acuerdo, se votará el resto de los artículos en una sola votación.",Follows Capitanich's request on Pág. 105; single occurrence.,
290,2005-04-20_r09,2005-04-20_r09_ORDINARIA.pdf,28,Sr. Presidente (Guinle),Sr. Presidente (Guinle).,yes,yes,same-paragraph,none,high,Corresponde considerar si se trata sobre tablas el proyecto de declaración del señor senador,"Opens section 13 ""Grandes Mujeres del Siglo XXI"" on Pág. 28 (proyecto de declaración del señor senador Salvatori).",
291,2005-04-20_r09,2005-04-20_r09_ORDINARIA.pdf,28,Sr. Presidente (Guinle),Sr. Presidente (Guinle).,yes,yes,same-paragraph,none,high,Corresponde considerar si se trata sobre tablas el proyecto de comunicación de la señora,"Opens section 14 ""Convenio de Cooperación Educativa con Cuba"" on Pág. 28.",
292,2005-04-20_r09,2005-04-20_r09_ORDINARIA.pdf,28,Sr. Presidente (Guinle),Sr. Presidente (Guinle).,yes,yes,same-paragraph,none,high,Corresponde considerar si se trata sobre tablas el proyecto relacionado con la elección del,"Opens section 15 ""Elección del nuevo Papa (continuación)"" on Pág. 28.",
293,2005-05-04_r11,2005-05-04_r11_ORDINARIA.pdf,14,Sr. Presidente,Sr. Presidente.,yes,yes,same-paragraph,none,high,Tiene la palabra el senador Prades.,Single occurrence on Pág. 14; no parenthesis printed after the honorific here.,
294,2005-05-04_r11,2005-05-04_r11_ORDINARIA.pdf,49,Sr. Presidente,Sr. Presidente.,yes,yes,same-paragraph,none,high,"En consideración en general. Si no se hace uso de la palabra, se va","Ambiguous by position only — the pairing appears four times on Pág. 49 (top of page and after Ordenes del Día 17, 24 and 32), all under the same label; ""Si no se hace uso..."" is the indented continuation of the same turn.",
295,2005-05-04_r11,2005-05-04_r11_ORDINARIA.pdf,49,Sr. Presidente,Sr. Presidente.,yes,yes,same-paragraph,none,high,"En consideración en general. Si no se hace uso de la palabra, se va","Ambiguous by position only — four identical occurrences on Pág. 49, all under the same label.",
296,2005-05-04_r11,2005-05-04_r11_ORDINARIA.pdf,49,Sr. Presidente,Sr. Presidente.,yes,yes,same-paragraph,none,high,"En consideración en general. Si no se hace uso de la palabra, se va","Ambiguous by position only — four identical occurrences on Pág. 49, all under the same label.",
297,2005-05-04_r11,2005-05-04_r11_ORDINARIA.pdf,65,Sr. Presidente,Sr. Presidente.,yes,yes,same-paragraph,none,high,Queda aprobada la declaración. Se procederá en consecuencia.,"First line of Pág. 65; the other three closings on that page read ""la comunicación"", not ""la declaración"".",
298,2005-05-04_r11,2005-05-04_r11_ORDINARIA.pdf,92,Sr. Presidente,Sr. Presidente.,yes,yes,same-paragraph,none,high,Queda aprobada la declaración. Se procederá en consecuencia.,"Single occurrence on Pág. 92, closing Orden del Día 216; the others on the page read ""la comunicación"".",
299,2005-05-04_r11,2005-05-04_r11_ORDINARIA.pdf,123,Sr. Presidente (Guinle),Sr. Presidente (Guinle).,yes,yes,same-paragraph,none,high,"Con las incorporaciones planteadas. Si no se hace uso de la palabra, se va","Near the foot of Pág. 123; ""Si no se hace uso de la palabra..."" is the indented continuation of the same turn.",
300,2005-05-11_r13,2005-05-11_r13_ORDINARIA.pdf,27,Sr. Presidente,Sr. Presidente.,yes,yes,same-paragraph,none,high,"Tiene la palabra la señora senadora por Mendoza, Perceval.",Single occurrence on Pág. 27; no parenthesis printed after the honorific here.,
301,2005-06-01_r15,2005-06-01_r15_ORDINARIA.pdf,17,Sr. Presidente,Sr. Presidente. —,yes,yes,same-paragraph,none,high,"En consideración en general. Si no se hace uso de la palabra, se va","The same wording appears three times on the page (Orden del Día 325, 326 and 327), each time under the identical label ""Sr. Presidente. —"", so the attribution is unaffected.",
302,2005-06-01_r15,2005-06-01_r15_ORDINARIA.pdf,53,Sr. Secretario (Estrada),Sr. Secretario (Estrada). —,yes,yes,same-paragraph,none,high,Se registran 31 votos afirmativos y 20 votos negativos.,"Ambiguous only in position: the sentence is printed twice on the page (artículo 14 and artículo 22 votes), both under the identical Secretario label.",
303,2005-06-01_r15,2005-06-01_r15_ORDINARIA.pdf,53,Sr. Secretario (Estrada),Sr. Secretario (Estrada). —,yes,yes,same-paragraph,none,high,Se registran 31 votos afirmativos y 20 votos negativos.,"Ambiguous only in position: the sentence is printed twice on the page, both under the identical Secretario label.",
304,2005-06-08_r16,2005-06-08_r16_ORDINARIA.pdf,51,Sr. Presidente,Sr. Presidente. —,yes,yes,same-paragraph,none,high,En consideración los puntos XIX y XX del artículo 1°. Si no se hace,"The following indented line ""Si no se hace uso de la palabra, se va a votar."" continues the same turn.",
305,2005-06-15_r18,2005-06-15_r18_ORDINARIA.pdf,54,Sr. Sanz,Sr. Sanz —,yes,yes,same-paragraph,none,high,"Al sólo efecto de aclarar, quiero manifestar que estoy pidiendo la incorporación de las","Printed without the usual period after the surname (elsewhere on the page it reads ""Sr. Sanz. —""); transcribed as printed.",
306,2005-06-22_r20,2005-06-22_r20_TRIBUNAL_DE_JUICIO_POLITICO.pdf,77,Sr. Pichetto,Sr. Pichetto. —,yes,yes,same-paragraph,none,high,"Cuando dejen de discutir voy a seguir, muchachos.","Preceded by the stage direction ""— Murmullos en el recinto."" which does not carry a label.",
307,2005-07-27_r21,2005-07-27_r21_ORDINARIA.pdf,10,Sr. Menem,Sr. Menem. —,yes,yes,same-paragraph,none,high,Señor presidente: me siento representado por las palabras pronunciadas con tanta propiedad por la,"Opened right after ""Sr. Presidente (Guinle). — Tiene la palabra el señor senador Menem.""",
308,2005-07-27_r21,2005-07-27_r21_ORDINARIA.pdf,15,Sr. Presidente (Guinle),Sr. Presidente (Guinle).—,yes,yes,same-paragraph,none,high,Tiene la palabra el señor senador Daniele.,The dash is printed flush against the closing parenthesis on this page.,
309,2005-07-27_r21,2005-07-27_r21_ORDINARIA.pdf,15,Sr. Daniele,Sr. Daniele.—,yes,yes,same-paragraph,none,high,"Señor presidente: quisiera solicitar la inclusión del Orden del Día 588, que se refiere","Page prints ""Orden del Día 588"" exactly as quoted.",
310,2005-07-27_r21,2005-07-27_r21_ORDINARIA.pdf,28,Sr. Presidente (Guinle),Sr. Presidente (Guinle). —,yes,yes,same-paragraph,none,high,Corresponde considerar el dictamen de la Comisión de Derechos y Garantías en el proyecto,"Last turn on the page, under the bold section heading 60 ""Repudio por réplica de silla eléctrica..."".",
311,2005-07-27_r21,2005-07-27_r21_ORDINARIA.pdf,34,Sr. Presidente (Guinle),Sr. Presidente (Guinle). —,yes,yes,same-paragraph,none,high,"Corresponde considerar el dictamen de la Comisión de Educación, Cultura, Ciencia y Tecnología en","Last turn on the page, under the bold section heading 85 ""Homenaje a Pablo Pizzurno"".",
312,2005-07-27_r21,2005-07-27_r21_ORDINARIA.pdf,39,Sr. Presidente (Guinle),Sr. Presidente (Guinle). —,yes,yes,same-paragraph,none,high,Queda aprobada la resolución. Se comunicará a la Honorable Cámara de Diputados.,"The sentence appears three times on the page (items 102, 103 and the one above 102), all under the identical label.",
313,2005-07-27_r21,2005-07-27_r21_ORDINARIA.pdf,39,Sr. Presidente (Guinle),Sr. Presidente (Guinle). —,yes,yes,same-paragraph,none,high,Queda aprobada la resolución. Se comunicará a la Honorable Cámara de Diputados.,"Ambiguous only in position: three identical occurrences on the page, all under the same label.",
314,2005-07-27_r21,2005-07-27_r21_ORDINARIA.pdf,39,Sr. Presidente (Guinle),Sr. Presidente (Guinle). —,yes,yes,same-paragraph,none,high,Queda aprobada la resolución. Se comunicará a la Honorable Cámara de Diputados.,"Ambiguous only in position: three identical occurrences on the page, all under the same label.",
315,2005-07-27_r21,2005-07-27_r21_ORDINARIA.pdf,77,Sr. Presidente (Guinle),Sr. Presidente (Guinle). —,yes,yes,same-paragraph,none,high,Queda aprobada la comunicación. Se procederá en consecuencia.,"The sentence appears twice on the page (Orden del Día 750 and 751), both under the identical label.",
316,2005-07-27_r21,2005-07-27_r21_ORDINARIA.pdf,77,Sr. Presidente (Guinle),Sr. Presidente (Guinle). —,yes,yes,same-paragraph,none,high,Queda aprobada la comunicación. Se procederá en consecuencia.,"Ambiguous only in position: two identical occurrences on the page, both under the same label.",
317,2005-08-17_r24,2005-08-17_r24_ORDINARIA.pdf,23,Sra. Negre de Alonso,Sra. Negre de Alonso. —,yes,yes,same-paragraph,none,high,"Gracias, senador Pichetto. Simplemente quiero puntualizar que comparto absolutamente todo lo que se está","""Gracias, senador Pichetto."" sits on the label line; the ""Simplemente quiero puntualizar..."" sentence is the next paragraph of the same turn.",
318,2005-09-07_r27,2005-09-07_r27_ORDINARIA.pdf,71,Sr. Sanz,Sr. Sanz. —,yes,yes,same-paragraph,none,high,"En materia de números, lo único que yo mencioné es que partí de la","Follows ""Sr. Presidente. — Tiene la palabra el señor senador Sanz.""",
319,2005-09-28_r32,2005-09-28_r32_ORDINARIA.pdf,28,Sr. Pichetto,Sr. Pichetto. —,yes,yes,same-paragraph,none,high,"Señor presidente: no habiendo más temas para tratar, vamos a proponer que la sesión","Under the bold section heading 38 ""Manifestaciones"".",
320,2005-11-02_r34,2005-11-02_r34_ORDINARIA.pdf,92,Sr. Presidente (Guinle),Sr. Presidente (Guinle). —,yes,yes,same-paragraph,none,high,Si no se hace uso de la palabra pasaremos a la votación.,"Single occurrence, followed by the stage directions ""— Se llama para formar quórum."" and ""— Luego de unos instantes:"".",
321,2005-11-09_r35,2005-11-09_r35_ORDINARIA.pdf,13,Sr. Presidente,Sr. Presidente. —,yes,yes,same-paragraph,none,high,"Corresponde considerar el dictamen de las comisiones de Presupuesto y Hacienda, de Trabajo y","Under the bold section heading 35 ""Evasión en materia de seguridad social""; label has no ""(Guinle)"" on this page.",
322,2005-11-30_r40,2005-11-30_r40_ORDINARIA.pdf,27,Sr. Presidente,Sr. Presidente. —,yes,yes,same-paragraph,none,high,Queda sancionado el proyecto de ley. Se comunicará a la Honrable Cámara de Diputados.,"Matches the second occurrence (item 34), which prints the misspelling ""Honrable""; the first occurrence (item 33) prints ""Honorable"" and carries the same label.",
323,2006-02-15_r44,2006-02-15_r44_EXTRAORDINARIA.pdf,34,Sr. Presidente,Sr. Presidente. —,yes,yes,same-paragraph,none,high,"En consideración el artículo 11. Si no se hace uso de la palabra, se","The ""Si no se hace uso de la palabra, se va a votar."" line is the indented continuation of the same turn.",
324,2006-02-15_r44,2006-02-15_r44_EXTRAORDINARIA.pdf,37,Sr. Capitanich,Sr. Capitanich. —,yes,yes,same-paragraph,none,high,Señor presidente: nosotros no vamos a aceptar modificaciones. Lo que nos tiene que quedar,"""Lo que nos tiene que quedar en claro..."" is the next paragraph of the same turn.",
325,2006-03-15_r03,2006-03-15_r03_ORDINARIA.pdf,15,Sr. Presidente,Sr. Presidente. —,yes,yes,same-paragraph,none,high,"En consideración en general. Si no se hace uso de la palabra, se va","The wording appears three times on the page (Orden del Día 33, 34 and 35), all under the identical label.",
326,2006-03-15_r03,2006-03-15_r03_ORDINARIA.pdf,15,Sr. Presidente,Sr. Presidente. —,yes,yes,same-paragraph,none,high,"En consideración en general. Si no se hace uso de la palabra, se va","ambiguous — the same words appear three times on Pág. 15 (Ordenes del Día 33, 34, 35), but every occurrence carries the identical label ""Sr. Presidente. —"".",
327,2006-03-15_r03,2006-03-15_r03_ORDINARIA.pdf,15,Sr. Presidente,Sr. Presidente. —,yes,yes,same-paragraph,none,high,"En consideración en general. Si no se hace uso de la palabra, se va","ambiguous — three identical occurrences on the page, all under ""Sr. Presidente. —"", so the label is the same whichever one is meant.",
328,2006-03-15_r03,2006-03-15_r03_ORDINARIA.pdf,65,Sr. Presidente,Sr. Presidente. —,yes,yes,same-paragraph,none,high,Tiene la palabra la señora senadora Escudero.,"single occurrence, immediately before the turn labelled ""Sra. Escudero. —"".",
329,2006-03-22_r00,2006-03-22_r00_ASAMBLEA.pdf,5,Sr. Presidente,Sr. Presidente. —,yes,yes,same-paragraph,none,high,Queda abierta la sesión convocada en homenaje a la señora presidenta de la República,"opening line of the Asamblea Legislativa sitting, printed as ""Queda abierta la sesión..."".",
330,2006-03-22_r00,2006-03-22_r00_ASAMBLEA.pdf,5,Sr. Presidente,Sr. Presidente. —,yes,yes,same-paragraph,none,high,Por Secretaría se dará lectura a las notas presentadas por varios señores senadores y,"under section heading ""2 / Convocatoria""; next label is ""Sr. Secretario (Estrada). —"".",
331,2006-03-22_r04,2006-03-22_r04_ORDINARIA.pdf,9,Sr. Zavalía,Sr. Zavalía. —,yes,yes,same-paragraph,none,high,Señor presidente: solicito que se incluya en el plan de labor un proyecto de,none.,
332,2006-03-22_r04,2006-03-22_r04_ORDINARIA.pdf,13,Sr. Presidente,Sr. Presidente. —,yes,yes,same-paragraph,none,high,Queda aprobada la resolución. Se comunicará a la Honorable Cámara de Diputados.,"ambiguous — the sentence appears three times on Pág. 13 (Ordenes del Día 11, 12, 13), all under the identical label ""Sr. Presidente. —"".",
333,2006-03-22_r04,2006-03-22_r04_ORDINARIA.pdf,13,Sr. Presidente,Sr. Presidente. —,yes,yes,same-paragraph,none,high,Queda aprobada la resolución. Se comunicará a la Honorable Cámara de Diputados.,"ambiguous — three identical occurrences on the page, all with the same label.",
334,2006-03-22_r04,2006-03-22_r04_ORDINARIA.pdf,13,Sr. Presidente,Sr. Presidente. —,yes,yes,same-paragraph,none,high,Queda aprobada la resolución. Se comunicará a la Honorable Cámara de Diputados.,"ambiguous — three identical occurrences on the page, all with the same label.",
335,2006-04-05_r05,2006-04-05_r05_ORDINARIA.pdf,27,Sr. Secretario (Estrada),Sr. Secretario (Estrada). —,yes,yes,same-paragraph,none,high,"En consecuencia, los votos afirmativos son 52.","last speech line before the ""67 / Orden del Día N° 50"" heading.",
336,2006-04-05_r05,2006-04-05_r05_ORDINARIA.pdf,61,Sr. Sanz,Sr. Sanz. —,yes,yes,same-paragraph,none,medium,Señor presidente: solicito preferencia para la próxima sesión con despacho de comisión respecto del,"ambiguous — the quoted fragment matches two different turns on Pág. 61: ""Sr. Sanz. —"" (expediente S. 1012/05) and ""Sr. Petcoff Naidenoff. —"" (expediente S. 819/06); I assign the first occurrence here and the second to case 337, which is an order-based guess.",
337,2006-04-05_r05,2006-04-05_r05_ORDINARIA.pdf,61,Sr. Petcoff Naidenoff,Sr. Petcoff Naidenoff. —,yes,yes,same-paragraph,none,medium,Señor presidente: solicito preferencia para la próxima sesión con despacho de comisión respecto del,"ambiguous — same fragment fits ""Sr. Sanz. —"" earlier on the page; cases 336 and 337 are identical quotes so I split them between the two occurrences in printed order.",
338,2006-04-05_r05,2006-04-05_r05_ORDINARIA.pdf,62,Sr. Presidente,Sr. Presidente. —,yes,yes,same-paragraph,none,high,"Queda aprobada la preferencia. No habiendo más asuntos que tratar, queda levantada la sesión.",the second sentence is an indented continuation line of the same turn; only label on Pág. 62.,
339,2006-04-19_r06,2006-04-19_r06_ORDINARIA.pdf,25,Sr. Massoni,Sr. Massoni.—,yes,yes,same-paragraph,none,high,Señor presidente: voy a ser breve. Nuestro bloque va a votar a favor de,"printed with the dash abutting the period, no space, exactly as transcribed; the ""Nuestro bloque va a votar a favor de..."" sentence continues the same turn.",
340,2006-04-26_r07,2006-04-26_r07_ORDINARIA.pdf,13,Sr. Secretario (Estrada),Sr. Secretario (Estrada). —,yes,yes,same-paragraph,none,high,"Sin perjuicio de que luego se ordene, como se dijo, para que no se","printed as ""(Estrada). —Sin perjuicio de que luego se ordene..."".",
341,2006-04-26_r07,2006-04-26_r07_ORDINARIA.pdf,65,Sr. Presidente,Sr. Presidente. —,yes,yes,same-paragraph,none,high,"Para una interrupción, tiene la palabra la señora senadora Fernández de Kirchner.","immediately precedes the turn labelled ""Sra. Fernández de Kirchner. —"".",
342,2006-05-17_r09,2006-05-17_r09_ORDINARIA.pdf,46,Sr. Fernández,Sr. Fernández. —,yes,yes,same-paragraph,none,high,Señor presidente: en virtud de que hemos estado debatiendo a lo largo del día,"under section heading ""5. Alteración del plan de labor"".",
343,2006-05-17_r09,2006-05-17_r09_ORDINARIA.pdf,56,Sra. Ibarra,Sra. Ibarra. —,yes,yes,same-paragraph,none,high,Señor presidente: estuve en la reunión de la Comisión de Legislación General y la,none.,
344,2006-06-28_r13,2006-06-28_r13_ORDINARIA.pdf,11,Sr. Presidente,Sr. Presidente. —,yes,yes,same-paragraph,none,high,Queda aprobada la declaración. Se procederá en consecuencia.,"single occurrence, just before the heading ""4. Plan de labor"".",
345,2006-06-28_r13,2006-06-28_r13_ORDINARIA.pdf,27,Sr. Morales,Sr. Morales. —,yes,yes,same-paragraph,none,high,"Señor presidente: hemos emitido un dictamen de comisión en sentido contrario, aunque debo que","page prints ""aunque debo que decir que"", matching the quoted fragment.",
346,2006-06-28_r13,2006-06-28_r13_ORDINARIA.pdf,38,Sr. Pichetto,Sr. Pichetto. —,yes,yes,same-paragraph,none,high,Quiero brindar una breve información. Acordamos en la última reunión de labor parlamentaria que,"""Acordamos en la última reunión..."" is the next indented paragraph of the same Pichetto turn.",
347,2006-07-12_r16,2006-07-12_r16_ORDINARIA.pdf,16,Sr. Capitanich,Sr. Capitanich. —,yes,yes,same-paragraph,none,high,"Señor presidente: nos aprestamos a tratar la iniciativa del Poder Ejecutivo número 78/06, con",none.,
348,2006-08-16_r19,2006-08-16_r19_ORDINARIA.pdf,48,Sra. Negre de Alonso,Sra. Negre de Alonso. —,yes,yes,same-paragraph,none,high,"Señor presidente: si mis colegas lo aceptan, hay dos proyectos complementarios del expediente S.","page prints expediente ""S. 2700/06"" after the quoted fragment.",
349,2006-08-30_r20,2006-08-30_r20_ORDINARIA.pdf,31,Sra. Escudero,Sra. Escudero. —,yes,yes,same-paragraph,none,high,Señor presidente: pido que se vote a mano alzada.,none.,
350,2006-09-27_r23,2006-09-27_r23_ORDINARIA.pdf,14,Sr. Presidente (Pampuro),Sr. Presidente (Pampuro). —,yes,yes,same-paragraph,none,high,Por Secretaría se enunciarán los oradores anotados.,"immediately precedes the turn labelled ""Sr. Secretario (Estrada). —"".",
351,2006-09-27_r23,2006-09-27_r23_ORDINARIA.pdf,24,Sr. Jaque,Sr. Jaque. —,yes,yes,same-paragraph,none,high,"Señor presidente: si bien voy a ser quien cierre el debate, no quisiera dejar","Turn opens with the quoted words right after the label, granted an interruption by the Presidente.",
352,2006-10-11_r25,2006-10-11_r25_ORDINARIA.pdf,12,Sr. Presidente,Sr. Presidente. —,yes,yes,same-paragraph,none,high,Tiene la palabra el señor senador Capitanich.,Short chair line immediately before Sr. Capitanich's turn.,
353,2006-11-01_r26,2006-11-01_r26_ORDINARIA.pdf,10,Sra. Negre de Alonso,Sra. Negre de Alonso. —,yes,yes,same-paragraph,none,high,"Señor presidente: yo pedí autorización para seis personas, nada más, y me la denegaron.",Label printed at the start of the paragraph holding the quoted words.,
354,2006-11-01_r26,2006-11-01_r26_ORDINARIA.pdf,13,Sr. Pichetto,Sr. Pichetto. —,yes,yes,same-paragraph,none,high,"No vamos a avalarlo, señor presidente.",Single-line turn between two Sr. Morales interjections.,
355,2006-11-01_r26,2006-11-01_r26_ORDINARIA.pdf,21,Sr. Presidente,Sr. Presidente. —,yes,yes,same-paragraph,none,high,Se deja constancia de su voto.,"Second line on the page; a later line reads ""Queda constancia de su voto negativo"" under the same chair label, but the exact quoted wording appears only once.",
356,2006-11-01_r26,2006-11-01_r26_ORDINARIA.pdf,24,Sr. Presidente (Pampuro),Sr. Presidente (Pampuro). —,yes,yes,same-paragraph,none,high,Corresponde considerar el dictamen de la Comisión de Relaciones Exteriores y Culto en el,"Ambiguous — the same opening wording appears under sections 17 and 18 on this page, but both carry the identical chair label.",
357,2006-11-01_r26,2006-11-01_r26_ORDINARIA.pdf,75,Sr. Presidente (López Arias),Sr. Presidente (López Arias). —,yes,yes,same-paragraph,none,high,"Aprobado. Si hay asentimiento, se va a votar el proyecto de ley con las","""Aprobado."" opens the labelled paragraph; ""Si hay asentimiento..."" is its continuation paragraph, no new label between.",
358,2006-11-29_r29,2006-11-29_r29_ORDINARIA.pdf,5,Sr. Pichetto,Sr. Pichetto. —,yes,yes,same-paragraph,none,high,"Señor presidente: quiero hacer una moción para que, en función de los artículos 32,","Motion under section heading ""2. Facultad a la Presidencia para pasar a cuarto intermedio"".",
359,2006-11-29_r29,2006-11-29_r29_ORDINARIA.pdf,64,Sr. Presidente (Pampuro),Sr. Presidente (Pampuro). —,yes,yes,same-paragraph,none,high,Tiene la palabra el señor senador Rodríguez Saá,"Chair line granting the floor, printed without a final period after ""Saá"".",
360,2006-11-29_r29,2006-11-29_r29_ORDINARIA.pdf,85,Sr. Presidente (Pampuro),Sr. Presidente (Pampuro). —,yes,yes,same-paragraph,none,high,"Sí, señor senador. Se va a votar.","First line of the page; ""Se va a votar."" is the continuation paragraph of the same turn.",
361,2006-11-29_r29,2006-11-29_r29_ORDINARIA.pdf,85,Sr. Presidente (Pampuro),Sr. Presidente (Pampuro) . —,yes,yes,same-paragraph,none,high,En consideración el artículo 2E. Se va a votar.,"The page prints a stray space before the period, so the label reads ""Sr. Presidente (Pampuro) . —""; ""Se va a votar."" follows as the same turn's continuation.",
362,2006-12-13_r31,2006-12-13_r31_ORDINARIA.pdf,18,Sr. Zavalía,Sr. Zavalía. —,yes,yes,same-paragraph,none,high,"Si bien es cierto que son conceptos diferentes, todo eso suma y son compromisos","Reply to Sr. Capitanich's ""Son conceptos diferentes.""",
363,2006-12-13_r31,2006-12-13_r31_ORDINARIA.pdf,71,Sr. Mayans,Sr. Mayans. —,yes,yes,same-paragraph,none,high,Estos 252 puntos que hoy reflejan los medios están indicando que hay una fuerte,Label printed at the start of the paragraph holding the quoted words.,
364,2006-12-20_r32,2006-12-20_r32_ORDINARIA.pdf,7,Sr. Presidente,Sr. Presidente. —,yes,yes,same-paragraph,none,high,"Aprobado. En consideración el acuerdo. Si no se hace uso de la palabra, se","Page ends after ""En consideración el acuerdo.""; the trailing ""Si no se hace uso de la palabra, se..."" runs onto the next page, which was not supplied.",
365,2006-12-20_r32,2006-12-20_r32_ORDINARIA.pdf,26,Sra. Perceval,Sra. Perceval.—,yes,yes,same-paragraph,none,high,"Señor presidente: muy brevemente, quiero decir que este tema y este proyecto fueron largamente","Printed with the dash run against the period, no space.",
366,2007-02-13_r33,2007-02-13_r33_EXTRAORDINARIA.pdf,7,Sr. Presidente,Sr. Presidente. —,yes,yes,same-paragraph,none,high,En consideración la solicitud de abstención del bloque radical.,Chair line right after Sr. Sanz's request for abstention.,
367,2007-02-13_r33,2007-02-13_r33_EXTRAORDINARIA.pdf,53,Sr. Massoni,Sr. Massoni. —,yes,yes,same-paragraph,none,high,"Ratificando lo dicho por el senador Morales y lo escuchado, me voy a dedicar",Label printed at the start of the paragraph holding the quoted words.,
368,2007-03-14_r02,2007-03-14_r02_ORDINARIA.pdf,9,Sr. Presidente,Sr. Presidente. —,yes,yes,same-paragraph,none,high,Tiene la palabra el señor senador Petcoff Naidenoff.,"Under section heading ""11. Reserva de proyectos"".",
369,2007-03-14_r02,2007-03-14_r02_ORDINARIA.pdf,19,Sr. Presidente (Pampuro),Sr. Presidente (Pampuro). —,yes,yes,same-paragraph,none,high,Tiene la palabra el señor senador Giustiniani.,Only one occurrence of this wording on the page.,
370,2007-03-14_r02,2007-03-14_r02_ORDINARIA.pdf,32,Sr. Capitanich,Sr. Capitanich. —,yes,yes,same-paragraph,none,high,"Sí; con la propuesta respecto del artículo 2E y, si es necesario eliminar ese","Answer to the chair's question; the page prints the article number with an odd glyph, as ""artículo 2E"".",
371,2007-03-28_r03,2007-03-28_r03_ORDINARIA.pdf,10,Sr. Presidente,Sr. Presidente. —,yes,yes,same-paragraph,none,medium,En consideración en general y en particular. Si no se hace uso de la,"Ambiguous — the same sentence also appears in section 12 as a continuation paragraph under ""Sr. Presidente (Pampuro). —""; I report the section 11 occurrence, where it opens the labelled paragraph.",
372,2007-04-11_r04,2007-04-11_r04_ORDINARIA.pdf,11,Sr. Giustiniani,Sr. Giustiniani. —,yes,yes,same-paragraph,none,high,Porque pedí la palabra para ello. Me parece que hay otros señores senadores que,"Second line of the page, right after the chair's ""Sí, señor senador.""",
373,2007-04-25_r05,2007-04-25_r05_ORDINARIA.pdf,24,Sr. Presidente (López Arias),Sr. Presidente (López Arias).—,yes,yes,same-paragraph,none,high,Tiene la palabra el señor senador Guinle.,"Printed with the dash run against the period, no space.",
374,2007-04-25_r05,2007-04-25_r05_ORDINARIA.pdf,38,Sr. Presidente (López Arias),Sr. Presidente (López Arias). —,yes,yes,same-paragraph,none,high,A continuación vamos a tratar en conjunto los proyectos sobre tablas que por Secretaría,"Under section heading ""25. Consideración en conjunto de proyectos sobre tablas"".",
375,2007-05-02_r06,2007-05-02_r06_ORDINARIA.pdf,3,Sr. Presidente (Pampuro),Sr. Presidente (Pampuro). —,yes,yes,same-paragraph,none,high,Obra sobre las bancas el plan de labor aprobado en la reunión de labor,"Under section heading ""2. Plan de labor"".",
376,2007-05-02_r06,2007-05-02_r06_ORDINARIA.pdf,8,Sr. Presidente,Sr. Presidente.,yes,yes,same-paragraph,none,high,Tiene la palabra el señor senador Sanz.,"The sentence is printed twice on the page (once as a continuation line under ""Sr. Presidente. — La cuestión de privilegio será girada..."" and once opening ""Sr. Presidente. — Tiene la palabra el señor senador Sanz.""); ambiguous which, but both fall under the identical label ""Sr. Presidente.""",
377,2007-05-23_r07,2007-05-23_r07_ORDINARIA.pdf,20,Sr. Secretario (Estrada),Sr. Secretario (Estrada).,yes,yes,same-paragraph,none,high,Se registran 50 votos por la afirmativa; unanimidad.,Label opens the same line as the quoted words.,
378,2007-05-23_r07,2007-05-23_r07_ORDINARIA.pdf,22,Sr. Presidente,Sr. Presidente.,yes,yes,same-paragraph,none,high,Queda abierta la conferencia. Corresponde considerar el proyecto de resolución por el que se,"Under section heading ""2 / Conferencia""; the label opens the turn ""Sr. Presidente. — Queda abierta la conferencia."" and the next indented sentence continues it.",
379,2007-05-23_r07,2007-05-23_r07_ORDINARIA.pdf,57,Sr. Capitanich,Sr. Capitanich.,yes,yes,same-paragraph,none,high,"Por el ""sí"" es a favor del dictamen en mayoría.","Printed as ""Sr. Capitanich. — Por el ""sí"" es a favor del dictamen en mayoría.""",
380,2007-06-06_r08,2007-06-06_r08_ORDINARIA.pdf,31,Sr. Presidente (López Arias),Sr. Presidente (López Arias).,yes,yes,same-paragraph,none,high,"Tiene la palabra el señor senador Giustiniani, último orador con relación a este tema.","Last labelled turn on the page, at the foot.",
381,2007-06-06_r08,2007-06-06_r08_ORDINARIA.pdf,52,Sr. Presidente (López Arias),Sr. Presidente (López Arias).,yes,yes,same-paragraph,none,high,"Como estos temas no fueron acordados en labor parlamentaria, vamos a someter a consideración",Label opens the same line as the quoted words.,
382,2007-08-08_r11,2007-08-08_r11_ORDINARIA.pdf,17,Sr. Basualdo,Sr. Basualdo.,yes,yes,same-paragraph,none,high,Señor presidente: nuestro bloque también quiere rendir un justo homenaje a la memoria de,"Follows ""Sr. Presidente. — Tiene la palabra el señor senador Basualdo.""",
383,2007-08-08_r11,2007-08-08_r11_ORDINARIA.pdf,51,Sr. Presidente (Pampuro),Sr. Presidente (Pampuro).,yes,yes,same-paragraph,none,high,Tiene la palabra la señora senadora Mastandrea.,Label opens the same line as the quoted words.,
384,2007-08-22_r12,2007-08-22_r12_ORDINARIA.pdf,7,Sr. Presidente,Sr. Presidente.,yes,yes,same-paragraph,none,high,"Invito al señor senador por la provincia de La Pampa, Rubén Marín a proceder","Under the bold section title ""2. Izamiento de la bandera nacional""; label printed without a name in parentheses here.",
385,2007-11-07_r13,2007-11-07_r13_ORDINARIA.pdf,5,Sr. Presidente,Sr. Presidente.,yes,yes,same-paragraph,none,high,Queda aprobada la declaración. Se procederá en consecuencia.,Label opens the same line as the quoted words.,
386,2007-11-07_r13,2007-11-07_r13_ORDINARIA.pdf,29,Sr. Presidente (López Arias),Sr. Presidente (López Arias).,yes,yes,same-paragraph,none,high,"Corresponde considerar el dictamen de la Comisión de Educación, Cultura, Ciencia y Tecnología en","First turn on the page, under the bold running title about the Escuela Hogar ""Eva Perón""; the paragraph ends with footnote marker 17.",
387,2007-11-14_r14,2007-11-14_r14_ORDINARIA.pdf,47,Sra. Presidenta (Curletti),Sra. Presidenta (Curletti).,yes,yes,same-paragraph,none,high,Tiene la palabra el señor senador Rodríguez Saá.,"This page prints ""Presidenta"" (feminine), unlike most of the record.",
388,2007-11-21_r15,2007-11-21_r15_ORDINARIA.pdf,22,Sr. Secretario (Estrada),Sr. Secretario (Estrada).,yes,yes,same-paragraph,none,high,Se registran 51 votos afirmativos; unanimidad. Se han superado los dos tercios establecidos en,The page has a near-identical earlier line with 52 votes; the 51-vote line quoted here carries the same label.,
389,2007-11-28_r17,2007-11-28_r17_ESPECIAL.pdf,4,Sr. Presidente,Sr. Presidente.,yes,yes,same-paragraph,none,high,"Si así no lo hiciereis, Dios y la Patria os lo demanden","The oath formula is repeated many times down the page, each time under the identical label ""Sr. Presidente."" followed by ""(Aplausos.)""; ambiguous which instance, but the label is the same for all.",
390,2007-11-28_r17,2007-11-28_r17_ESPECIAL.pdf,4,Sr. Presidente,Sr. Presidente.,yes,yes,same-paragraph,none,high,"Si así no lo hiciereis, Dios y la Patria os lo demanden","Same page and same quote as case 389; repeated instances all carry the identical label, so ambiguous but unambiguous as to the label.",
391,2007-11-28_r17,2007-11-28_r17_ESPECIAL.pdf,7,Sr. Presidente,Sr. Presidente.,yes,yes,same-paragraph,none,high,Está en consideración la propuesta del señor senador Pichetto. Si no se hace uso,"Label opens the turn; ""Si no se hace uso de la palabra, se va a votar."" is the indented continuation of the same turn.",
392,2007-11-28_r18,2007-11-28_r18_ORDINARIA.pdf,16,Sra. Giri,Sra. Giri.,yes,yes,same-paragraph,none,high,Señor presidente: voy a solicitar para después insertar una serie de proyectos que presentaron,"Follows ""Sr. Presidente (Pampuro). — ... Tiene la palabra la señora senadora Giri.""",
393,2007-11-28_r18,2007-11-28_r18_ORDINARIA.pdf,20,Sra. Capos,Sra. Capos.,yes,yes,same-paragraph,none,high,"Señor presidente: la verdad es que después de las explicaciones de la senadora Giri,","Follows ""Sr. Presidente (Pampuro). — Tiene la palabra la señora senadora Capos.""",
394,2007-11-28_r18,2007-11-28_r18_ORDINARIA.pdf,22,Sra. Bortolozzi de Bogado,Sra. Bortolozzi de Bogado.,yes,yes,same-paragraph,none,high,Señor presidente: yo sé mucho de redondeces. Nunca hablo. Déjeme hablar. Siempre que hablo,Label opens the same line as the quoted words.,
395,2007-11-28_r18,2007-11-28_r18_ORDINARIA.pdf,27,Sr. Capitanich,Sr. Capitanich.,yes,yes,same-paragraph,none,high,Le concedo una interrupción a la senadora Giri.,"Printed between ""Sra. Giri. — ¿Me permite una interrupción?"" and the presiding officer's reply.",
396,2007-11-28_r18,2007-11-28_r18_ORDINARIA.pdf,45,Sr. Pampuro,Sr. Pampuro.,yes,yes,same-paragraph,none,high,Señor presidente: estamos considerando el proyecto de ley por el que se crea la,"Follows ""Sr. Presidente (López Arias). — ... Tiene la palabra el señor senador Pampuro.""",
397,2007-11-28_r18,2007-11-28_r18_ORDINARIA.pdf,50,Sr. Presidente (López Arias),Sr. Presidente (López Arias).,yes,yes,same-paragraph,none,high,Después le daré la palabra a la presidenta de la comisión.,Label opens the same line as the quoted words.,
398,2007-12-05_r19,2007-12-05_r19_ORDINARIA.pdf,5,Sr. Presidente (Pampuro),Sr. Presidente (Pampuro).,yes,yes,same-paragraph,"footnote marker ""3"" printed after ""Queda aceptada la renuncia.""",high,Queda aceptada la renuncia. Tiene la palabra el senador Pichetto.,"""Queda aceptada la renuncia."" also appears earlier on the page under the same label, but only this occurrence is followed by ""Tiene la palabra el senador Pichetto.""",
399,2007-12-05_r19,2007-12-05_r19_ORDINARIA.pdf,14,Sr. Presidente (Pampuro),Sr. Presidente (Pampuro).,yes,yes,same-paragraph,none,high,Tiene la palabra el señor senador Jaque.,"Second line of the page, label opens the same line as the quoted words.",
400,2007-12-05_r19,2007-12-05_r19_ORDINARIA.pdf,68,Sr. Presidente,Sr. Presidente.,yes,yes,same-paragraph,none,high,Tiene la palabra el senador López Arias.,Printed without a name in parentheses on this page.,
401,2007-12-10_r00,2007-12-10_r00_ASAMBLEA.pdf,10,Sra. Presidenta de la Nación Argentina,Sra. Presidenta de la Nación Argentina.,yes,yes,previous-page,none,high,Nos falta aún abordar al resto del Poder Judicial en la reforma que necesariamente,"Turn opens on printed page 7 under ""Sra. Presidenta de la Nación Argentina.""; no new bold label appears on pages 8, 9 or before the quoted words on page 10.",
402,2007-12-12_r20,2007-12-12_r20_ORDINARIA.pdf,43,Sr. Urquía,Sr. Urquía.,yes,yes,same-paragraph,none,high,Señor presidente: sin ánimo de polemizar en absoluto con quienes me precedieron en el,"Label opens the last paragraph of printed page 43, immediately preceded by ""Sr. Presidente. — Tiene la palabra el senador Urquía.""",
403,2007-12-12_r20,2007-12-12_r20_ORDINARIA.pdf,56,Sr. Presidente,Sr. Presidente.,yes,yes,same-paragraph,none,high,Tiene la palabra el señor senador Miranda.,"Single occurrence of the quoted sentence on the page; the following turn is ""Sr. Miranda.""",
404,2007-12-19_r21,2007-12-19_r21_ORDINARIA.pdf,38,Sr. Pichetto,Sr. Pichetto.,yes,yes,same-paragraph,none,high,Señor presidente: quiero abordar este debate y comenzar con algunas publicaciones periodísticas del día,"Preceded by ""Sr. Presidente. — Tiene la palabra el senador Pichetto, último orador.""",
405,2007-12-19_r21,2007-12-19_r21_ORDINARIA.pdf,72,Sr. Presidente (Pampuro),Sr. Presidente (Pampuro).,yes,yes,same-paragraph,none,high,"Entonces, vamos a votar el 25. Por Secretaría se hará una aclaración al respecto.","The second sentence is the indented continuation line of the same turn, before ""Sr. Secretario (Estrada).""",
406,2007-12-19_r21,2007-12-19_r21_ORDINARIA.pdf,93,Sr. Rossi,Sr. Rossi.,yes,yes,same-paragraph,none,high,Señor presidente: simplemente quiero expresar el beneplácito por el hecho de que realmente hoy,"Preceded by ""Sr. Presidente. — Tiene la palabra el señor senador Rossi.""",
407,2007-12-19_r21,2007-12-19_r21_ORDINARIA.pdf,95,Sr. Presidente,Sr. Presidente.,yes,yes,same-paragraph,none,high,Tiene la palabra el señor senador Martínez.,"Quoted line is the president's; the reply turn immediately after is ""Sr. Martínez.""",
408,2007-12-26_r22,2007-12-26_r22_ORDINARIA.pdf,20,Sr. Massoni,Sr. Massoni.,yes,yes,same-paragraph,none,high,Quiero aclarar lo siguiente: la disminución de la demanda es importante y ¿por qué,"Page prints ""Quiero aclarar lo siguiente: la disminución de la demanda es importante y ¿por qué existe la emergencia?"" opening the Massoni turn.",
409,2008-02-13_r23,2008-02-13_r23_EXTRAORDINARIA.pdf,9,Sr. Martínez (Alfredo A.),Sr. Martínez (Alfredo A.).,yes,yes,same-paragraph,none,high,"Señor presidente: como bien decía el señor senador Ríos, ayer estuvimos en una reunión","Preceded by ""Sr. Presidente. — Tiene la palabra el señor senador Alfredo Martínez.""",
410,2008-02-27_r24,2008-02-27_r24_EXTRAORDINARIA.pdf,12,Sr. Presidente,Sr. Presidente.,yes,yes,same-paragraph,none,high,"Si cada uno habla diez minutos, se votará aproximadamente en tres horas. Tiene la","""Tiene la palabra el señor senador Ríos."" is the indented continuation of the same presidential turn.",
411,2008-02-27_r24,2008-02-27_r24_EXTRAORDINARIA.pdf,59,Sr. Pichetto,Sr. Pichetto.,yes,yes,same-paragraph,none,high,"Con todo respecto, senador, apoyamos lo dicho por el senador Sanz; considero que ambos","Page prints ""Con todo respecto, senador, apoyamos lo dicho por el senador Sanz"" opening the Pichetto turn.",
412,2008-03-01_r00,2008-03-01_r00_ASAMBLEA.pdf,18,Sra. Presidenta de la Nación,Sra. Presidenta de la Nación.,yes,yes,previous-page,none,high,"Pero este año quiero agregar, a lo que ha sido siempre un fuerte reclamo","Turn opens on printed page 6; pages 7 through 18 carry no new bold label, only applause markers and running heads.",
413,2008-03-12_r02,2008-03-12_r02_ORDINARIA.pdf,23,Sr. Fernández,Sr. Fernández.,yes,yes,same-paragraph,none,high,"Perdón, señor presidente ¿cuántos senadores hay anotados?","Short exchange with ""Sr. Presidente (Marino)."" on either side.",
414,2008-03-12_r02,2008-03-12_r02_ORDINARIA.pdf,35,Sr. Presidente,Sr. Presidente.,yes,yes,same-paragraph,none,high,Tiene la palabra el señor senador Pérez Alsina.,"Followed by the turn ""Sr. Pérez Alsina.""",
415,2008-03-26_r03,2008-03-26_r03_ORDINARIA.pdf,8,Sr. Presidente,Sr. Presidente.,yes,yes,same-paragraph,none,high,Tiene la palabra el señor senador Cabanchik,"Second line of printed page 8; followed by the turn ""Sr. Cabanchik.""",
416,2008-03-26_r03,2008-03-26_r03_ORDINARIA.pdf,52,Sr. Presidente,Sr. Presidente.,yes,yes,same-paragraph,none,high,Para una interrupción tiene la palabra el señor senador Ríos.,"Followed by the interruption turn ""Sr. Ríos.""",
417,2008-04-09_r04,2008-04-09_r04_ORDINARIA.pdf,20,Sr. Presidente,Sr. Presidente.,yes,yes,same-paragraph,none,high,Tiene la palabra el señor senador Estenssoro.,"Followed by the turn ""Sra. Estenssoro.""",
418,2008-04-16_r05,2008-04-16_r05_ORDINARIA.pdf,19,Sr. Presidente,Sr. Presidente.,yes,yes,same-paragraph,none,high,El señor senador Sanz le solicita una interrupción.,"Followed by ""Sr. Ríos. — Cómo no, señor senador."" and then ""Sr. Sanz.""",
419,2008-04-16_r05,2008-04-16_r05_ORDINARIA.pdf,25,Sr. Prosecretario (Canals),Sr. Prosecretario (Canals).,yes,yes,same-paragraph,none,high,"Son solamente cinco órdenes del día, que se tratarían en conjunto.","Label opens the paragraph; the word ""conjunto."" wraps to the next line of the same turn.",
420,2008-04-30_r06,2008-04-30_r06_INFORMATIVA_ESPECIAL.pdf,38,Sr. Morales,Sr. Morales.,yes,yes,same-paragraph,none,high,"Acordamos flexibilidad para todos. Aparte, se quedó el jefe de Gabinete. ¿Cuál es la","""¿Cuál es la propuesta de segmentación..."" is the indented continuation of the same Morales turn.",
421,2008-05-14_r07,2008-05-14_r07_ORDINARIA.pdf,46,Sr. Mayans,Sr. Mayans.,yes,yes,same-paragraph,none,high,No tiene nada que ver...,"Single short turn between ""Sr. Petcoff Naidenoff."" turns.",
422,2008-05-21_r08,2008-05-21_r08_ORDINARIA.pdf,22,Sr. Morales,Sr. Morales.,yes,yes,same-paragraph,none,high,Nosotros pedimos el tratamiento tema por tema.,"Preceded by ""Sr. Presidente. — Termine, senador Morales.""",
423,2008-05-21_r08,2008-05-21_r08_ORDINARIA.pdf,30,Sr. Presidente (Romero),Sr. Presidente (Romero).,yes,yes,same-paragraph,none,high,Tiene la palabra la senadora Estenssoro.,"Followed by the turn ""Sra. Estenssoro.""",
424,2008-05-21_r08,2008-05-21_r08_ORDINARIA.pdf,37,Sr. Presidente,Sr. Presidente.,yes,yes,same-paragraph,none,high,"Perdón, señor senador, no lo tenía anotado. Tiene la palabra el señor senador Cabanchik.","""Tiene la palabra el señor senador Cabanchik."" is the indented continuation of the same presidential turn.",
425,2008-05-28_r09,2008-05-28_r09_ORDINARIA.pdf,14,Sr. Presidente,Sr. Presidente.,yes,yes,same-paragraph,none,high,"En consideración en general y en particular. Si no hay oposición, se va a","""Si no hay oposición, se va a votar."" is the indented continuation line of the same turn, before ""— Se practica la votación por medios electrónicos.""",
426,2008-06-25_r10,2008-06-25_r10_ORDINARIA.pdf,35,Sra. Corradi de Beltrán,Sra. Corradi de Beltrán.,yes,yes,same-paragraph,none,high,"Señor presidente: voy a referirme al artículo 35, que tanto preocupa aquí. Este es",Last line of the page; the turn opens with this label immediately before the quoted words.,
427,2008-07-16_r11,2008-07-16_r11_ORDINARIA.pdf,52,Sra. Parrilli,Sra. Parrilli.,yes,yes,same-paragraph,none,high,Señor presidente: quiero aclarar al senador preopinante que creo que no necesitamos un baño,Label opens the paragraph containing the quoted words.,
428,2008-07-16_r11,2008-07-16_r11_ORDINARIA.pdf,77,Sr. Urquía,Sr. Urquía.,yes,yes,same-paragraph,none,high,Señor presidente: hace más de cuatro meses que todos los sectores de la sociedad,"Preceded by ""Sr. Presidente. — Tiene la palabra el senador Urquía.""",
429,2008-09-03_r14,2008-09-03_r14_ORDINARIA.pdf,135,Sr. Pichetto,Sr. Pichetto.,yes,yes,same-paragraph,none,high,"Que se circunscriba al tema en discusión, señor presidente. No es debate libre.",Interjection paragraph; next label is Sr. Sanz.,
430,2008-09-10_r15,2008-09-10_r15_ORDINARIA.pdf,46,Sr. Presidente,Sr. Presidente.,yes,yes,same-paragraph,none,high,Corresponde considerar el dictamen de la Comisión de Relaciones Exteriores y Culto en el,"Paragraph follows the bold section title ""19. OD 623: Convenio sobre seguridad social con la República de Eslovenia.""; the label is printed as ""Sr. Presidente"" with the period outside the bold.",
431,2008-10-01_r17,2008-10-01_r17_ORDINARIA.pdf,26,Sr. Presidente,Sr. Presidente.,yes,yes,same-paragraph,none,high,Tiene la palabra la señora senadora Corregido.,"Comes right after the stage direction ""— Asentimiento.""; next label is Sra. Corregido.",
432,2008-10-01_r17,2008-10-01_r17_ORDINARIA.pdf,78,Sra. Colombo,Sra. Colombo.,yes,yes,same-paragraph,none,high,"Déjeme terminar. Me refiero a un archivo, un inventario de agravios al sistema previsional,",Resumption after the Sr. Mayans interjection; label reprinted at the start of the quoted paragraph.,
433,2008-10-22_r18,2008-10-22_r18_ORDINARIA.pdf,40,Sra. Perceval,Sra. Perceval.,yes,yes,same-paragraph,none,high,"Señor presidente: creo que no hay ningún inconveniente y, sobre todo, sabiendo que una",Label opens the paragraph containing the quoted words.,
434,2008-10-22_r18,2008-10-22_r18_ORDINARIA.pdf,40,Sr. Presidente,Sr. Presidente.,yes,yes,same-paragraph,none,high,Se van a votar las inserciones solicitadas.,"Printed with an en-dash (""Sr. Presidente. –"") before the quoted words; followed by ""- La votación resulta afirmativa.""",
435,2008-11-05_r19,2008-11-05_r19_ORDINARIA.pdf,10,Sr. Presidente,Sr. Presidente.,yes,yes,same-paragraph,none,high,Tiene la palabra el senador Rossi.,"One-line turn immediately before ""Sr. Rossi."" on the same page.",
436,2008-11-05_r19,2008-11-05_r19_ORDINARIA.pdf,20,Sra. Troadello,Sra. Troadello.,yes,yes,same-paragraph,none,high,Señor presidente: nada más quiero manifestar la gran satisfacción que para nosotros significa federalizar,"Follows ""Sr. Presidente. — Senadora Troadello: ¿quiere agregar algo o lo votamos?""",
437,2008-11-05_r19,2008-11-05_r19_ORDINARIA.pdf,67,Sr. Torres,Sr. Torres.,yes,yes,same-paragraph,none,high,Ya redondeo. En el gobierno de Menem 103 por ciento. En el gobierno de,"Quote begins at ""Ya redondeo."" in the labelled paragraph and continues into the next, unlabelled paragraph of the same turn.",
438,2008-11-05_r19,2008-11-05_r19_ORDINARIA.pdf,67,Sr. Torres,Sr. Torres.,yes,yes,same-paragraph,none,high,No tengo problema en no referirme a la persona. Pero el senador preopinante tendría,"Second Sr. Torres turn on the page, after ""Sr. Presidente (Marino). — Senador Torres: se le agotó el tiempo.""",
439,2008-11-05_r19,2008-11-05_r19_ORDINARIA.pdf,75,Sr. Presidente (Marino),Sr. Presidente (Marino).,yes,yes,same-paragraph,none,high,"Tiene la palabra el señor senador Martínez, por Tierra del Fuego.",Second-to-last line of the page; next label is Sr. Martínez (J.C.).,
440,2008-11-05_r19,2008-11-05_r19_ORDINARIA.pdf,111,Sr. Presidente,Sr. Presidente.,yes,yes,same-paragraph,none,high,"Vamos a tratar de ordenar la forma de votación. En primer lugar, se van","Quote begins in the labelled paragraph and runs into the following unlabelled line ""En primer lugar, se van a votar los pedidos de inserción.""",
441,2008-11-05_r19,2008-11-05_r19_ORDINARIA.pdf,112,Sr. Presidente,Sr. Presidente.,yes,yes,same-paragraph,none,high,"Quedan aprobados los artículos 11 a 27. En consideración el Capítulo IV, artículos 28","Follows the stage direction ""— El resultado de la votación surge del Acta Nº 5""; quote continues into the next line of the same turn.",
442,2008-11-05_r19,2008-11-05_r19_ORDINARIA.pdf,115,Sr. Secretario (Estrada),Sr. Secretario (Estrada).,yes,yes,same-paragraph,none,high,Se registran 47 votos por la afirmativa y 14 votos por la negativa.,"Ambiguous — these exact words are printed twice on this page (Capítulo X vote and Títulos II y III vote), but both occurrences carry the same label; reporting the first.",
443,2008-11-05_r19,2008-11-05_r19_ORDINARIA.pdf,115,Sr. Secretario (Estrada),Sr. Secretario (Estrada).,yes,yes,same-paragraph,none,high,Se registran 47 votos por la afirmativa y 14 votos por la negativa.,"Ambiguous — same words appear twice on the page; both under this label, so the answer is the same either way (this is the second occurrence).",
444,2008-11-20_r20,2008-11-20_r20_ORDINARIA.pdf,72,Sr. Presidente (Marino),Sr. Presidente (Marino).,yes,yes,same-paragraph,none,high,"Señor senador, la senadora Parrilli le pide una interrupción.","Near the foot of the page, right before ""Sr. Martínez (J.C.) .— Cuando termine, con mucho gusto.""",
445,2008-11-20_r20,2008-11-20_r20_ORDINARIA.pdf,75,Sra. Parrilli,Sra. Parrilli.,yes,yes,same-paragraph,none,high,"Entonces, ya que no me puedo expresar, lo que quiero decir para terminar es",Third Sra. Parrilli turn on the page; label opens the quoted paragraph.,
446,2008-11-26_r21,2008-11-26_r21_ORDINARIA.pdf,43,Sr. Presidente,Sr. Presidente.,yes,yes,same-paragraph,none,high,"Si ningún otro senador va a hacer uso de la palabra, pasaremos a votar","Comes right after ""(Aplausos en las bancas y en las galerías.)"" ending the previous turn.",
447,2008-11-26_r21,2008-11-26_r21_ORDINARIA.pdf,66,Sr. Presidente (Romero),Sr. Presidente (Romero).,yes,yes,same-paragraph,none,high,Se procede a la votación de los pedidos de inserción.,"Followed by the stage direction ""— Se practica lal votación.""",
448,2008-12-17_r23,2008-12-17_r23_ORDINARIA.pdf,91,Sr. Presidente (Pampuro),Sr. Presidente (Pampuro).,yes,yes,same-paragraph,none,high,Tiene la palabra el señor senador Cabanchik.,"One-line turn immediately before ""Sr. Cabanchik."" on the same page.",
449,2008-12-17_r23,2008-12-17_r23_ORDINARIA.pdf,113,Sra. Díaz,Sra. Díaz.,yes,yes,same-paragraph,none,high,Señor presidente: en oportunidad de que llegara a este recinto el tema del Municipio,"Follows ""Sr. Presidente (Pampuro). — Tiene la palabra la senadora por Tierra del Fuego.""",
450,2008-12-18_r24,2008-12-18_r24_ORDINARIA.pdf,3,Sr. Presidente,Sr. Presidente.,yes,yes,same-paragraph,none,high,Obra sobre las bancas el plan de labor aprobado en la reunión de labor,"Paragraph follows the bold section title ""3. Plan de labor parlamentaria"".",
451,2008-12-18_r24,2008-12-18_r24_ORDINARIA.pdf,72,Sr. Sanz,Sr. Sanz.,yes,yes,same-paragraph,none,high,Señor presidente: ¿vio cómo queda uno cuando no sabe si lo están elogiando o,"Second ""Sr. Sanz."" turn on the page, right after ""Sr. Presidente. — Tiene la palabra el señor senador Sanz.""; only one label governs.",
452,2009-03-01_r00,2009-03-01_r00_ASAMBLEA.pdf,9,Sra. Presidenta de la Nación,Sra. Presidenta de la Nación.,yes,yes,previous-page,none,high,Creemos que parte importante —diría total y fundamental— de la crisis de lo que,"Label opens the turn at the top of printed page 6; pages 7-9 carry no new label, so it carries forward to the quoted first paragraph of page 9.",
453,2009-03-04_r02,2009-03-04_r02_ORDINARIA.pdf,20,Sr. Presidente,Sr. Presidente.,yes,yes,same-paragraph,none,high,"Si no se hace uso de la palabra, se va a votar.","Line reads ""Sr. Presidente. — Si no se hace uso de la palabra, se va a votar.""",
454,2009-03-04_r02,2009-03-04_r02_ORDINARIA.pdf,36,Sr. Secretario (Estrada),Sr. Secretario (Estrada).,yes,yes,same-paragraph,none,high,Se deja constancia de que hemos elaborado este Plan de Labor con órdenes del,"Follows ""Sr. Presidente. — Por favor, vuelva a leer, señor secretario.""",
455,2009-03-04_r02,2009-03-04_r02_ORDINARIA.pdf,37,Sr. Presidente (Marín),Sr. Presidente (Marín).,yes,yes,same-paragraph,none,high,En consideración en general. Tiene la palabra la senadora Giusti.,"Label appears just after the stage direction saying vicepresidente Rubén Hugo Marín takes the chair; ""Tiene la palabra la senadora Giusti."" is the indented continuation of that same turn.",
456,2009-03-26_r03,2009-03-26_r03_ORDINARIA.pdf,64,Sr. Presidente,Sr. Presidente.,yes,yes,same-paragraph,none,high,Tiene la palabra el señor senador Guinle.,"Printed as ""Sr. Presidente.– Tiene la palabra el señor senador Guinle."" with an en-dash separator.",
457,2009-03-26_r03,2009-03-26_r03_ORDINARIA.pdf,96,Sr. Morales,Sr. Morales.,yes,yes,same-paragraph,none,high,"Ponga orden, presidente, ya termino.","First speech line on the page, right after the stage direction ""– Murmullos en las bancas.""",
458,2009-03-26_r03,2009-03-26_r03_ORDINARIA.pdf,127,Sr. Presidente,Sr. Presidente.,yes,yes,same-paragraph,none,high,Tiene la palabra el señor senador Pichetto.,"The sentence occurs twice on this page (near the top, and as a continuation line of the ""Estamos sin quórum"" turn), but both fall under ""Sr. Presidente.""",
459,2009-04-15_r04,2009-04-15_r04_ORDINARIA.pdf,24,Sr. Presidente,Sr. Presidente.,yes,yes,same-paragraph,none,high,Tiene la palabra el señor senador Morales.,"Near the foot of the page, immediately before ""Sr. Morales. — Señor presidente: desde el bloque de la Unión Cívica Radical...""",
460,2009-07-08_r06,2009-07-08_r06_ORDINARIA.pdf,6,Sra. Escudero,Sra. Escudero.,yes,yes,same-paragraph,none,high,"Señor presidente: efectivamente, eso fue lo acordado. Sin embargo, en el plan de labor",Opening line of the page; the turn began before but the label is printed here.,
461,2009-07-08_r06,2009-07-08_r06_ORDINARIA.pdf,23,Sr. Presidente,Sr. Presidente.,yes,yes,same-paragraph,none,high,"Senador Pichetto, ¿alguna consideración sobre la propuesta del senador Sanz?","Printed with the period outside the bold (""Sr. Presidente. — Senador Pichetto, ¿alguna consideración..."").",
462,2009-08-05_r07,2009-08-05_r07_ORDINARIA.pdf,11,Sr. Verani,Sr. Verani.,yes,yes,same-paragraph,none,high,"Por favor, solicito que se lea nuevamente el nombramiento del fiscal del Juzgado Federal","Follows ""Sr. Presidente.— Para una aclaración, tiene la palabra el señor senador Verani"".",
463,2009-08-05_r07,2009-08-05_r07_ORDINARIA.pdf,12,Sr. Cabanchik,Sr. Cabanchik.,yes,yes,same-paragraph,none,high,"Señor presidente: naturalmente tenía presente el tema del juez Márquez, porque soy autor de","Follows ""Sr. Presidente.— Tiene la palabra el señor senador Cabanchik"".",
464,2009-08-05_r07,2009-08-05_r07_ORDINARIA.pdf,20,Sr. Presidente,Sr. Presidente.,yes,yes,same-paragraph,none,high,Se reserva en mesa el proyecto y luego se someterá a consideración. Tiene la,"""Tiene la palabra el señor senador Romero."" is the indented continuation of the same ""Sr. Presidente."" turn, before ""Sr. Romero."" opens.",
465,2009-08-05_r07,2009-08-05_r07_ORDINARIA.pdf,21,Sr. Presidente,Sr. Presidente.,yes,yes,same-paragraph,none,high,El señor secretario va a hacer una aclaración.,"Second speech line on the page, before ""Sr. Secretario (Estrada). — Señora senadora: ...""",
466,2009-08-05_r07,2009-08-05_r07_ORDINARIA.pdf,77,Sr. Cabanchik,Sr. Cabanchik.,yes,yes,same-paragraph,none,high,"Señor presidente: en primer lugar, señalo que sí hemos aprobado —lo digo con todo","Follows ""Sr. Presidente (Pampuro). — Todavía no hemos aprobado nada."" and its continuation line giving Cabanchik the floor.",
467,2009-08-20_r08,2009-08-20_r08_ORDINARIA.pdf,3,Sr. Presidente,Sr. Presidente.,yes,yes,same-paragraph,none,high,"En consideración en general. Si no se hace uso de la palabra, se va","Under the bold heading ""Texto unificado""; the ""Si no se hace uso de la palabra..."" line is the indented continuation of the same turn.",
468,2009-08-20_r08,2009-08-20_r08_ORDINARIA.pdf,86,Sr. Presidente,Sr. Presidente.,yes,yes,same-paragraph,"<superscript footnote reference ""14"" after ""Aprobado."">",high,"Aprobado. Pido a los señores senadores que se identifiquen, dado que vamos a votar","""Pido a los señores senadores que se identifiquen..."" is the indented continuation of the same ""Aprobado."" turn.",
469,2009-08-20_r08,2009-08-20_r08_ORDINARIA.pdf,86,Sr. Presidente,Sr. Presidente.,yes,yes,same-paragraph,none,high,Por favor: pido a los señores senadores silencio y atención al señor senador Nicolás,"Comes right after the stage direction ""— Murmullos en el recinto."" interrupting senator Fernández.",
470,2009-09-09_r11,2009-09-09_r11_INFORMATIVA_ESPECIAL.pdf,36,Sr. Presidente,Sr. Presidente.,yes,yes,same-paragraph,none,high,Tiene la palabra el señor senador Salazar.,"Immediately before ""Sr. Salazar. — El señor jefe de Gabinete de Ministros...""",
471,2009-09-09_r11,2009-09-09_r11_INFORMATIVA_ESPECIAL.pdf,62,Sr. Jefe de Gabinete de Ministros,Sr. Jefe de Gabinete de Ministros.,yes,yes,earlier-on-page,none,high,"y los restantes que fueron 1.9, 1.2, 2.9, 2.8 y 1.7. Es decir que,","Label opens the page; the quoted figures are in the second paragraph of that same turn, no intervening label.",
472,2009-09-23_r12,2009-09-23_r12_ORDINARIA.pdf,28,Sr. Presidente (Pampuro),Sr. Presidente (Pampuro).,yes,yes,same-paragraph,none,high,"Corresponde, en primer lugar, votar las inserciones.","Printed ""Sr. Presidente (Pampuro). — Corresponde, en primer lugar, votar las inserciones.""",
473,2009-09-23_r12,2009-09-23_r12_ORDINARIA.pdf,32,Sr. Presidente (Pampuro),Sr. Presidente (Pampuro).,yes,yes,same-paragraph,none,high,Corresponde considerar el dictamen de la Comisión de Presupuesto y Hacienda en el proyecto,"Under heading ""16. OD- 397: Prórroga del plazo...""; the dash after the label is printed as a mangled bracket-like glyph.",
474,2009-09-23_r12,2009-09-23_r12_ORDINARIA.pdf,38,Sr. Pichetto,Sr. Pichetto.,yes,yes,same-paragraph,none,high,"...Para el bien de todos, porque si no mañana podemos salir en los diarios","First speech line on the page, the tail of a turn opened earlier but relabelled here.",
475,2009-10-09_r13,2009-10-09_r13_ESPECIAL.pdf,5,Sr. Presidente,Sr. Presidente.,yes,yes,same-paragraph,none,high,"Así es, cinco minutos para cada orador en la discusión en particular.","Reply to ""Sr. Gioja. — En la consideración en particular, cinco minutos por senador.""",
476,2009-10-09_r13,2009-10-09_r13_ESPECIAL.pdf,27,Sr. Lores,Sr. Lores.,yes,yes,same-paragraph,none,high,Señor presidente: para no repetir algunos conceptos que han sido manifestados por las señoras,"Label opens the paragraph, immediately after ""Sr. Presidente.— Tiene la palabra el señor senador Lores.""",
477,2009-10-09_r13,2009-10-09_r13_ESPECIAL.pdf,159,Sr. Presidente,Sr. Presidente.,yes,yes,same-paragraph,none,high,"Para una interrupción, tiene la palabra la señora senadora Corregido.",One-line turn in the middle of the page.,
478,2009-10-09_r13,2009-10-09_r13_ESPECIAL.pdf,159,Sr. Presidente,Sr. Presidente.,yes,yes,same-paragraph,none,high,Tiene la palabra el senador Pichetto.,"Two similar lines on the page (""Tiene la palabra el señor senador Pichetto."" near the top and ""Tiene la palabra el senador Pichetto."" lower down); both are Sr. Presidente., and the quoted wording matches the lower one.",
479,2009-10-09_r13,2009-10-09_r13_ESPECIAL.pdf,181,Sr. Sanz,Sr. Sanz.,yes,yes,same-paragraph,none,high,"Para el artículo 46 es que se pide una inserción. Pero, como creo que","Second line of the page, right after ""Sr. Presidente. — Tiene la palabra el senador Sanz.""",
480,2009-10-09_r13,2009-10-09_r13_ESPECIAL.pdf,190,Sr. Sanz,Sr. Sanz.,yes,yes,same-paragraph,none,high,"¿Cuál puso a consideración, presidente?",Short exchange between Sr. Sanz. and Sr. Presidente.; the question is Sanz's line.,
481,2009-10-09_r13,2009-10-09_r13_ESPECIAL.pdf,203,Sra. Sánchez,Sra. Sánchez.,yes,yes,same-paragraph,none,high,Señor presidente: solicito autorización para abstenerme en el artículo 161.,"Printed with the closing period outside the bold (""Sra. Sánchez. —"").",
482,2009-10-28_r15,2009-10-28_r15_ORDINARIA.pdf,4,Sra. Perceval,Sra. Perceval.,yes,yes,same-paragraph,none,high,Señor presidente: muchos de los senadores y senadoras conocen que con Amanda Isidori hicimos,"Follows ""Sr. Presidente (Pampuro). — Tiene la palabra la señora senadora Perceval.""",
483,2009-11-11_r16,2009-11-11_r16_ORDINARIA.pdf,8,Sra. Giusti,Sra. Giusti.,yes,yes,same-paragraph,none,high,Señor presidente: solamente quisiera verificar si se han incorporado los órdenes del día 524/09,"Page prints ""órdenes del día 524/09 y 526/09, 538 y 554.""",
484,2009-11-11_r16,2009-11-11_r16_ORDINARIA.pdf,9,Sr. Presidente,Sr. Presidente.,yes,yes,same-paragraph,none,high,"Efectivamente, se acordó lo que planteó el señor senador. Si no se hace uso","The ""Si no se hace uso..."" sentence is the indented continuation of the same Sr. Presidente. turn.",
485,2009-11-11_r16,2009-11-11_r16_ORDINARIA.pdf,118,Sr. Giustiniani,Sr. Giustiniani.,yes,yes,same-paragraph,none,high,"Ahora estamos ante otra realidad, porque la solidez fiscal es un hecho del pasado.","Label printed immediately after the stage direction ""— Ocupa la Presidencia el señor vicepresidente de la Nación, don Julio César Cleto Cobos.""",
486,2009-11-18_r17,2009-11-18_r17_ORDINARIA.pdf,89,Sr. Secretario (Estrada),Sr. Secretario (Estrada).,yes,yes,same-paragraph,none,high,Senadora Osuna: sírvase manifestar su voto a viva voz.,"Last line of the page, below the ""Acta Nº 9"" stage line.",
487,2009-11-25_r18,2009-11-25_r18_ORDINARIA.pdf,69,Sr. Presidente,Sr. Presidente.,yes,yes,same-paragraph,none,high,Tiene la palabra el señor senador Gioja.,"Lower half of the page, just before ""Sr. Gioja.—""; an earlier Presidente line reads ""Finalizará con el tema el señor senador Gioja.""",
488,2009-11-25_r18,2009-11-25_r18_ORDINARIA.pdf,75,Sr. Salazar,Sr. Salazar.,yes,yes,same-paragraph,none,high,"Señor presidente: decir que los medicamentos deben venderse en una farmacia, me suena una","Follows ""Sr. Presidente. — Tiene la palabra el señor senador Salazar..""",
489,2009-11-26_r19,2009-11-26_r19_ESPECIAL.pdf,5,Sr. Presidente,Sr. Presidente.,yes,yes,same-paragraph,none,high,"Si así no lo hicieres, Dios y la Patria os lo demanden,","Several near-identical oath-closing lines on this page (hiciereis/hicieres variants); the comma-ending wording matches the one after ""Sr. senador electo Mestre."" and every one of them is under Sr. Presidente.",
490,2009-11-26_r19,2009-11-26_r19_ESPECIAL.pdf,5,Sr. Presidente,Sr. Presidente.,yes,yes,earlier-on-page,none,high,"Señor senador nacional electo por la provincia Córdoba, don Ramón Javier Mestre: ¿juráis a","Indented continuation of the Sr. Presidente. turn that began ""Si así no lo hicieres, la Patria os lo demande. (Aplausos.)"".",
491,2009-12-02_r20,2009-12-02_r20_ORDINARIA.pdf,68,Sra. Estenssoro,Sra. Estenssoro.,yes,yes,same-paragraph,none,high,"Señor presidente: nadie duda de que la Argentina, entre muchas otras cosas, necesita una",Last turn on the page.,
492,2009-12-02_r20,2009-12-02_r20_ORDINARIA.pdf,108,Sr. Sanz,Sr. Sanz.,yes,yes,same-paragraph,none,high,"Señor presidente: nosotros no compartimos ninguno de los argumentos dados, aunque valoramos el esfuerzo","The dash after the label is mangled in this printing (renders like a bracket), but the label reads ""Sr. Sanz."".",
493,2009-12-02_r20,2009-12-02_r20_ORDINARIA.pdf,116,Sr. Presidente (Pampuro),Sr. Presidente (Pampuro).,yes,yes,same-paragraph,none,high,Se va a votar el tratamiento sobre tablas.,"Line just above ""— Se practica la votación.""",
494,2009-12-02_r20,2009-12-02_r20_ORDINARIA.pdf,117,Sr. Pichetto,Sr. Pichetto.,yes,yes,same-paragraph,none,high,Señor presidente: es para hacer una mención. Vamos a votar la sanción de la,"The ""Vamos a votar la sanción..."" sentence is the indented continuation of the same Pichetto turn.",
495,2010-02-24_r01,2010-02-24_r01_PREPARATORIA.pdf,7,Sr. Presidente,Sr. Presidente.,yes,yes,earlier-on-page,none,high,Invito al contador Benigno Antonio Rins a prestar el juramento de ley. Señor Benigno,"Continuation of the Sr. Presidente. turn opened at ""Si así no lo hiciereis, Dios y la Patria os lo demanden. (Aplausos.)"" after Basualdo's oath.",
496,2010-02-24_r01,2010-02-24_r01_PREPARATORIA.pdf,8,Sr. Presidente,Sr. Presidente.,yes,yes,same-paragraph,none,high,Se había acordado recientemente en reunión de presidentes de bloque una nómina discreta de,"First turn under the bold heading ""9 / CONFORMACIÓN DE AUTORIDADES DE COMISIONES"".",
497,2010-03-01_r00,2010-03-01_r00_ASAMBLEA.pdf,5,Sr. Diputado Rossi,Sr. Diputado Rossi.,yes,yes,same-paragraph,none,high,"Señor presidente: considero importante, y por eso solicité hacer uso de la palabra, que",Third Rossi/Presidente line under the heading on the earthquake homage.,
498,2010-03-17_r04,2010-03-17_r04_EN_MINORIA.pdf,3,Sr. Morales,Sr. Morales.,yes,yes,same-paragraph,none,high,Señor presidente: está transcurriendo la media hora de espera y quiero pedirle que se,"Second Morales turn on the page, after ""Para unas manifestaciones en minoría, tiene la palabra el señor senador Morales.""",
499,2010-04-14_r06,2010-04-14_r06_ORDINARIA.pdf,18,Sr. Presidente,Sr. Presidente.,yes,yes,same-paragraph,none,high,"Gracias, senador. Tiene la palabra la señora senadora Díaz, por Tierra del Fuego.","""Tiene la palabra la señora senadora Díaz..."" is the indented continuation of the same Presidente turn.",
500,2010-04-14_r06,2010-04-14_r06_ORDINARIA.pdf,31,Sr. Presidente,Sr. Presidente.,yes,yes,same-paragraph,none,high,Tiene la palabra el señor senador Cabanchik.,"Lower half of the page, between two Cabanchik turns.",
501,2010-04-14_r06,2010-04-14_r06_ORDINARIA.pdf,39,Sr. Calcagno y Maillmann,Sr. Calcagno y Maillmann.,yes,yes,same-paragraph,none,high,Voy a terminar rápido y después podremos debatir...,"Single-line turn: ""Sr. Calcagno y Maillmann. – Voy a terminar rápido y después podremos debatir...""",
502,2010-04-14_r06,2010-04-14_r06_ORDINARIA.pdf,39,Sra. Negre de Alonso,Sra. Negre de Alonso.,yes,yes,same-paragraph,none,high,Es solamente para pedir una aclaración.,One-line exchange; the label opens the same line as the quoted words.,
503,2010-04-14_r06,2010-04-14_r06_ORDINARIA.pdf,128,Sr. Presidente,Sr. Presidente.,yes,yes,same-paragraph,none,high,Continúa en el uso de la palabra el señor senador Pichetto.,The presiding officer hands the floor back to Pichetto; Pichetto's own label starts the next line.,
504,2010-04-14_r06,2010-04-14_r06_ORDINARIA.pdf,137,Sr. Presidente,Sr. Presidente.,yes,yes,same-paragraph,none,high,Tiene la palabra el señor senador Pichetto.,"Printed with no space after the dash (""Sr. Presidente. –Tiene la palabra..."").",
505,2010-04-14_r06,2010-04-14_r06_ORDINARIA.pdf,139,Sr. Pérez Alsina,Sr. Pérez Alsina.,yes,yes,same-paragraph,none,high,Señor presidente: trataré de conceptualizar lo de hoy para contribuir a lo que decía,"Follows ""Sr. Presidente. – Tiene la palabra el senador Pérez Alsina.""",
506,2010-04-28_r07,2010-04-28_r07_ORDINARIA.pdf,102,Sr. Presidente,Sr. Presidente.,yes,yes,same-paragraph,none,high,Tiene la palabra la señora senadora Escudero.,"Page image is p0102 of the file but prints ""Pág. 15""; label opens the same line as the quoted words.",
507,2010-04-28_r07,2010-04-28_r07_ORDINARIA.pdf,104,Sr. Secretario (Estrada),Sr. Secretario (Estrada).,yes,yes,same-paragraph,none,high,Porque no constan todos los datos en el material de que dispongo. Sólo figura,"""Sr. Secretario"" is bold, ""(Estrada)"" is not; the page prints ""Sólo figura"" starting the next line of the same paragraph.",
508,2010-04-28_r07,2010-04-28_r07_ORDINARIA.pdf,162,Sr. Morales,Sr. Morales.,yes,yes,same-paragraph,none,high,He conversado sobre esto con el señor senador Pichetto. Hay varios temas que no,"Follows the presiding officer's ""Tiene la palabra el señor senador Morales.""",
509,2010-05-05_r08,2010-05-05_r08_ORDINARIA.pdf,15,Sra. Bongiorno,Sra. Bongiorno.,yes,yes,same-paragraph,none,high,"Señor presidente: simplemente, me hago eco de las palabras expresadas por el señor presidente","Quoted words continue ""...por el señor presidente de la Unión Cívica Radical, el senador Sanz.""",
510,2010-05-05_r08,2010-05-05_r08_ORDINARIA.pdf,55,Sr. Cimadevilla,Sr. Cimadevilla.,yes,yes,same-paragraph,none,high,Estoy dando ejemplos de las falencias de la República Argentina. Señor presidente: más allá,"""Señor presidente: más allá"" opens the next paragraph of the same uninterrupted turn.",
511,2010-05-05_r08,2010-05-05_r08_ORDINARIA.pdf,88,Sr. Guinle,Sr. Guinle.,yes,yes,same-paragraph,none,high,"Señor presidente, es simplemente para aclarar una cuestión. La Cámara de Diputados rechazó el",Granted an interruption by the chair on the line above.,
512,2010-05-19_r09,2010-05-19_r09_ORDINARIA.pdf,9,Sr. Presidente (Pampuro),Sr. Presidente (Pampuro).,yes,yes,same-paragraph,none,high,Por Secretaría se dará lectura del texto unificado.,"""Sr. Presidente"" and the final period are bold, ""(Pampuro)"" is not.",
513,2010-05-19_r09,2010-05-19_r09_ORDINARIA.pdf,56,Sr. Presidente (Basualdo),Sr. Presidente (Basualdo) .,yes,yes,same-paragraph,none,high,Tiene la palabra la señora senadora Escudero.,"Printed with a stray space before the period, ""Sr. Presidente (Basualdo) . –""; transcribed as printed.",
514,2010-06-02_r11,2010-06-02_r11_INFORMATIVA_ESPECIAL.pdf,4,Sr. jefe de Gabinete de Ministros,Sr. jefe de Gabinete de Ministros.,yes,yes,same-paragraph,none,high,"Señor presidente: comenzando con el tema propuesto, el objetivo era plantearnos el tema del",No personal name is printed; the record labels him only by office.,
515,2010-06-09_r12,2010-06-09_r12_ORDINARIA.pdf,24,Sr. Presidente (Pampuro),Sr. Presidente (Pampuro).,yes,yes,same-paragraph,none,high,"Para una interrupción, tiene la palabra el señor senador Fernández.","Quoted words wrap to a second line ending ""...el señor senador Fernández.""",
516,2010-06-09_r12,2010-06-09_r12_ORDINARIA.pdf,42,Sra. Escudero,Sra. Escudero.,yes,yes,same-paragraph,none,high,¿De quién es ese proyecto?,"A near-identical later line, ""¿De quién es el proyecto?"", also carries the Escudero label, so either way the speaker is the same.",
517,2010-06-30_r13,2010-06-30_r13_ORDINARIA.pdf,47,Sr. Presidente,Sr. Presidente.,yes,yes,same-paragraph,none,high,"Aprobado. – Los proyectos en consideración, cuyos textos se incluyen en el Apéndice, son","""Aprobado."" is the chair's word; the rest is the italic stage direction ""– Los proyectos en consideración, cuyos textos se incluyen en el Apéndice, son los siguientes:"", which does not end the turn.",
518,2010-07-14_r14,2010-07-14_r14_ORDINARIA.pdf,6,Sr. Presidente (Pampuro),Sr. Presidente (Pampuro).,yes,yes,same-paragraph,none,high,Tiene la palabra el señor senador Morales.,The same words appear only once on this page.,
519,2010-07-14_r14,2010-07-14_r14_ORDINARIA.pdf,7,Sr. Presidente (Pampuro),Sr. Presidente (Pampuro).,yes,yes,same-paragraph,none,high,"Como se han presentado diversos proyectos, por Secretaría se va a leer un texto",Quoted words open the chair's turn near the top of the page.,
520,2010-07-14_r14,2010-07-14_r14_ORDINARIA.pdf,51,Sr. Vera,Sr. Vera.,yes,yes,same-paragraph,none,high,"Señor presidente: voy a tratar de ser breve. Acá se ha dicho mucho, particularmente","""Acá se ha dicho mucho, particularmente"" begins the next paragraph of the same turn.",
521,2010-08-25_r16,2010-08-25_r16_ORDINARIA.pdf,16,Sr. Presidente,Sr. Presidente.,yes,yes,same-paragraph,none,high,Tiene la palabra el señor senador Pichetto.,Last line of the page; no name in parentheses is printed here.,
522,2010-08-25_r16,2010-08-25_r16_ORDINARIA.pdf,48,Sr. Presidente (Romero),Sr. Presidente (Romero).,yes,yes,same-paragraph,none,high,Tiene la palabra la señora senadora Negre de Alonso.,The opening parenthesis is set in bold on this page; text is otherwise as transcribed.,
523,2010-08-25_r16,2010-08-25_r16_ORDINARIA.pdf,73,Sr. Presidente,Sr. Presidente.,yes,yes,same-paragraph,none,high,Tiene la palabra la señora senadora Morandini.,"A later line on the same page reads ""Continúa en el uso de la palabra, la señora senadora Morandini"", also under the same chair label.",
524,2010-08-25_r16,2010-08-25_r16_ORDINARIA.pdf,84,Sr. Secretario (Estrada),Sr. Secretario (Estrada).,yes,yes,same-paragraph,none,high,¿Usted lo había mandado a Secretaría?,"""Sr. Secretario"" is bold, ""(Estrada)"" is not.",
525,2010-09-29_r18,2010-09-29_r18_ORDINARIA.pdf,48,Sr. Presidente,Sr. Presidente.,yes,yes,same-paragraph,none,high,Tiene la palabra el señor senador Cano.,Cano's own label opens the following line.,
526,2010-09-29_r18,2010-09-29_r18_ORDINARIA.pdf,67,Sra. Fellner,Sra. Fellner.,yes,yes,same-paragraph,none,high,"Dice que son requisitos, senadora.","One-line turn; ""Sra. Fellner. – Dice que son requisitos, senadora."" sits between two Sra. Montero turns.",
527,2010-09-29_r18,2010-09-29_r18_ORDINARIA.pdf,92,Sr. Pichetto,Sr. Pichetto.,yes,yes,previous-page,none,high,¡No hizo ninguna operación en el banco!,"Turn opens on p.90 (""Sr. Pichetto. – Tiene 34 mil efectivos...""); p.91 has no label; the exclamation closes the first paragraph of p.92 before the ""Sr. Sanz."" label.",
528,2010-10-20_r20,2010-10-20_r20_ORDINARIA.pdf,12,Sr. Presidente,Sr. Presidente.,yes,yes,same-paragraph,none,high,Aprobado. Se comunicará al Poder Ejecutivo nacional.,"Immediately after the ""– Se practica la votación."" stage line; a similar ""Aprobado."" appears earlier on the page, but only this one carries ""Se comunicará al Poder Ejecutivo nacional.""",
529,2010-10-20_r20,2010-10-20_r20_ORDINARIA.pdf,43,Sr. Artaza,Sr. Artaza.,yes,yes,same-paragraph,none,high,"Señor presidente: solicito preferencia para considerar el expediente S.- 2.228/10, que tiende a incorporar","Under section title ""INCLUSIÓN DE SUMAS NO REMUNERATIVAS AL SALARIO. MOCIÓN DE PREFERENCIA"".",
530,2010-11-03_r21,2010-11-03_r21_ORDINARIA.pdf,43,Sr. Martínez (J. C.),Sr. Martínez (J. C.),yes,yes,same-paragraph,none,high,Solicito que quede constancia del voto negativo de la senadora Díaz y del mío.,"Printed without a period after the closing parenthesis: ""Sr. Martínez (J. C.) – Solicito que..."".",
531,2010-11-03_r21,2010-11-03_r21_ORDINARIA.pdf,47,Sr. Presidente,Sr. Presidente.,yes,yes,same-paragraph,none,high,Se va a votar en general y en particular en una sola votación el,"Matches the paragraph ending ""...en una sola votación el proyecto en consideración.""; a later, differently worded line (""en general y en particular, en una sola votación"") is also under Sr. Presidente.",
532,2010-11-24_r23,2010-11-24_r23_ORDINARIA.pdf,117,Sr. Secretario (Estrada),Sr. Secretario (Estrada).,yes,yes,same-paragraph,none,high,"Resultan 44 votos afirmativos, 3 negativos y 2 abstenciones.","Followed by the stage line ""– El resultado de la votación surge del Acta Nº 14"".",
533,2010-12-15_r24,2010-12-15_r24_EXTRAORDINARIA.pdf,6,Sr. Presidente,Sr. Presidente.,yes,yes,same-paragraph,none,high,Se incorporarán al Diario de Sesiones el mensaje y decreto del Poder Ejecutivo por,"Under section title ""CONVOCATORIA A SESIONES EXTRAORDINARIAS""; paragraph carries footnote marker 1 (""Ver el Apéndice"").",
534,2010-12-15_r24,2010-12-15_r24_EXTRAORDINARIA.pdf,40,Sr. Presidente,Sr. Presidente.,yes,yes,same-paragraph,none,high,Tiene la palabra la señora senadora Bortolozzi de Bogado.,"Last-but-one paragraph of the page, immediately before the Sra. Bortolozzi de Bogado turn.",
535,2010-12-15_r24,2010-12-15_r24_EXTRAORDINARIA.pdf,65,Sr. Guinle,Sr. Guinle.,yes,yes,same-paragraph,none,high,"Sí; me pide una interrupción, señor presidente.","Reply to ""Sr. Pichetto. – ¿Me permite una interrupción?"".",
536,2010-12-15_r24,2010-12-15_r24_EXTRAORDINARIA.pdf,70,Sr. Presidente,Sr. Presidente.,yes,yes,same-paragraph,none,high,Tiene la palabra el señor senador Castillo.,"Appears once on the page, between ""Sr. Castillo. – No, no."" and the Sr. Castillo turn.",
537,2010-12-22_r25,2010-12-22_r25_ESPECIAL.pdf,15,Sra. Bortolozzi de Bogado,Sra. Bortolozzi de Bogado.,yes,yes,same-paragraph,none,high,"Y de última, si en las fuerzas armadas no tenemos material bélico y lo",Label printed right after the stage line about Pampuro taking the chair.,
538,2011-03-01_r00,2011-03-01_r00_ASAMBLEA.pdf,12,Sra. Presidenta de la Nación,Sra. Presidenta de la Nación.,yes,yes,previous-page,none,high,Déjenme decirles que me siento muy orgullosa. Quiero repetirles algo que nos tocó escuchar,"Turn opens on p.6; pp.7-11 carry no label; the words are in the last full paragraph of p.12, still before the ""– Manifestaciones en las galerías."" line and the fresh ""Sra. Presidenta de la Nación."" label lower on that page.",
539,2011-03-01_r00,2011-03-01_r00_ASAMBLEA.pdf,13,Sra. Presidenta de la Nación,Sra. Presidenta de la Nación.,yes,yes,previous-page,none,high,"Ello ha significado, además, el mejoramiento de los salarios docentes; ha significado la construcción","Label re-printed near the bottom of p.12 after ""– Manifestaciones en las galerías.""; the quoted words are in the ""Educación pública y deuda"" paragraph on p.13, with no intervening label.",
540,2011-03-16_r02,2011-03-16_r02_ORDINARIA.pdf,34,Sr. Romero,Sr. Romero.,yes,yes,same-paragraph,none,high,Señor presidente: obviamente que valoro que podamos intensificar los vínculos con México y que,"Under section title ""COMISIÓN BICAMERAL ARGENTINO-MEXICANA (Continuación)"".",
541,2011-03-16_r02,2011-03-16_r02_ORDINARIA.pdf,66,Sra. Negre de Alonso,Sra. Negre de Alonso.,yes,yes,same-paragraph,none,high,"Señor presidente: en verdad, este tema da para hablar mucho, pues toca al artículo","Printed with the dash run into the label (""Sra. Negre de Alonso.- Señor presidente:..."").",
542,2011-03-16_r02,2011-03-16_r02_ORDINARIA.pdf,72,Sr. Jenefes,Sr. Jenefes.,yes,yes,same-paragraph,none,high,"Señor presidente: el proyecto de ley en consideración, modificatorio de la Ley N° 25.065,","Last turn on the page, after ""Sr. Presidente. – Tiene la palabra el señor senador Jenefes.""",
543,2011-03-16_r02,2011-03-16_r02_ORDINARIA.pdf,74,Sra. Escudero,Sra. Escudero.,yes,yes,same-paragraph,none,high,Señor presidente: este es un proyecto muy importante que tiene que ver con las,"Under section title ""EXPLORACIÓN Y EXPLOTACIÓN DE HIDROCARBUROS EN LA PLATAFORMA CONTINENTAL ARGENTINA"".",
544,2011-03-16_r02,2011-03-16_r02_ORDINARIA.pdf,79,Sr. Secretario (Estradas),Sr. Secretario (Estradas).,yes,yes,same-paragraph,none,high,Corresponde considerar si se trata sobre tablas el proyecto de ley del señor senador,"The page prints ""Estradas"" here (elsewhere on the same page it is ""Estrada""); transcribed as printed.",
545,2011-03-16_r02,2011-03-16_r02_ORDINARIA.pdf,80,Sr. Presidente,Sr. Presidente,yes,yes,same-paragraph,none,high,"Si no se hace uso de la palabra, se va a votar el tratamiento","Printed without the usual period (""Sr. Presidente – Si no se hace uso de la palabra...""); a later, differently worded voting line on the same page is not the match.",
546,2011-03-30_r03,2011-03-30_r03_ORDINARIA.pdf,31,Sr. Presidente (Pampuro),Sr. Presidente (Pampuro).,yes,yes,same-paragraph,none,high,"Porque está anotado en la lista de oradores. Si abrimos el debate, usted lo","Reply to ""Sr. Torres. – Sí.""",
547,2011-03-30_r03,2011-03-30_r03_ORDINARIA.pdf,75,Sr. Pérsico,Sr. Pérsico.,yes,yes,same-paragraph,none,high,"Yo pediría que se vote primero en general y luego en particular porque, además,","After ""Sr. Presidente. – Tiene la palabra el señor senador Pérsico.""",
548,2011-03-30_r03,2011-03-30_r03_ORDINARIA.pdf,87,Sr. Presidente,Sr. Presidente.,yes,yes,same-paragraph,none,high,"A continuación, corresponde considerar el mensaje del Poder Ejecutivo nacional por el que se","Under section title ""RETIRO DE UN PROYECTO"".",
549,2011-04-13_r04,2011-04-13_r04_ORDINARIA.pdf,6,Sr. Presidente,Sr. Presidente.,yes,yes,same-paragraph,none,high,Tiene la palabra el señor senador Pichetto.,"Single occurrence on the page, just before the Sr. Pichetto turn.",
550,2011-04-13_r04,2011-04-13_r04_ORDINARIA.pdf,11,Sra. Escudero,Sra. Escudero.,yes,yes,same-paragraph,none,high,Señor presidente: se trata de un tema que se viene considerando desde hace tiempo,"After ""Sr. Presidente. – Tiene la palabra la señora senadora Escudero.""",
551,2011-04-13_r04,2011-04-13_r04_ORDINARIA.pdf,13,Sr. Martínez (A. A.),Sr. Martínez (A. A.).,yes,yes,same-paragraph,none,high,"Señor presidente: deseo solicitar el tratamiento en esta sesión del expediente S.-492/11, dado que",Turn opens under section 17 (S.-492/11); label printed at start of the paragraph holding the quoted words.,
552,2011-04-13_r04,2011-04-13_r04_ORDINARIA.pdf,27,Sr. Presidente,Sr. Presidente.,yes,yes,same-paragraph,none,high,En consideración en general. Tiene la palabra el señor senador Calcagno y Maillmann.,"""En consideración en general."" opens the labelled paragraph; ""Tiene la palabra el señor senador Calcagno y Maillmann."" is the next indented line of the same turn (page spells it ""Maillmann"").",
553,2011-04-13_r04,2011-04-13_r04_ORDINARIA.pdf,28,Sr. Presidente,Sr. Presidente.,yes,yes,same-paragraph,none,high,Se ha aprobado por unanimidad. Queda definitivamente sancionado el proyecto de ley. Se harán,Follows the Prosecretario's vote count and the italic stage line about the acta; only the bold label governs.,
554,2011-05-04_r05,2011-05-04_r05_ORDINARIA.pdf,27,Sr. Presidente,Sr. Presidente.,yes,yes,same-paragraph,none,high,Tiene la palabra el señor senador Alfredo Martínez.,"Near the foot of the page, immediately before the reply labelled ""Sr. Martinez. (A.A.).""",
555,2011-05-04_r05,2011-05-04_r05_ORDINARIA.pdf,51,Sr. Presidente,Sr. Presidente.,yes,yes,same-paragraph,none,high,Tiene la palabra la señora senadora Itúrrez de Cappellini.,"Between the two paragraphs labelled ""Sra. Itúrrez de Cappellini.""",
556,2011-06-01_r07,2011-06-01_r07_ORDINARIA.pdf,18,Sr. Secretario (Estrada),Sr. Secretario (Estrada).,yes,yes,same-paragraph,none,high,"En primer término, corresponde considerar el dictamen de la Comisión de Justicia y Asuntos","Under section 17, right after the presiding officer's line; presiding label on this page is ""Sr. Presidente (Pampuro).""",
557,2011-06-01_r07,2011-06-01_r07_ORDINARIA.pdf,65,Sr. Pichetto,Sr. Pichetto.,yes,yes,same-paragraph,none,high,Era errónea la remisión al artículo 10.,One-line interjection after the Secretario reads the fe de erratas.,
558,2011-06-29_r08,2011-06-29_r08_ORDINARIA.pdf,6,Sr. Presidente,Sr. Presidente.,yes,yes,same-paragraph,none,high,"A continuación, el señor secretario procederá a explicar una situación especial que se está","Opens section 3 (MANIFESTACIONES), immediately before the Secretario's explanation.",
559,2011-06-29_r08,2011-06-29_r08_ORDINARIA.pdf,7,Sr. Presidente,Sr. Presidente.,yes,yes,same-paragraph,none,high,Tiene la palabra la señora senadora Escudero.,"Near the foot of the page, immediately before ""Sra. Escudero.""",
560,2011-06-29_r08,2011-06-29_r08_ORDINARIA.pdf,11,Sr. Presidente,Sr. Presidente.,yes,yes,same-paragraph,none,high,Tiene la palabra el señor senador Cimadevilla.,"Immediately before the paragraph labelled ""Sr. Cimadevilla.""",
561,2011-06-29_r08,2011-06-29_r08_ORDINARIA.pdf,36,Sr. Presidente,Sr. Presidente.,yes,yes,same-paragraph,none,high,Corresponde considerar el dictamen de la Comisión de Justicia y Asuntos Penales en distintos,Opens section 8 (O.D. N° 399/11) under the bold section title.,
562,2011-06-29_r08,2011-06-29_r08_ORDINARIA.pdf,47,Sr. Cano,Sr. Cano.,yes,yes,same-paragraph,none,high,"Gracias, señor presidente y señor senador. Sin ánimo de polemizar, porque hay unanimidad en","First line of the page; ""Sin ánimo de polemizar..."" continues the same turn in the next indented paragraph.",
563,2011-06-29_r08,2011-06-29_r08_ORDINARIA.pdf,55,Sr. Presidente,Sr. Presidente.,yes,yes,same-paragraph,none,high,Muy bien. Tiene la palabra el señor senador Cano.,"""Muy bien."" opens the labelled paragraph; ""Tiene la palabra el señor senador Cano."" is the next line of the same turn (a similar line appears earlier on the page, also under ""Sr. Presidente."").",
564,2011-06-29_r08,2011-06-29_r08_ORDINARIA.pdf,67,Sr. Giustiniani,Sr. Giustiniani.,yes,yes,same-paragraph,none,high,Señor presidente: en virtud de que no se encuentra presente el presidente de la,Under section 17 on the British prime minister's Malvinas statements.,
565,2011-07-27_r09,2011-07-27_r09_ORDINARIA.pdf,43,Sra. Díaz,Sra. Díaz.,yes,yes,same-paragraph,none,high,Señor presidente: el bloque Nuevo Encuentro quiere expresar su apoyo a la iniciativa. Cuando,"Follows ""Sr. Presidente. – Tiene la palabra la señora senadora Díaz.""",
566,2011-07-27_r09,2011-07-27_r09_ORDINARIA.pdf,48,Sr. Presidente,Sr. Presidente.,yes,yes,same-paragraph,none,high,Tiene la palabra el señor senador Morales.,"Immediately before the paragraph labelled ""Sr. Morales.""",
567,2011-08-31_r10,2011-08-31_r10_ORDINARIA.pdf,68,Sr. Presidente,Sr. Presidente.,yes,yes,same-paragraph,none,high,"Aprobadas. Si no se hace uso de la palabra, se va a votar en","""Aprobadas."" carries a footnote marker pointing to ""Ver el Apéndice.""; the following sentence is the next indented line of the same turn.",
568,2011-11-02_r12,2011-11-02_r12_ORDINARIA.pdf,30,Sr. Presidente,Sr. Presidente.,yes,yes,same-paragraph,none,high,Tiene la palabra la señora senadora Negre de Alonso.,"Under section 17 (S.-2.641/11), between the two lines labelled ""Sra. Negre de Alonso.""",
569,2011-11-02_r12,2011-11-02_r12_ORDINARIA.pdf,46,Sr. Presidente (Marino),Sr. Presidente (Marino).,yes,yes,same-paragraph,none,high,"Primero me solicitó la palabra la señora senadora Sonia Escudero. ¿Usted va exponer, señor","""¿Usted va exponer, señor senador Basualdo?"" is the next indented line of the same turn.",
570,2011-11-02_r12,2011-11-02_r12_ORDINARIA.pdf,63,Sr. Presidente (Marino),Sr. Presidente (Marino).,yes,yes,same-paragraph,none,high,Tiene la palabra la señora senadora Escudero.,"Printed right after the italic stage line about Marino taking the chair, immediately before ""Sra. Escudero.""",
571,2011-11-30_r13,2011-11-30_r13_ESPECIAL.pdf,8,Sr. Presidente,Sr. Presidente.,yes,yes,same-paragraph,none,high,"Si así no lo hicieres, la Patria os lo demande.","This exact wording appears once (after senator-elect Labado's oath); other lines on the page read ""Si así no lo hicieres/hiciereis, Dios y la Patria os lo demanden.""",
572,2011-12-10_r00,2011-12-10_r00_ASAMBLEA.pdf,12,Sra. Presidenta de la Nación Argentina,Sra. Presidenta de la Nación Argentina.,yes,yes,previous-page,none,high,". ¿Qué pasó? Muy simple; cuando uno ve, simplemente, gráficos como los McKinsey –","Label printed on printed page 9; no new bold label appears on pages 10, 11 or 12 before the quoted words.",
573,2011-12-21_r16,2011-12-21_r16_EXTRAORDINARIA.pdf,19,Sra. Negre de Alonso,Sra. Negre de Alonso.,yes,yes,same-paragraph,none,high,"Yo estaba dando el ejemplo del arándano. En ese caso, como el fruto va","Last line of the page, after the chair returns the floor to her.",
574,2011-12-21_r16,2011-12-21_r16_EXTRAORDINARIA.pdf,40,Sr. Morales,Sr. Morales.,yes,yes,same-paragraph,none,high,Señor presidente: lo que plantea el senador Sanz es estrictamente así. Por eso es,"Second ""Sr. Morales."" turn on the page, after Sanz's interruption.",
575,2011-12-21_r16,2011-12-21_r16_EXTRAORDINARIA.pdf,46,Sra. Escudero,Sra. Escudero.,yes,yes,same-paragraph,none,high,Aquí hay que apretar rojo o verde. Entonces no puedo decir que voto en,"Second ""Sra. Escudero."" turn on the page, at the foot of the page.",
576,2011-12-21_r16,2011-12-21_r16_EXTRAORDINARIA.pdf,48,Sr. Presidente,Sr. Presidente. –,yes,yes,same-paragraph,none,high,"Muchas gracias, senador Fuentes. Entonces, primero votaríamos aquellos artículos sobre los que hay unanimidad","Last line of the page reads ""Sr. Presidente. – Muchas gracias, senador Fuentes.""; the rest of the quoted sentence continues on the following page, which was not supplied.",
577,2011-12-21_r16,2011-12-21_r16_EXTRAORDINARIA.pdf,51,Sr. Presidente,Sr. Presidente. –,yes,yes,same-paragraph,none,high,"Bueno, acérquemela. Otros bloques ya lo han hecho.","Line reads ""Sr. Presidente. – Bueno, acérquemela. Otros bloques ya lo han hecho. (Risas)""; the ""(Risas)"" is a stage direction, not furniture.",
578,2011-12-21_r16,2011-12-21_r16_EXTRAORDINARIA.pdf,166,Sra. Escudero,Sra. Escudero. –,yes,yes,same-paragraph,none,high,"Señor presidente: nuestro bloque va a apoyar la modificación de la ley penal tributaria,","Opens the turn immediately after ""Sra. Presidenta (Rojkés de Alperovich). – Tiene la palabra la señora senadora Escudero.""",
579,2011-12-21_r16,2011-12-21_r16_EXTRAORDINARIA.pdf,175,Sr. Cimadevilla,Sr. Cimadevilla. –,yes,yes,same-paragraph,none,high,"Si hubiera habido un acto mafioso, eso no obliga a paralizar una protesta. Esto","Printed as ""Sr. Cimadevilla. – Si hubiera habido un acto mafioso, eso no obliga a paralizar una protesta. Esto es lo mismo...""",
580,2011-12-22_r17,2011-12-22_r17_EXTRAORDINARIA.pdf,61,Sra. Fellner,Sra. Fellner. –,yes,yes,same-paragraph,none,high,"Seré muy breve, senador. La verdad es que quiero contestar una serie de cosas.",Interruption granted by Rodríguez Saá; the quoted words open Fellner's own labelled paragraph.,
581,2012-02-29_r01,2012-02-29_r01_PREPARATORIA.pdf,3,Sr. Pichetto,Sr. Pichetto. –,yes,yes,same-paragraph,none,high,"Señor presidente: hay autoridades que juraron en diciembre, por lo que, simplemente, vamos a","Second Pichetto turn on the page, under the section heading ""DESIGNACIÓN Y RATIFICACIÓN DE AUTORIDADES"".",
582,2012-03-14_r02,2012-03-14_r02_ORDINARIA.pdf,15,Sr. Pichetto,Sr. Pichetto. –,yes,yes,same-paragraph,none,high,"Señor presidente: respecto de los dictámenes de las comisiones respectivas, ya sea de la","First line of the page, immediately below the running head.",
583,2012-03-14_r02,2012-03-14_r02_ORDINARIA.pdf,15,Sr. Guinle,Sr. Guinle. –,yes,yes,same-paragraph,none,medium,"¿Me permite una interrupción, señor senador Pichetto?","ambiguous — the identical sentence is printed twice on this page, first under ""Sr. Guinle."" and later under ""Sr. Petcoff Naidenoff.""; reported here as the first (Guinle) occurrence.",
584,2012-03-14_r02,2012-03-14_r02_ORDINARIA.pdf,15,Sr. Petcoff Naidenoff,Sr. Petcoff Naidenoff. –,yes,yes,same-paragraph,none,medium,"¿Me permite una interrupción, señor senador Pichetto?","ambiguous — same sentence appears twice on the page (earlier under ""Sr. Guinle.""); reported here as the second occurrence, since case 583 covers the first.",
585,2012-03-14_r02,2012-03-14_r02_ORDINARIA.pdf,42,Sra. Itúrrez de Cappellini,Sra. Itúrrez de Cappellini. –,yes,yes,same-paragraph,none,high,"Señor presidente: pido permiso para insertar. Soy autora de un proyecto, pero en honor","Printed with the label ending in a period before the dash, as transcribed.",
586,2012-03-14_r02,2012-03-14_r02_ORDINARIA.pdf,47,Sra. Bongiorno,Sra. Bongiorno. –,yes,yes,same-paragraph,none,high,"Señor presidente: también voy a solicitar permiso para insertar, pero quiero hacer algunas apreciaciones,","Follows ""Sr. Presidente. – Tiene la palabra la señora senadora Bongiorno.""",
587,2012-03-21_r03,2012-03-21_r03_ORDINARIA.pdf,69,Sr. Morales,Sr. Morales. –,yes,yes,same-paragraph,none,high,"Más aún, en el artículo 3° del acta aceptó 360 millones de pesos de",Label printed right after the stage direction about the change of chair.,
588,2012-03-21_r03,2012-03-21_r03_ORDINARIA.pdf,86,Sr. Presidente,Sr. Presidente. –,yes,yes,same-paragraph,none,high,"Para una interrupción, tiene la palabra el senador Pichetto.","Plain ""Sr. Presidente."" with no name in parenthesis on this page.",
589,2012-03-21_r03,2012-03-21_r03_ORDINARIA.pdf,142,Sr. Mayans,Sr. Mayans. –,yes,yes,earlier-on-page,none,high,Considero que el miembro informante ha dado un detalle de las reformas que se,"Continuation paragraph of the Mayans turn opened by ""Sr. Mayans. – Entonces, a partir de ahora va a hacer justicia. Muy bueno. (Risas.)""; no new label intervenes.",
590,2012-03-21_r03,2012-03-21_r03_ORDINARIA.pdf,166,Sr. Rodríguez Saá,Sr. Rodríguez Saá. –,yes,yes,same-paragraph,none,high,"Sí, pero de Duhalde y de Kirchner.",First line of the page.,
591,2012-05-09_r05,2012-05-09_r05_ORDINARIA.pdf,64,Sr. Martínez,Sr. Martínez. –,yes,yes,same-paragraph,none,high,"Señora presidenta: agradezco los aportes del senador Romero que, realmente, han sido muy claros,","Follows ""Sra. Presidenta (Rojkés de Alperovich). – Tiene la palabra el señor senador Martínez.""",
592,2012-05-09_r05,2012-05-09_r05_ORDINARIA.pdf,67,Sra. Giménez,Sra. Giménez. –,yes,yes,same-paragraph,none,high,Señora presidenta: realmente comparto con todo respeto el tratamiento que se está realizando con,Follows the chair giving her the floor.,
593,2012-05-09_r05,2012-05-09_r05_ORDINARIA.pdf,89,Sr. Presidente,Sr. Presidente. –,yes,yes,same-paragraph,none,high,Tiene la palabra el senador González.,"Printed as ""Sr. Presidente."" here, without a name in parenthesis, unlike other pages of this session.",
594,2012-05-16_r06,2012-05-16_r06_ORDINARIA.pdf,11,Sra. Presidenta (Rojkés de Alperovich),Sra. Presidenta (Rojkés de Alperovich). –,yes,yes,same-paragraph,none,high,Continúa en el uso de la palabra el señor senador Petcoff Naidenoff.,"Page prints ""Presidenta"" (with final a) in this label.",
595,2012-05-16_r06,2012-05-16_r06_ORDINARIA.pdf,27,Sra. Presidenta (Rojkés de Alperovich),Sra. Presidenta (Rojkés de Alperovich). –,yes,yes,same-paragraph,"superscript footnote marker ""1"" after ""correspondientes.""",high,Queda aprobada la resolución. Se harán las comunicaciones correspondientes.,"Under section heading 17 ""ACUERDO / P.E.- 22/12 / EMBAJADOR EXTRAORDINARIO Y PLENIPOTENCIARIO"".",
596,2012-05-16_r06,2012-05-16_r06_ORDINARIA.pdf,28,Sra. Presidenta (Rojkés de Alperovich),Sra. Presidenta (Rojkés de Alperovich). –,yes,yes,same-paragraph,none,high,Tiene la palabra el señor senador Verna.,"Line reads ""Sra. Presidenta (Rojkés de Alperovich). – Tiene la palabra el señor senador Verna.""",
597,2012-05-16_r06,2012-05-16_r06_ORDINARIA.pdf,78,Sra. Presidenta (Rojkés de Alperovich),Sra. Presidenta (Rojkés de Alperovich). –,yes,yes,same-paragraph,none,high,Hay que habilitar el tratamiento sobre tablas. Si no se hace uso de la,"""Si no se hace uso de la palabra, se va a votar."" is the indented continuation of the same chair turn.",
598,2012-07-04_r10,2012-07-04_r10_ORDINARIA.pdf,59,Sr. Presidente,Sr. Presidente. –,yes,yes,same-paragraph,none,high,Tiene la palabra el señor senador Guinle.,"The page has two similar chair lines; the exact wording with ""señor senador Guinle"" is the second one, also labelled ""Sr. Presidente.""",
599,2012-07-04_r10,2012-07-04_r10_ORDINARIA.pdf,65,Sr. Pichetto,Sr. Pichetto. –,yes,yes,same-paragraph,none,high,"Presidente: en realidad, como este debate es casi en tiempo real, me parece que","Last labelled turn on the page, after ""Sr. Presidente. – Tiene la palabra el senador Pichetto.""",
600,2012-07-11_r11,2012-07-11_r11_ORDINARIA.pdf,22,Sr. Presidente,Sr. Presidente. –,yes,yes,same-paragraph,none,high,Tiene la palabra el señor senador Fernández.,"Single occurrence on the page, between the two Artaza turns.",
601,2012-07-11_r11,2012-07-11_r11_ORDINARIA.pdf,37,Sr. Fernández,Sr. Fernández. –,yes,yes,same-paragraph,none,high,A Scioli tampoco le hablaría así.,Short interjection between two Sr. Linares turns; label opens the same line as the quoted words.,
602,2012-08-16_r13,2012-08-16_r13_ESPECIAL.pdf,29,Sr. Fernández,Sr. Fernández. –,yes,yes,same-paragraph,none,high,"Sólo una acotación de diez segundos, nada más. El decreto 777 de necesidad y",Quote spans the labelled line and the following indented paragraph of the same turn; no new label intervenes.,
603,2012-08-16_r13,2012-08-16_r13_ESPECIAL.pdf,61,Sra. Presidenta (Rojkés de Alperovich),Sra. Presidenta (Rojkés de Alperovich). –,yes,yes,same-paragraph,none,high,El señor senador Fernández le solicita una interrupción. ¿La concede?,"Printed ""Presidenta"" here, with the surname parenthesis outside the bold.",
604,2012-09-12_r15,2012-09-12_r15_ORDINARIA.pdf,11,Sr. Presidente,Sr. Presidente.-,yes,yes,same-paragraph,none,high,"La senadora Fellner y el senador Barrionuevo han sido aludidos. En primer lugar, tiene","Last line of the page; only ""La senadora Fellner y el senador Barrionuevo han sido aludidos."" is printed here, the rest continues on the next page under the same turn.",
605,2012-09-12_r15,2012-09-12_r15_ORDINARIA.pdf,15,Sra. Borello,Sra. Borello.-,yes,yes,same-paragraph,none,high,"Ya termino, señora presidenta. Gracias. En segundo lugar, cuáles son los puntos suscriptos entre",Quote runs from the labelled line into the next indented paragraph of the same turn.,
606,2012-10-03_r16,2012-10-03_r16_ORDINARIA.pdf,45,Sra. Negre de Alonso,Sra. Negre de Alonso.-,yes,yes,same-paragraph,none,high,"Gracias, presidente. En realidad, es muy importante el proyecto de ley que estamos tratando.",Turn opens immediately after the chair gives her the floor.,
607,2012-10-03_r16,2012-10-03_r16_ORDINARIA.pdf,61,Sra. Presidente (Rojkés de Alperovich),Sra. Presidente (Rojkés de Alperovich).-,yes,yes,same-paragraph,none,high,Tiene la palabra el señor senador Morales.,"Page prints ""Sra. Presidente"" (not ""Presidenta""); verified by zoom.",
608,2012-10-17_r17,2012-10-17_r17_ORDINARIA.pdf,113,Sr. Presidente,Sr. Presidente.-,yes,yes,same-paragraph,none,high,Queda aprobado el proyecto de ley en general. En consideración en particular. Tiene la,Quote covers three consecutive lines of one chair turn following the vote result.,
609,2012-10-25_r18,2012-10-25_r18_ESPECIAL.pdf,20,Sra. Negre de Alonso,Sra. Negre de Alonso.-,yes,yes,same-paragraph,none,high,"Con respecto a lo que dijo el senador Pichetto sobre la acordada que leyó,",Her turn resumes after the interruption granted to Morales.,
610,2012-10-25_r18,2012-10-25_r18_ESPECIAL.pdf,44,Sr. Morales,Sr. Morales.-,yes,yes,same-paragraph,none,high,Señor presidente: no se ha cumplido el artículo 23 ni el artículo 22. No,"Last labelled turn on the page, granted as an interruption to Guinle.",
611,2012-10-31_r19,2012-10-31_r19_ORDINARIA.pdf,45,Sr. Cano,Sr. Cano.-,yes,yes,same-paragraph,none,high,"Si me da la palabra, si me autoriza…",First line of the page carries the label.,
612,2012-10-31_r19,2012-10-31_r19_ORDINARIA.pdf,59,Sr. Presidente (Morales),Sr. Presidente (Morales).-,yes,yes,same-paragraph,none,high,"Tan profundo ha sido el golpe que no solamente se encuentra el vicepresidente, sino",Preceded only by the stage direction noting Morales taking the chair.,
613,2012-10-31_r19,2012-10-31_r19_ORDINARIA.pdf,65,Sra. Presidenta (Rojkés de Alperovich),Sra. Presidenta (Rojkés de Alperovich).-,yes,yes,same-paragraph,none,high,"Perdón, senadora Fellner. El señor senador Pérsico le solicita una interrupción, ¿la autoriza?","Quote spans the labelled line ""Perdón, senadora Fellner."" and the next indented line of the same chair turn.",
614,2012-10-31_r19,2012-10-31_r19_ORDINARIA.pdf,85,Sr. Pichetto,Sr. Pichetto.-,yes,yes,earlier-on-page,none,high,"Voy a cerrar: es una muy buena ley, señor presidente, y estamos convencidos de","Indented continuation paragraph of the Pichetto turn that opens ""Está muy excedida hoy. (Risas.)"".",
615,2012-10-31_r19,2012-10-31_r19_ORDINARIA.pdf,118,Sra. Negre de Alonso,Sra. Negre de Alonso.-,yes,yes,same-paragraph,none,high,"Sí, el de “Fútbol para Todos” es de 1.200 millones y 80 millones para",Label follows the stage direction about Morales speaking off-microphone.,
616,2012-10-31_r19,2012-10-31_r19_ORDINARIA.pdf,174,Sr. Verna,Sr. Verna.-,yes,yes,same-paragraph,none,high,"Los jubilados son los dueños de la platita, los trabajadores son los que hacen",Answer to the preceding one-line Fernández interjection.,
617,2012-10-31_r19,2012-10-31_r19_ORDINARIA.pdf,198,Sr. Fernández,Sr. Fernández.-,yes,yes,same-paragraph,none,high,Que se aclare que la votación cumple con las mayorías exigidas para ser sancionado,Comes right after the chair announces the bill is sanctioned.,
618,2012-11-14_r20,2012-11-14_r20_ORDINARIA.pdf,13,Sr. Pichetto,Sr. Pichetto.-,yes,yes,same-paragraph,none,high,No vamos a apoyar el tratamiento sobre tablas de ninguno de los temas planteados.,Turn opens after the chair gives him the floor.,
619,2012-11-14_r20,2012-11-14_r20_ORDINARIA.pdf,80,Sr. Rodríguez Saá,Sr. Rodríguez Saá.-,yes,yes,same-paragraph,none,high,"Somos pocos y no nos escuchamos. Después, va a contestar el senador Pichetto y","Last labelled turn on the page, after the ""- Murmullos en el recinto."" stage direction.",
620,2012-11-28_r21,2012-11-28_r21_ORDINARIA.pdf,24,Sr. Rodríguez Saá,Sr. Rodríguez Saá.-,yes,yes,same-paragraph,none,high,"Sí, con respecto al PBI. Pero, con respecto a la realidad, si yo debo",First line of the page; the same label appears twice more further down but under different words.,
621,2012-11-29_r22,2012-11-29_r22_ORDINARIA.pdf,54,Sr. Morales,Sr. Morales.-,yes,yes,same-paragraph,none,high,No le permito esa interpretación…,One-line turn between two Sra. Higonet interjections.,
622,2012-11-29_r22,2012-11-29_r22_ORDINARIA.pdf,78,Sr. Presidente,Sr. Presidente.-,yes,yes,same-paragraph,none,high,Se va a votar la habilitación para el tratamiento sobre tablas.,"Chair line immediately before the ""- Se practica la votación."" stage direction.",
623,2012-12-19_r23,2012-12-19_r23_EXTRAORDINARIA.pdf,10,Sra. Escudero,Sra. Escudero.-,yes,yes,same-paragraph,none,high,Señora presidenta: quiero decir que con las modificaciones acordadas en cuanto al plazo en,Turn opens after the chair gives her the floor.,
624,2013-02-21_r24,2013-02-21_r24_EXTRAORDINARIA.pdf,3,Sr. Presidente,Sr. Presidente.-,yes,yes,same-paragraph,none,high,Tiene la palabra el señor senador Pichetto.,"ambiguous - the identical sentence is printed twice on this page (under heading 3 and again later), but both occurrences carry the same label ""Sr. Presidente.-"".",
625,2013-02-21_r24,2013-02-21_r24_EXTRAORDINARIA.pdf,3,Sr. Presidente,Sr. Presidente.-,yes,yes,same-paragraph,none,high,Tiene la palabra el señor senador Pichetto.,"ambiguous - same duplicated sentence as case 624; both printings are governed by ""Sr. Presidente.-"".",
626,2013-02-21_r24,2013-02-21_r24_EXTRAORDINARIA.pdf,76,Sr. Presidente,Sr. Presidente.,yes,yes,same-paragraph,none,high,El senador Cano le pide una interrupción.,One-line turn; the very next paragraph opens with Sr. Mayans.,
627,2013-03-20_r03,2013-03-20_r03_ORDINARIA.pdf,61,Sr. Presidente,Sr. Presidente.,yes,yes,same-paragraph,none,high,Creo que dijo que no se utilizó en gastos corrientes.,"Printed as ""Sr. Presidente. -"" with a space before the dash.",
628,2013-04-17_r04,2013-04-17_r04_ESPECIAL.pdf,127,Sr. Cano,Sr. Cano.,yes,yes,same-paragraph,none,high,Señor presidente: para avalar lo que está manifestando la señora senadora que es un,"Page reads ""...la señora senadora que es un hecho realmente grave.""",
629,2013-04-18_r05,2013-04-18_r05_ESPECIAL.pdf,29,Sr. Presidente,Sr. Presidente.,yes,yes,same-paragraph,none,high,"Para una interrupción, tiene la palabra el señor senador Barrionuevo.",Followed immediately by the Sr. Barrionuevo turn.,
630,2013-04-18_r05,2013-04-18_r05_ESPECIAL.pdf,65,Sr. Romero,Sr. Romero.,yes,yes,same-paragraph,none,high,Señor presidente: voy a intentar fundar mi voto negativo a esta modificación al marco,Opens the turn right after Sr. Presidente gives him the floor.,
631,2013-04-24_r06,2013-04-24_r06_ORDINARIA.pdf,26,Sr. Secretario (Estrada),Sr. Secretario (Estrada).,yes,yes,same-paragraph,none,high,"La lista de oradores es la siguiente: en calidad de miembros informantes, senador Cano;",Speaker-list reading by the Secretary.,
632,2013-04-24_r06,2013-04-24_r06_ORDINARIA.pdf,66,Sr. Presidente,Sr. Presidente.,yes,yes,same-paragraph,none,high,"Entonces, en primer lugar, se van a votar las inserciones a mano alzada.","Followed by the stage direction ""- Se practica la votación.""",
633,2013-04-24_r06,2013-04-24_r06_ORDINARIA.pdf,67,Sr. Presidente,Sr. Presidente.,yes,yes,same-paragraph,none,high,Mi propuesta es la siguiente: vamos a empezar en una sola votación en particular,Answers Sr. Morales's question about how the vote will proceed.,
634,2013-05-08_r07,2013-05-08_r07_ESPECIAL.pdf,18,Sr. Secretario (Estrada),Sr. Secretario (Estrada).,yes,yes,same-paragraph,none,high,Se registran 41 votos por la afirmativa y 24 por la negativa.,Vote tally announced by the Secretary.,
635,2013-05-08_r07,2013-05-08_r07_ESPECIAL.pdf,73,Sr. Fernández,Sr. Fernández.,yes,yes,same-paragraph,none,high,Señora presidenta: le agradezco a la senadora Negre de Alonso por haberme dado semejante,Second Sr. Fernández turn on the page; the earlier one is different text.,
636,2013-05-08_r07,2013-05-08_r07_ESPECIAL.pdf,129,Sr. Cabanchik,Sr. Cabanchik.,yes,yes,same-paragraph,none,high,"Solicito una interrupción, señor presidente.","Printed with an en dash, ""Sr. Cabanchik.–Solicito una interrupción..."".",
637,2013-05-22_r08,2013-05-22_r08_ORDINARIA.pdf,11,Sr. Presidente,Sr. Presidente.,yes,yes,same-paragraph,none,high,Tiene la palabra el señor senador Artaza.,"Occurs in section 5 (aguinaldo, moción de preferencia).",
638,2013-05-22_r08,2013-05-22_r08_ORDINARIA.pdf,11,Sr. Presidente,Sr. Presidente.,yes,yes,same-paragraph,none,high,…del natalicio de José María Gatica y por la restitución de los restos del,Resumes his interrupted sentence about the Gatica anniversary.,
639,2013-05-22_r08,2013-05-22_r08_ORDINARIA.pdf,14,Sr. Presidente,Sr. Presidente.,yes,yes,same-paragraph,none,high,Tiene la palabra el señor senador Petcoff Naidenoff.,Gives the floor to Sr. Petcoff Naidenoff.,
640,2013-05-22_r08,2013-05-22_r08_ORDINARIA.pdf,117,Sra. Presidenta (Rojkés de Alperovich),Sra. Presidenta (Rojkés de Alperovich).,yes,yes,same-paragraph,none,high,"Para una interrupción, tiene la palabra la señora senadora Negre de Alonso.","Turn wraps to a second line ending ""señora senadora Negre de Alonso.""",
641,2013-06-05_r10,2013-06-05_r10_INFORMATIVA_ESPECIAL.pdf,47,Sra. Presidenta (Rojkés de Alperovich),Sra. Presidenta (Rojkés de Alperovich).,yes,yes,same-paragraph,none,high,"Vamos a comenzar con las preguntas del bloque del Peronismo Federal. Tengo anotada, primero,",First label at the top of the page.,
642,2013-06-05_r10,2013-06-05_r10_INFORMATIVA_ESPECIAL.pdf,66,Sra. Negre de Alonso,Sra. Negre de Alonso.,yes,yes,same-paragraph,none,high,"No, no. Lo hago por micrófono. Yo trabajaba en el año 95, en esa","Comes right after Sr. Presidente's ""No, mentira.""",
643,2013-06-05_r10,2013-06-05_r10_INFORMATIVA_ESPECIAL.pdf,66,Sra. Negre de Alonso,Sra. Negre de Alonso.,yes,yes,same-paragraph,none,high,"Estamos muy contentos, efectivamente, con que se haya puesto en marcha.","Follows the stage direction ""- Murmullos en el recinto.""",
644,2013-06-05_r10,2013-06-05_r10_INFORMATIVA_ESPECIAL.pdf,84,Sr. Mayans,Sr. Mayans.,yes,yes,same-paragraph,none,high,"Son 2.800.000 trabajadores. Lo voy a hacer un poquito más rápido. Para educación, 4",First label at the top of the page.,
645,2013-06-05_r10,2013-06-05_r10_INFORMATIVA_ESPECIAL.pdf,106,Sr. Cano,Sr. Cano.,yes,yes,same-paragraph,none,high,"Presidente: conocemos absolutamente todo lo que manifestó el senador Aníbal Fernández. Es más, dije","Begins right after ""Senador Cano, por favor.""",
646,2013-06-26_r11,2013-06-26_r11_ORDINARIA.pdf,8,Sra. Escudero,Sra. Escudero.,yes,yes,same-paragraph,none,high,Señor presidente: pido que se agregue al plan de labor el proyecto de comunicación,Under the section heading PLAN DE LABOR.,
647,2013-06-26_r11,2013-06-26_r11_ORDINARIA.pdf,14,Sr. Pichetto,Sr. Pichetto.,yes,yes,same-paragraph,none,high,Estamos de acuerdo: que sea con dictamen de comisión.,First label at the top of the page.,
648,2013-07-03_r12,2013-07-03_r12_ORDINARIA.pdf,9,Sr. Presidente,Sr. Presidente.,yes,yes,same-paragraph,none,high,Invito a la señora senadora por San Luis Liliana Negre de Alonso a izar,Under the section heading IZAMIENTO DE LA BANDERA NACIONAL.,
649,2013-07-03_r12,2013-07-03_r12_ORDINARIA.pdf,69,Sr. Secretario (Estrada),Sr. Secretario (Estrada).,yes,yes,same-paragraph,none,high,"Se registran 38 votos por la afirmativa, ninguno por la negativa. Unanimidad.",First label at the top of the page.,
650,2013-07-31_r13,2013-07-31_r13_ESPECIAL.pdf,42,Sr. Presidente,Sr. Presidente.,yes,yes,same-paragraph,none,high,La senadora Díaz le pide una interrupción.,"Followed immediately by Sr. Pichetto's ""Cómo no.""",
651,2013-07-31_r13,2013-07-31_r13_ESPECIAL.pdf,75,Sr. Presidente,Sr. Presidente.-,yes,yes,same-paragraph,none,high,Yo siempre escucho a todos. Vamos a hacer una combinación. Voy a leer los,"Label opens ""Yo siempre escucho a todos.""; the ""Vamos a hacer una combinación..."" sentence is the next indented paragraph of the same turn.",
652,2013-09-04_r14,2013-09-04_r14_ORDINARIA.pdf,37,Sra. Presidenta (Rojkés de Alperovich),Sra. Presidenta (Rojkés de Alperovich).-,yes,yes,same-paragraph,none,high,"No, no se puede debatir. Voy a pedir, por favor, que pongamos un poco",Quoted words open the labelled paragraph directly.,
653,2013-09-04_r14,2013-09-04_r14_ORDINARIA.pdf,114,Sr. Pichetto,Sr. Pichetto.-,yes,yes,same-paragraph,none,high,"Habría que incorporar el proyecto de ley sobre la yerba mate, que habíamos acordado","Turn reads ""Habría que incorporar el proyecto de ley sobre la yerba mate, que habíamos acordado votar únicamente en general.""",
654,2013-09-04_r14,2013-09-04_r14_ORDINARIA.pdf,118,Sr. Presidente (Marino),Sr. Presidente (Marino).-,yes,yes,same-paragraph,none,high,¿Quieren que se lea por Secretaría?,Same label repeats several times on the page but only one paragraph carries these words.,
655,2013-09-12_r15,2013-09-12_r15_ORDINARIA.pdf,25,Sra. Presidenta (Rojkés de Alperovich),Sra. Presidenta (Rojkés de Alperovich).-,yes,yes,same-paragraph,none,high,Corresponde considerar los órdenes del día con proyectos de ley que por Secretaría se,"Paragraph follows the bold section title ""MODIFICACIÓN DE LA LEY DE IMPUESTO A LAS GANANCIAS"", which is furniture, not speech.",
656,2013-10-09_r16,2013-10-09_r16_ESPECIAL.pdf,31,Sra. Presidenta (Rojkés de Alperovich),Sra. Presidenta (Rojkés de Alperovich).-,yes,yes,same-paragraph,none,high,"Senador Romero y senadora Escudero, no sé quién de los dos va a comenzar.",Quoted words open the labelled paragraph directly.,
657,2013-10-09_r16,2013-10-09_r16_ESPECIAL.pdf,70,Sra. Presidenta (Rojkés de Alperovich),Sra. Presidenta (Rojkés de Alperovich).-,yes,yes,same-paragraph,none,high,Tiene la palabra el señor senador Fernández.,Only one paragraph on the page carries these exact words.,
658,2013-10-09_r16,2013-10-09_r16_ESPECIAL.pdf,102,Sr. Presidente (Marino),Sr. Presidente (Marino).-,yes,yes,same-paragraph,none,high,"Gracias, senador Morales. Tiene la palabra el senador Mayans.","""Gracias, senador Morales."" opens the labelled paragraph; ""Tiene la palabra el senador Mayans."" is the next indented line of the same turn.",
659,2013-11-13_r17,2013-11-13_r17_ORDINARIA.pdf,41,Sra. Presidenta(Rojkés de Alperovich),Sra. Presidenta(Rojkés de Alperovich).-,yes,yes,same-paragraph,none,high,"Muy bien. Si no se hace uso de la palabra, se pasa a la","Printed with no space before the parenthesis; ""Muy bien."" opens the turn and the vote sentence continues it.",
660,2013-11-13_r17,2013-11-13_r17_ORDINARIA.pdf,42,Sra. Presidenta(Rojkés de Alperovich),Sra. Presidenta(Rojkés de Alperovich).-,yes,yes,same-paragraph,none,high,Queda sancionado el proyecto de ley. Se comunicará a la Honorable Cámara de Diputados.,Printed with no space before the parenthesis; footnote marker 36 follows the sentence.,
661,2013-11-13_r17,2013-11-13_r17_ORDINARIA.pdf,62,Sra. Presidenta (Rojkés de Alperovich),Sra. Presidenta (Rojkés de Alperovich).-,yes,yes,same-paragraph,none,high,Tiene la palabra la señora senadora Escudero.,Quoted words open the labelled paragraph directly.,
662,2013-11-13_r17,2013-11-13_r17_ORDINARIA.pdf,70,Sra. Escudero,Sra. Escudero.-,yes,yes,same-paragraph,none,high,Señora presidente: aquí el problema es qué entendemos por “urbanización”. Las dificultades están en,First paragraph on the page; the turn opens with these words.,
663,2013-11-13_r17,2013-11-13_r17_ORDINARIA.pdf,74,Sra. Presidenta (Rojkés de Alperovich),Sra. Presidenta (Rojkés de Alperovich).-,yes,yes,same-paragraph,none,high,Tiene la palabra el señor senador Fernández.,"A later line on the page reads ""Tiene la palabra el senador Fernández."" without ""señor"", under the same label.",
664,2013-12-04_r20,2013-12-04_r20_ORDINARIA.pdf,7,Sr. Presidente,Sr. Presidente.-,yes,yes,same-paragraph,none,high,Tiene la palabra la señora senadora Borello.,Quoted words open the labelled paragraph directly.,
665,2013-12-04_r20,2013-12-04_r20_ORDINARIA.pdf,28,Sr. Presidente,Sr. Presidente.-,yes,yes,same-paragraph,none,high,Tiene la palabra el señor senador Morales.,Quoted words open the labelled paragraph directly.,
666,2013-12-18_r21,2013-12-18_r21_EXTRAORDINARIA.pdf,75,Sr. Presidente,Sr. Presidente.-,yes,yes,same-paragraph,none,high,"Muy bien. Entonces, salvo que haya alguna objeción, se va a votar en una","""Muy bien."" opens the turn; the ""Entonces, salvo que haya alguna objeción..."" sentence is the next indented paragraph of the same turn.",
667,2014-02-28_r01,2014-02-28_r01_PREPARATORIA.pdf,5,Sr. Pichetto,Sr. Pichetto.-,yes,yes,same-paragraph,none,high,Señor presidente: me cabe hacer la propuesta del oficialismo para el cargo de presidente,Quoted words open the labelled paragraph directly.,
668,2014-03-12_r02,2014-03-12_r02_ORDINARIA.pdf,3,Sr. Pichetto,Sr. Pichetto. –,yes,yes,same-paragraph,none,high,Señor presidente: estamos haciendo un trámite de excepción al tratar sobre tablas este proyecto,"This session prints a spaced en dash after the name rather than the usual "".-"".",
669,2014-03-12_r03,2014-03-12_r03_INFORMATIVA_ESPECIAL.pdf,116,Sr. Jefe de Gabinete de Ministros,Sr. Jefe de Gabinete de Ministros.-,yes,yes,same-paragraph,none,high,Pero es una buena oportunidad para trabajar con todos ustedes.,"Label names the office, no personal name printed.",
670,2014-03-12_r03,2014-03-12_r03_INFORMATIVA_ESPECIAL.pdf,119,Sr. Presidente (Marino),Sr. Presidente (Marino).-,yes,yes,same-paragraph,none,high,"Senador Pichetto, vamos a dejar que la senadora termine. Luego, si usted quiere, le","First sentence opens the turn; ""Luego, si usted quiere, le cedo la palabra..."" is the next indented line of the same turn.",
671,2014-03-26_r04,2014-03-26_r04_ESPECIAL.pdf,122,Sr. Pichetto,Sr. Pichetto. –,yes,yes,same-paragraph,none,high,Es de la tierra del senador Sanz.,"Printed with a spaced en dash; the paragraph ends with the stage direction ""(Risas.)"".",
672,2014-03-26_r04,2014-03-26_r04_ESPECIAL.pdf,135,Sr. Morales,Sr. Morales. –,yes,yes,same-paragraph,none,high,"El anexo IX tiene causas con medidas cautelares existentes y, especialmente…",Printed with a spaced en dash; quoted words open the labelled paragraph.,
673,2014-04-09_r05,2014-04-09_r05_ORDINARIA.pdf,26,Sr. Presidente,Sr. Presidente. –,yes,yes,same-paragraph,none,high,Tiene la palabra el señor senador Morales.,Printed with a spaced en dash; quoted words open the labelled paragraph.,
674,2014-04-30_r06,2014-04-30_r06_ORDINARIA.pdf,13,Sr. Presidente,Sr. Presidente. –,yes,yes,same-paragraph,none,high,Tiene la palabra el señor senador Martínez.,Printed with a spaced en dash; page has no running head or page number line.,
675,2014-04-30_r06,2014-04-30_r06_ORDINARIA.pdf,57,Sr. Presidente,Sr. Presidente. –,yes,yes,same-paragraph,none,high,"Están aprobados los tratamientos sobre tablas y los tres proyectos, tanto los de cambio",Printed with a spaced en dash; quoted words open the labelled paragraph.,
676,2014-05-07_r07,2014-05-07_r07_INFORMATIVA_ESPECIAL.pdf,57,Sr. Pichetto,Sr. Pichetto. –,yes,yes,same-paragraph,none,high,La semana pasada votamos una iniciativa vinculada al tema de las micropymes mediante la,"The words open the turn immediately after the bold label; an earlier short ""Sr. Pichetto. – ¿Me permite hacer una breve aclaración?"" is a separate turn.",
677,2014-05-21_r08,2014-05-21_r08_ORDINARIA.pdf,10,Sr. Pichetto,Sr. Pichetto. –,yes,yes,same-paragraph,none,high,No vamos a habilitar sobre tablas este tema. La cuestión está teniendo un desarrollo,Words begin the paragraph directly after the label.,
678,2014-05-28_r09,2014-05-28_r09_ORDINARIA.pdf,10,Sr. Fernández,Sr. Fernández.-,yes,yes,earlier-on-page,none,high,Vengo a presentar el proyecto contenido en el expediente C.D.-16/14. Es un proyecto del,"Indented continuation paragraph of the turn opened by ""Sr. Fernández.- Me apabulla… (Risas.)""; the stage direction does not end the turn.",
679,2014-05-28_r09,2014-05-28_r09_ORDINARIA.pdf,61,Sr. Secretario (Estrada),Sr. Secretario (Estrada).-,yes,yes,same-paragraph,none,high,Se registran 36 votos por la afirmativa y 23 por la negativa.,"Words follow the label directly, after the ""- Se practica la votación por medios electrónicos."" direction line.",
680,2014-05-28_r09,2014-05-28_r09_ORDINARIA.pdf,68,Sr. Cimadevilla,Sr. Cimadevilla.-,yes,yes,same-paragraph,none,high,No sabemos cuál es el texto.,Single-line interjection between two Aguilar turns.,
681,2014-05-28_r09,2014-05-28_r09_ORDINARIA.pdf,77,Sr. Presidente,Sr. Presidente.-,yes,yes,same-paragraph,none,high,Porque eso lo puede insertar tranquilamente.,Short presiding-officer line; page prints no name in parenthesis here.,
682,2014-07-02_r10,2014-07-02_r10_ORDINARIA.pdf,10,Sr. Secretario (Estrada),Sr. Secretario (Estrada).-,yes,yes,same-paragraph,none,high,"El texto por el que se rinde homenaje a Leandro Alem, suscripto por el",Words open the secretary's reading of the homages.,
683,2014-07-02_r10,2014-07-02_r10_ORDINARIA.pdf,31,Sr. Secretario (Estrada),Sr. Secretario (Estrada).-,yes,yes,same-paragraph,none,high,"Son los órdenes del día 165 a 173, 175 a 178, 198 a 212,",Under section heading 11; the words follow the label directly.,
684,2014-07-02_r10,2014-07-02_r10_ORDINARIA.pdf,109,Sr. Presidente (Zamora),Sr. Presidente (Zamora).-,yes,yes,same-paragraph,none,high,Aprobado. Se va a votar en general y en particular en una sola votación.,"""Aprobado."" follows the label and the next unindented line continues the same turn; a second ""Aprobado."" appears lower on the page under the same label but without this continuation.",
685,2014-09-03_r13,2014-09-03_r13_ESPECIAL.pdf,267,Sr. Presidente (Fuentes),Sr. Presidente (Fuentes).-,yes,yes,same-paragraph,none,high,El señor Osvaldo Cornide de la Confederación Argentina de la Mediana Empresa...,"Label printed with no space before the words (""(Fuentes).-El señor Osvaldo Cornide…"").",
686,2014-09-03_r13,2014-09-03_r13_ESPECIAL.pdf,275,Sr. Cimadevilla,Sr. Cimadevilla.-,yes,yes,same-paragraph,none,high,Habría que ver a qué se refiere el fallo.,"Turn resumes after an italic off-microphone stage direction, but the label is reprinted on this line.",
687,2014-09-03_r13,2014-09-03_r13_ESPECIAL.pdf,306,Sr. Capitanich,Sr. Capitanich.-,yes,yes,same-paragraph,none,high,"Entonces, la próxima vez lo espero y vamos a discutir lo que usted quiera.",Single-line reply within the Capitanich/Morales exchange.,
688,2014-09-03_r13,2014-09-03_r13_ESPECIAL.pdf,327,Sr. Bassano,Sr. Bassano.-,yes,yes,same-paragraph,none,high,"Muchísimas gracias a los señores senadores, primero, por escuchar a los miembros de las",Words open the turn right after the president gives Bassano the floor.,
689,2014-09-17_r14,2014-09-17_r14_ORDINARIA.pdf,14,Sr. Presidente,Sr. Presidente.-,yes,yes,same-paragraph,none,high,"Para una cuestión de privilegio, tiene la palabra el senador De Angeli.",Under section heading 6; no name in parenthesis printed.,
690,2014-09-17_r14,2014-09-17_r14_ORDINARIA.pdf,28,Sr. Presidente,Sr. Presidente.-,yes,yes,same-paragraph,none,high,Tiene la palabra la senadora Morandini.,"Words follow the label directly, immediately before Morandini's turn.",
691,2014-09-17_r14,2014-09-17_r14_ORDINARIA.pdf,41,Sr. Mayans,Sr. Mayans.-,yes,yes,same-paragraph,none,high,"…tres veces si hace falta, sin importar el partido del que sean. ¿Ahora va",Quote starts with the ellipsis right after the label and runs into the following indented line.,
692,2014-09-17_r14,2014-09-17_r14_ORDINARIA.pdf,44,Sra. Negre de Alonso,Sra. Negre de Alonso.-,yes,yes,same-paragraph,none,high,Yo le había comentado al presidente del bloque oficialista –se ve que se olvidó–,Under section heading 21; words follow the label directly.,
693,2014-09-17_r14,2014-09-17_r14_ORDINARIA.pdf,48,Sr. Presidente,Sr. Presidente.-,yes,yes,same-paragraph,none,high,Tiene la palabra la senadora Michetti.,"Words follow the label directly, immediately before Michetti's turn.",
694,2014-09-17_r14,2014-09-17_r14_ORDINARIA.pdf,61,Sra. Michetti,Sra. Michetti.-,yes,yes,same-paragraph,none,high,"Gracias, señor presidente. Lo primero que quería decir es que yo pasé cuatro años","""Gracias, señor presidente."" follows the label; the rest of the quote is the next indented paragraph of the same turn.",
695,2014-09-17_r14,2014-09-17_r14_ORDINARIA.pdf,72,Sra. Elías de Perez,Sra. Elías de Perez.-,yes,yes,same-paragraph,none,high,"Señor presidente: lo que estamos tratando es el Orden del Día Nº 255, que",Words follow the label directly.,
696,2014-10-08_r15,2014-10-08_r15_ESPECIAL.pdf,84,Sr. Presidente,Sr. Presidente.-,yes,yes,same-paragraph,none,high,Tiene la palabra el señor senador Artaza.,"Words follow the label directly, immediately before Artaza's turn.",
697,2014-10-08_r15,2014-10-08_r15_ESPECIAL.pdf,100,Sr. Presidente,Sr. Presidente.-,yes,yes,same-paragraph,none,high,"Senador Cimadevilla, tiene la palabra.","Several other Sr. Presidente lines are on the page, but only this one carries these exact words.",
698,2014-11-19_r19,2014-11-19_r19_ESPECIAL.pdf,8,Sr. Sanz,Sr. Sanz.-,yes,yes,same-paragraph,none,high,Solamente para agregar que en esa lista hay miembros de mi partido. No tenemos,Words follow the label directly at the foot of the page.,
699,2014-11-19_r19,2014-11-19_r19_ESPECIAL.pdf,85,Sr. Cimadevilla,Sr. Cimadevilla.-,yes,yes,same-paragraph,none,high,La ausencia de Gils Carbó.,One-line interjection inside Pichetto's speech.,
700,2014-12-03_r20,2014-12-03_r20_ORDINARIA.pdf,22,Sr. Secretario (Estrada),Sr. Secretario (Estrada).-,yes,yes,same-paragraph,none,high,"Resultan 62 votos afirmativos, 1 negativo.",Under section heading 16; other Secretario lines on the page report different vote counts.,
701,2014-12-03_r20,2014-12-03_r20_ORDINARIA.pdf,34,Sr. Presidente,Sr. Presidente.-,yes,yes,earlier-on-page,none,high,Modificación de la Ley de Régimen Nacional para el Uso de Fuentes Renovables de,"The list item sits inside the president's turn that opens ""Quedan aprobados."" and continues past the stage direction ""- Los órdenes del día en consideración..."".",
702,2014-12-03_r20,2014-12-03_r20_ORDINARIA.pdf,35,Sr. Presidente,Sr. Presidente.-,yes,yes,same-paragraph,none,high,"Sí, como no. Senadora Kunath.","""Sí, como no."" opens the turn; ""Senadora Kunath."" is the indented next line of the same turn.",
703,2014-12-10_r21,2014-12-10_r21_ORDINARIA.pdf,33,Sr. Giustiniani,Sr. Giustiniani.-,yes,yes,same-paragraph,none,high,"Si hay un compromiso para tratarlo la próxima sesión, estamos de acuerdo, la semana","Page prints ""Si hay"" (not ""Sí hay""); label immediately precedes the words.",
704,2014-12-10_r21,2014-12-10_r21_ORDINARIA.pdf,53,Sr. Morales,Sr. Morales.-,yes,yes,same-paragraph,none,high,¿Sí? ¿Por qué no lo chequean? Porque ese orden del día requiere dos tercios,"Label directly precedes ""¿Sí? ¿Por qué no lo chequean?"".",
705,2014-12-17_r22,2014-12-17_r22_ORDINARIA.pdf,32,Sr. Prosecretario (Borsani),Sr. Prosecretario (Borsani).-,yes,yes,same-paragraph,none,high,"Faltan acreditarse la senadora Crexell, la senadora Negre, la senadora Riofrío, el senador Pérsico…",Label directly precedes the words near the foot of the page.,
706,2014-12-17_r22,2014-12-17_r22_ORDINARIA.pdf,61,Sr. Fernández,Sr. Fernández.-,yes,yes,same-paragraph,none,high,"Con todo respeto, senadora. Diecisiete minutos de escucharla. En algunos números no coincido ni","Interruption granted by Sra. Negre de Alonso, but the words carry their own label.",
707,2014-12-17_r22,2014-12-17_r22_ORDINARIA.pdf,86,Sr. Martínez,Sr. Martínez.-,yes,yes,same-paragraph,none,high,"Pero el secretario está diciéndolos para aprobarlos. Yo estoy de acuerdo, pero habíamos quedado","Label directly precedes ""Pero el secretario está diciéndolos para aprobarlos."".",
708,2014-12-29_r23,2014-12-29_r23_ESPECIAL.pdf,12,Sr. Presidente,Sr. Presidente.-,yes,yes,same-paragraph,none,high,"Si puede ir redondeando, se lo agradezco.","Label directly precedes ""Si puede ir redondeando, se lo agradezco."".",
709,2014-12-29_r23,2014-12-29_r23_ESPECIAL.pdf,20,Sr. Roldán,Sr. Roldán.-,yes,yes,same-paragraph,none,high,"Efectivamente, hace cinco años que lo soy y, justamente, en varias oportunidades fuimos materia","Label directly precedes ""Efectivamente, hace cinco años que lo soy..."".",
710,2015-02-27_r01,2015-02-27_r01_PREPARATORIA.pdf,12,Sr. Pichetto,Sr. Pichetto.-,yes,yes,same-paragraph,none,high,"Está pendiente el juramento del doctor Luis Juez. Y, en cuanto a los otros","Label directly precedes ""Está pendiente el juramento del doctor Luis Juez."".",
711,2015-02-27_r01,2015-02-27_r01_PREPARATORIA.pdf,12,Sr. Presidente,Sr. Presidente.-,yes,yes,same-paragraph,none,high,"Entonces, como se ha cumplido el objetivo propuesto, queda levantada la sesión preparatoria.","Last speaking turn on the page, followed by the stage direction ""- Son las 17 y 2."".",
712,2015-03-01_r00,2015-03-01_r00_ASAMBLEA.pdf,7,Sra. Presidenta de la Nación,Sra. Presidenta de la Nación.-,yes,yes,earlier-on-page,none,high,", que supo y me ayudó a llevar adelante la dura tarea de remontar","Words are in the paragraph ""Yo quiero felicitar a todos los argentinos... (aplausos), que supo y me ayudó..."", inside the turn opened higher on the page.",
713,2015-03-01_r00,2015-03-01_r00_ASAMBLEA.pdf,12,Sra. Presidenta de la Nación,Sra. Presidenta de la Nación.-,yes,yes,previous-page,"running head ""1º de marzo de 2015 / Asamblea Legislativa / Pág. 12"" and the banner ""2015 - Año del Bicentenario del Congreso de los Pueblos Libres"" fall inside the paragraph split across pages 11 and 12",high,i la Argentina debe ser tomada en su totalidad?,No new bold label appears on printed pages 8 through 12; only applause and page furniture intervene.,
714,2015-03-01_r00,2015-03-01_r00_ASAMBLEA.pdf,24,Sra. Presidenta de la Nación,Sra. Presidenta de la Nación.-,yes,yes,previous-page,none,high,Y también debo decirles con mucho cariño y también con mucha alegría: ustedes se,No new bold label appears anywhere on printed pages 8 through 24; the turn opened on page 7 still governs.,
715,2015-03-01_r00,2015-03-01_r00_ASAMBLEA.pdf,25,Sra. Presidenta de la Nación,Sra. Presidenta de la Nación.-,yes,yes,same-paragraph,none,high,"¿Qué dijo? Ah, las cardiopatías congénitas. Sí, ya viene, pero esperá, porque voy por","Label prints immediately before ""¿Qué dijo?""; the rest of the quote runs on in the next indented paragraph of the same turn.",
716,2015-03-11_r02,2015-03-11_r02_ORDINARIA.pdf,9,Sr. Morales,Sr. Morales.-,yes,yes,same-paragraph,none,high,¿Por qué no nos hace llegar el texto y lo dejamos para después?,"Label directly precedes ""¿Por qué no nos hace llegar el texto..."".",
717,2015-03-11_r02,2015-03-11_r02_ORDINARIA.pdf,31,Sr. Giustiniani,Sr. Giustiniani.-,yes,yes,same-paragraph,none,high,"“...San Martín, Ayacucho y Chacabuco de la provincia de San Luis; Santa Rosa, Paclim,","Label directly precedes the quoted reading of article 1; page prints ""Paclim"".",
718,2015-03-11_r02,2015-03-11_r02_ORDINARIA.pdf,33,Sr. Presidente,Sr. Presidente.-,yes,yes,same-paragraph,none,high,"Entonces, dado que hemos podido leer todos los artículos y sus modificaciones…","Label directly precedes ""Entonces, dado que hemos podido leer todos los artículos..."".",
719,2015-04-15_r03,2015-04-15_r03_ORDINARIA.pdf,47,Sr. Presidente,Sr. Presidente.-,yes,yes,same-paragraph,none,high,Senador Irrazábal: tiene el uso de la palabra.,"Label directly precedes ""Senador Irrazábal: tiene el uso de la palabra."".",
720,2015-05-27_r04,2015-05-27_r04_ORDINARIA.pdf,22,Sr. Presidente,Sr. Presidente.-,yes,yes,same-paragraph,"superscript footnote marker ""6"" after ""Se procederá en consecuencia."" (its note ""Ver el Apéndice."" sits at the foot of the page)",high,Aprobado. Se procederá en consecuencia. El restante listado pasará a la Comisión de Acuerdos,The quote runs from the labelled line into the next indented line of the same turn.,
721,2015-05-27_r04,2015-05-27_r04_ORDINARIA.pdf,41,Sr. Presidente,Sr. Presidente.-,yes,yes,same-paragraph,none,high,Tiene la palabra el senador Giustiniani.,"The page carries several similar ""Tiene la palabra el senador..."" lines, but the one naming Giustiniani appears once, under this label.",
722,2015-05-27_r04,2015-05-27_r04_ORDINARIA.pdf,48,Sr. Presidente,Sr. Presidente.-,yes,yes,same-paragraph,none,high,"Corresponde el orden del día… Son los sobre tablas acordados primero. Entonces, vamos a",Quote runs from the labelled line into the next indented line of the same turn.,
723,2015-05-27_r04,2015-05-27_r04_ORDINARIA.pdf,89,Sr. Guastavino,Sr. Guastavino.-,yes,yes,same-paragraph,none,medium,De acuerdo. Lo que tenemos para tratar ahora son cinco proyectos que han recaído,"""De acuerdo."" follows this label; the long explanation continues as unlabelled indented paragraphs of the same turn, so no other label could govern, though the content reads like a committee report.",
724,2015-05-27_r04,2015-05-27_r04_ORDINARIA.pdf,148,Sr. Presidente,Sr. Presidente.-,yes,yes,same-paragraph,none,high,"Por favor, senadores. Senador Morales…","""Por favor, senadores."" follows the label; ""Senador Morales…"" is the next indented line of the same turn.",
725,2015-07-01_r05,2015-07-01_r05_ORDINARIA.pdf,13,Sr. Presidente,Sr. Presidente.-,yes,yes,same-paragraph,none,high,En la reunión de labor parlamentaria celebrada ayer se acordó rendir varios homenajes. Vamos,"Label directly precedes ""En la reunión de labor parlamentaria celebrada ayer..."".",
726,2015-07-01_r05,2015-07-01_r05_ORDINARIA.pdf,24,Sr. Martínez,Sr. Martínez.-,yes,yes,same-paragraph,none,high,Después lo vamos a aclarar.,"Single-line turn between two ""Sr. Secretario (Estrada).-"" turns in the Acuerdos section; no ambiguity.",
727,2015-07-01_r05,2015-07-01_r05_ORDINARIA.pdf,30,Sr. Presidente,Sr. Presidente.-,yes,yes,same-paragraph,none,high,Pasamos ahora al tema de los conjueces. Pondremos solamente a votación a la doctora,"""Pasamos ahora al tema de los conjueces."" opens the labelled paragraph; ""Pondremos solamente a votación a la doctora..."" is the next paragraph of the same turn.",
728,2015-07-01_r05,2015-07-01_r05_ORDINARIA.pdf,53,Sr. Basualdo,Sr. Basualdo.-,yes,yes,same-paragraph,none,high,Señor presidente: creo que todos estamos de acuerdo con la actualización por ley de,"Last turn on the page, opened right after ""Sr. Presidente.- Tiene la palabra el senador Basualdo.""",
729,2015-07-01_r05,2015-07-01_r05_ORDINARIA.pdf,67,Sra. Negre de Alonso,Sra. Negre de Alonso.-,yes,yes,same-paragraph,none,high,"Quería aclararle a la senadora Higonet que indudablemente no interpretó mis palabras, porque yo","Second ""Sra. Negre de Alonso.-"" turn on the page; the quoted words open that paragraph.",
730,2015-07-01_r05,2015-07-01_r05_ORDINARIA.pdf,73,Sr. Rodríguez Saá,Sr. Rodríguez Saá.-,yes,yes,same-paragraph,none,high,"Sí. Sobre todo la nafta, que acaban de conseguir que la rebajen y seguramente","Follows the interjection ""Sr. Verna.- Victorica es mucho más cara. (Risas.)""; the label is reprinted for the quoted words.",
731,2015-07-01_r05,2015-07-01_r05_ORDINARIA.pdf,95,Sr. Presidente,Sr. Presidente.-,yes,yes,same-paragraph,none,high,Está clarísimo. Vamos a someter a votación la solicitud de abstención de los integrantes,"""Está clarísimo."" opens the labelled paragraph; ""Vamos a someter a votación la solicitud de abstención..."" is the next paragraph of the same turn.",
732,2015-07-16_r00,2015-07-16_r00_REUNION_CONJ_AMBAS_CAMARAS.pdf,14,Sr. Presidente del Estado Plurinacional de Bolivia,Sr. Presidente del Estado Plurinacional de Bolivia.-,yes,yes,previous-page,none,high,"Espero no equivocarme, creo que en 2004 o 2005, cuando era fuerte el debate","Label printed at the foot of printed page 7; the turn runs unbroken through pages 8-14 and ends only when ""Sr. Presidente del Honorable Senado.-"" appears after the quoted words on page 14.",
733,2015-07-29_r06,2015-07-29_r06_ORDINARIA.pdf,16,Sr. Presidente,Sr. Presidente.-,yes,yes,same-paragraph,none,high,"Un segundo, así mantenemos el orden. Vamos a poner en votación los cuatro proyectos","""Un segundo, así mantenemos el orden."" opens the labelled paragraph; ""Vamos a poner en votación los cuatro proyectos de ley..."" continues the same turn.",
734,2015-07-29_r06,2015-07-29_r06_ORDINARIA.pdf,37,Sr. Basualdo,Sr. Basualdo.-,yes,yes,same-paragraph,none,high,Nadie ha hablado del tipo de cambio. Acá estamos hablando de mejorar la rentabilidad,"Quoted words open the labelled paragraph, right after ""Sr. Presidente.- Senador, le están pidiendo una interrupción antes de finalizar. / Senador Basualdo.""",
735,2015-08-26_r07,2015-08-26_r07_ORDINARIA.pdf,37,Sra. Odarda,Sra. Odarda.-,yes,yes,same-paragraph,none,high,"Gracias, señor presidente. Ya votado el proyecto anterior quiero pedir preferencia para la próxima","""Gracias, señor presidente."" opens the labelled paragraph; ""Ya votado el proyecto anterior quiero pedir preferencia..."" is the next paragraph of the same turn.",
736,2015-09-16_r08,2015-09-16_r08_ORDINARIA.pdf,13,Sr. Presidente,Sr. Presidente.-,yes,yes,same-paragraph,none,high,"Para una interrupción, tiene la palabra el señor senador Giustiniani.",Fourth line of the page; the quoted sentence is the whole turn.,
737,2015-09-16_r08,2015-09-16_r08_ORDINARIA.pdf,15,Sr. González,Sr. González.-,yes,yes,same-paragraph,none,high,"Señor presidente: si bien creo que está reservado, por las dudas voy a pedir","Quoted words open the labelled paragraph, after ""Sr. Presidente.- Gracias, senadora. / Senador González.""",
738,2015-09-16_r08,2015-09-16_r08_ORDINARIA.pdf,23,Sr. Abal Medina,Sr. Abal Medina.-,yes,yes,previous-page,"""16 de septiembre de 2015   Sesión ordinaria   Pág. 23"" (running head splitting the paragraph carried over from page 22)",high,"y tantas otras. Tenía que ver con la construcción de un capital entre todos,",Label printed on printed page 20; no new label appears on pages 21-23 before the quoted words.,
739,2015-09-16_r08,2015-09-16_r08_ORDINARIA.pdf,30,Sr. Presidente,Sr. Presidente.-,yes,yes,same-paragraph,none,high,Pero quien la concede o no es el senador Abal Medina. Usted está haciendo,Quoted words open the labelled paragraph amid the exchange with Sra. Negre de Alonso.,
740,2015-09-16_r08,2015-09-16_r08_ORDINARIA.pdf,31,Sra. Negre de Alonso,Sra. Negre de Alonso.-,yes,yes,previous-page,"""16 de septiembre de 2015   Sesión ordinaria   Pág. 31"" (running head splitting the paragraph carried over from page 30)",high,En el prospecto tiene que poner los riesgos de la inversión. Fíjese lo que,"Label is the last one printed on page 30 (""Coincido, con nombre y apellido...""); page 31 opens mid-paragraph with the quoted words.",
741,2015-09-16_r08,2015-09-16_r08_ORDINARIA.pdf,46,Sra. Elías de Perez,Sra. Elías de Perez.-,yes,yes,previous-page,none,high,La verdad es que cuando yo tengo una mirada única de pensamiento único siento,"Label is the last line of page 45 (""Gracias, presidente.""); the quoted words open the first paragraph of page 46. Printed ""Perez"" without accent.",
742,2015-09-16_r08,2015-09-16_r08_ORDINARIA.pdf,49,Sr. Presidente,Sr. Presidente.-,yes,yes,same-paragraph,none,high,"Gracias, senador Basualdo. Tiene la palabra el señor De Angeli.","""Gracias, senador Basualdo."" opens the labelled paragraph; ""Tiene la palabra el señor De Angeli."" is the next line of the same turn.",
743,2015-09-16_r08,2015-09-16_r08_ORDINARIA.pdf,58,Sr. Rodríguez Saá,Sr. Rodríguez Saá.-,yes,yes,previous-page,"""16 de septiembre de 2015   Sesión ordinaria   Pág. 58"" (running head splitting the paragraph carried over from page 57)",high,"fantásticos, pero que para el bien común y el interés general poco tiene que","Label printed on page 57; page 58 opens mid-sentence with the quoted words before ""Sr. Presidente.- Tiene la palabra el señor senador Morales.""",
744,2015-10-07_r09,2015-10-07_r09_ORDINARIA.pdf,14,Sr. Presidente,Sr. Presidente.-,yes,yes,same-paragraph,none,high,"Bueno, entonces, vamos a votar en forma electrónica el ascenso a general de la","Quoted words open the labelled paragraph, right after Pichetto's proposal.",
745,2015-10-28_r10,2015-10-28_r10_ORDINARIA.pdf,15,Sr. Pichetto,Sr. Pichetto.-,yes,yes,same-paragraph,none,high,"¿Me permite una interrupción, senadora?",One-line turn; the quoted question is the whole turn.,
746,2015-10-28_r10,2015-10-28_r10_ORDINARIA.pdf,39,Sr. Artaza,Sr. Artaza.-,yes,yes,previous-page,"""28 de octubre de 2015   Sesión ordinaria   Pág. 39"" (running head splitting the paragraph carried over from page 38)",high,"natural. Por ejemplo, el gobierno provincial ha hecho un esfuerzo enorme para ir dándoles","Label printed on printed page 37; no new label on pages 38-39 until ""Sr. Presidente (Zamora).-"" further down page 39, after the quoted words.",
747,2015-10-28_r10,2015-10-28_r10_ORDINARIA.pdf,43,Sra. Negre de Alonso,Sra. Negre de Alonso.-,yes,yes,previous-page,"""28 de octubre de 2015   Sesión ordinaria   Pág. 43"" (running head splitting the paragraph carried over from page 42)",high,requisitos. Ya ha dicho la Corte que no es para apropiarse del poder la,Label printed on page 42 after the stage direction about Boudou taking the chair; page 43 opens mid-sentence with the quoted words.,
748,2015-10-28_r10,2015-10-28_r10_ORDINARIA.pdf,75,Sr. Presidente,Sr. Presidente.-,yes,yes,same-paragraph,none,high,"Muchas gracias, senador Pichetto. Son tres proyectos los que vamos a votar, cada uno","""Muchas gracias, senador Pichetto."" opens the labelled paragraph; ""Son tres proyectos los que vamos a votar..."" is the next paragraph of the same turn.",
749,2015-11-25_r11,2015-11-25_r11_ORDINARIA.pdf,15,Sr. Secretario (Estrada),Sr. Secretario (Estrada).-,yes,yes,same-paragraph,none,high,El otro retiro al que hizo referencia el señor presidente es el del oportuno,"Last turn on the page; quoted words open the labelled paragraph, after ""Sr. Pichetto.- Hay otro retiro de acuerdo más..."".",
750,2015-11-25_r11,2015-11-25_r11_ORDINARIA.pdf,49,Sr. Fuentes,Sr. Fuentes.-,yes,yes,same-paragraph,none,high,La denominación genérica de camino de sirga es histórica. El camino de sirga era,"Quoted words open the labelled paragraph, after ""Sr. Presidente (Zamora).- Tiene la palabra el señor senador Fuentes.""",
751,2015-12-03_r12,2015-12-03_r12_ESPECIAL.pdf,4,Sr. Presidente,Sr. Presidente.-,yes,yes,same-paragraph,none,high,"Si así no lo hiciereis, Dios y la Patria os lo demanden.","Page prints ""Si así no lo hicireis, Dios y la Patria os lo demanden. (Aplausos.)"" — same line, minor spelling variance from the quote.",
752,2015-12-09_r13,2015-12-09_r13_EN_MINORIA.pdf,3,Sr. Presidente,Sr. Presidente.-,yes,yes,same-paragraph,none,high,Tiene la palabra el senador Pichetto.,"Two near-identical lines on the page (""Tiene la palabra el señor senador Pichetto."" and ""Tiene la palabra el senador Pichetto.""); both carry the same label Sr. Presidente.-",
753,2016-03-30_r03,2016-03-30_r03_ESPECIAL.pdf,31,Sr. Solanas,Sr. Solanas.-,yes,yes,same-paragraph,none,high,"Sí, sí. Para ir terminando, voy a decir que, por supuesto, cuando uno revisa","Label opens the paragraph immediately after ""Sra. Presidente.- Senador, le queda un minuto.""",
754,2016-04-27_r04,2016-04-27_r04_ESPECIAL.pdf,42,Sr. Aguilar,Sr. Aguilar.-,yes,yes,same-paragraph,none,high,Señor presidente: primero quiero manifestar que vamos a tratar de ser muy breves. No,"Follows ""Sr. Presidente (Pinedo).- Tiene la palabra el senador Aguilar.""",
755,2016-04-27_r04,2016-04-27_r04_ESPECIAL.pdf,45,Sr. Mayans,Sr. Mayans.-,yes,yes,same-paragraph,none,high,"Gracias. Con respecto al tema del presupuesto, Diputados votó un presupuesto y nosotros hicimos","Label opens ""Gracias.""; ""Con respecto al tema del presupuesto..."" continues the same turn in the next indented paragraph.",
756,2016-04-27_r04,2016-04-27_r04_ESPECIAL.pdf,58,Sr. Solanas,Sr. Solanas.-,yes,yes,same-paragraph,none,high,Sí. Le pido un par de minutos más. Los trabajadores han perdido todo. En,"Follows ""Sr. Presidente (Cobos).- ¿Puede redondear, senador?""; ""Los trabajadores han perdido todo"" continues the same turn.",
757,2016-04-27_r04,2016-04-27_r04_ESPECIAL.pdf,90,Sr. Rodríguez Saá,Sr. Rodríguez Saá.-,yes,yes,previous-page,none,high,"afectaba la economía y, con ello, la Argentina incorporaba legiones enormes de hombres y","Turn opens on p. 89 (""Sr. Rodríguez Saá.- Gracias.""); quoted words are the first line of p. 90 with no intervening label.",
758,2016-05-18_r05,2016-05-18_r05_ESPECIAL.pdf,9,Sr. Presidente (Pinedo),Sr. Presidente (Pinedo).-,yes,yes,same-paragraph,none,high,"Si no se hace uso de la palabra, se va a votar.","Follows ""Sr. Pichetto.- ¿Votamos el ingreso?""",
759,2016-05-18_r05,2016-05-18_r05_ESPECIAL.pdf,45,Sr. Presidente (Marino),Sr. Presidente (Marino).-,yes,yes,same-paragraph,none,high,"¿Lo puede leer, senadora? Tiene la palabra la señora senadora González...","Label opens ""¿Lo puede leer, senadora?""; ""Tiene la palabra la señora senadora González..."" is the next indented line of the same turn.",
760,2016-06-01_r07,2016-06-01_r07_INFORMATIVA_ESPECIAL.pdf,40,Sr. Jefe de Gabinete de Ministros,Sr. Jefe de Gabinete de Ministros.-,yes,yes,same-paragraph,none,high,"Me parece perfecto, presidente. Como usted diga. Básicamente, estamos apelando porque el precio de","Label opens ""Me parece perfecto, presidente. Como usted diga.""; ""Básicamente, estamos apelando..."" continues the same turn.",
761,2016-06-01_r07,2016-06-01_r07_INFORMATIVA_ESPECIAL.pdf,43,Sr. Jefe de Gabinete de Ministros,Sr. Jefe de Gabinete de Ministros.-,yes,yes,previous-page,none,high,"claro que no funcionó. Estamos en un sistema de reparto, y en un sistema",Last label on p. 42 is Sr. Jefe de Gabinete de Ministros.-; quoted words are the first line of p. 43 with no intervening label.,
762,2016-06-08_r08,2016-06-08_r08_ORDINARIA.pdf,18,Sr. Godoy,Sr. Godoy.-,yes,yes,same-paragraph,none,high,Yo también dejo constancia de mi voto negativo para el Orden del Día Nº,"Sra. Luna two lines later says nearly the same thing but with ""en el Orden del Día""; the quote's ""para el Orden del Día"" matches Godoy.",
763,2016-06-08_r08,2016-06-08_r08_ORDINARIA.pdf,94,Sra. Varela,Sra. Varela.-,yes,yes,same-paragraph,none,high,"En la misma línea de la senadora preopinante, me voy a abstener en la","Follows ""Sra. Presidente.- Tiene la palabra la senadora Marta Varela.""",
764,2016-06-15_r09,2016-06-15_r09_ESPECIAL.pdf,33,Sr. Cabral,Sr. Cabral.-,yes,yes,previous-page,none,high,Así que por estas razones voy a votar favorablemente a los miembros de la,Turn opens on p. 32; quoted words are the first line of p. 33 with no intervening label.,
765,2016-06-29_r10,2016-06-29_r10_ESPECIAL.pdf,10,Sra. Presidente,Sra. Presidente. -,yes,yes,same-paragraph,none,high,"Acordamos en labor diez minutos para que justamente... Bueno, fue el acuerdo de Labor.","This page spaces the dash (""Sra. Presidente. -""); label follows ""Sr. Petcoff Naidenoff. - Bueno, pero tienen que ser más minutos..."".",
766,2016-06-29_r10,2016-06-29_r10_ESPECIAL.pdf,99,Sra. Presidente,Sra. Presidente. -,yes,yes,same-paragraph,none,high,Tiene la palabra el señor senador Fuentes.,Printed with a space before the dash; the next turn is Sr. Fuentes. -,
767,2016-07-13_r11,2016-07-13_r11_ORDINARIA.pdf,82,Sr. Pichetto,Sr. Pichetto.-,yes,yes,same-paragraph,none,high,Fueron intentos de desarrollo de una industria automotriz nacional.,"Short one-line turn between ""Sra. Presidente.- Por favor."" and ""Sr. Rozas.- Es una broma.""",
768,2016-07-13_r11,2016-07-13_r11_ORDINARIA.pdf,82,Sr. Pichetto,Sr. Pichetto.-,yes,yes,same-paragraph,none,high,Vamos a votar en una sola votación los tres proyectos en general y en,"Follows ""Sra. Presidente.- Está sonando el timbre.""; same page also has other Pichetto turns, none ambiguous.",
769,2016-08-10_r12,2016-08-10_r12_ORDINARIA.pdf,15,Sr. Presidente (Pinedo),Sr. Presidente (Pinedo).-,yes,yes,same-paragraph,none,high,Este es el momento de las preferencias senadora.,"Printed as ""Sr. Presidente (Pinedo).- Este es el momento de las preferencias senadora.""",
770,2016-08-10_r12,2016-08-10_r12_ORDINARIA.pdf,31,Sra. Presidente,Sra. Presidente.-,yes,yes,same-paragraph,none,medium,"Gracias, señora senadora. Informo que la señora ministra de Seguridad está haciendo un proyecto","The page's last line is ""Sra. Presidente.- Gracias, señora senadora.""; the ""Informo que la señora ministra de Seguridad..."" continuation runs onto the next page, which was not supplied.",
771,2016-08-10_r12,2016-08-10_r12_ORDINARIA.pdf,48,Sra. Kunath,Sra. Kunath.-,yes,yes,same-paragraph,none,high,"Quiero decir que omití agradecer al senador Luenzo quien, como presidente de la Comisión","Follows ""Sra. Presidente.- Senadora Kunath.""",
772,2016-08-10_r12,2016-08-10_r12_ORDINARIA.pdf,79,Sra. Presidente,Sra. Presidente.-,yes,yes,same-paragraph,none,high,Corresponde proponer el tratamiento de los proyectos sobre tablas a solicitar acordados en Labor,"First turn under the bold section title ""28. Consideración en conjunto de proyectos sobre tablas"".",
773,2016-09-07_r13,2016-09-07_r13_ORDINARIA.pdf,21,Sra. Presidente,Sra. Presidente.-,yes,yes,same-paragraph,none,high,Tiene la palabra el señor senador Rozas.,"Line reads ""Sra. Presidente.- Tiene la palabra el señor senador Rozas.""",
774,2016-09-07_r13,2016-09-07_r13_ORDINARIA.pdf,34,Sr. Rodríguez Saá,Sr. Rodríguez Saá.-,yes,yes,same-paragraph,none,high,"“Puede igualmente hacer uso de la palabra para rectificar aseveraciones que considera equivocadas, hechas","Quotation of the Reglamento inside Rodríguez Saá's turn, between two Sr. Pichetto interjections.",
775,2016-09-07_r13,2016-09-07_r13_ORDINARIA.pdf,60,Sra. Presidente,Sra. Presidente.-,yes,yes,same-paragraph,none,high,Quedan sin votar tres senadores.,"Follows the stage direction ""- Se practica la votación por medios electrónicos.""",
776,2016-09-07_r13,2016-09-07_r13_ORDINARIA.pdf,94,Sr. Secretario (Tunessi),Sr. Secretario (Tunessi).-,yes,yes,same-paragraph,none,high,"Resultan afirmativos 58 votos; negativos, un voto; abstenciones, cero votos.",The label opens the very paragraph reporting 58 affirmative votes; a second identical label follows two lines later.,
777,2016-09-07_r13,2016-09-07_r13_ORDINARIA.pdf,110,Sr. Basualdo,Sr. Basualdo.-,yes,yes,same-paragraph,none,high,"Señora presidenta: este tema lo venimos trabajando desde hace muchos años. Es decir, hace",Preceded by Sra. Presidente giving him the floor.,
778,2016-09-07_r13,2016-09-07_r13_ORDINARIA.pdf,118,Sra. Presidente,Sra. Presidente.-,yes,yes,same-paragraph,none,high,"No se vayan, por favor. En consideración todos los órdenes del día con proyectos","""No se vayan, por favor."" opens the turn; the ""En consideración..."" sentence is the next line of the same turn.",
779,2016-09-21_r14,2016-09-21_r14_ESPECIAL.pdf,46,Sr. Presidente (Pinedo),Sr. Presidente (Pinedo).-,yes,yes,same-paragraph,none,high,"¿Usted quiere saberlo antes de la votación en general? Entonces, le vamos a dar","Question opens the turn; ""Entonces, le vamos a dar la palabra..."" continues the same turn.",
780,2016-09-21_r14,2016-09-21_r14_ESPECIAL.pdf,50,Sr. Espínola,Sr. Espínola.-,yes,yes,same-paragraph,none,high,"Sí, se aceptan las modificaciones.","Page prints ""Sí, se aceptan las modificaciones."" directly after the label.",
781,2016-09-21_r14,2016-09-21_r14_ESPECIAL.pdf,50,Sr. Presidente (Pinedo),Sr. Presidente (Pinedo).-,yes,yes,earlier-on-page,none,high,Tiene la palabra el señor senador Espínola.,"Third line of the turn that opens ""Como última frase del artículo.""; the intervening ""(Risas.)"" does not end it.",
782,2016-10-19_r16,2016-10-19_r16_ORDINARIA.pdf,22,Sr. Presidente (Pinedo),Sr. Presidente (Pinedo).-,yes,yes,same-paragraph,none,high,Pasa la cuestión de privilegio a la Comisión de Asuntos Constitucionales.,"Closes the cuestión de privilegio just before the bold section title ""8. Cuestión de privilegio (S.-4.152/16.)"".",
783,2016-10-19_r16,2016-10-19_r16_ORDINARIA.pdf,27,Sr. Secretario (Tunessi),Sr. Secretario (Tunessi).-,yes,yes,earlier-on-page,none,high,Institución de la Semana Nacional de Concientización sobre Sueño Seguro de los Lactantes. (O.D.,"First item of the órdenes del día list read by the Secretary; only the stage direction ""-Los órdenes del día en consideración, cuyos textos se incluyen en el Apéndice, son los siguientes:"" intervenes, which does not end the turn.",
784,2016-10-19_r16,2016-10-19_r16_ORDINARIA.pdf,54,Sr. Presidente (Pinedo),Sr. Presidente (Pinedo).-,yes,yes,same-paragraph,none,high,"Gracias a usted, senadora. La señora senadora Giménez tiene la palabra.","""Gracias a usted, senadora."" opens the turn; the Giménez line is the next line of the same turn.",
785,2016-11-02_r17,2016-11-02_r17_ORDINARIA.pdf,75,Sr. Martínez (E. F.),Sr. Martínez (E. F.).-,yes,yes,same-paragraph,none,high,"Muchas gracias, presidente. Gracias, señor senador Fuentes. Había quedado en que es un juez","Page prints ""Muchas gracias, presidente. Gracias, señor senador Fuentes."" right after the label.",
786,2016-11-16_r18,2016-11-16_r18_ORDINARIA.pdf,41,Sr. Fuentes,Sr. Fuentes.-,yes,yes,same-paragraph,none,high,"Avalando totalmente lo que usted dice, recuerdo al compañero que estaba a cargo de","Last turn on the page, after the President grants him the interruption.",
787,2016-11-23_r19,2016-11-23_r19_ORDINARIA.pdf,16,Sr. Presidente (Pinedo),Sr. Presidente (Pinedo).-,yes,yes,same-paragraph,none,high,"Gracias, señora senadora. Pasa a la Comisión de Asuntos Constitucionales.","""Gracias, señora senadora."" opens the turn; ""Pasa a la Comisión..."" is the next line of the same turn.",
788,2016-11-23_r19,2016-11-23_r19_ORDINARIA.pdf,35,Sr. Caserio,Sr. Caserio.-,yes,yes,same-paragraph,none,high,"Gracias, señora presidente. Quiero clarificar, un poco, nuestro planteo. En ningún momento, el planteo","""Gracias, señora presidente."" opens the turn; ""Quiero clarificar..."" continues it.",
789,2016-11-30_r20,2016-11-30_r20_ORDINARIA.pdf,4,Sra. Sacnun,Sra. Sacnun.-,yes,yes,same-paragraph,none,high,Señor presidente: sin perjuicio de las inserciones que fueron autorizadas a los fines de,"Last turn on the page, right after the President gives her the floor.",
790,2016-11-30_r20,2016-11-30_r20_ORDINARIA.pdf,104,Sr. Godoy,Sr. Godoy.-,yes,yes,same-paragraph,none,high,Voy a votar en contra del artículo 15.,"The President's next line paraphrases it (""El artículo 15 lo va a votar en contra el senador Godoy.""), but the quoted wording is Godoy's.",
791,2016-11-30_r20,2016-11-30_r20_ORDINARIA.pdf,109,Sra. Presidente,Sra. Presidente.-,yes,yes,same-paragraph,none,high,"Es difícil, porque a veces la mitad pide una cosa y la otra mitad,","Page prints ""Es difícil, porque a veces la mitad pide una cosa y la otra mitad, otra.""",
792,2016-11-30_r20,2016-11-30_r20_ORDINARIA.pdf,164,Sra. Presidente,Sra. Presidente.-,yes,yes,same-paragraph,none,high,"Senador, ¿cómo es la moción de orden que no lo escuché? ¿Que se vote?","Page prints ""¿Que se vote?"" (brief quotes ""¿Que se vote?"" as ""¿Que se vote?""); same turn.",
793,2016-12-21_r22,2016-12-21_r22_EXTRAORDINARIA.pdf,17,Sr. Pérsico,Sr. Pérsico.-,yes,yes,same-paragraph,none,high,Una de las primeras medidas que tomó este gobierno fue sacar las retenciones a,"Follows the President's ""Senador, ya tiene que cerrar.""",
794,2016-12-21_r22,2016-12-21_r22_EXTRAORDINARIA.pdf,39,Sra. Presidente,Sra. Presidente.-,yes,yes,same-paragraph,none,high,"Reinicien el tiempo, por favor.",One-line turn between two Sr. Romero turns.,
795,2016-12-21_r22,2016-12-21_r22_EXTRAORDINARIA.pdf,55,Sra. Pilatti Vergara,Sra. Pilatti Vergara.-,yes,yes,same-paragraph,none,high,Es para sumarme al pedido de cuestión de privilegio que hizo la senadora Fellner.,"Under section title ""10. Cuestión de privilegio planteada por la señora senadora Pilatti Vergara (S.-4.917/16.)"".",
796,2017-03-01_r00,2017-03-01_r00_ASAMBLEA.pdf,8,Sr. Presidente de la Nación,Sr. Presidente de la Nación.-,yes,yes,previous-page,none,high,Quince millones de argentinos hoy no tienen ni obra social ni prepaga. Creamos la,"Label printed on page 6 under ""5. Mensaje del señor presidente de la Nación""; pages 7 and 8 carry no new label, only running heads and ""(Aplausos.)"".",
797,2017-03-29_r02,2017-03-29_r02_ORDINARIA.pdf,28,Sra. Presidente,Sra. Presidente.-,yes,yes,same-paragraph,none,high,"Aprobado. Si no se hace uso de la palabra, se va a votar.","""Aprobado."" opens the turn; ""Si no se hace uso de la palabra, se va a votar."" is its next line.",
798,2017-04-25_r04,2017-04-25_r04_INFORMATIVA_ESPECIAL.pdf,28,Sr. Jefe de Gabinete de Ministros,Sr. Jefe de Gabinete de Ministros.-,yes,yes,same-paragraph,none,high,Muchas gracias a todos los senadores y senadoras. Disculpen el resfrío. Senador Abal Medina:,"The ""Senador Abal Medina:"" sentence begins the following line of the same turn.",
799,2017-04-25_r04,2017-04-25_r04_INFORMATIVA_ESPECIAL.pdf,43,Sra. Crexell,Sra. Crexell.-,yes,yes,same-paragraph,none,high,"Señora presidenta: si me lo permite, quiero ceder mi lugar al senador Luenzo, dado","Follows ""Tiene la palabra la senadora Crexell."" from the chair.",
800,2017-04-25_r04,2017-04-25_r04_INFORMATIVA_ESPECIAL.pdf,51,Sra. Presidente,Sra. Presidente.-,yes,yes,same-paragraph,none,high,"Perdón, senadora: le quedan más o menos dos minutos.",One-line turn interrupting Sra. Odarda.,
801,2017-04-26_r05,2017-04-26_r05_ESPECIAL.pdf,55,Sra. Odarda,Sra. Odarda.-,yes,yes,same-paragraph,none,high,Se le introdujeron modificaciones y esas modificaciones constituyen el dictamen de Diputados que hoy,"The turn opens immediately after the stage direction ""- Murmullos en el recinto."" and a short Presidente turn; the quoted words start the Odarda paragraph.",
802,2017-05-10_r06,2017-05-10_r06_ESPECIAL.pdf,30,Sr. Catalán Magni,Sr. Catalán Magni.-,yes,yes,same-paragraph,none,high,"Gracias, señora presidente. En principio, adhiero al repudio – como han hecho todos– de",Quoted words begin the paragraph opened by this label on page 30.,
803,2017-05-10_r06,2017-05-10_r06_ESPECIAL.pdf,49,Sra. Presidente,Sra. Presidente.-,yes,yes,same-paragraph,none,high,Tiene la palabra el senador Rodríguez Saá.,"Printed ""Sra. Presidente.-"", not ""Presidenta""; transcribed as printed.",
804,2017-05-31_r07,2017-05-31_r07_ORDINARIA.pdf,38,Sra. Negre de Alonso,Sra. Negre de Alonso.-,yes,yes,same-paragraph,none,high,Es el Estado el que tiene que acercarse inmediatamente a la víctima…,"Quoted words open this paragraph; the following ""Sra. Presidente.- Exacto."" is a separate later turn.",
805,2017-07-12_r09,2017-07-12_r09_ESPECIAL.pdf,13,Sr. Presidente (Pinedo),Sr. Presidente (Pinedo).-,yes,yes,same-paragraph,none,high,La Presidencia elaboró un orden de tratamiento de esta manera. Hay muchos pedidos de,"The quote runs across the first two paragraphs of the same turn (""...de esta manera."" / ""Hay muchos pedidos de sesión especial..."").",
806,2017-07-12_r09,2017-07-12_r09_ESPECIAL.pdf,17,Sra. Sacnun,Sra. Sacnun.-,yes,yes,same-paragraph,none,high,"En el mismo sentido que lo que planteaba la senadora por San Luis, la",Quoted words open the Sacnun turn on page 17.,
807,2017-07-12_r09,2017-07-12_r09_ESPECIAL.pdf,26,Sr. Presidente (Marino),Sr. Presidente (Marino).-,yes,yes,same-paragraph,none,high,Aprobado. Tiene la palabra el senador Pinedo.,"""Aprobado."" opens the turn, ""Tiene la palabra el senador Pinedo."" is its second paragraph.",
808,2017-08-23_r10,2017-08-23_r10_ORDINARIA.pdf,43,Sr. Abal Medina,Sr. Abal Medina.-,yes,yes,same-paragraph,none,high,"Dada la trascendencia del tema, me gustaría que la presidenta de la comisión haga","An earlier short ""Sr. Abal Medina.- Pido la palabra."" turn is separate; the quoted words belong to the second, longer one.",
809,2017-08-23_r10,2017-08-23_r10_ORDINARIA.pdf,51,Sra. Presidente,Sra. Presidente.-,yes,yes,same-paragraph,none,high,"Lo sacamos aparte. Para hacerlo bien. Entonces, el O.D. Nº 415/17 lo sacamos del",Quote spans the first two paragraphs of the same Presidente turn on page 51.,
810,2017-08-23_r10,2017-08-23_r10_ORDINARIA.pdf,53,Sr. Rozas,Sr. Rozas.-,yes,yes,same-paragraph,none,high,"Está bien, pero quiero hacer simplemente una sugerencia: que dentro del paquete se dé","Second Rozas turn on page 53, after the intervening ""Sra. Presidente.- Después lo vamos a hablar.""",
811,2017-08-23_r10,2017-08-23_r10_ORDINARIA.pdf,68,Sra. Presidente,Sra. Presidente.-,yes,yes,previous-page,"""- Los órdenes del día en consideración, cuyos textos se incluyen en el Apéndice, son los siguientes:"" (stage direction immediately preceding the quoted list)",medium,"Autorización de la transferencia del cargo de funcionamiento de un complejo polideportivo municipal, en","Last printed bold label across pages 57-68 is ""Sra. Presidente.-"" on page 57 (""Vamos a votar electrónicamente todos los proyectos menos el Orden del Día Nº 415/17.""); everything between is inserted material under bold-caps headings such as ""POSICIÓN DE LA SEÑORA SENADORA GIMÉNEZ"" and ""POSICIÓN DEL SEÑOR SENADOR LOVERA"", which carry no speaker label.",
812,2017-09-06_r11,2017-09-06_r11_INFORMATIVA_ESPECIAL.pdf,9,Sr. Pais,Sr. Pais.-,yes,yes,same-paragraph,none,high,Señor jefe de Gabinete: agradezco su diligencia en la participación ante el Congreso rindiendo,Quoted words open the Pais turn on page 9.,
813,2017-09-06_r11,2017-09-06_r11_INFORMATIVA_ESPECIAL.pdf,26,Sra. Mirkin,Sra. Mirkin.-,yes,yes,same-paragraph,none,high,"Gracias, señora presidenta. Señor jefe de Gabinete: muchas gracias por estar acá. Quería transmitirle",Turn opens on the last printed line of page 26.,
814,2017-09-06_r11,2017-09-06_r11_INFORMATIVA_ESPECIAL.pdf,46,Sr. Jefe de Gabinete de Ministros,Sr. Jefe de Gabinete de Ministros.-,yes,yes,same-paragraph,none,high,"No, no asumimos el compromiso. Por supuesto, es todo lo que se pueda. El","Third such labelled turn on page 46, right after a stage direction about senator Mirkin speaking off-microphone.",
815,2017-09-06_r11,2017-09-06_r11_INFORMATIVA_ESPECIAL.pdf,46,Sr. Jefe de Gabinete de Ministros,Sr. Jefe de Gabinete de Ministros.-,yes,yes,same-paragraph,none,high,No tengo la precisión. Le consigo la información más precisa y se la reenviamos,Second such labelled turn on page 46; the same label governs several separate turns on this page but the quoted words match only one.,
816,2017-09-06_r11,2017-09-06_r11_INFORMATIVA_ESPECIAL.pdf,53,Sra. Presidente,Sra. Presidente.-,yes,yes,same-paragraph,none,high,"Gracias, senadora. Tiene la palabra el senador Luenzo. Senador Luenzo, ¿usted es un monobloque","Quote spans the two paragraphs of the same turn (""Gracias, senadora."" / ""Tiene la palabra el senador Luenzo..."").",
817,2017-09-07_r12,2017-09-07_r12_ORDINARIA.pdf,40,Sra. Elías de Perez,Sra. Elías de Perez.-,yes,yes,same-paragraph,none,high,Presidente: le doy la interrupción al senador Pinedo.,"Printed ""Elías de Perez"" without an accent on Perez; transcribed as printed.",
818,2017-09-07_r12,2017-09-07_r12_ORDINARIA.pdf,66,Sra. Negre de Alonso,Sra. Negre de Alonso.-,yes,yes,same-paragraph,none,high,Les agradezco a todos los que me acompañaron ante este atropello institucional.,Turn opens right after the italic line about the vote result being in the corresponding record.,
819,2017-09-27_r13,2017-09-27_r13_ESPECIAL.pdf,23,Sr. Martínez (E. F.),Sr. Martínez (E. F.).-,yes,yes,same-paragraph,none,high,"Indudablemente, estos temas de técnica penal son tediosos y aburridos. Es lo que ocurre,",First Martínez turn on page 23; a second one follows after a short Presidente interjection.,
820,2017-09-27_r13,2017-09-27_r13_ESPECIAL.pdf,71,Sr. Presidente (Pinedo),Sr. Presidente (Pinedo).-,yes,yes,same-paragraph,none,high,"Por supuesto. Senador Martínez, ¿en el artículo 1º no tiene objeciones, o sí? No.","Quote spans the two paragraphs of the same turn (""Por supuesto."" / ""Senador Martínez, ¿en el artículo 1º..."").",
821,2017-11-01_r14,2017-11-01_r14_ESPECIAL.pdf,6,Sr. Perotti,Sr. Perotti.-,yes,yes,same-paragraph,none,high,"Gracias, señor presidente. En los mismos términos en que se ha expresado el senador","Two other turns on the page also open with ""Gracias, señor presidente."" (Odarda) or ""Gracias, presidente."" (Pereyra), but only Perotti continues ""En los mismos términos en que se ha expresado el senador Reutemann...""",
822,2017-11-01_r14,2017-11-01_r14_ESPECIAL.pdf,11,Sr. Presidente (Pinedo),Sr. Presidente (Pinedo).-,yes,yes,same-paragraph,none,high,Tiene la palabra el señor senador Pereyra.,"Line sits under the bold section heading ""7. Pedidos de preferencia"", which is furniture and not speech.",
823,2017-11-29_r17,2017-11-29_r17_ESPECIAL.pdf,9,Sra. Presidente,Sra. Presidente.-,yes,yes,same-paragraph,"superscript footnote marker (footnote text ""Ver el Apéndice."")",high,"Si así no lo hiciereis, Dios y la Patria os lo demanden.","The sentence is printed several times on this page (first line, and after the Closs, Basualdo and López Valverde oaths), but every occurrence carries the same label ""Sra. Presidente.-"", so the attribution is not ambiguous; each is followed by ""(Aplausos.)"".",
824,2017-11-29_r17,2017-11-29_r17_ESPECIAL.pdf,9,Sra. Presidente,Sra. Presidente.-,yes,yes,same-paragraph,"superscript footnote marker (footnote text ""Ver el Apéndice."")",high,"Si así no lo hiciereis, Dios y la Patria os lo demanden.","Same repeated sentence as the previous case; all occurrences on the page are labelled ""Sra. Presidente.-"".",
825,2017-11-29_r17,2017-11-29_r17_ESPECIAL.pdf,9,Sra. Presidente,Sra. Presidente.-,yes,yes,same-paragraph,"superscript footnote marker (footnote text ""Ver el Apéndice."")",high,"Si así no lo hiciereis, Dios y la Patria os lo demanden.","Same repeated sentence as the two previous cases; all occurrences on the page are labelled ""Sra. Presidente.-"".",
826,2017-11-29_r17,2017-11-29_r17_ESPECIAL.pdf,9,Sra. Presidente,Sra. Presidente.-,yes,yes,same-paragraph,"footnote marker ""14"" and ""(Aplausos.)""",high,"Si así no lo hiciereis, Dios y la Patria os lo demanden.","The same sentence is printed four times on this page (first line, and again before footnotes 15, 18, 19), every time under the identical label Sra. Presidente.-, so the attribution is unaffected.",
827,2017-11-29_r18,2017-11-29_r18_ORDINARIA.pdf,43,Sra. Negre de Alonso,Sra. Negre de Alonso.-,yes,yes,same-paragraph,none,high,¡Sí tengo derecho a plantear la reconsideración!,"Near the foot of the page, immediately before the turn of Sr. Petcoff Naidenoff.-",
828,2017-11-29_r18,2017-11-29_r18_ORDINARIA.pdf,46,Sra. Presidente,Sra. Presidente.-,yes,yes,same-paragraph,none,high,¡Pero dos veces me dijo que le niego...!,Last line of the page.,
829,2017-11-29_r18,2017-11-29_r18_ORDINARIA.pdf,62,Sr. Presidente (Pinedo),Sr. Presidente (Pinedo).-,yes,yes,same-paragraph,none,high,"Gracias, señor senador. Senadora Nancy González tiene la palabra.","""Gracias, señor senador."" opens the turn; ""Senadora Nancy González tiene la palabra."" is the next line of the same turn.",
830,2017-11-29_r18,2017-11-29_r18_ORDINARIA.pdf,158,Sr. Presidente,Sr. Presidente.-,yes,yes,same-paragraph,none,high,Corresponde considerar los dictámenes de la Comisión Parlamentaria Mixta Revisora de Cuentas que por,"Turn opens right after the bold section title ""12. Cuenta de inversión correspondiente al ejercicio 2014 (O.D. Nº 1.225/16 con anexo I y complemento.)"", which is page furniture and not part of the paragraph.",
831,2017-12-27_r19,2017-12-27_r19_EXTRAORDINARIA.pdf,3,Sra. Presidente,Sra. Presidente.-,yes,yes,same-paragraph,none,high,Muchas gracias. Conforme lo que establece el artículo 10 del reglamento de esta Honorable,"Turn opens under the bold section title ""3. Juramento de la señora senadora Gladys Esther González""; ""Muchas gracias."" is the opening sentence and ""Conforme lo que establece el artículo 10..."" the next line of the same turn.",
832,2017-12-27_r19,2017-12-27_r19_EXTRAORDINARIA.pdf,6,Sra. Fernández de Kirchner,Sra. Fernández de Kirchner.-,yes,yes,same-paragraph,none,high,"Se la voy a conceder más tarde, déjeme terminar.",Sits between the turns of Sra. Presidente.- and Sr. Mayans.-,
833,2017-12-27_r19,2017-12-27_r19_EXTRAORDINARIA.pdf,10,Sra. Fernández de Kirchner,Sra. Fernández de Kirchner.-,yes,yes,same-paragraph,none,high,"Una aclaración que merecen, fundamentalmente, la señora senadora preopinante y su madre. Precisamente por","""Precisamente por considerar..."" continues in the following paragraph of the same turn.",
834,2017-12-27_r19,2017-12-27_r19_EXTRAORDINARIA.pdf,14,Sr. Rodríguez Saá,Sr. Rodríguez Saá.-,yes,yes,same-paragraph,none,high,"Lo dijo ayer en la comisión, que es un precedente.",Preceded by a one-line turn of Sr. Pichetto.- and followed by another.,
835,2017-12-27_r19,2017-12-27_r19_EXTRAORDINARIA.pdf,28,Sr. Presidente (Marino),Sr. Presidente (Marino).-,yes,yes,same-paragraph,none,high,Perdón. Le pide una interrupción el senador Fuentes.,"Second line of the page, right after the turn of Sra. Sacnun.-",
836,2017-12-27_r19,2017-12-27_r19_EXTRAORDINARIA.pdf,67,Sr. Presidente (Pinedo),Sr. Presidente (Pinedo).-,yes,yes,same-paragraph,none,high,"Le tengo que recordar el tiempo, señor senador.","A similar line by the same speaker appears earlier on the page (""Le recuerdo su tiempo, señor senador.""), but the quoted wording matches only the later one.",
837,2017-12-27_r19,2017-12-27_r19_EXTRAORDINARIA.pdf,71,Sra. Rodríguez Machado,Sra. Rodríguez Machado.-,yes,yes,same-paragraph,none,high,Simplemente para una aclaración. Senador Mayans: usted no integró esta semana la Comisión de,"""Senador Mayans: usted no integró..."" is the following paragraph of the same turn.",
838,2017-12-27_r19,2017-12-27_r19_EXTRAORDINARIA.pdf,160,Sra. Presidente,Sra. Presidente.-,yes,yes,same-paragraph,none,high,Queda aprobado el título IV. Se va a votar el título V.,"Parallel lines for títulos III, V, VI carry the same label, but only this one reads ""título IV ... título V"".",
839,2018-02-28_r01,2018-02-28_r01_PREPARATORIA.pdf,4,Sra. Presidente,Sra. Presidente.-,yes,yes,same-paragraph,none,high,"Lo íbamos a dejar para el final, pero es así como usted dice.","Followed by the turn of Sr. Pichetto.- (""¡Ah! Perfecto."").",
840,2018-02-28_r01,2018-02-28_r01_PREPARATORIA.pdf,7,Sra. Presidente,Sra. Presidente.-,yes,yes,same-paragraph,none,high,"Gracias, senadora García Larraburu. En esta sesión no podemos introducir ningún otro proyecto ni","""En esta sesión no podemos introducir..."" is the next paragraph of the same turn.",
841,2018-03-01_r00,2018-03-01_r00_ASAMBLEA.pdf,7,Sra. Presidente,Sra. Presidente.-,yes,yes,same-paragraph,none,high,"Aprobado. Habiendo consentimiento, por Secretaría se va a dar lectura de la nómina de","""Aprobado."" opens the turn right after the stage direction ""- Asentimiento.""; the nómina sentence continues the same turn.",
842,2018-03-21_r02,2018-03-21_r02_ORDINARIA.pdf,79,Sr. Snopek,Sr. Snopek.-,yes,yes,same-paragraph,none,high,"Primero, voy a hacer una observación para que quede en la versión taquigráfica.",Sits between two turns of Sra. Presidente.-,
843,2018-03-21_r02,2018-03-21_r02_ORDINARIA.pdf,80,Sra. Presidente,Sra. Presidente.-,yes,yes,same-paragraph,none,high,"No, no, están todos sentados. No se preocupe. Entonces, el miembro informante de este","""Entonces, el miembro informante de este tema es el senador Cobos."" is the next line of the same turn.",
844,2018-03-21_r02,2018-03-21_r02_ORDINARIA.pdf,92,Sr. Petcoff Naidenoff,Sr. Petcoff Naidenoff.-,yes,yes,same-paragraph,none,high,"El S.-563/18 y el S.-732/18, la citación a Dietrich y la cuestión energética, no","Printed with no space after the label (""Sr. Petcoff Naidenoff.-El S.-563/18..."").",
845,2018-04-18_r03,2018-04-18_r03_ORDINARIA.pdf,50,Sra. Presidente,Sra. Presidente.-,yes,yes,same-paragraph,none,high,Perfecto. Después lo vamos a leer para ver cómo queda. Continúa en uso de,"""Continúa en uso de la palabra el senador Pais."" is the next line of the same turn.",
846,2018-04-25_r04,2018-04-25_r04_ESPECIAL.pdf,14,Sr. Rozas,Sr. Rozas.-,yes,yes,same-paragraph,none,high,"Simplemente, a los efectos de hacer una aclaración.","Same speaker says a similar line twice further down (""Es para hacer una aclaración.""), but the quoted wording matches only this first one.",
847,2018-04-25_r04,2018-04-25_r04_ESPECIAL.pdf,37,Sr. Solanas,Sr. Solanas.-,yes,yes,same-paragraph,none,high,"Muchas gracias, señor presidente. Debo confesar que este proyecto me ha sorprendido porque además","""Debo confesar que este proyecto me ha sorprendido..."" is the next paragraph of the same turn.",
848,2018-04-25_r04,2018-04-25_r04_ESPECIAL.pdf,67,Sr. Urtubey,Sr. Urtubey.-,yes,yes,same-paragraph,none,high,"En realidad, es la vuelta a la versión original del artículo 17 de la",Follows the turn of Sra. Presidente.- announcing article 7º.,
849,2018-04-25_r04,2018-04-25_r04_ESPECIAL.pdf,71,Sra. Presidente,Sra. Presidente.-,yes,yes,same-paragraph,none,high,Tiene la palabra el señor senador Pichetto.,"Under the bold section title ""10. Modificación del plan de labor"", right after ""Sr. Pichetto.- Pido la palabra.""",
850,2018-04-25_r05,2018-04-25_r05_INFORMATIVA_ESPECIAL.pdf,34,Sr. Jefe de Gabinete de Ministros,Sr. Jefe de Gabinete de Ministros.-,yes,yes,same-paragraph,none,high,"Perdón, presidenta. Me faltó una cosa para el tema del NEA, una precisión que",Sits between two turns of Sra. Presidente.-,
851,2018-05-30_r06,2018-05-30_r06_ESPECIAL.pdf,13,Sra. Presidente,Sra. Presidente.-,yes,yes,same-paragraph,none,high,"Sí, ahora íbamos a practicar esa votación.","Short turn between two ""Sra. Boyadjian.-"" turns near the foot of the page.",
852,2018-05-30_r06,2018-05-30_r06_ESPECIAL.pdf,21,Sra. Presidente,Sra. Presidente.-,yes,yes,same-paragraph,none,high,Le solicita una interrupción el señor senador Cobos.,"One-line turn following ""Sr. Cobos.- ¿Me permite, señora presidente?"".",
853,2018-05-30_r06,2018-05-30_r06_ESPECIAL.pdf,45,Sra. Sacnun,Sra. Sacnun.-,yes,yes,same-paragraph,none,high,Señor presidente: la verdad es que estuve escuchando con mucha atención a los senadores,"Turn opens right after ""Sr. Presidente (Marino).- Tiene la palabra la señora senadora Sacnun.""",
854,2018-05-30_r06,2018-05-30_r06_ESPECIAL.pdf,48,Sra. Sacnun,Sra. Sacnun.-,yes,yes,earlier-on-page,"(exhibe un gráfico),",high,la variación de gas entregado por las distribuidoras al sector residencial en miles de,"Label opens the long turn mid-page after ""Sr. Presidente (Marino).- No hay interrupción.""",
855,2018-06-27_r07,2018-06-27_r07_ORDINARIA.pdf,33,Sra. Presidente,Sra. Presidente.-,yes,yes,same-paragraph,none,high,Senador Pichetto… Vamos a hacer…,"""Senador Pichetto…"" and ""Vamos a hacer…"" are two lines of the same turn, before the stage direction.",
856,2018-06-27_r08,2018-06-27_r08_INFORMATIVA_ESPECIAL.pdf,43,Sr. Jefe de Gabinete de Ministros,Sr. Jefe de Gabinete de Ministros.-,yes,yes,same-paragraph,none,high,De vuelta: con la credibilidad que pueden tener aquellos con la política que ustedes,"Page prints the office, not a personal name; label repeats several times on the page.",
857,2018-07-04_r09,2018-07-04_r09_ORDINARIA.pdf,12,Sra. Presidente,Sra. Presidente.-,yes,yes,same-paragraph,none,high,"Gracias a usted, senadora. Pasa el tema a Asuntos Constitucionales.","Both sentences belong to the same turn, just before section heading 8.",
858,2018-07-04_r09,2018-07-04_r09_ORDINARIA.pdf,75,Sra. Presidente,Sra. Presidente.-,yes,yes,same-paragraph,none,high,"Sí, es de todo el Senado. Esto lo votamos a mano alzada.","Turn follows ""Sr. Pinedo.- Aclaro que no es un libro de autoría del senador..."".",
859,2018-08-08_r10,2018-08-08_r10_ESPECIAL.pdf,113,Sr. Urtubey,Sr. Urtubey.-,yes,yes,same-paragraph,none,high,Hago la aclaración. Si no espero…,"One-line turn between ""Sra. Presidente.- Es un minuto para aclarar."" and ""Sra. González (G. E.).- Sí.""",
860,2018-08-08_r10,2018-08-08_r10_ESPECIAL.pdf,153,Sra. Presidente,Sra. Presidente.-,yes,yes,same-paragraph,none,high,"Muchísimas gracias, en todo sentido, senador. Tiene la palabra el senador Pinedo.","Both sentences are the same turn, immediately before ""Sr. Pinedo.-"".",
861,2018-08-22_r13,2018-08-22_r13_ESPECIAL.pdf,4,Sr. Presidente (Pinedo),Sr. Presidente (Pinedo).-,yes,yes,same-paragraph,none,high,Resulta afirmativa. Quedan aprobados los retiros solicitados.,"Follows the stage direction ""- Se practica la votación a mano alzada.""",
862,2018-08-22_r13,2018-08-22_r13_ESPECIAL.pdf,6,Sr. Presidente (Pinedo),Sr. Presidente (Pinedo).-,yes,yes,same-paragraph,none,high,Señor senador: esto no es una hora de manifestaciones políticas. Es una sesión especial,Turn interrupts Solanas mid-page.,
863,2018-08-22_r13,2018-08-22_r13_ESPECIAL.pdf,8,Sr. Presidente (Pinedo),Sr. Presidente (Pinedo).-,yes,yes,same-paragraph,none,high,Pasamos a sesión de acuerdos. Por Secretaría se dará lectura de los órdenes del,"Turn opens immediately under the bold heading ""12. Tratamiento de dictámenes de la Comisión de Acuerdos"".",
864,2018-08-22_r13,2018-08-22_r13_ESPECIAL.pdf,9,Sr. Presidente (Pinedo),Sr. Presidente (Pinedo).-,yes,yes,same-paragraph,none,high,Corresponde el tratamiento del orden del día que por Secretaría se enunciará.,"Last turn on the page, under heading 13.",
865,2018-08-22_r13,2018-08-22_r13_ESPECIAL.pdf,85,Sra. Presidente,Sra. Presidente.-,yes,yes,same-paragraph,none,high,"Por unanimidad. Entonces, ahora sí, vamos a votar en particular como salió…","""Por unanimidad."" and the next line are one turn, following the secretary's vote count.",
866,2018-08-22_r13,2018-08-22_r13_ESPECIAL.pdf,87,Sra. Presidente,Sra. Presidente.-,yes,yes,same-paragraph,none,high,Tiene la palabra el señor senador Pichetto.,First turn after heading 14; a similar sentence does not appear elsewhere on the page.,
867,2018-08-22_r13,2018-08-22_r13_ESPECIAL.pdf,119,Sra. Presidente,Sra. Presidente.-,yes,yes,same-paragraph,none,high,"Perdón, senador. Le está pidiendo una interrupción la senadora Pilatti Vergara.","Turn interrupts ""Sr. Mayans.-"" near the top of the page.",
868,2018-10-10_r16,2018-10-10_r16_ORDINARIA.pdf,51,Sr. Presidente (Pinedo),Sr. Presidente (Pinedo).-,yes,yes,same-paragraph,"footnote marker ""3"" after ""taquigráficas.""",high,Quedan aprobadas las versiones taquigráficas.,"Follows the stage direction ""- Se practica la votación a mano alzada.""",
869,2018-10-10_r16,2018-10-10_r16_ORDINARIA.pdf,92,Sr. Presidente (Pinedo),Sr. Presidente (Pinedo).-,yes,yes,same-paragraph,none,high,Tiene la palabra el senador Caserio.,"Under heading ""14. Mociones de preferencia (Continuación.)"", after ""Sr. Caserio.- Pido la palabra.""",
870,2018-10-10_r16,2018-10-10_r16_ORDINARIA.pdf,93,Sra. Sacnun,Sra. Sacnun.-,yes,yes,same-paragraph,none,high,"Dejando la salvedad de que, en caso de que no se votara sin dictamen,","Short turn between two ""Sr. Presidente (Pinedo).-"" turns near the top of the page.",
871,2018-10-10_r16,2018-10-10_r16_ORDINARIA.pdf,117,Sr. Presidente (Pinedo),Sr. Presidente (Pinedo).-,yes,yes,same-paragraph,"footnote marker ""17"" after ""Aprobados.""",high,Aprobados. Se comunican al Poder Ejecutivo nacional.,Last turn before heading 19.,
872,2018-10-10_r16,2018-10-10_r16_ORDINARIA.pdf,137,Sr. Secretario (Tunessi),Sr. Secretario (Tunessi).-,yes,yes,same-paragraph,none,high,"Es el proyecto S.-3.453/18, proyecto de declaración de la Correcaminata en la provincia de","Follows ""Sr. Cobos.- Señor presidente: con la senadora Verasay..."".",
873,2018-11-14_r17,2018-11-14_r17_ESPECIAL.pdf,32,Sr. Presidente (Perotti),Sr. Presidente (Perotti).-,yes,yes,same-paragraph,none,high,"Gracias, senador. Tiene la palabra la senadora Nancy González.","Both sentences are one turn, immediately before ""Sra. González, Nancy Susana.-"".",
874,2018-11-14_r17,2018-11-14_r17_ESPECIAL.pdf,63,Sr. Presidente (Marino),Sr. Presidente (Marino).-,yes,yes,same-paragraph,none,high,"Senadora Silvia Giacoppo, tiene la palabra.","One-line turn immediately before ""Sra. Giacoppo.-"".",
875,2018-11-14_r17,2018-11-14_r17_ESPECIAL.pdf,200,Sr. Secretario (Tunessi),Sr. Secretario (Tunessi).-,yes,yes,same-paragraph,none,high,"Ahora sí, que se ponga otra vez. Se reinicia la votación, presidente.","Follows the italic note about the cancelled vote; the reply ""Sí, se va a reiniciar la votación."" is Pinedo's separate turn.",
876,2018-11-14_r17,2018-11-14_r17_ESPECIAL.pdf,201,Sr. Secretario (Tunessi),Sr. Secretario (Tunessi).-,yes,yes,same-paragraph,none,high,"El dictamen en el proyecto de ley venido en revisión, por el que se",Label opens the very paragraph containing the quoted words.,
877,2018-11-14_r17,2018-11-14_r17_ESPECIAL.pdf,205,Sr. Secretario (Tunessi),Sr. Secretario (Tunessi).-,yes,yes,same-paragraph,none,high,"Braillard Poccard, Elías de Perez y Rodríguez Machado, por favor, voten para que se","Several consecutive Tunessi turns on the page; the quoted sentence opens the one immediately after ""- Varios señores senadores hablan a la vez.""",
878,2018-12-12_r19,2018-12-12_r19_EXTRAORDINARIA.pdf,20,Sra. Presidente,Sra. Presidente.-,yes,yes,same-paragraph,"footnote reference superscript ""11"" after ""Perfecto.""",high,Perfecto. Vamos a poner ahora a votación el Orden del Día Nº 1.015/18. Tiene,"""Perfecto."" follows the label directly; ""Vamos a poner ahora a votación..."" is the next line of the same turn.",
879,2018-12-12_r19,2018-12-12_r19_EXTRAORDINARIA.pdf,22,Sra. Presidente,Sra. Presidente.-,yes,yes,earlier-on-page,"- El orden del día en consideración, cuyo texto se incluye en el Apéndice, es el siguiente:",high,Solicitud de acuerdo para designar juez del Juzgado Federal de Primera Instancia de Paso,"Quoted words are the inserted order-of-the-day text after the stage direction; last printed label before them is ""Sra. Presidente.- Ahora sí.""",
880,2018-12-19_r20,2018-12-19_r20_EXTRAORDINARIA.pdf,13,Sra. Odarda,Sra. Odarda.-,yes,yes,same-paragraph,none,high,Gracias señora presidenta. También quiero apoyar y solidarizarme con todas aquellas mujeres que hoy,Label opens the paragraph holding the quoted words.,
881,2018-12-19_r20,2018-12-19_r20_EXTRAORDINARIA.pdf,64,Sr. Presidente (Pinedo),Sr. Presidente (Pinedo).-,yes,yes,same-paragraph,none,high,"¡No! Pero la interrumpí con cariño, señora senadora.","Printed with the period inside after the parenthesis, then hyphen.",
882,2019-02-27_r01,2019-02-27_r01_PREPARATORIA.pdf,6,Sra. Almirón,Sra. Almirón.-,yes,yes,same-paragraph,none,high,"Gracias, señora presidenta. La cuestión de privilegio quiero plantearla contra la Presidencia de este","""Gracias, señora presidenta."" follows the label; the rest of the quote continues in the next paragraph of the same turn.",
883,2019-03-01_r00,2019-03-01_r00_ASAMBLEA.pdf,8,Sr. Presidente de la Nación,Sr. Presidente de la Nación.-,yes,yes,previous-page,none,high,Cloacas y agua limpia: algo tan básico. Pero era necesario empezar por lo más,"Label printed on page 7; page 8 carries no label, only ""(Aplausos.)"" interjections inside the same paragraph.",
884,2019-03-01_r00,2019-03-01_r00_ASAMBLEA.pdf,19,Sr. Presidente de la Nación,Sr. Presidente de la Nación.-,yes,yes,previous-page,none,high,"Y hoy les digo a los argentinos: a no aflojar, a no tirar la","Label printed on page 18 after ""Sra. Presidente.- Silencio, por favor.""; page 19 carries no new label.",
885,2019-03-20_r02,2019-03-20_r02_ORDINARIA.pdf,45,Sr. Presidente (Pinedo),Sr. Presidente (Pinedo).-,yes,yes,same-paragraph,none,high,Senador Mayans: usted está en uso de la palabra.,Short turn between two Mayans turns.,
886,2019-03-20_r02,2019-03-20_r02_ORDINARIA.pdf,48,Sra. Sacnun,Sra. Sacnun.-,yes,yes,same-paragraph,none,high,Estoy planteando una cuestión de privilegio contra el senador Naidenoff porque las expresiones que,Label is the first line of the page and opens the quoted paragraph.,
887,2019-03-20_r02,2019-03-20_r02_ORDINARIA.pdf,48,Sr. Presidente (Pinedo),Sr. Presidente (Pinedo).-,yes,yes,same-paragraph,none,high,Tiene la palabra la senadora Fernández Sagasti para hacer una moción de preferencia.,"Turn opens right after the bold section title ""19. Moción de preferencia"".",
888,2019-03-20_r02,2019-03-20_r02_ORDINARIA.pdf,49,Sr. Presidente (Pinedo),Sr. Presidente (Pinedo).-,yes,yes,same-paragraph,none,high,"Gracias, señora senadora. Le comento que su relato sobre lo de labor parlamentaria de","""Gracias, señora senadora."" also appears again lower on the page under the same label, but only the first has the ""Le comento que su relato..."" continuation.",
889,2019-03-20_r02,2019-03-20_r02_ORDINARIA.pdf,50,Sr. Presidente (Pinedo),Sr. Presidente (Pinedo).-,yes,yes,same-paragraph,none,high,"Bueno, me parece que, interpretando la posición más bien generalizada, podríamos sintetizar las mociones",Label opens the paragraph holding the quoted words.,
890,2019-03-20_r02,2019-03-20_r02_ORDINARIA.pdf,54,Sr. Pais,Sr. Pais.-,yes,yes,same-paragraph,none,high,Yo creo que es un instrumento que puede constituirse en un derivado financiero importante,"Quote begins ""Yo creo que es un instrumento..."" directly after the label.",
891,2019-03-27_r04,2019-03-27_r04_INFORMATIVA_ESPECIAL.pdf,38,Sr. Jefe de Gabinete de Ministros,Sr. Jefe de Gabinete de Ministros.-,yes,yes,same-paragraph,none,high,"Insisto: se descalifican muchos temas, argumentos, discusiones concretas que me encantaría que las discutamos",Second Jefe de Gabinete turn on the page; the quoted words open it.,
892,2019-03-27_r04,2019-03-27_r04_INFORMATIVA_ESPECIAL.pdf,49,Sr. Presidente (Pinedo),Sr. Presidente (Pinedo).-,yes,yes,same-paragraph,none,high,"Gracias, señor senador. Dado que la única verdad es la realidad, seguramente nos podremos","""Gracias, señor senador."" follows the label; ""Dado que la única verdad es la realidad..."" is the next line of the same turn.",
893,2019-03-27_r04,2019-03-27_r04_INFORMATIVA_ESPECIAL.pdf,53,Sr. Presidente (Pinedo),Sr. Presidente (Pinedo).-,yes,yes,same-paragraph,none,high,"Gracias, senador. Tiene la palabra la senadora Odarda.","""Gracias, senador."" follows the label; ""Tiene la palabra la senadora Odarda."" is the next line of the same turn.",
894,2019-04-16_r05,2019-04-16_r05_ESPECIAL.pdf,21,Sra. Presidente (Michetti),Sra. Presidente (Michetti).-,yes,yes,same-paragraph,none,high,"Perdón, perdón, está hablando el senador.","Printed as ""Perdón,  perdón, está hablando el senador."" right after the label.",
895,2019-04-16_r05,2019-04-16_r05_ESPECIAL.pdf,35,Sra. Presidente (Michetti),Sra. Presidente (Michetti).-,yes,yes,same-paragraph,none,high,"Gracias, senador. El senador Fuentes me había pedido la palabra.","Printed with no space between the label's hyphen and ""Gracias, senador.""; the next line of the same turn is ""El senador Fuentes me había pedido la palabra.""",
896,2019-04-16_r05,2019-04-16_r05_ESPECIAL.pdf,58,Sra. López Valverde,Sra. López Valverde.-,yes,yes,same-paragraph,none,high,"Gracias, señora presidenta. La verdad es que el tema que nos está ocupando hoy","""Gracias, señora presidenta."" follows the label; the rest continues in the next paragraph of the same turn.",
897,2019-04-16_r05,2019-04-16_r05_ESPECIAL.pdf,66,Sr. Braillard Poccard,Sr. Braillard Poccard.-,yes,yes,same-paragraph,none,high,"Gracias, señor presidente. Hago un breve comentario al comenzar. Siempre se habla de reforma","""Gracias, señor presidente."" follows the label; ""Hago un breve comentario al comenzar..."" is the next paragraph of the same turn.",
898,2019-04-16_r05,2019-04-16_r05_ESPECIAL.pdf,73,Sr. Presidente (Pinedo),Sr. Presidente (Pinedo).-,yes,yes,same-paragraph,none,high,"Gracias, senador. Senador Castillo: tiene la palabra.","""Gracias, senador."" follows the label; ""Senador Castillo: tiene la palabra."" is the next line of the same turn.",
899,2019-04-16_r05,2019-04-16_r05_ESPECIAL.pdf,108,Sra. Durango,Sra. Durango.-,yes,yes,same-paragraph,none,high,"Muchas gracias, señor presidente. La verdad es que no debería ser necesario valorar el","""Muchas gracias, señor presidente."" follows the label; ""La verdad es que no debería ser necesario valorar..."" continues the same turn.",
900,2019-04-16_r05,2019-04-16_r05_ESPECIAL.pdf,111,"Sra. González, Nancy Susana","Sra. González, Nancy Susana.-",yes,yes,same-paragraph,none,high,"Señor presidente: para que quede claro, en el proyecto de acoso callejero, que modifica","Same label appears twice on the page; the quoted words open the second, longer turn.",
901,2019-05-22_r06,2019-05-22_r06_ESPECIAL.pdf,6,"Sr. Martínez, Julio César","Sr. Martínez, Julio César.-",yes,yes,same-paragraph,none,high,"A las fuerzas de seguridad de la provincia de Entre Ríos, de Uruguay; a","The quoted words open the paragraph that carries the label, just after the stage direction ""- Murmullos en el recinto."" and two short turns.",
902,2019-05-22_r06,2019-05-22_r06_ESPECIAL.pdf,19,Sra. Presidente (Michetti),Sra. Presidente (Michetti).-,yes,yes,same-paragraph,none,high,No se puede poner el resultado.,"One-line turn right after the stage direction ""- Varios senadores hablan a la vez.""",
903,2019-05-22_r06,2019-05-22_r06_ESPECIAL.pdf,19,Sra. Presidente (Michetti),Sra. Presidente (Michetti).-,yes,yes,same-paragraph,none,high,"Gracias, senadora. Vamos a tener que utilizar el mismo sistema...","""Gracias, senadora."" sits on the labelled line and ""Vamos a tener que utilizar el mismo sistema..."" is the next paragraph of the same turn.",
904,2019-05-22_r06,2019-05-22_r06_ESPECIAL.pdf,39,Sra. Presidente (Michetti),Sra. Presidente (Michetti).-,yes,yes,same-paragraph,none,high,"Perfecto. Entonces, ahora, secretario, ¿con cuál vamos a seguir?","Last turn on the page; ""Perfecto."" is on the labelled line, the question continues in the following paragraph of the same turn.",
905,2019-05-22_r06,2019-05-22_r06_ESPECIAL.pdf,73,Sr. Bullrich,Sr. Bullrich.-,yes,yes,same-paragraph,none,high,"Gracias, presidenta. Ya lo han planteado. Quiero solicitar el tratamiento de un proyecto conversado","""Gracias, presidenta."" is on the labelled line; the rest continues in the next paragraph of the same turn.",
906,2019-07-17_r07,2019-07-17_r07_ORDINARIA.pdf,60,Sr. Presidente (Pinedo),Sr. Presidente (Pinedo).-,yes,yes,same-paragraph,none,high,Después lo va a aclarar. Tiene la palabra la señora senadora Kunath.,"""Después lo va a aclarar."" is on the labelled line; the second sentence is the next paragraph of the same turn.",
907,2019-07-17_r07,2019-07-17_r07_ORDINARIA.pdf,75,Sra. Elías de Perez,Sra. Elías de Perez.-,yes,yes,same-paragraph,none,high,"Gracias, presidente. No había pensado hacer uso de la palabra, pero creo que es","Printed ""Perez"" without accent; ""Gracias, presidente."" is on the labelled line and the rest follows in the same turn.",
908,2019-07-17_r07,2019-07-17_r07_ORDINARIA.pdf,83,Sr. Secretario (Tunessi),Sr. Secretario (Tunessi).-,yes,yes,same-paragraph,none,high,El artículo 15 es una incorporación.,Single-line turn immediately after the italic voting-result line for Acta N° 5.,
909,2019-07-17_r07,2019-07-17_r07_ORDINARIA.pdf,84,Sr. Secretario (Tunessi),Sr. Secretario (Tunessi).-,yes,yes,same-paragraph,none,high,"Orden del Día N° 171: comisiones de Infraestructura, Vivienda y Transporte, de Ambiente y","Last turn on the page, opening the reading of Orden del Día N° 171.",
910,2019-07-17_r07,2019-07-17_r07_ORDINARIA.pdf,96,Sr. Presidente (Pinedo),Sr. Presidente (Pinedo).-,yes,yes,same-paragraph,none,high,Aprobado. Se comunicará a la Cámara de Diputados de la Nación.,"First full turn at the top of the page, carrying footnote marker 19.",
911,2019-07-17_r07,2019-07-17_r07_ORDINARIA.pdf,105,Sr. Lovera,Sr. Lovera.-,yes,yes,same-paragraph,none,high,Solicito autorización para insertar en el Orden del Día 174/19.,"A nearly identical sentence appears just above under ""Sra. Durango.-"" but with ""con relación al orden del día 212/18"", so no real ambiguity.",
912,2019-09-18_r08,2019-09-18_r08_ESPECIAL.pdf,53,Sra. Presidente (Michetti),Sra. Presidente (Michetti).-,yes,yes,same-paragraph,none,high,"Por favor, senador Mayans, no tiene la palabra.",Turn follows the stage direction about senator Mayans speaking off-microphone.,
913,2019-11-13_r09,2019-11-13_r09_ESPECIAL.pdf,7,Sra. Presidente (Michetti),Sra. Presidente (Michetti).-,yes,yes,same-paragraph,none,high,"No, espere, espere un segundo. Sí, tengo la posibilidad de hacerlo en el siguiente","Page prints ""Sí, tengo la posibilidad de hacerlo en el siguiente sentido.""",
914,2019-11-27_r10,2019-11-27_r10_ESPECIAL.pdf,12,Sra. Presidente (Michetti),Sra. Presidente (Michetti).-,yes,yes,same-paragraph,(Aplausos.),high,"Si así no lo hiciereis, Dios y la Patria os lo demanden.","ambiguous - the identical oath response is printed four times on this page (after Olalla, Crexell, Doñate and García Larraburu), all under the same label; reported the first occurrence (after ""Sra. senadora electa Olalla.-"").",
915,2019-11-27_r10,2019-11-27_r10_ESPECIAL.pdf,12,Sra. Presidente (Michetti),Sra. Presidente (Michetti).-,yes,yes,same-paragraph,(Aplausos.),high,"Si así no lo hiciereis, Dios y la Patria os lo demanden.","ambiguous - same wording repeats four times on the page, always under this same label, so the answer is identical whichever occurrence is meant.",
916,2019-11-27_r10,2019-11-27_r10_ESPECIAL.pdf,12,Sra. Presidente (Michetti),Sra. Presidente (Michetti).-,yes,yes,same-paragraph,(Aplausos.),high,"Si así no lo hiciereis, Dios y la Patria os lo demanden.",ambiguous - same repeated oath response; every occurrence on this page carries this label.,
917,2019-11-27_r10,2019-11-27_r10_ESPECIAL.pdf,12,Sra. Presidente (Michetti),Sra. Presidente (Michetti).-,yes,yes,same-paragraph,(Aplausos.),high,"Si así no lo hiciereis, Dios y la Patria os lo demanden.",ambiguous - same repeated oath response; label is the same for all four printings on the page.,
918,2019-11-27_r10,2019-11-27_r10_ESPECIAL.pdf,19,Sra. Presidente (Michetti),Sra. Presidente (Michetti).-,yes,yes,same-paragraph,none,high,"Obra en Secretaría la renuncia presentada por el señor prosecretario administrativo, don Mario D.","Opening turn of section 17, printed just under the bold section title.",
919,2019-11-27_r10,2019-11-27_r10_ESPECIAL.pdf,23,Sra. Elías de Perez,Sra. Elías de Perez.-,yes,yes,same-paragraph,none,high,"Voy a hacer también un reconocimiento a la tarea de Miguel Ángel Torres, especialmente","Printed ""Perez"" without accent; the quoted words open the labelled paragraph.",
920,2019-12-10_r00,2019-12-10_r00_ASAMBLEA.pdf,17,Sr. Presidente de la Nación,Sr. Presidente de la Nación.-,yes,yes,previous-page,(Aplausos.),high,La vamos a honrar. Vamos a avanzar juntos en la construcción de un futuro,"Label opens the turn on printed page 10 under section 8; no new label appears on pages 11 to 17, so the turn carries through to the quoted words on page 17.",
921,2019-12-20_r11,2019-12-20_r11_EXTRAORDINARIA.pdf,4,Sra. Presidenta (Fernández de Kirchner),Sra. Presidenta (Fernández de Kirchner).-,yes,yes,same-paragraph,none,high,Se incorporarán al Diario de Sesiones los mensajes y decretos del Poder Ejecutivo nacional,"Page prints ""Se incorporarán al Diario de Sesiones los mensajes y decretos...""; turn opens section 3 and carries footnote marker 2.",
922,2019-12-20_r11,2019-12-20_r11_EXTRAORDINARIA.pdf,6,Sr. Mayans,Sr. Mayans.-,yes,yes,same-paragraph,none,high,Yo lo que le propongo es habilitar los temas y pasar a un breve,The quoted words open the labelled paragraph.,
923,2019-12-20_r11,2019-12-20_r11_EXTRAORDINARIA.pdf,24,Sra. Presidenta (Fernández de Kirchner),Sra. Presidenta (Fernández de Kirchner).-,yes,yes,same-paragraph,none,high,"Por favor, vamos a ser un poco razonables. Esto se empezó a discutir hará",Turn opens right after the stage direction about several senators speaking at once; the second sentence continues in the next paragraph of the same turn.,
924,2019-12-20_r11,2019-12-20_r11_EXTRAORDINARIA.pdf,140,Sr. Petcoff Naidenoff,Sr. Petcoff Naidenoff.-,yes,yes,same-paragraph,none,high,Presidenta… ¿Tiene a mano el capítulo?,"Page prints an ellipsis, ""Presidenta… ¿Tiene a mano el capítulo?"", on the labelled line.",
925,2020-05-21_r04,21-05-2020_ESPECIAL.pdf,4,Sra. Presidenta (Fernández de Kirchner),Sra. Presidenta (Fernández de Kirchner).-,yes,yes,same-paragraph,none,high,Resulta aprobada por unanimidad la lista de asuntos entrados.,"Turn follows the stage direction ""-Se practica la votación a mano alzada.""",
926,2020-05-21_r04,21-05-2020_ESPECIAL.pdf,77,Sra. Presidenta (Fernández de Kirchner),Sra. Presidenta (Fernández de Kirchner).-,yes,yes,same-paragraph,none,high,"Muchas gracias. Disculpen la distracción. Es unánime, me señala el prosecretario, que es el","Label opens the paragraph directly, right after the stage direction ""-Se realiza la votación a mano alzada.""",
927,2024-08-22_r08,22-08-2024_ESPECIAL.pdf,13,Sr. Presidente (Abdala),Sr. Presidente (Abdala).-,yes,yes,same-paragraph,none,high,"Gracias, senador Paoltroni. Tiene la palabra la senadora Di Tullio.","""Gracias, senador Paoltroni."" sits on the label line; ""Tiene la palabra la senadora Di Tullio."" is the next line of the same turn.",
928,2024-08-22_r08,22-08-2024_ESPECIAL.pdf,15,Sr. Presidente (Abdala),Sr. Presidente (Abdala).-,yes,yes,same-paragraph,none,high,Corresponde la autorización de las inserciones y abstenciones a mano alzada.,Only one occurrence of these words on the page.,
929,2022-09-22_r11,22-09-2022_ESPECIAL.pdf,30,Sr. Vischi,Sr. Vischi.-,yes,yes,same-paragraph,none,high,"Manifestaba: “En efecto, el sistema prevé que llegue a 5 miembros a medida que","Turn reopened under the same name right after the stage direction ""-El señor senador Vischi exhibe un papel.""",
930,2022-09-22_r11,22-09-2022_ESPECIAL.pdf,38,Sra. González Riollo,Sra. González Riollo.-,yes,yes,same-paragraph,none,high,"Muchas gracias, señora presidente. Hoy estamos en este recinto para debatir una iniciativa en","Only ""Muchas gracias, señora presidente."" is printed on this page (last line); the rest of the quote continues on the following page under the same turn.",
931,2022-09-22_r11,22-09-2022_ESPECIAL.pdf,62,Sra. Presidenta (Tagliaferri),Sra. Presidenta (Tagliaferri).-,yes,yes,same-paragraph,none,high,"No, por favor: no se aplaude en el recinto. Lo sabemos desde hace mucho","Verified by enlargement that the honorific is printed ""Presidenta"", not ""Presidente"".",
932,2022-09-22_r11,22-09-2022_ESPECIAL.pdf,70,Sra. Álvarez Rivero,Sra. Álvarez Rivero.-,yes,yes,same-paragraph,none,high,Solicito que se vote si se puede abrir la lista de oradores y permitirme,"Label is the first line of the page body, immediately under the running head.",
933,2022-09-22_r11,22-09-2022_ESPECIAL.pdf,76,Sr. Petcoff Naidenoff,Sr. Petcoff Naidenoff.-,yes,yes,same-paragraph,none,high,"Gracias, presidenta. En las últimas semanas, la sociedad, los partidos políticos, hemos de alguna","""Gracias, presidenta."" is on the label line; the ""En las últimas semanas..."" sentence is the next line of the same turn.",
934,2022-09-22_r11,22-09-2022_ESPECIAL.pdf,78,Sra. Presidenta (Ledesma Abdala),Sra. Presidenta (Ledesma Abdala).-,yes,yes,same-paragraph,none,high,"Gracias, senador. Tiene la palabra senador Parrilli.","Near the foot of the page, just before ""Sr. Parrilli.-"".",
935,2023-02-23_r01,23-02-2023_PREPARATORIA.pdf,5,Sra. Presidenta (Ledesma Abdala),Sra. Presidenta (Ledesma Abdala).-,yes,yes,same-paragraph,none,high,"Bien. Resulta aprobado. Quedan fijados, entonces, como días de sesiones ordinarias, los días miércoles","Three consecutive turns carry this same label on the page; the matching one is the ""Bien. Resulta aprobado."" turn.",
936,2024-02-23_r01,23-02-2024_PREPARATORIA.pdf,5,Sr. Atauche,Sr. Atauche.-,yes,yes,same-paragraph,none,high,Señora presidente y señores senadores: desde el bloque de La Libertad Avanza y con,"Preceding turn is ""Sra. Presidente (Villarruel).- Tiene la palabra el senador Atauche.""",
937,2024-02-23_r01,23-02-2024_PREPARATORIA.pdf,20,Sr. Parrilli,Sr. Parrilli.-,yes,yes,earlier-on-page,none,high,". Se dio el gusto de hacer un video –que vimos todos, seguramente– donde","Quote sits in the ""Y además, fíjense en estas dos imágenes (las exhibe)."" paragraph; the inline ""(las exhibe)"" is a stage direction, not page furniture, and does not end the turn.",
938,2020-07-23_r09,23-07-2020_ESPECIAL.pdf,61,Sr. Presidente (Lousteau),Sr. Presidente (Lousteau).-,yes,yes,same-paragraph,none,high,"Gracias, senador. Tiene la palabra el senador Pedro Braillard Poccard.","""Gracias, senador."" on the label line, ""Tiene la palabra el senador Pedro Braillard Poccard."" on the next line of the same turn.",
939,2020-07-23_r09,23-07-2020_ESPECIAL.pdf,70,Sra. Ledesma Abdala,Sra. Ledesma Abdala.-,yes,yes,same-paragraph,none,high,"Muy buenas tardes, señor presidente. En los últimos años existe un fenómeno mundial creciente,","Label printed with a double space before ""Muy buenas tardes""; no honorific ""Presidenta"" here since she is speaking as senator.",
940,2021-02-24_r30,24-02-2021_EXTRAORDINARIA.pdf,96,Sra. Presidenta (Ledesma Abdala),Sra. Presidenta (Ledesma Abdala).-,yes,yes,same-paragraph,none,high,"Gracias, senadora. Tiene la palabra senador Mirabella.","Near the foot of the page, just before ""Sr. Mirabella.-"".",
941,2021-02-24_r30,24-02-2021_EXTRAORDINARIA.pdf,103,Sr. Secretario (Fuentes),Sr. Secretario (Fuentes).-,yes,yes,same-paragraph,none,medium,"Ausente. Senador Schiavoni, su voto…","The page has several identical ""Sr. Secretario (Fuentes).- Ausente."" turns; the one taken is the turn whose next line is ""Senador Schiavoni, su voto..."", i.e. the last such turn on the page.",
942,2021-02-24_r01,24-02-2021_PREPARATORIA.pdf,4,Sr. Mayans,Sr. Mayans.-,yes,yes,same-paragraph,none,high,"Hola. ¿Se me escucha, presidenta? ¿Qué tal, presidenta? ¿Cómo está? Se la ve bien,","""Hola."" is on the label line; the questions follow on the next lines of the same turn.",
943,2021-02-24_r01,24-02-2021_PREPARATORIA.pdf,9,Sra. Presidenta (Ledesma Abdala),Sra. Presidenta (Ledesma Abdala).-,yes,yes,same-paragraph,none,high,"Gracias, senadora. Para otro homenaje al doctor Menem, tiene la palabra, senador Martínez.","Page prints ""Para otro homenaje al doctor Menem, tiene la palabra, senador Martínez."" on the line after ""Gracias, senadora.""",
944,2020-06-24_r08,24-06-2020_ESPECIAL.pdf,46,Sr. Mera,Sr. Mera.-,yes,yes,same-paragraph,none,high,"Gracias, presidente. ¿Me escucha bien ahí?","""Gracias, presidente."" on the label line; ""¿Me escucha bien ahí?"" the next line of the same turn.",
945,2021-06-24_r09,24-06-2021_ESPECIAL.pdf,26,Sr. Secretario (Fuentes),Sr. Secretario (Fuentes).-,yes,yes,same-paragraph,none,high,Braillard Poccard: negativo. Bullrich: ausente. Caserio: afirmativo. Castillo: negativo. Catalfamo: afirmativo. Closs: afirmativo. Cobos:,"Roll-call turn beginning ""Braillard Poccard: negativo.""; several turns on the page carry this label, but only this one lists Bullrich through Cobos.",
946,2021-06-24_r09,24-06-2021_ESPECIAL.pdf,49,Sra. Blas,Sra. Blas.-,yes,yes,same-paragraph,none,high,"Gracias, presidenta. Buenas tardes a todas y a todos. Un saludo especial a las","""Gracias, presidenta."" on the label line; ""Buenas tardes a todas y a todos..."" the next line of the same turn.",
947,2021-06-24_r09,24-06-2021_ESPECIAL.pdf,58,Sr. Secretario (Fuentes),Sr. Secretario (Fuentes).-,yes,yes,same-paragraph,none,high,Luenzo: afirmativo. Gracias. Senador Marino: afirmativo y se abstiene en el 7°. Senador Ernesto,"The turn opening ""Luenzo: afirmativo. Gracias."" near the top of the page.",
948,2021-06-24_r09,24-06-2021_ESPECIAL.pdf,117,Sra. Sacnun,Sra. Sacnun.-,yes,yes,same-paragraph,none,high,…que se incorpora a mi provincia…,"Turn reopened under her name right after ""-Contenido no inteligible.""",
949,2021-03-25_r03,25-03-2021_ESPECIAL.pdf,12,Sra. Presidenta (Ledesma Abdala),Sra. Presidenta (Ledesma Abdala).-,yes,yes,same-paragraph,none,high,"Para el último homenaje, tiene la palabra el senador Mayans.","Directly under the bold section title ""5. Homenaje a la memoria del doctor Enrique Servián"", which is furniture, not speech.",
950,2021-03-25_r03,25-03-2021_ESPECIAL.pdf,28,Sr. Secretario (Fuentes),Sr. Secretario (Fuentes).-,yes,yes,same-paragraph,none,high,Señora presidenta: pide la palabra el senador Mayans.,"Page prints ""Señora presidenta: pide la palabra el senador Mayans."" (with colon after ""presidenta"").",
951,2021-03-25_r03,25-03-2021_ESPECIAL.pdf,35,Sra. Presidenta (Ledesma Abdala),Sra. Presidenta (Ledesma Abdala).-,yes,yes,same-paragraph,none,high,"Gracias, senadora. Tiene la palabra senadora Rodríguez Machado.","""Gracias, senadora."" opens the turn; ""Tiene la palabra senadora Rodríguez Machado."" is the next line of the same turn, before the Sra. Rodríguez Machado label.",
952,2021-03-25_r03,25-03-2021_ESPECIAL.pdf,60,Sr. Secretario (fuentes),Sr. Secretario (fuentes).-,yes,yes,same-paragraph,none,high,"Gracias, senador. Snopek: afirmativo. Solari Quintana: afirmativo. Tagliaferri: afirmativo. Taiana: afirmativo. Tapia: afirmativo. Uñac:","The page prints the surname in lowercase here (""fuentes""), unlike the later ""Sr. Secretario (Fuentes).-"" labels on the same page; transcribed as printed.",
953,2021-03-25_r03,25-03-2021_ESPECIAL.pdf,74,Sra. Presidenta (Ledesma Abdala),Sra. Presidenta (Ledesma Abdala).-,yes,yes,same-paragraph,none,high,Bien. Se va a votar que el Senado constituido en Comisión adopte como dictamen,"The bold section heading ""III / CLAUSURA"" sits above the label but outside the paragraph.",
954,2024-09-26_r10,26-09-2024_ORDINARIA.pdf,15,Sra. Kirchner,Sra. Kirchner.-,yes,yes,same-paragraph,none,high,"Gracias, presidenta. En realidad, la cuestión de privilegio que quiero plantear es algo que","""Gracias, presidenta."" opens the turn; the quoted continuation is the next paragraph of the same turn.",
955,2024-09-26_r10,26-09-2024_ORDINARIA.pdf,33,Sr. Secretario (Giustinian),Sr. Secretario (Giustinian).-,yes,yes,same-paragraph,none,high,Faltan el senador Pagotto y la senadora Sapag.,"Printed ""Faltan el senador Pagotto y la senadora Sapag.""; label spelled ""Giustinian"" here (elsewhere on other pages ""Giustiniani"").",
956,2024-09-26_r10,26-09-2024_ORDINARIA.pdf,54,Sra. Presidente (Villarruel),Sra. Presidente (Villarruel).-,yes,yes,same-paragraph,none,high,Resulta aprobada en general y en particular el Orden del Día N° 153/24. Se,"Page prints ""Presidente"", not ""Presidenta""; transcribed as printed.",
957,2024-09-26_r10,26-09-2024_ORDINARIA.pdf,61,Sra. Presidente (Villarruel),Sra. Presidente (Villarruel).-,yes,yes,same-paragraph,none,high,Queda abierta la conferencia. Corresponde considerar el proyecto S.-1.850/24. Tiene la palabra la senadora,"Under the bold heading ""2 / Conferencia""; heading is not speech and the label follows it directly.",
958,2020-11-26_r23,26-11-2020_ORDINARIA.pdf,8,Sr. Mirabella,Sr. Mirabella.-,yes,yes,same-paragraph,none,high,"Muchas gracias, señora presidenta. Yo soy de una generación que creció viendo jugar a","""Muchas gracias, señora presidenta."" opens the turn; the Maradona sentence is its next paragraph.",
959,2020-08-27_r12,27-08-2020_ESPECIAL.pdf,110,Sra. Presidenta (Fernández de Kirchner),Sra. Presidenta (Fernández de Kirchner).-,yes,yes,same-paragraph,none,high,"Debe ser una mala impresión mía, entonces. Discúlpeme.",Short exchange with Sr. Schiavoni; the quoted words sit in the presiding officer's turn.,
960,2020-08-27_r12,27-08-2020_ESPECIAL.pdf,111,Sr. Schiavoni,Sr. Schiavoni.-,yes,yes,same-paragraph,none,high,… la anulación en sede judicial. Por otra parte…,"""… la anulación en sede judicial."" opens the turn and ""Por otra parte…"" is its next line, before the next label.",
961,2022-10-27_r12,27-10-2022_ESPECIAL.pdf,91,Sr. Yedlin,Sr. Yedlin.-,yes,yes,previous-page,none,high,Fíjense cómo la distribución de los recursos de esta inversión en ciencia y técnica,"Turn opens on page 90; the quoted paragraph on page 91 begins with the stage direction ""(Exhibe un gráfico.)"", which does not end the turn.",
962,2022-10-27_r12,27-10-2022_ESPECIAL.pdf,96,Sra. Presidenta (Ledesma Abdala),Sra. Presidenta (Ledesma Abdala).-,yes,yes,same-paragraph,none,high,"Gracias, senador. Vamos con el último orador, por lo cual, les pido a los","Page reads ""Vamos con el último orador, por lo cual, les pido a los senadores si se pueden ubicar en las bancas.""",
963,2020-11-27_r24,27-11-2020_ESPECIAL.pdf,25,Sr. Secretario (Fuentes),Sr. Secretario (Fuentes).-,yes,yes,same-paragraph,none,high,"Gracias, senador. Senador Caserio: afirmativo. Castillo: afirmativo. Catalfamo: afirmativo. Closs: afirmativo. Cobos: afirmativo. Costa:","Roll call resumes after ""−Contenido no inteligible.""; the same label also appears earlier and later on the page but only this instance is followed by the Caserio list.",
964,2024-11-27_r11,27-11-2024_INFORMATIVA_ESPECIAL.pdf,40,Sr. Lewandowski,Sr. Lewandowski.-,yes,yes,same-paragraph,none,high,"Gracias, señora presidenta. Gracias y buenas tardes al señor jefe de Gabinete. Voy a",Turn opens with the quoted words right after the presiding officer gives him the floor.,
965,2020-02-28_r14,28-02-2020_EXTRAORDINARIA.pdf,28,Sra. Presidenta (Fernández de Kirchner),Sra. Presidenta (Fernández de Kirchner).-,yes,yes,same-paragraph,none,high,No le concede la interrupción.,Single-sentence turn between two Sra. Tapia turns.,
966,2020-02-28_r14,28-02-2020_EXTRAORDINARIA.pdf,83,Sra. Presidenta (Fernández de Kirchner),Sra. Presidenta (Fernández de Kirchner).-,yes,yes,same-paragraph,none,high,¿Es por abstención? Está registrada. Cuatro abstenciones. Se abstienen para votar ley de góndolas,"The ""Cuatro abstenciones. Se abstienen para votar ley de góndolas..."" line is the next paragraph of the same turn.",
967,2023-09-28_r06,28-09-2023_ESPECIAL.pdf,7,Sr. Romero,Sr. Romero.-,yes,yes,same-paragraph,none,high,"Pido la palabra, señora presidenta.",One-line turn; Sr. Romero speaks again twice later on the page with different words.,
968,2023-09-28_r06,28-09-2023_ESPECIAL.pdf,23,Sra. Fernández Sagasti,Sra. Fernández Sagasti.-,yes,yes,same-paragraph,none,high,"Lo que quería preguntar es si los pliegos de Jujuy, los cuatro pliegos de",Follows the presiding officer giving her the floor near the foot of the page.,
969,2023-09-28_r06,28-09-2023_ESPECIAL.pdf,31,Sra. Losada,Sra. Losada.-,yes,yes,same-paragraph,none,high,"Silencio los buchones, por favor.",One-line turn between two presiding-officer turns.,
970,2023-09-28_r06,28-09-2023_ESPECIAL.pdf,44,Sra. Presidenta (Losada),Sra. Presidenta (Losada).-,yes,yes,same-paragraph,none,high,"Senador Doñate, por favor… Respeten.",Losada is presiding on this page; the label carries the parenthesis as printed.,
971,2023-09-28_r06,28-09-2023_ESPECIAL.pdf,47,Sr. Cornejo,Sr. Cornejo.-,yes,yes,same-paragraph,none,high,"A ver si se ponen, realmente, en el lugar de la mayoría del pueblo","Turn resumes after ""−Manifestaciones simultáneas."" with ""A ver si se ponen, realmente, en el lugar de la mayoría del pueblo argentino..."".",
972,2023-09-28_r06,28-09-2023_ESPECIAL.pdf,51,Sr. Juez,Sr. Juez.-,yes,yes,same-paragraph,none,high,"... se venció, como los fondos.","One-line turn printed ""... se venció, como los fondos."", right after the stage direction about senator Juez speaking off-mic.",
973,2023-09-28_r06,28-09-2023_ESPECIAL.pdf,53,Sra. Presidenta (Ledesma Abdala),Sra. Presidenta (Ledesma Abdala).-,yes,yes,same-paragraph,none,high,"¡No dialoguen, senador, por favor!","The page carries two near-identical lines, one with the comma (""¡No dialoguen, senador, por favor!"") and one without; both are under this same label, so the label is unaffected.",
974,2023-09-28_r06,28-09-2023_ESPECIAL.pdf,53,Sra. Presidenta (Ledesma Abdala),Sra. Presidenta (Ledesma Abdala).-,yes,yes,same-paragraph,none,high,"¡No dialoguen senador, por favor!","Matches the comma-less line ""¡No dialoguen senador, por favor!""; the comma variant elsewhere on the page carries the same label, so no real ambiguity.",
975,2023-09-28_r06,28-09-2023_ESPECIAL.pdf,55,Sra. Presidenta (Ledesma Abdala),Sra. Presidenta (Ledesma Abdala).-,yes,yes,same-paragraph,none,high,"Se procede, entonces, a la votación.",One-line turn preceding the electronic-vote stage direction.,
976,2023-09-28_r06,28-09-2023_ESPECIAL.pdf,56,Sra. Presidenta (Ledesma Abdala),Sra. Presidenta (Ledesma Abdala).-,yes,yes,same-paragraph,none,high,"Sigamos ahora con los siguientes pliegos. Propongo que se vote por medios electrónicos, en","Turn opens ""Sigamos ahora con los siguientes pliegos.""; ""Propongo que se vote por medios electrónicos"" is the next paragraph of the same turn.",
977,2023-09-28_r06,28-09-2023_ESPECIAL.pdf,68,Sra. Álvarez Rivero,Sra. Álvarez Rivero.-,yes,yes,same-paragraph,none,high,"Simplemente, eso corre para mí, para el senador Fama, para los jueces y para","Second Álvarez Rivero label on the page, right after the Di Tullio interjection.",
978,2023-09-28_r06,28-09-2023_ESPECIAL.pdf,87,Sra. Presidenta (Losada),Sra. Presidenta (Losada).-,yes,yes,same-paragraph,none,high,"Gracias, senador. Tiene la palabra el senador Linares.","""Tiene la palabra el senador Linares."" is the second line of the same turn.",
979,2023-09-28_r06,28-09-2023_ESPECIAL.pdf,96,Sra. Presidenta (Losada),Sra. Presidenta (Losada).-,yes,yes,same-paragraph,none,medium,"Gracias, senadora. Tiene la palabra el senador Weretilneck.","Only ""Gracias, senadora."" is printed, as the last line of the page; the rest of the quoted sentence must continue on the next page, which was not supplied.",
980,2023-09-28_r06,28-09-2023_ESPECIAL.pdf,112,Sr. Mayans,Sr. Mayans.-,yes,yes,same-paragraph,none,high,"Se enojan por eso. Miren, nuestro gobierno… Yo le tengo que agradecer al presidente","""Miren, nuestro gobierno… Yo le tengo que agradecer al presidente"" is the following paragraph of the same Mayans turn.",
981,2023-09-28_r06,28-09-2023_ESPECIAL.pdf,149,Sra. Álvarez Rivero,Sra. Álvarez Rivero.-,yes,yes,same-paragraph,none,high,"Solicito una interrupción, señora presidenta.",One-line interjection near the foot of the page.,
982,2023-09-28_r06,28-09-2023_ESPECIAL.pdf,153,Sr. Secretario (Fuentes),Sr. Secretario (Fuentes).-,yes,yes,same-paragraph,none,high,"Se van a votar entonces en una sola votación en general y en particular,",Reading of the órdenes del día follows in the same turn.,
983,2023-09-28_r06,28-09-2023_ESPECIAL.pdf,168,Sra. Presidenta (Ledesma Abdala),Sra. Presidenta (Ledesma Abdala).-,yes,yes,same-paragraph,none,high,Falta considerar el proyecto sobre tropas. Un momentito.,"Label sits immediately below the bold section heading ""19. Autorización de entrada de tropas extranjeras y salida de tropas nacionales"".",
984,2021-10-28_r13,28-10-2021_ORDINARIA.pdf,16,Sr. Secretario (Fuentes),Sr. Secretario (Fuentes).-,yes,yes,same-paragraph,none,high,Orden del Día N° 463/21. Dictamen en el mensaje del Poder Ejecutivo solicitando acuerdo,Follows the presidenta's instruction that Secretaría read the órdenes del día.,
985,2021-10-28_r13,28-10-2021_ORDINARIA.pdf,41,Sra. Presidenta (Rodríguez Machado),Sra. Presidenta (Rodríguez Machado).-,yes,yes,same-paragraph,none,high,"Gracias, señora senadora. Tiene la palabra ahora el senador Mario Pais.","""Tiene la palabra ahora el senador Mario Pais."" is the second line of the same turn.",
986,2021-10-28_r13,28-10-2021_ORDINARIA.pdf,86,Sr. Secretario (Fuentes),Sr. Secretario (Fuentes).-,yes,yes,same-paragraph,none,high,Orden del Día N° 464/21. Dictamen en el proyecto de ley de la señora,"Under section heading ""18. Ley Nacional de Juventudes"".",
987,2020-10-29_r19,29-10-2020_ORDINARIA.pdf,37,Sr. Mayans,Sr. Mayans.-,yes,yes,same-paragraph,none,high,"…gobierno nacional, que a veces tenía otra mirada; o sea, un concepto no federal.","Third of several short Mayans fragments separated by ""–Contenido no inteligible."" lines; all carry the same label.",
988,2020-10-29_r19,29-10-2020_ORDINARIA.pdf,39,Sr. Presidente (Closs),Sr. Presidente (Closs).-,yes,yes,same-paragraph,none,high,"Gracias, señor senador. Ahora sí, continua con el uso de la palabra para la","The label printed just below the heading ""8. Cuestión de privilegio planteada por el señor senador Snopek""; ""Ahora sí, continua…"" is the next line of that same turn.",
989,2021-12-29_r16,29-12-2021_ESPECIAL.pdf,13,Sr. Mayans,Sr. Mayans.-,yes,yes,same-paragraph,none,high,Gracias. Como nosotros constituimos por primera vez la Comisión de Presupuesto y Hacienda y,Under section heading 11 on the Comisión de Presupuesto y Hacienda decree.,
990,2021-12-29_r16,29-12-2021_ESPECIAL.pdf,16,Sra. Vigo,Sra. Vigo.-,yes,yes,same-paragraph,none,high,"Gracias, presidenta. En realidad, antes que nada, quisiera expresar un punto que me parece","""En realidad, antes que nada…"" is the next paragraph of the same Vigo turn.",
991,2023-03-30_r02,30-03-2023_ESPECIAL.pdf,17,Sr. Cornejo,Sr. Cornejo.-,yes,yes,same-paragraph,none,high,¡No están cumpliendo el reglamento!,"The phrase appears twice on the page (once ending ""¡Esto es una vergüenza!…"" and once alone), but both are printed under ""Sr. Cornejo.-"", so the attribution is not in doubt.",
992,2023-03-30_r02,30-03-2023_ESPECIAL.pdf,18,Sra. Presidenta (Ledesma Abdala),Sra. Presidenta (Ledesma Abdala).-,yes,yes,same-paragraph,none,high,"Por favor, los senadores que quedaron en la sala si se pueden identificar.","Follows the stage lines ""–Varios señores senadores y senadoras se retiran del recinto."" and ""–Luego de unos instantes:"".",
993,2023-03-30_r02,30-03-2023_ESPECIAL.pdf,18,Sra. Fernández Sagasti,Sra. Fernández Sagasti.-,yes,yes,earlier-on-page,none,high,También quiero decirles que el Frente de Todos viene trabajando por la Ley Lucio,"Turn opens a few paragraphs above with ""Gracias, señora presidenta.""; only ""(Aplausos.)"" intervenes.",
994,2023-03-30_r02,30-03-2023_ESPECIAL.pdf,37,Sr. Presidente (Closs),Sr. Presidente (Closs).-,yes,yes,same-paragraph,none,high,"Gracias, senador. Senadora Juliana Di Tulio: tiene usted la palabra.","Page prints ""Senadora Juliana Di Tulio: tiene usted la palabra."" as the second line of that turn.",
995,2022-06-30_r07,30-06-2022_ORDINARIA.pdf,69,Sra. Duré,Sra. Duré.-,yes,yes,same-paragraph,none,high,"Quiero plantear también una cuestión de privilegio en contra del senador Alfredo Cornejo, con","Page prints ""Quiero plantear también una cuestión de privilegio en contra del senador Alfredo Cornejo, con relación a…""; second Duré label on the page.",
996,2022-06-30_r07,30-06-2022_ORDINARIA.pdf,80,Sra. Vigo,Sra. Vigo.-,yes,yes,same-paragraph,none,high,"Muchas gracias, presidente. Deseo expresar mi profunda alegría por la sanción de esta ley","Page prints ""Muchas gracias, presidente.""; ""Deseo expresar mi profunda alegría…"" is the next paragraph of the same turn.",
997,2022-06-30_r07,30-06-2022_ORDINARIA.pdf,90,Sr. Presidenta (Ledesma Abdala),Sr. Presidenta (Ledesma Abdala).-,yes,yes,same-paragraph,none,high,"Gracias, senador. Tiene la palabra senadora Catalfamo.","Label is printed with the masculine abbreviation ""Sr."" before ""Presidenta""; transcribed as printed (verified by zooming into the line).",
998,2022-06-30_r07,30-06-2022_ORDINARIA.pdf,118,Sr. Secretario (Fuentes),Sr. Secretario (Fuentes).-,yes,yes,earlier-on-page,none,high,Beneplácito por un nuevo aniversario de la creación de Yacimientos Petrolíferos Fiscales (YPF). (O.D.,"The listed item sits under the stage line ""–Los órdenes del día en consideración son los siguientes:"" within the Fuentes turn opened a few lines above.",
999,2020-07-30_r10,30-07-2020_ESPECIAL.pdf,12,Sr. Lovera,Sr. Lovera.-,yes,yes,same-paragraph,none,high,...en el marco del respeto de los derechos. El dictamen que tenemos hoy en,"Turn resumes after ""–Contenido no inteligible.""; ""El dictamen que tenemos hoy…"" is the next paragraph of the same turn.",
1000,2020-11-30_r25,30-11-2020_ORDINARIA_CONTINUACIÓN.pdf,21,Sr. Secretario (Fuentes),Sr. Secretario (Fuentes).-,yes,yes,same-paragraph,none,high,"Gracias, senadora. Gladys González: afirmativo. María Teresa González: afirmativo. Nancy González: afirmativo. Ianni: afirmativo.","""Gracias, senadora."" occurs twice on the page under the same Fuentes label; the one followed by ""Gladys González: afirmativo…"" is the match.",
