case,session,pdf,page,parser_speaker,blind_read_label,agree,words_found,label_distance,furniture_in_paragraph,confidence,opening_words,reader_notes,checked_by_hand_afterwards
1,2000-02-23_r01,2000-02-23_r01_PREPARATORIA.pdf,3,Sr. ULLOA,Sr. ULLOA.-,yes,yes,same-paragraph,none,medium,Pido la palabra.,"""Pido la palabra."" also appears later on this same page under Sr. SALA.-; ambiguous which instance is intended, reporting the first (topmost) occurrence.",
2,2000-02-23_r01,2000-02-23_r01_PREPARATORIA.pdf,3,Sr. ULLOA,Sr. ULLOA.-,yes,yes,same-paragraph,none,high,Señor presidente: ¿podría informarme cuántos señores senadores hay en la Casa?,none,
3,2000-02-23_r01,2000-02-23_r01_PREPARATORIA.pdf,3,Sr. PRESIDENTE,Sr. PRESIDENTE.-,yes,yes,same-paragraph,none,high,"Así se hará, señor senador. Estamos llamando.",none,
4,2000-02-23_r01,2000-02-23_r01_PREPARATORIA.pdf,3,Sr. SALA,Sr. ULLOA.-,phrase-printed-twice,yes,same-paragraph,none,medium,Pido la palabra.,"ambiguous — ""Pido la palabra."" is printed twice on this page, once under Sr. ULLOA.- and once under Sr. SALA.-; both labels could genuinely govern this exact phrase, reporting the first (topmost) occurrence.","parser right — 'Pido la palabra.' is printed twice on the page, under Sr. ULLOA and under Sr. SALA. The sampled turn is the Sala one, which the page prints verbatim; the reader reported the first occurrence."
5,2000-02-23_r01,2000-02-23_r01_PREPARATORIA.pdf,3,Sr. SALA,Sr. SALA.-,yes,yes,same-paragraph,none,high,"Es una falta de respeto, señor presidente...",none,
6,2000-02-23_r01,2000-02-23_r01_PREPARATORIA.pdf,4,Sr. PRESIDENTE,Sr. PRESIDENTE.-,yes,yes,same-paragraph,none,high,Invito al señor senador por Córdoba doctor César Angeloz a izar la bandera en,none,
7,2000-02-23_r01,2000-02-23_r01_PREPARATORIA.pdf,4,Sr. PRESIDENTE,Sr. PRESIDENTE.-,yes,yes,same-paragraph,none,high,"De acuerdo con el artículo 1 del Reglamento de la Honorable Cámara, corresponde fijar","printed text reads ""artículo 1°"" (with degree mark) vs quoted ""artículo 1"", otherwise an exact match.",
8,2000-02-23_r01,2000-02-23_r01_PREPARATORIA.pdf,4,Sr. GALVÁN,Sr. GALVÁN.-,yes,yes,same-paragraph,none,high,Señor presidente: propongo que se fijen los miércoles y jueves a las 15 y,none,
9,2000-02-23_r01,2000-02-23_r01_PREPARATORIA.pdf,5,Sr. PRESIDENTE,Sr. PRESIDENTE.-,yes,yes,same-paragraph,none,high,Tiene la palabra el señor senador por Entre Ríos.,none,
10,2000-02-23_r01,2000-02-23_r01_PREPARATORIA.pdf,5,Sr. GALVÁN,Sr. GALVÁN.-,yes,yes,same-paragraph,none,high,"Propongo que sea por signos, señor presidente.",none,
11,2000-02-23_r01,2000-02-23_r01_PREPARATORIA.pdf,6,Sr. ALASINO,Sr. ALASINO.-,yes,yes,same-paragraph,none,high,"Simplemente quiero decir que la propuesta del señor senador Galván, que hemos acompañado, con",none,
12,2000-02-23_r01,2000-02-23_r01_PREPARATORIA.pdf,6,Sr. PRESIDENTE,Sr. PRESIDENTE.-,yes,yes,same-paragraph,none,high,"Señor senador Mario Aníbal Losada: ¿Juráis a la Patria, por Dios y estos Santos","preceded by an italic stage direction ""-Puestos de pie los señores senadores y el público:"" printed as its own paragraph immediately before, not inside this paragraph.",
13,2000-03-01_r00,2000-03-01_r00_ASAMBLEA.pdf,5,Sr. PRESIDENTE,Sr. PRESIDENTE.-,yes,yes,same-paragraph,none,high,Corresponde que la Honorable Asamblea proceda a designar a los integrantes de las comisiones,none,
14,2000-03-01_r00,2000-03-01_r00_ASAMBLEA.pdf,5,Sr. SECRETARIO (Pontaquarto),Sr. SECRETARIO (Pontaquarto).-,yes,yes,same-paragraph,none,high,"Comisión de Exterior: senador José M. García Arecha, senador José M. Sáez, senador Luis",none,
15,2000-03-01_r00,2000-03-01_r00_ASAMBLEA.pdf,11,Sr. PRESIDENTE DE LA NACIÓN,Sr. PRESIDENTE DE LA NACIÓN.-,yes,yes,previous-page,none,high,"Y hablando de justicia, el funcionamiento regular y eficiente de la Justicia es otro",Continuous presidential address from page 6 (de la Rúa) with no intervening bold label through page 11.,
16,2000-03-01_r00,2000-03-01_r00_ASAMBLEA.pdf,12,Sr. PRESIDENTE DE LA NACIÓN,Sr. PRESIDENTE DE LA NACIÓN.-,yes,yes,previous-page,(Aplausos en las bancas y en las galerías.),high,Esta es la alfabetización que nos reclama el siglo que se inicia. Debemos encararla,Same uninterrupted address as case 15; the quoted words follow the parenthetical applause note within the same paragraph on page 12.,
17,2000-10-03_r54,2000-10-03_r54_ESPECIAL.pdf,3,Sr. Losada,Sr. Losada.-,yes,yes,same-paragraph,none,high,Señor presidente: sería importante saber si los integrantes del bloque justicialista van a concurrir,none,
18,2000-10-03_r54,2000-10-03_r54_ESPECIAL.pdf,3,Sr. Rodríguez Saá,Sr. Rodríguez Saá.-,yes,yes,same-paragraph,none,high,Sin perjuicio de que si no hay sesión también anhele hacer algunas manifestaciones en,none,
19,2000-10-03_r54,2000-10-03_r54_ESPECIAL.pdf,5,Sr. Sergnese,Sr. Sergnese.-,yes,yes,same-paragraph,none,high,"Gracias, señor presidente. He pedido el uso de la palabra simplemente para hacer una",none,
20,2000-10-03_r54,2000-10-03_r54_ESPECIAL.pdf,6,Sr. Presidente (Genoud),Sr. Presidente (Genoud).-,yes,yes,same-paragraph,none,high,Queda levantada la reunión en minoría.,none,
21,2001-07-18_r45,2001-07-18_r45_ORDINARIA.pdf,6,Sr. Presidente (Losada),Sr. Presidente (Losada). —,yes,yes,same-paragraph,none,high,Tiene la palabra el señor senador León.,none,
22,2001-07-18_r45,2001-07-18_r45_ORDINARIA.pdf,31,Sr. Presidente (Losada),Sr. Presidente (Losada). —,yes,yes,same-paragraph,none,high,Queda aprobada la comunicación. Se procederá en consecuencia.,"this exact sentence is printed twice on the page (once closing item 58, once closing item 60 ""Programa Nacional de Vacunación""); both instances carry the identical label, so the label itself is not in doubt even though the location is duplicated.",
23,2001-07-18_r45,2001-07-18_r45_ORDINARIA.pdf,31,Sr. Presidente (Losada),Sr. Presidente (Losada). —,yes,yes,same-paragraph,none,high,Queda aprobada la comunicación. Se procederá en consecuencia.,"this exact sentence is printed twice on the page (once closing item 58, once closing item 60 ""Programa Nacional de Vacunación""); both instances carry the identical label, so the label itself is not in doubt even though the location is duplicated.",
24,2001-07-18_r45,2001-07-18_r45_ORDINARIA.pdf,37,Sr. Presidente (Losada),Sr. Presidente (Losada). —,yes,yes,same-paragraph,none,high,Corresponde considerar el dictamen de la Comisión de Educación en el proyecto de declaración,"this quoted lead-in is printed twice on the page (item 76 re: señor senador Gioja, and item 78 re: señor senador López); both instances carry the identical label.",
25,2001-07-18_r45,2001-07-18_r45_ORDINARIA.pdf,37,Sr. Presidente (Losada),Sr. Presidente (Losada). —,yes,yes,same-paragraph,none,high,Corresponde considerar el dictamen de la Comisión de Educación en el proyecto de resolución,"this is item 77 ""XIV Seminario Internacional de Sociología,"" re: señor senador Gioja.",
26,2001-07-18_r45,2001-07-18_r45_ORDINARIA.pdf,37,Sr. Presidente (Losada),Sr. Presidente (Losada).,yes,yes,same-paragraph,none,high,"Si no se hace uso de la palabra, se va a votar su pase","Found in item 77 (""Si no se hace uso de la palabra, se va a votar su pase al Archivo."").",
27,2001-07-18_r45,2001-07-18_r45_ORDINARIA.pdf,37,Sr. Presidente (Losada),Sr. Presidente (Losada).,yes,yes,same-paragraph,none,high,Corresponde considerar el dictamen de la Comisión de Educación en el proyecto de declaración,"Phrase appears twice on this page (item 76, Orden del Día 564, and item 78, Orden del Día 566); both instances carry the same label, so the speaker is not in doubt even though the exact occurrence is unclear.",
28,2001-11-07_r69,2001-11-07_r69_ORDINARIA.pdf,13,Sr. Presidente (Menem),Sr. Presidente (Menem).,yes,yes,same-paragraph,none,high,"Así se hará, señor senador. Se va a votar el pedido de inserción formulado","""Así se hará, señor senador."" opens the paragraph; ""Se va a votar el pedido de inserción formulado..."" is the unindented continuation of the same turn.",
29,2001-11-07_r69,2001-11-07_r69_ORDINARIA.pdf,19,Sr. Presidente (Menem),Sr. Presidente (Menem).,yes,yes,same-paragraph,none,high,Corresponde considerar el dictamen de la Comisión de Asistencia Social y Salud Pública en,"Opens item 27, ""Venta de esteroides anabólicos bajo receta archivada"".",
30,2001-11-07_r69,2001-11-07_r69_ORDINARIA.pdf,21,Sr. Presidente (Menem),Sr. Presidente (Menem).,yes,yes,same-paragraph,none,high,Corresponde considerar el dictamen de las comisiones de Presupuesto y Hacienda y de Turismo,"Opens item 34, ""Eximición del IVA a servicios de transporte para turismo"".",
31,2001-11-07_r69,2001-11-07_r69_ORDINARIA.pdf,38,Sr. Villaverde,Sr. Villaverde.,yes,yes,same-paragraph,none,high,Señor presidente: la comisión aceptará la inclusión mencionada por el señor senador Ulloa.,none,
32,2001-11-14_r71,2001-11-14_r71_ORDINARIA.pdf,15,Sr. Presidente (Menem),Sr. Presidente (Menem).,yes,yes,same-paragraph,none,high,"En consideración en general. Si no se hace uso de la palabra, se va","This exact two-sentence phrase (""En consideración en general."" + ""Si no se hace uso de la palabra, se va a votar."") recurs three times on this page (Orden del Día 982, 983, 984); every occurrence carries the same label, Sr. Presidente (Menem).",
33,2001-11-14_r71,2001-11-14_r71_ORDINARIA.pdf,15,Sr. Presidente (Menem),Sr. Presidente (Menem).,yes,yes,same-paragraph,none,high,"En consideración en general. Si no se hace uso de la palabra, se va","Same phrase recurs three times on this page (Orden del Día 982, 983, 984); every occurrence carries the same label.",
34,2001-11-14_r71,2001-11-14_r71_ORDINARIA.pdf,15,Sr. Presidente (Menem),Sr. Presidente (Menem).,yes,yes,same-paragraph,none,high,"En consideración en general. Si no se hace uso de la palabra, se va","Same phrase recurs three times on this page (Orden del Día 982, 983, 984); every occurrence carries the same label.",
35,2001-11-14_r71,2001-11-14_r71_ORDINARIA.pdf,16,Sr. Presidente (Menem),Sr. Presidente (Menem).,yes,yes,same-paragraph,none,high,Queda aprobada la comunicación. Se procederá en consecuencia.,"""Queda aprobada la comunicación. Se procederá en consecuencia."" appears twice on this page (item 28 and item 29); both instances carry the same label.",
36,2001-11-14_r71,2001-11-14_r71_ORDINARIA.pdf,16,Sr. Presidente (Menem),Sr. Presidente (Menem).,yes,yes,same-paragraph,none,high,Queda aprobada la comunicación. Se procederá en consecuencia.,Same phrase appears twice on this page (item 28 and item 29); both instances carry the same label.,
37,2001-11-14_r71,2001-11-14_r71_ORDINARIA.pdf,26,Sr. Presidente (Menem),Sr. Presidente (Menem).,yes,yes,same-paragraph,none,high,Queda definitivamente sancionado el proyecto de ley. Se harán las comunicaciones correspondientes. Tiene la,none,
38,2001-11-28_r73,2001-11-28_r73_ORDINARIA.pdf,14,Sr. Presidente (Losada),Sr. Presidente (Losada).,yes,yes,same-paragraph,"superscript footnote marker ""1"" after ""la designación"" (footnote reads ""Ver el Apéndice."" at bottom of page)",high,Queda aprobada la designación. Se procederá en consecuencia. La Presidencia interpreta que tendrá vigencia,none,
39,2001-11-28_r73,2001-11-28_r73_ORDINARIA.pdf,24,Sr. Presidente (Losada),Sr. Presidente (Losada).,yes,yes,same-paragraph,none,high,Queda aprobada la resolución. Se harán las comunicaciones correspondientes.,"Follows the item ""Fiscal general ante la Cámara Federal de Apelaciones de Tucumán"".",
40,2001-11-28_r73,2001-11-28_r73_ORDINARIA.pdf,61,Sr. Presidente (Losada),Sr. Presidente (Losada).,yes,yes,same-paragraph,none,high,"Continúa la sesión. Si no se hace uso de la palabra, se va a",none,
41,2002-04-11_r05,2002-04-11_r05_ESPECIAL.pdf,3,Sr. Presidente (Maqueda),Sr. Presidente (Maqueda).,yes,yes,same-paragraph,none,high,"Encontrándose el señor jefe de Gabinete de Ministros contador Jorge Milton Capitanich entre nosotros,","Preceded (outside the paragraph) by the italic stage direction ""— Ingresa en el recinto el señor jefe de Gabinete de Ministros, contador Jorge Milton Capitanich.""",
42,2002-04-11_r05,2002-04-11_r05_ESPECIAL.pdf,11,Sr. Jefe de Gabinete de Ministros,Sr. Jefe de Gabinete de Ministros.,yes,yes,same-paragraph,none,high,"Si lo desea, sí. Pero acepto lo que usted quiera.",none,
43,2002-04-11_r05,2002-04-11_r05_ESPECIAL.pdf,18,Sr. Guinle,Sr. Guinle.,yes,yes,same-paragraph,none,high,"Dos repreguntas, señor jefe de Gabinete. Respecto del Fondo Fiduciario para Consumo Residencial de",none,
44,2002-04-11_r05,2002-04-11_r05_ESPECIAL.pdf,19,Sra. Ibarra,Sra. Ibarra.,yes,yes,same-paragraph,none,high,"Gracias, señor presidente; voy a ser muy breve. Hubieron respuestas enviadas por el señor",none,
45,2002-04-11_r05,2002-04-11_r05_ESPECIAL.pdf,23,Sra. Isidori,Sra. Isidori.,yes,yes,same-paragraph,none,high,"No, señor presidente.",none,
46,2002-04-11_r05,2002-04-11_r05_ESPECIAL.pdf,24,Sr. Losada,Sr. Losada.,yes,yes,same-paragraph,none,high,Le pido a los señores senadores que por favor...,"Immediately preceded by the italic stage direction ""— Murmullos en el recinto.""; that direction is its own line, not part of this paragraph.",
47,2002-04-11_r05,2002-04-11_r05_ESPECIAL.pdf,25,Sr. Jefe de Gabinete de Ministros,Sr. Jefe de Gabinete de Ministros.,yes,yes,same-paragraph,none,high,"Señor presidente: quiero señalar al señor senador por la provincia de Misiones, Mario Losada,",none,
48,2002-04-11_r05,2002-04-11_r05_ESPECIAL.pdf,26,Sr. Jefe de Gabinete de Ministros,Sr. Jefe de Gabinete de Ministros.,yes,yes,same-paragraph,none,high,"Señor presidente: de acuerdo con la respuesta formal a la pregunta 311, efectivamente no",none,
49,2002-04-11_r05,2002-04-11_r05_ESPECIAL.pdf,31,Sr. Morales,Sr. Morales.,yes,yes,same-paragraph,none,high,"Brevemente, quisiera aclarar que seguramente omitió algo en la respuesta, porque pregunté varias cosas.",none,
50,2002-04-11_r05,2002-04-11_r05_ESPECIAL.pdf,36,Sr. Presidente (López Arias),Sr. Presidente (López Arias).,yes,yes,same-paragraph,none,high,Señor senador Ochoa.,"""Señor senador Ochoa."" is the President calling on the senator by name, immediately followed by a new paragraph ""Sr. Ochoa. — No haré uso de la palabra, señor presidente.""",
51,2002-04-11_r05,2002-04-11_r05_ESPECIAL.pdf,39,Sr. Presidente (López Arias),Sr. Presidente (López Arias).,yes,yes,same-paragraph,none,high,Tiene la palabra la señora senadora Sapag.,"Exact match ""Tiene la palabra la señora senadora Sapag."" right after the label.",
52,2002-04-11_r05,2002-04-11_r05_ESPECIAL.pdf,43,Sr. Presidente (López Arias),Sr. Presidente (López Arias).,yes,yes,same-paragraph,none,high,Tiene la palabra el señor jefe de Gabinete de Ministros.,"Exact match ""Tiene la palabra el señor jefe de Gabinete de Ministros."" right after the label.",
53,2002-04-11_r05,2002-04-11_r05_ESPECIAL.pdf,51,Sr. Yoma,Sr. Yoma.,yes,yes,same-paragraph,none,high,"Solicito una interrupción, señor presidente.","Exact match ""Solicito una interrupción, señor presidente."" right after the label.",
54,2002-04-11_r05,2002-04-11_r05_ESPECIAL.pdf,54,Sra. Isidori,Sra. Isidori.,yes,yes,same-paragraph,none,high,"No, señor presidente.","Exact match ""No, señor presidente."" right after the label.",
55,2002-04-11_r05,2002-04-11_r05_ESPECIAL.pdf,54,Sr. Moro,Sr. Moro.,yes,yes,same-paragraph,none,high,Señor presidente: había solicitado la palabra cuando se inició la ronda de intervenciones que,"Exact match ""Señor presidente: había solicitado la palabra cuando se inició la ronda de intervenciones que está transcurriendo.""",
56,2002-04-11_r05,2002-04-11_r05_ESPECIAL.pdf,55,Sr. Presidente (Maqueda),Sr. Presidente (Maqueda).,yes,yes,same-paragraph,none,high,Tiene la palabra el señor jefe de Gabinete de Ministros.,"Exact match ""Tiene la palabra el señor jefe de Gabinete de Ministros."" on p.55, right after the label.",
57,2002-04-11_r05,2002-04-11_r05_ESPECIAL.pdf,55,Sr. Presidente (Maqueda),Sr. Presidente (Maqueda).,yes,yes,same-paragraph,none,high,Tiene la palabra el señor senador Gioja.,"Exact match ""Tiene la palabra el señor senador Gioja."" right after the label.",
58,2002-04-11_r05,2002-04-11_r05_ESPECIAL.pdf,56,Sr. Jefe de Gabinete de Ministros,Sr. Jefe de Gabinete de Ministros.,yes,yes,same-paragraph,(Aplausos.),high,"Muchísimas gracias, señor presidente; muchísimas gracias a los señores y señoras senadores presentes. Simplemente,","Exact match right after the label; the stage direction ""(Aplausos.)"" appears later within the same turn, before the next bold label.",
59,2002-08-22_r20,2002-08-22_r20_EN_MINORIA.pdf,4,Sr. Presidente (López Arias),Sr. Presidente (López Arias).,yes,yes,same-paragraph,none,high,Por Secretaría se tomará lista.,"Exact match ""Por Secretaría se tomará lista."" right after the label; last line on the page.",
60,2002-08-22_r20,2002-08-22_r20_EN_MINORIA.pdf,5,Sr. Busti,Sr. Busti.,yes,yes,same-paragraph,none,high,"Perdón, señor presidente. La senadora Bar está presente.","Exact match ""Perdón, señor presidente. La senadora Bar está presente."" right after the label.",
61,2003-06-25_r13,2003-06-25_r13_ESPECIAL.pdf,14,Sr. Pichetto,Sr. Pichetto.,yes,yes,same-paragraph,none,high,"Sí, señor presidente, no era para interrumpirlo al senador Baglini sinopara fijar un mecanismo","Exact match ""Sí, señor presidente, no era para interrumpirlo al senador Baglini sino para fijar un mecanismo..."" right after the label.",
62,2003-07-23_r15,2003-07-23_r15_ORDINARIA.pdf,27,Sr. Presidente (Gioja),Sr. Presidente (Gioja).,yes,yes,same-paragraph,— La votación resulta afirmativa. / — En particular es igualmente afirmativa.,high,"En consideración en general.Si no se hace uso de la palabra, se va a","The identical phrase ""En consideración en general. Si no se hace uso de la palabra, se va a votar."" appears three times on this page (items 48, 49, 50 - Orden del Día 287, 288, 299), each time preceded by the same label ""Sr. Presidente (Gioja).""; not ambiguous since all instances carry the same label, but flagging the repetition.",
63,2003-07-23_r15,2003-07-23_r15_ORDINARIA.pdf,27,Sr. Presidente (Gioja),Sr. Presidente (Gioja).,yes,yes,same-paragraph,— La votación resulta afirmativa. / — En particular es igualmente afirmativa.,high,"En consideración en general.Si no se hace uso de la palabra, se va a","Same page and same repeated phrase as case 62 (appears 3 times identically); all instances are governed by the identical label ""Sr. Presidente (Gioja),"" so not ambiguous.",
64,2003-07-23_r15,2003-07-23_r15_ORDINARIA.pdf,27,Sr. Presidente (Gioja),Sr. Presidente (Gioja).,yes,yes,same-paragraph,— La votación resulta afirmativa. / — En particular es igualmente afirmativa.,high,"En consideración en general.Si no se hace uso de la palabra, se va a","Same page and same repeated phrase as cases 62-63 (appears 3 times identically); all instances are governed by the identical label ""Sr. Presidente (Gioja),"" so not ambiguous.",
65,2003-08-20_r18,2003-08-20_r18_TRIBUNAL_DE_JUICIO_POLITICO.pdf,6,Sr. Presidente,Sr. Presidente.,yes,yes,same-paragraph,[Volver al sumario],high,"Habiendo dado cumplimiento del Reglamento de Procedimientopara el Caso de Juicio Político, invito a","Exact match ""Habiendo dado cumplimiento del Reglamento de Procedimiento para el Caso de Juicio Político, invito a los presentes a tomar asiento."" right after the label (no parenthetical name printed here); ""[Volver al sumario]"" and a following bold section title appear later within the same turn, before the next bold label (Sr. Pichetto).",
66,2003-09-03_r20,2003-09-03_r20_TRIBUNAL_DE_JUICIO_POLITICO.pdf,4,Sr. Presidente,Sr. Presidente.,yes,yes,same-paragraph,— Varios señores senadores hablan a la vez.,high,Ya ha sido girado a la comisión correspondiente.,"Exact match ""Ya ha sido girado a la comisión correspondiente."" right after the label (no parenthetical name printed here); note the preceding line ""Varios señores senadores. — Ya ha sido girado."" is a different, plural speaker label and does not govern the quoted words.",
67,2003-09-17_r22,2003-09-17_r22_ORDINARIA.pdf,60,Sr. Presidente (Gioja),Sr. Presidente (Gioja).,yes,yes,same-paragraph,none,high,"Corresponde considerar el dictamen de la Comisión de Agricultura,Ganadería y Pesca en el proyecto","The quoted words are not the first occurrence of similar phrasing on the page (an almost-identical sentence about a different bill starts the page, carried over from the prior page and not given), but the exact quoted string matches item 164 ""Corresponde considerar el dictamen de la Comisión de Agricultura, Ganadería y Pesca en el proyecto de declaración de la señora senadora Curletti..."" which is fully on this page under this label.",
68,2003-09-17_r22,2003-09-17_r22_ORDINARIA.pdf,88,Sr. Presidente (Gioja),Sr. Presidente (Gioja).,yes,yes,same-paragraph,none,high,Tiene la palabra la señora senadora Avelín.,"Exact match ""Tiene la palabra la señora senadora Avelín."" right after the label.",
69,2003-11-04_r29,2003-11-04_r29_TRIBUNAL_DE_JUICIO_POLITICO.pdf,12,Sr. Badeni,Sr. Badeni.,yes,yes,same-paragraph,none,high,"Le recuerdo, señora presidenta, que no es sólo ese cargo. También se dice que","Exact match ""Le recuerdo, señora presidenta, que no es sólo ese cargo. También se dice que se violó..."" right after the label.",
70,2003-11-04_r29,2003-11-04_r29_TRIBUNAL_DE_JUICIO_POLITICO.pdf,28,Sra. Presidenta,Sra. Presidenta.,yes,yes,same-paragraph,none,medium,Sí.,"ambiguous - the exact word ""Sí."" appears twice on this page as a candidate match: once as the whole turn ""Sra. Presidenta. — Sí."" and once as the opening sentence of ""Sr. Gentile. — Sí. No conozco en detalle tampoco.""; reporting the first (Sra. Presidenta) but either could genuinely govern the quoted single word.",
71,2003-11-04_r29,2003-11-04_r29_TRIBUNAL_DE_JUICIO_POLITICO.pdf,71,Sr. Badeni,Sr. Badeni.,yes,yes,same-paragraph,none,high,"¿Y por qué no la entregó Telefónica, no lo recuerda?","Exact match ""¿Y por qué no la entregó Telefónica, no lo recuerda?"" right after the label; it is the last line on the page.",
72,2003-11-04_r29,2003-11-04_r29_TRIBUNAL_DE_JUICIO_POLITICO.pdf,101,Sra. Ibarra,Sra. Ibarra.,yes,yes,same-paragraph,none,high,Esta es una pregunta para conocimiento: usted integraba el Tribunal Arbitralrepresentando a la parte,"Exact match ""Esta es una pregunta para conocimiento: usted integraba el Tribunal Arbitral representando a la parte privada."" right after the label.",
73,2003-11-11_r32,2003-11-11_r32_TRIBUNAL_DE_JUICIO_POLITICO.pdf,18,Sr. Presidente (Yoma),Sr. Presidente (Yoma).,yes,yes,same-paragraph,none,high,"Vamos a proceder, entonces, a la lectura del pliego de preguntaspresentado por la Defensa.Antes,","Exact match ""Vamos a proceder, entonces, a la lectura del pliego de preguntas presentado por la Defensa. Antes,"" right after the label.",
74,2003-11-11_r32,2003-11-11_r32_TRIBUNAL_DE_JUICIO_POLITICO.pdf,29,Sra. Presidenta,Sra. Presidenta.,yes,yes,same-paragraph,none,high,Lectura...,"Exact match ""Lectura..."" right after the label; this is the only occurrence of the word on the page.",
75,2003-11-11_r32,2003-11-11_r32_TRIBUNAL_DE_JUICIO_POLITICO.pdf,41,Sra. Eggink,Sra. Eggink.,yes,yes,same-paragraph,none,high,"No, no estábamos facultados. El Tribunal Arbitral no tiene esas facultades, nitampoco para indicar","Exact match ""No, no estábamos facultados. El Tribunal Arbitral no tiene esas facultades, ni tampoco para indicar..."" right after the label.",
76,2003-11-19_r33,2003-11-19_r33_ORDINARIA.pdf,112,Sr.  Presidente,Sr. Presidente.,yes,yes,same-paragraph,none,high,Corresponde considerar el dictamen de las comisiones de LegislaciónGeneral y de Presupuesto y Hacienda,"Opens item 212 (Orden del Día N˚ 1369), asociaciones civiles.",
77,2003-11-26_r35,2003-11-26_r35_ORDINARIA.pdf,15,Sr. Maestro,Sr. Maestro.,yes,yes,same-paragraph,none,high,Señor presidente:...,"""Sr. Maestro. — Señor presidente:..."" matches exactly including the ellipsis.",
78,2003-12-04_r40,2003-12-04_r40_ORDINARIA.pdf,75,Sr. Presidente,Sr. Presidente.,yes,yes,same-paragraph,none,high,Queda aprobada la declaración. Se procederá en consecuencia.,"First line of the page, closing consideration of the item above.",
79,2003-12-04_r40,2003-12-04_r40_ORDINARIA.pdf,98,Sr. Presidente,Sr. Presidente.,yes,yes,same-paragraph,none,high,"Así se hará, señor senador.La Presidencia invita a ingresar en el recinto a la",Same paragraph continues into inviting Laura Martínez Pass de Cresto to the chamber.,
80,2003-12-17_r41,2003-12-17_r41_ORDINARIA.pdf,53,Sr. Pichetto,Sr. Pichetto.,yes,yes,same-paragraph,none,high,Asumimos el compromiso planteado por el senador Gómez Diez y vamos apedir que se,none,
81,2004-03-18_r02,2004-03-18_r02_ORDINARIA.pdf,26,Sra. Perceval,Sra. Perceval.,yes,yes,same-paragraph,none,high,Señor presidente: pido que en el dictamen de este proyecto se incorpore elvisto del,none,
82,2004-04-07_r05,2004-04-07_r05_ORDINARIA.pdf,20,Sr. Presidente,Sr. Presidente.,yes,yes,same-paragraph,none,high,Se agregó la señora senadora Colombo; y hasta que no se cierre la lista,none,
83,2004-04-21_r07,2004-04-21_r07_ORDINARIA.pdf,15,Sr. Presidente,Sr. Presidente.,yes,yes,same-paragraph,none,high,"Corresponde considerar el dictamen de la Comisión de Educación, Cultura,Ciencia y Tecnología en el","This exact phrase recurs three times on the page (opening Orden del Día N° 146, N° 148, and N° 149); all three occurrences are governed by the identical label ""Sr. Presidente."", so the speaker is not ambiguous even though the wording repeats.",
84,2004-04-21_r07,2004-04-21_r07_ORDINARIA.pdf,15,Sr. Presidente,Sr. Presidente.,yes,yes,same-paragraph,none,high,"Corresponde considerar el dictamen de la Comisión de Educación, Cultura,Ciencia y Tecnología en el",Same page and duplicate phrasing as case 83 (Orden del Día N° 146/148/149 all use identical wording); label is the same in every occurrence.,
85,2004-04-21_r07,2004-04-21_r07_ORDINARIA.pdf,15,Sr. Presidente,Sr. Presidente.,yes,yes,same-paragraph,none,high,"Corresponde considerar el dictamen de la Comisión de Educación, Cultura,Ciencia y Tecnología en el",Same page and duplicate phrasing as cases 83-84; label is the same in every occurrence.,
86,2004-04-28_r08,2004-04-28_r08_ORDINARIA.pdf,37,Sra. Gallego,Sra. Gallego.,yes,yes,same-paragraph,none,high,Pido la palabra.,none,
87,2004-05-12_r10,2004-05-12_r10_ORDINARIA.pdf,14,Sr. Presidente,Sr. Presidente.,yes,yes,same-paragraph,none,high,"Corresponde considerar el dictamen de la Comisión de Agricultura,Ganadería y Pesca en el proyecto","This phrase (Comisión de Agricultura, Ganadería y Pesca) recurs on the page for Orden del Día N° 260 and N° 261; both occurrences carry the identical label ""Sr. Presidente."".",
88,2004-07-07_r16,2004-07-07_r16_ORDINARIA.pdf,99,Sr. Presidente (Guinle),Sr. Presidente (Guinle).,yes,yes,same-paragraph,none,high,Corresponde considerar el dictamen de la Comisión ParlamentariaMixta Revisora de Cuentas de la Administración,"This phrase recurs three times on the page (Orden del Día N° 536, 537, 538, all Comisión Parlamentaria Mixta Revisora de Cuentas); all three carry the identical label ""Sr. Presidente (Guinle).""",
89,2004-07-07_r16,2004-07-07_r16_ORDINARIA.pdf,99,Sr. Presidente (Guinle),Sr. Presidente (Guinle).,yes,yes,same-paragraph,none,high,Corresponde considerar el dictamen de la Comisión ParlamentariaMixta Revisora de Cuentas de la Administración,Same page and duplicate phrasing as case 88; label identical in every occurrence.,
90,2004-07-07_r16,2004-07-07_r16_ORDINARIA.pdf,99,Sr. Presidente (Guinle),Sr. Presidente (Guinle).,yes,yes,same-paragraph,none,high,Corresponde considerar el dictamen de la Comisión ParlamentariaMixta Revisora de Cuentas de la Administración,Same page and duplicate phrasing as cases 88-89; label identical in every occurrence.,
91,2004-07-07_r16,2004-07-07_r16_ORDINARIA.pdf,120,Sr. Presidente (Guinle),Sr. Presidente (Guinle).,yes,yes,same-paragraph,none,high,Tiene la palabra el señor senador López Arias.,none,
92,2004-08-11_r18,2004-08-11_r18_ORDINARIA.pdf,53,Sr. Presidente (Guinle),Sr. Presidente (Guinle).,yes,yes,same-paragraph,none,high,"Así se hará, señor senador. Tiene la palabra el señor senador Gómez Diez.",none,
93,2004-08-18_r19,2004-08-18_r19_ORDINARIA.pdf,7,Sra. Fernández de Kirchner,Sra. Fernández de Kirchner.,yes,yes,same-paragraph,none,high,Señor presidente: he presentado en la fecha un proyecto dedeclaración vinculado con el referéndum,"First paragraph on the page; label appears at top of page (turn may have opened here or on the previous page, but the label itself is printed at the top of this page directly before the quoted words).",
94,2004-10-06_r27,2004-10-06_r27_ORDINARIA.pdf,42,Sra. Müller,Sra. Müller.,yes,yes,same-paragraph,none,high,"Señor presidente: el artículo 171 del Reglamento dice: “La discusión enparticular es en detalle,","The quoted words begin a paragraph that itself quotes the Reglamento; the quotation marks around the regulation text are original speech content, not page furniture.",
95,2004-10-06_r27,2004-10-06_r27_ORDINARIA.pdf,72,Sr. Presidente (Guinle),Sr. Presidente (Guinle).,yes,yes,same-paragraph,none,high,Corresponde considerar el dictamen de la Comisión de Presupuestoy Hacienda en el proyecto de,"This phrase (Comisión de Presupuesto y Hacienda) recurs on the page for item 82 and item 83; both occurrences carry the identical label ""Sr. Presidente (Guinle).""",
96,2004-10-06_r27,2004-10-06_r27_ORDINARIA.pdf,72,Sr. Presidente (Guinle),Sr. Presidente (Guinle).,yes,yes,same-paragraph,none,high,Corresponde considerar el dictamen de la Comisión de Presupuestoy Hacienda en el proyecto de,Same page and duplicate phrasing as case 95; label identical in both occurrences.,
97,2004-11-10_r32,2004-11-10_r32_ORDINARIA.pdf,108,Sr. Secretario (Estrada),Sr. Secretario (Estrada).,yes,yes,same-paragraph,none,high,"Resultan 34 votos por la afirmativa, 26 por la negativa y 3abstenciones.",none,
98,2004-11-17_r00,2004-11-17_r00_ASAMBLEA.pdf,5,Sr. Presidente,Sr. Presidente.,yes,yes,same-paragraph,none,high,"En virtud del asentimiento prestado, por Secretaría se dará cuenta de lanómina de integrantes","Asamblea Legislativa session, item 3 (Comisiones de recepción).",
99,2004-12-01_r35,2004-12-01_r35_ORDINARIA.pdf,5,Sr. Presidente,Sr. Presidente.,yes,yes,same-paragraph,none,high,Tiene la palabra el senador Losada.,none,
100,2004-12-16_r36,2004-12-16_r36_ORDINARIA.pdf,111,Sr. Presidente (Guinle),Sr. Presidente (Guinle).,yes,yes,same-paragraph,none,high,"En consideración en general y en particular.Si no se hace uso de la palabra,","Opens item 175 (Transferencia de inmuebles al municipio de Viedma, Río Negro).",
101,2005-02-03_r38,2005-02-03_r38_EXTRAORDINARIA.pdf,24,Sr. Presidente (Guinle),Sr. Presidente (Guinle).,yes,yes,same-paragraph,none,high,Tiene la palabra el señor senador Capitanich.,none,
102,2005-04-06_r07,2005-04-06_r07_ORDINARIA.pdf,12,Sr. Presidente (Guinle),Sr. Presidente (Guinle).,yes,yes,same-paragraph,none,medium,Queda aprobada la comunicación. Se procederá en consecuencia.,"The exact phrase ""Queda aprobada la comunicación. Se procederá en consecuencia."" appears three times on this page (before item 22, after item 23, after item 24); all three occurrences are governed by the identical label Sr. Presidente (Guinle), so the label is certain even though the specific occurrence is not identified.",
103,2005-04-06_r07,2005-04-06_r07_ORDINARIA.pdf,12,Sr. Presidente (Guinle),Sr. Presidente (Guinle).,yes,yes,same-paragraph,none,medium,Queda aprobada la comunicación. Se procederá en consecuencia.,"Same as case 102 — the phrase appears three times on this page, all under the identical label Sr. Presidente (Guinle).",
104,2005-04-06_r07,2005-04-06_r07_ORDINARIA.pdf,12,Sr. Presidente (Guinle),Sr. Presidente (Guinle).,yes,yes,same-paragraph,none,medium,Queda aprobada la comunicación. Se procederá en consecuencia.,"Same as case 102 — the phrase appears three times on this page, all under the identical label Sr. Presidente (Guinle).",
105,2005-05-04_r11,2005-05-04_r11_ORDINARIA.pdf,121,Sr. Presidente (Guinle),Sr. Presidente (Guinle).,yes,yes,same-paragraph,none,high,"¿Existe acuerdo con este artículo, que sería el artículo 6° de lascláusulas transitorias?Tiene la",none,
106,2005-05-04_r11,2005-05-04_r11_ORDINARIA.pdf,123,Sr. Presidente (Guinle),Sr. Presidente (Guinle).,yes,yes,same-paragraph,none,high,"Queda aprobado en general.En consideración en particular. Vamos a tratar y a votar, en",none,
107,2005-05-18_r14,2005-05-18_r14_ORDINARIA.pdf,46,Sr. Presidente,Sr. Presidente.,yes,yes,same-paragraph,none,high,"A continuación, corresponde solicitar las preferencias.Tiene la palabra el señor senador Losada.",none,
108,2005-06-22_r20,2005-06-22_r20_TRIBUNAL_DE_JUICIO_POLITICO.pdf,58,Sr. Presidente,Sr. Presidente.,yes,yes,same-paragraph,none,high,Tiene la palabra la señora senadora Fernández de Kirchner.,none,
109,2005-07-27_r21,2005-07-27_r21_ORDINARIA.pdf,66,Sr. Presidente (Guinle),Sr. Presidente (Guinle).,yes,yes,same-paragraph,none,high,Queda aprobada la resolución. Se comunicará a la HonorableCámara de Diputados.,none,
110,2005-07-27_r21,2005-07-27_r21_ORDINARIA.pdf,102,Sr. Agúndez,Sr. Agúndez.,yes,yes,same-paragraph,(Risas),high,"Señor presidente: simplemente voy a hacer una aclaración, como usted dijo queyo no sabía","The stage direction (Risas) appears later in the same paragraph, after the quoted words.",
111,2005-09-07_r27,2005-09-07_r27_ORDINARIA.pdf,89,Sr. Presidente,Sr. Presidente.,yes,yes,same-paragraph,none,high,"Resulta aprobado.Si no se hace uso de la palabra, se va a votar en",none,
112,2005-09-21_r29,2005-09-21_r29_ORDINARIA.pdf,15,Sr. Rossi,Sr. Rossi.,yes,yes,same-paragraph,none,high,"Señor presidente: precisamente, quiero referirme al plan de labor aprobado ayeren la reunión de",none,
113,2005-11-02_r34,2005-11-02_r34_ORDINARIA.pdf,66,Sr. Secretario (Estrada),Sr. Secretario (Estrada).,yes,yes,same-paragraph,none,high,Se deja constancia de que se reemplaza la expresión “a celebrarse elpróximo” por “celebrado,none,
114,2005-11-23_r38,2005-11-23_r38_ORDINARIA.pdf,24,Sr. Presidente,Sr. Presidente.,yes,yes,same-paragraph,none,high,"En consideración el cierre de la lista de oradores, conforme lo leído porSecretaría.Si no",none,
115,2005-11-23_r38,2005-11-23_r38_ORDINARIA.pdf,52,Sr. Terragno,Sr. Terragno.,yes,yes,same-paragraph,none,high,Señor presidente: el 11 de octubre de 2001 la actual senadora Vilma Ibarra yyo,none,
116,2005-11-23_r38,2005-11-23_r38_ORDINARIA.pdf,76,Sr. Salvatori,Sr. Salvatori.,yes,yes,same-paragraph,none,high,Tampoco el artículo 6E.,none,
117,2005-11-30_r40,2005-11-30_r40_ORDINARIA.pdf,8,Sra. Isidori,Sra. Isidori.,yes,yes,same-paragraph,none,high,"Señor presidente: con la anuencia de la Cámara, no quisiera perder laoportunidad para despedir",none,
118,2005-12-21_r42,2005-12-21_r42_EXTRAORDINARIA.pdf,15,Sr. Sanz,Sr. Sanz.,yes,yes,same-paragraph,none,high,"Desde el mismo momento en que todos, la ciudadanía, todo el mundo conoció estadecisión",none,
119,2005-12-21_r42,2005-12-21_r42_EXTRAORDINARIA.pdf,81,Sr. Presidente (Guinle),Sr. Presidente (Guinle).,yes,yes,same-paragraph,none,high,¿No va a aceptar la comisión otra modificación?,none,
120,2005-12-22_r43,2005-12-22_r43_EXTRAORDINARIA.pdf,42,Sr. Rossi,Sr. Rossi.,yes,yes,same-paragraph,none,high,"No voy a dar interrupciones, porque después me voy a dedicar a usted, cuando",none,
121,2006-02-15_r44,2006-02-15_r44_EXTRAORDINARIA.pdf,19,Sr. Pecoff Naidenoff,Sr. Pecoff Naidenoff.,yes,yes,same-paragraph,none,high,Señor presidente: si el cuerpo lo considera viable solicito lamodificación —por lo menos así,none,
122,2006-04-05_r05,2006-04-05_r05_ORDINARIA.pdf,27,Sr. Presidente,Sr. Presidente.,yes,yes,same-paragraph,none,high,"En consideración en general.Si no se hace uso de la palabra, se va a",none,
123,2006-04-05_r05,2006-04-05_r05_ORDINARIA.pdf,29,Sr. Presidente,Sr. Presidente.,yes,yes,same-paragraph,none,high,"Pasamos a los tratamientos sobre tablas a solicitar. En primer lugar,corresponde considerar si se",none,
124,2006-04-19_r06,2006-04-19_r06_ORDINARIA.pdf,18,Sr. Pichetto,Sr. Pichetto.,yes,yes,same-paragraph,none,high,Pido la palabra.,none,
125,2006-04-26_r07,2006-04-26_r07_ORDINARIA.pdf,80,Sr. Presidente,Sr. Presidente.,yes,yes,same-paragraph,none,high,Tiene la palabra la señora senadora Escudero.,none,
126,2006-05-10_r08,2006-05-10_r08_ORDINARIA.pdf,32,Sra. Perceval,Sra. Perceval.,yes,yes,same-paragraph,none,high,"En realidad, la cuestión es salir de la trampa del poder punitivo, porque lo","An italic line ""senadora Mirian Curletti."" sits above, the tail of a stage direction continued from the previous page; the quoted words begin right at the ""Sra. Perceval. —"" label.",
127,2006-05-17_r09,2006-05-17_r09_ORDINARIA.pdf,31,Sr. Presidente (Pampuro),Sr. Presidente (Pampuro).,yes,yes,same-paragraph,none,high,Tiene la palabra el señor senador Capitanich.,none,
128,2006-06-07_r11,2006-06-07_r11_ORDINARIA.pdf,9,Sra. Leguizamón,Sra. Leguizamón.,yes,yes,same-paragraph,none,high,Afirmativo.,none,
129,2006-06-28_r13,2006-06-28_r13_ORDINARIA.pdf,20,Sr. Presidente,Sr. Presidente.,yes,yes,same-paragraph,none,high,Tiene la palabra el señor senador Capitanich.,none,
130,2006-06-28_r13,2006-06-28_r13_ORDINARIA.pdf,38,Sr. Presidente (López Arias),Sr. Presidente (López Arias).,yes,yes,same-paragraph,none,high,Tiene la palabra el señor senador Pichetto.,none,
131,2006-08-02_r17,2006-08-02_r17_ORDINARIA.pdf,26,Sr. Rodríguez Saá,Sr. Rodríguez Saá.,yes,yes,same-paragraph,(Lo exhibe).,high,"Es lalegislación de San Luis hasta noviembre de 2004, aprobada finalmente por una ley","The stage direction ""(Lo exhibe)."" sits inside the same paragraph, just before the quoted words.",
132,2006-08-09_r18,2006-08-09_r18_ORDINARIA.pdf,4,Sr. Presidente (López Arias),Sr. Presidente (López Arias).,yes,yes,same-paragraph,none,high,"Resulta aprobada.En consideración en general. Si no se hace uso de la palabra, se","The quote runs across three short unlabeled lines (""Resulta aprobada."" / ""En consideración en general."" / ""Si no se hace uso de la palabra, se va a votar.""), all part of the same presidential turn with no intervening label.",
133,2006-09-06_r21,2006-09-06_r21_ORDINARIA.pdf,9,Sr. Presidente (Pampuro),Sr. Presidente (Pampuro).,yes,yes,same-paragraph,none,high,"Si no se hace uso de la palabra, se va a votar el pedido",none,
134,2006-09-06_r21,2006-09-06_r21_ORDINARIA.pdf,10,Sr. Presidente (Pampuro),Sr. Presidente (Pampuro).,yes,yes,same-paragraph,none,high,"A continuación, se va a votar el plan de labor con la modificaciónsugerida por",none,
135,2006-11-29_r29,2006-11-29_r29_ORDINARIA.pdf,24,Sr. Presidente (López Arias),Sr. Presidente (López Arias).,yes,yes,same-paragraph,none,high,Correcto. Todo esto lo haríamos en el momento de la votación.¿Qué hora fijamos?,none,
136,2006-11-29_r29,2006-11-29_r29_ORDINARIA.pdf,71,Sra. Escudero,Sra. Escudero.,yes,yes,same-paragraph,none,high,Ya termino.Y lo que me parece absolutamente disparatado es que esa unidad tenga que,"The quote spans the short labeled line ""Ya termino."" and the following unlabeled paragraph that continues her same turn; no new label intervenes.",
137,2006-11-29_r29,2006-11-29_r29_ORDINARIA.pdf,86,Sr. Presidente (Pampuro),Sr. Presidente (Pampuro).,yes,yes,same-paragraph,none,high,"Corresponde considerar el dictamen de las comisiones deInfraestructura, Vivienda y Transporte y de Presupuesto","A bold section title ""12. OD 1146: Modificación de la Ley 24464 de Sistema Federal de la Vivienda"" precedes the paragraph but is not inside it.",
138,2006-12-06_r30,2006-12-06_r30_ORDINARIA.pdf,47,Sra. Vigo,Sra. Vigo.,yes,yes,same-paragraph,none,high,"Entonces, solicito autorización para poder insertar mi discurso en el Diario deSesiones.No obstante, quiero",none,
139,2006-12-06_r30,2006-12-06_r30_ORDINARIA.pdf,89,Sr. Presidente (López Arias),Sr. Presidente (López Arias).,yes,yes,same-paragraph,none,high,Tiene la palabra la señora senadora Negre de Alonso.,none,
140,2006-12-20_r32,2006-12-20_r32_ORDINARIA.pdf,23,Sr. Fernández,Sr. Fernández.,yes,yes,same-paragraph,none,high,Señor presidente: voy tratar de ser muy breve.He pedido el uso de la palabra,none,
141,2007-02-13_r33,2007-02-13_r33_EXTRAORDINARIA.pdf,34,Sr. Pichetto,Sr. Pichetto.,yes,yes,same-paragraph,none,high,"¿Hora de votación, presidente?",none,
142,2007-02-13_r33,2007-02-13_r33_EXTRAORDINARIA.pdf,34,Sr. Presidente,Sr. Presidente.,yes,yes,same-paragraph,none,high,"Adelante con sus 10 minutos, senador Capitanich.",Same page as Case 141.,
143,2007-02-13_r33,2007-02-13_r33_EXTRAORDINARIA.pdf,55,Sr. Presidente,Sr. Presidente.,yes,yes,same-paragraph,none,high,"Para formular una aclaración, tiene la palabra el señor senador Capitanich.",none,
144,2007-02-13_r33,2007-02-13_r33_EXTRAORDINARIA.pdf,60,Sr. Presidente,Sr. Presidente.,yes,yes,same-paragraph,none,high,Tiene la palabra el señor senador Gómez Diez.,none,
145,2007-03-14_r02,2007-03-14_r02_ORDINARIA.pdf,6,Sr. Presidente,Sr. Presidente.,yes,yes,same-paragraph,none,high,Tiene la palabra el señor senador Basualdo.,"There is an earlier, different ""Sr. Presidente. — Tiene la palabra el señor senador Salvatori."" turn higher on the page; the quoted words match the later, distinct ""Tiene la palabra el señor senador Basualdo."" turn.",
146,2007-04-25_r05,2007-04-25_r05_ORDINARIA.pdf,35,Sr. Presidente (López Arias),Sr. Presidente (López Arias).,yes,yes,same-paragraph,none,high,"En consideración.Si no se hace uso de la palabra, se van a votar.","The exact same quoted words appear twice on this page (once near the top, once lower down); both instances are governed by a ""Sr. Presidente (López Arias)."" label, so the answer is the same either way.",
147,2007-04-25_r05,2007-04-25_r05_ORDINARIA.pdf,35,Sr. Presidente (López Arias),Sr. Presidente (López Arias).,yes,yes,same-paragraph,none,high,"En consideración.Si no se hace uso de la palabra, se van a votar.","Duplicate of Case 146 (same page, same quoted words appearing twice); both occurrences are governed by ""Sr. Presidente (López Arias).""",
148,2007-05-02_r06,2007-05-02_r06_ORDINARIA.pdf,7,Sr. Martínez,Sr. Martínez.,yes,yes,same-paragraph,none,high,Pero hasta ahora no entiendo cuál es la cuestión de privilegio que va afundamentar.,none,
149,2007-06-06_r08,2007-06-06_r08_ORDINARIA.pdf,50,Sr. Secretario (Estrada),Sr. Secretario (Estrada).,yes,yes,same-paragraph,none,high,Unificamos el texto.,none,
150,2007-07-04_r10,2007-07-04_r10_ORDINARIA.pdf,41,Sr. Presidente (López Arias),Sr. Presidente (López Arias).,yes,yes,same-paragraph,none,high,Tiene la palabra el señor senador Capitanich.,none,
151,2007-08-08_r11,2007-08-08_r11_ORDINARIA.pdf,44,Sr. Presidente (Pampuro),Sr. Presidente (Pampuro).,yes,yes,same-paragraph,none,high,Corresponde considerar el dictamen de la Comisión de RelacionesExteriores y Culto en el mensaje,"Opens item 37 ""Eliminación de todas las formas de discriminación contra la mujer.""",
152,2007-08-08_r11,2007-08-08_r11_ORDINARIA.pdf,52,Sr. Secretario (Estrada),Sr. Secretario (Estrada).,yes,yes,same-paragraph,none,high,Se registran 38 votos por la afirmativa: unanimidad. Se hasuperado la mayoría prevista en,None.,
153,2007-11-14_r14,2007-11-14_r14_ORDINARIA.pdf,37,Sra. Presidenta (Escudero),Sra. Presidenta (Escudero).,yes,yes,same-paragraph,none,high,"Señor senador, le pido que vaya finalizando con su exposición.",None.,
154,2007-11-21_r15,2007-11-21_r15_ORDINARIA.pdf,39,Sr. Secretario (Estrada),Sr. Secretario (Estrada).,yes,yes,same-paragraph,none,high,Se registran 37 votos por la afirmativa.,None.,
155,2007-11-28_r18,2007-11-28_r18_ORDINARIA.pdf,30,Sr. Petcoff Naidenoff,Sr. Petcoff Naidenoff.,yes,yes,same-paragraph,none,high,Señor presidente: he pedido la palabra sólo a efectos de solicitar autorización para inserciones.,None.,
156,2007-11-28_r18,2007-11-28_r18_ORDINARIA.pdf,64,Sra. Negre de Alonso,Sra. Negre de Alonso.,yes,yes,same-paragraph,none,high,"Señor presidente: solicito una preferencia para la próxima sesión, con dictamen de comisión, para",None.,
157,2007-12-05_r19,2007-12-05_r19_ORDINARIA.pdf,21,Sr. Giustiniani,Sr. Giustiniani.,yes,yes,same-paragraph,none,high,Señor presidente: adelanto mi voto negativo a la extensión de estos dosimpuestos que estamos,None.,
158,2007-12-12_r20,2007-12-12_r20_ORDINARIA.pdf,7,Sra. senadora electa Forstmann,Sra. senadora electa Forstmann.,yes,yes,same-paragraph,none,high,"¡Sí, juro!",None.,
159,2007-12-12_r20,2007-12-12_r20_ORDINARIA.pdf,61,Sr. Presidente,Sr. Presidente.,yes,yes,same-paragraph,none,high,Queda definitivamente sancionado el proyecto de ley. Se harán lascomunicaciones correspondientes.,"Top of page; label carries no parenthetical name here (unlike other pages in this session where ""Sr. Presidente"" is followed by ""(Pampuro)"" or similar).",
160,2007-12-19_r21,2007-12-19_r21_ORDINARIA.pdf,85,Sr. Presidente (Marino),Sr. Presidente (Marino).,yes,yes,same-paragraph,none,high,"¿Está de acuerdo, senadora Vigo?",None.,
161,2008-04-09_r04,2008-04-09_r04_ORDINARIA.pdf,33,Sr. Presidente (Romero),Sr. Presidente (Romero).,yes,yes,same-paragraph,none,high,"Se han anotado la señora senadora por la Ciudad Autónoma deBuenos Aires, el señor",None.,
162,2008-07-16_r11,2008-07-16_r11_ORDINARIA.pdf,193,Sr. Presidente,Sr. Presidente.,yes,yes,same-paragraph,none,high,"Les pido hablar antes, si consideran que no es oportuno...",None.,
163,2008-09-03_r14,2008-09-03_r14_ORDINARIA.pdf,112,Sr. Presidente,Sr. Presidente.,yes,yes,same-paragraph,none,high,"Para una interrupción, tiene la palabra el señor senador Pichetto.",None.,
164,2008-09-10_r15,2008-09-10_r15_ORDINARIA.pdf,46,Sr. Pichetto,Sr. Pichetto.,yes,yes,same-paragraph,none,high,"Señor presidente: hay otro proyecto —además del leído por el secretario—,también vinculado con la",None.,
165,2008-09-10_r15,2008-09-10_r15_ORDINARIA.pdf,48,Sr. Presidente,Sr. Presidente.,yes,yes,same-paragraph,none,high,Pasamos a tratar los asuntos sobre tablas acordados.Corresponde considerar si se trata sobre tablas,None.,
166,2008-09-10_r15,2008-09-10_r15_ORDINARIA.pdf,56,Sr. Presidente,Sr. Presidente.,yes,yes,same-paragraph,none,high,"Aprobados. No habiendo más temas que tratar, queda levantada la sesión.—","Stage direction ""— Son las 19 y 01."" follows the quoted words but is not part of the paragraph text itself.",
167,2008-09-24_r16,2008-09-24_r16_ORDINARIA.pdf,8,Sr. Fernández,Sr. Fernández.,yes,yes,same-paragraph,none,high,¡Que explique el por qué!,None.,
168,2008-10-01_r17,2008-10-01_r17_ORDINARIA.pdf,112,Sr. Presidente,Sr. Presidente.,yes,yes,same-paragraph,none,high,Quedó la preferencia acordada.,"A near-identical line ""Entonces, quedó la preferencia acordada."" is spoken just before by Sr. Cabanchik, but the exact quoted words ""Quedó la preferencia acordada."" (without ""Entonces,"") match the Sr. Presidente line.",
169,2008-10-22_r18,2008-10-22_r18_ORDINARIA.pdf,21,Sr. Secretario (Estrada),Sr. Secretario (Estrada).,yes,yes,same-paragraph,none,high,"Ingresó, también, una solicitud de licencia de la senadoraEstenssoro, la cual no fue planteada",None.,
170,2008-11-05_r19,2008-11-05_r19_ORDINARIA.pdf,65,Sra. Corregido,Sra. Corregido.,yes,yes,same-paragraph,none,high,"Como el señor senador se ha referido a mi discurso, quizás lasdiferencias entre el",None.,
171,2008-11-05_r19,2008-11-05_r19_ORDINARIA.pdf,113,Sr. Presidente,Sr. Presidente.,yes,yes,same-paragraph,none,high,Tiene la palabra la senadora Latorre.,None.,
172,2008-11-20_r20,2008-11-20_r20_ORDINARIA.pdf,136,Sr. Pichetto,Sr. Pichetto.,yes,yes,same-paragraph,none,high,"La libertad es un derecho que se ejerce, pero aquí hay un bien social",None.,
173,2008-11-26_r21,2008-11-26_r21_ORDINARIA.pdf,65,Sr. Presidente (Romero),Sr. Presidente (Romero).,yes,yes,same-paragraph,none,high,Corresponde considerar en conjunto los dictámenes de lascomisiones de Justicia y Asuntos Penales y,None.,
174,2008-12-10_r22,2008-12-10_r22_ORDINARIA.pdf,74,Sra. Escudero,Sra. Escudero.,yes,yes,same-paragraph,none,high,"Señor presidente: cuando cité al presidente de la Corte, omití decir en quéoportunidad lo",None.,
175,2008-12-10_r22,2008-12-10_r22_ORDINARIA.pdf,90,Sr. Viana,Sr. Viana. | Sr. Pichetto.,yes,yes,same-paragraph,none,low,A Misiones también.,"ambiguous - the exact phrase ""A Misiones también."" is printed twice in a row on the page, once under the label ""Sr. Viana."" and immediately again under the label ""Sr. Pichetto."" Both paragraphs contain identical wording; cannot determine which occurrence is intended without more context.",
176,2008-12-17_r23,2008-12-17_r23_ORDINARIA.pdf,9,Sr. Presidente (Pampuro),Sr. Presidente (Pampuro).,yes,yes,same-paragraph,none,high,"En consideración su incorporación.Si no se hace uso de la palabra, se va a","Paragraph reads ""En consideración su incorporación. Si no se hace uso de la palabra, se va a votar.""",
177,2008-12-17_r23,2008-12-17_r23_ORDINARIA.pdf,35,Sr. Presidente (Pampuro),Sr. Presidente (Pampuro).,yes,yes,same-paragraph,none,high,Continúe senador Giustiniani.,"Line reads ""Continúe senador Giustiniani.""",
178,2008-12-17_r23,2008-12-17_r23_ORDINARIA.pdf,67,Sr. Presidente (Pampuro),Sr. Presidente (Pampuro).,yes,yes,same-paragraph,none,high,"Si no se hace uso de la palabra, se va a votar en general","""Si no se hace uso de la palabra, se va a votar en general y en particular, en una sola votación.""",
179,2008-12-17_r23,2008-12-17_r23_ORDINARIA.pdf,73,Sr. Presidente (Marino),Sr. Presidente (Marino).,yes,yes,same-paragraph,none,high,"Por favor, señora senadora: diríjase a la Presidencia.",none,
180,2008-12-17_r23,2008-12-17_r23_ORDINARIA.pdf,112,Sr. Presidente (Pampuro),Sr. Presidente (Pampuro).,yes,yes,same-paragraph,none,high,"Aprobado.Si no se hace uso de la palabra, se va a votar en general","""Aprobado. Si no se hace uso de la palabra, se va a votar en general y en particular en una sola votación.""",
181,2009-03-26_r03,2009-03-26_r03_ORDINARIA.pdf,5,Sr. Presidente,Sr. Presidente.,yes,yes,same-paragraph,none,high,Invito al señor senador Roberto Daniel Urquía a izar la bandera nacional.,"Under section heading ""1. Izamiento de la bandera nacional"" (heading is furniture, not part of the paragraph itself)",
182,2009-03-26_r03,2009-03-26_r03_ORDINARIA.pdf,117,Sra. Fellner,Sra. Fellner.,yes,yes,same-paragraph,none,high,"Señor presidente: Tengo el uso de la palabra. Se ha hablado de recapacitar, de","Preceded by italic stage direction ""– Varios señores senadores hablan a la vez."" which opens its own separate line, not inside this paragraph",
183,2009-04-15_r04,2009-04-15_r04_ORDINARIA.pdf,13,Sr. Rached,Sr. Rached.,yes,yes,same-paragraph,none,high,Solicito autorización para hacer inserciones.,none,
184,2009-05-13_r05,2009-05-13_r05_ORDINARIA.pdf,17,Sr. Presidente,Sr. Presidente.,yes,yes,same-paragraph,none,high,Tiene la palabra la señora senadora Negre de Alonso.,none,
185,2009-05-13_r05,2009-05-13_r05_ORDINARIA.pdf,54,Sr. Massoni,Sr. Massoni.,yes,yes,same-paragraph,none,high,"Señor presidente: dos palabras, nada más. Nos quejamos y lloramos por la centralización histórica,",none,
186,2009-08-05_r07,2009-08-05_r07_ORDINARIA.pdf,20,Sr. Pichetto,Sr. Pichetto.,yes,yes,same-paragraph,none,high,"Señor presidente: con todo respeto, y con los mismos argumentos del casoanterior, señalo que",none,
187,2009-08-05_r07,2009-08-05_r07_ORDINARIA.pdf,26,Sr. Presidente,Sr. Presidente.,yes,yes,same-paragraph,none,high,En consideración la moción de orden formulada por el senador Ríos en elsentido de,none,
188,2009-08-20_r08,2009-08-20_r08_ORDINARIA.pdf,13,Sra. Escudero,Sra. Escudero.-,yes,yes,same-paragraph,none,high,"Señor presidente: en el mismo sentido, el voto negativo se refiereexclusivamente al inciso b)","Label printed with a hyphen instead of an em-dash after it, e.g. ""Sra. Escudero.- Señor presidente: en el mismo sentido...""",
189,2009-09-09_r11,2009-09-09_r11_INFORMATIVA_ESPECIAL.pdf,42,Sr. Presidente (Marín),Sr. Presidente (Marín).,yes,yes,same-paragraph,none,high,El senador Verani solicita la palabra para hacerle una aclaraciónal señor jefe de Gabinete.,none,
190,2009-09-09_r11,2009-09-09_r11_INFORMATIVA_ESPECIAL.pdf,87,Sr. Presidente,Sr. Presidente.,yes,yes,same-paragraph,none,high,"Como no hay más temas que tratar, queda levantada la sesión","Page also carries the closing signature block (""Jorge A. Bravo, Director General del Cuerpo de Taquígrafos"") below the paragraph, which is furniture, not part of the speech",
191,2009-09-23_r12,2009-09-23_r12_ORDINARIA.pdf,15,Sr. Presidente (Pampuro),Sr. Presidente (Pampuro).,yes,yes,same-paragraph,none,high,"Habiendo quórum, declaro abierta la sesión.","Preceded by italic stage direction ""— En la Ciudad Autónoma de Buenos Aires, a las 15 y 40 del miércoles 23 de septiembre de 2009:"" which is a separate line before the paragraph",
192,2009-10-09_r13,2009-10-09_r13_ESPECIAL.pdf,17,Sr. Presidente,Sr. Presidente.,yes,yes,same-paragraph,none,high,Tiene la palabra el senador Basualdo.,none,
193,2009-10-09_r13,2009-10-09_r13_ESPECIAL.pdf,46,Sr. Saadi,Sr. Saadi.,yes,yes,same-paragraph,none,high,"Señor presidente: eso es absolutamente mentira y absolutamente incierto. Estosmedios de comunicación, en connivencia",none,
194,2009-10-21_r14,2009-10-21_r14_ORDINARIA.pdf,12,Sr. Rodríguez Saá,Sr. Rodríguez Saá.—,yes,yes,same-paragraph,none,high,Sí.,"Only occurrence of a standalone ""Sí."" on the page, immediately after ""Sr. Presidente.— ¿Es para hablar sobre este tema?""",
195,2009-10-21_r14,2009-10-21_r14_ORDINARIA.pdf,65,Sr. Secretario (Estrada),Sr. Secretario (Estrada).,yes,yes,same-paragraph,none,high,"Resultan 35 votos afirmativos, 6 negativos y 2 abstenciones. Sehan superado los dos tercios",none,
196,2009-10-21_r14,2009-10-21_r14_ORDINARIA.pdf,74,Sr. Presidente,Sr. Presidente.,yes,yes,same-paragraph,none,medium,Tiene la palabra la señora senadora Riofrío.,"The punctuation right after ""Sr. Presidente."" is a mangled/damaged glyph (renders like a stray close-parenthesis) standing in for the usual em-dash; the label text itself is unambiguous",
197,2009-11-18_r17,2009-11-18_r17_ORDINARIA.pdf,37,Sr. Presidente (Pampuro),Sr. Presidente (Pampuro).,yes,yes,same-paragraph,none,high,Tiene la palabra el señor senador Pichetto..,"Printed with a double period, ""Pichetto.."", matching the quoted words exactly",
198,2009-11-18_r17,2009-11-18_r17_ORDINARIA.pdf,47,Sr. Petcoff Naidenoff,Sr. Petcoff Naidenoff.,yes,yes,same-paragraph,none,high,Sí.,"Second ""Sí."" reply on the page is under this same label (first is a longer sentence, not ""Sí."" alone); this is the one that matches exactly",
199,2009-11-25_r18,2009-11-25_r18_ORDINARIA.pdf,54,Sra. Giusti,Sra. Giusti.,yes,yes,same-paragraph,none,high,Señor presidente: solicito autorización para abstenerme.,none,
200,2009-11-25_r18,2009-11-25_r18_ORDINARIA.pdf,76,Sr. Pérez Alsina,Sr. Pérez Alsina.,yes,yes,same-paragraph,none,high,"Señor presidente: no voy a efectuar consideraciones técnicas, porquequienes me precedieron en el uso",none,
201,2010-04-14_r06,2010-04-14_r06_ORDINARIA.pdf,77,Sr. Presidente,Sr. Presidente.,yes,yes,same-paragraph,none,high,Tiene la palabra el señor senador Torres.,none,
202,2010-05-19_r09,2010-05-19_r09_ORDINARIA.pdf,51,Sra. Corradi de Beltrán,Sra. Corradi de Beltrán.-,yes,yes,same-paragraph,none,high,"Señor presidente: nosotros, en Santiago del Estero, tenemos un himno, la chacarera Añoranzas .",none,
203,2010-06-09_r12,2010-06-09_r12_ORDINARIA.pdf,11,Sr. Presidente,Sr. Presidente.,yes,yes,same-paragraph,none,high,"Aprobado. En consideración. Si no se hace uso de la palabra, se va a",none,
204,2010-08-25_r16,2010-08-25_r16_ORDINARIA.pdf,58,Sr. Presidente (Romero),Sr. Presidente (Romero).,yes,yes,same-paragraph,none,high,El Senado también.,none,
205,2010-09-08_r17,2010-09-08_r17_ORDINARIA.pdf,64,Sr. Presidente,Sr. Presidente.,yes,yes,same-paragraph,none,high,Quedan aprobados.,none,
206,2010-09-29_r18,2010-09-29_r18_ORDINARIA.pdf,35,Sr. Presidente (Marino),Sr. Presidente (Marino).,yes,yes,same-paragraph,none,high,"Perdón, senadora, le solicita una interrupción la senadora Montero.",none,
207,2010-09-29_r18,2010-09-29_r18_ORDINARIA.pdf,42,Sra. Negre de Alonso,Sra. Negre de Alonso.,yes,yes,same-paragraph,none,high,Señor presidente: voy a comenzar abordando el tema de la seguridad bancaria. En primer,none,
208,2010-09-29_r18,2010-09-29_r18_ORDINARIA.pdf,120,Sr. Filmus,Sr. Filmus.,yes,yes,same-paragraph,none,high,"Sí, por favor.",none,
209,2010-09-29_r18,2010-09-29_r18_ORDINARIA.pdf,121,Sr. Presidente,Sr. Presidente.,yes,yes,same-paragraph,none,high,Senador Filmus: el senador Cimadevilla le quiere acotar algo.,none,
210,2010-09-29_r18,2010-09-29_r18_ORDINARIA.pdf,139,Sr. Presidente (Marino),Sr. Presidente (Marino).,yes,yes,same-paragraph,none,high,Tiene la palabra la senadora Fellner.,none,
211,2010-10-13_r19,2010-10-13_r19_ORDINARIA.pdf,51,Sra. Vigo,Sra. Vigo.,yes,yes,same-paragraph,none,high,"Sí, como no.",none,
212,2010-10-13_r19,2010-10-13_r19_ORDINARIA.pdf,65,Sra. Presidenta (Escudero),Sra. Presidenta (Escudero).,yes,yes,same-paragraph,none,high,Senadora: lo acordado fue diez minutos por cada senador. Está quebrando las reglas del,none,
213,2010-10-13_r19,2010-10-13_r19_ORDINARIA.pdf,127,Sr. Fernández,Sr. Fernández.,yes,yes,same-paragraph,(Risas.),high,No confían en usted,none,
214,2010-11-24_r23,2010-11-24_r23_ORDINARIA.pdf,21,Sra. Estenssoro,Sra. Estenssoro.,yes,yes,same-paragraph,(murmullos en las bancas),high,Sí; porque la presidenta de mi partido ha sido aludida de un modo descalificatorio,none,
215,2010-11-24_r23,2010-11-24_r23_ORDINARIA.pdf,22,Sr. Presidente,Sr. Presidente.,yes,yes,same-paragraph,none,high,"Sí, está bien, está bien…",none,
216,2010-11-24_r23,2010-11-24_r23_ORDINARIA.pdf,73,Sr. Presidente,Sr. Presidente.,yes,yes,same-paragraph,none,high,Queda reservado en mesa para su tratamiento. Tiene la palabra la senadora Iturrez de,none,
217,2010-11-24_r23,2010-11-24_r23_ORDINARIA.pdf,73,Sr. Presidente,Sr. Presidente.,yes,yes,same-paragraph,none,high,Queda reservado en mesa para su tratamiento. Tiene la palabra la senadora Rojkes de,"this is a second, later instance of the same ""Sr. Presidente."" wording reserving a different item (senadora Rojkes de Alperovich) further down the same page.",
218,2010-11-24_r23,2010-11-24_r23_ORDINARIA.pdf,109,Sra. Bongiorno,Sra. Bongiorno.,yes,yes,same-paragraph,none,high,"Cuando hablaba de que cada jurisdicción provincial establecerá los equipos multidisciplinarios, ¿no hay un",none,
219,2010-11-24_r23,2010-11-24_r23_ORDINARIA.pdf,114,Sr. Filmus,Sr. Filmus.,yes,yes,same-paragraph,none,high,"Señor presidente: pido permiso para insertar mi discurso, pero quiero agregar después de lo",none,
220,2010-12-15_r24,2010-12-15_r24_EXTRAORDINARIA.pdf,77,Sr. Presidente,Sr. Presidente.,yes,yes,same-paragraph,none,high,Tiene la palabra el señor senador Guinle.,none,
221,2011-03-01_r00,2011-03-01_r00_ASAMBLEA.pdf,18,Sra. Presidenta de la Nación,Sra. Presidenta de la Nación.,yes,yes,previous-page,none,high,Me acuerdo de que en ese mensaje dije que yo quería que cuando terminara,"the label is printed on page 15 (""Sra. Presidenta de la Nación. -- Vamos a seguir hablando...""); the turn runs uninterrupted by any new speaker label through pages 16, 17 and into page 18 where the quoted words appear, so the label is more than one page back, not literally the immediately preceding page.",
222,2011-03-01_r00,2011-03-01_r00_ASAMBLEA.pdf,19,Sra. Presidenta de la Nación,Sra. Presidenta de la Nación.,yes,yes,previous-page,none,high,"Les dije que no iba a pasar nada y no pasó nada, como tampoco","the label is printed on page 18 (""Sra. Presidenta de la Nación. -- Me hubiera gustado que esos números...""); no new label appears anywhere on page 19 before the quoted words.",
223,2011-03-16_r02,2011-03-16_r02_ORDINARIA.pdf,26,Sr. Presidente,Sr. Presidente.,yes,yes,same-paragraph,none,high,Aprobada.,none,
224,2011-03-16_r02,2011-03-16_r02_ORDINARIA.pdf,33,Sr. Presidente (Pampuro),Sr. Presidente (Pampuro).,yes,yes,same-paragraph,none,high,Tiene la palabra la palabra la señora senadora Osuna.,"the page has two similar labels; the one quoted (with the doubled ""la palabra la palabra"") is the second, lower one on the page.",
225,2011-03-30_r03,2011-03-30_r03_ORDINARIA.pdf,51,Sr. Presidente (Pampuro),Sr. Presidente (Pampuro).,yes,yes,same-paragraph,none,high,Senadora Escudero.,none,
226,2011-03-30_r03,2011-03-30_r03_ORDINARIA.pdf,62,Sr. Pichetto,Sr. Pichetto.,yes,yes,same-paragraph,none,high,"“Rechazar y repudiar”, las dos cosas.",none,
227,2011-05-04_r05,2011-05-04_r05_ORDINARIA.pdf,11,Sr. Pichetto,Sr. Pichetto.,yes,yes,same-paragraph,none,high,"Señor presidente: estamos dispuestos a darle tratamiento; incluso a continuación, si usted y la","quote is cut off at the bottom of the page, but the label opening the paragraph is on the same page",
228,2011-05-04_r05,2011-05-04_r05_ORDINARIA.pdf,32,Sr. Morales,Sr. Morales.,yes,yes,same-paragraph,none,high,De tal modo que nuestra posición es que se vote en general y en,none,
229,2011-06-01_r07,2011-06-01_r07_ORDINARIA.pdf,79,Sr. Presidente (Pampuro),Sr. Presidente (Pampuro).,yes,yes,same-paragraph,none,high,Tiene la palabra el señor senador Calcagno y Maillmann.,none,
230,2011-06-29_r08,2011-06-29_r08_ORDINARIA.pdf,21,Sr. Lores,Sr. Lores.,yes,yes,same-paragraph,none,high,Señor presidente: como es de público y notorio conocimiento de todos nosotros y de,none,
231,2011-06-29_r08,2011-06-29_r08_ORDINARIA.pdf,24,Sr. Martínez (J. C.),Sr. Martínez (J. C.).,yes,yes,same-paragraph,none,high,"Señor presidente: primero de todo, quiero expresar la solidaridad del pueblo de Tierra del",none,
232,2011-06-29_r08,2011-06-29_r08_ORDINARIA.pdf,55,Sr. Secretario (Estrada),Sr. Secretario (Estrada).,yes,yes,same-paragraph,none,high,"En consecuencia, se registran 46 votos por la afirmativa; unanimidad.",none,
233,2011-08-31_r10,2011-08-31_r10_ORDINARIA.pdf,8,Sr. Presidente,Sr. Presidente.,yes,yes,same-paragraph,none,high,La sesión está abierta.,none,
234,2011-08-31_r10,2011-08-31_r10_ORDINARIA.pdf,60,Sr. Pichetto,Sr. Pichetto.,yes,yes,same-paragraph,none,high,"Señor presidente: considero justo hacerle un reconocimiento al Departamento de Automotores del Senado y,",none,
235,2011-11-02_r12,2011-11-02_r12_ORDINARIA.pdf,25,Sr. Presidente (Marino),Sr. Presidente (Marino).,yes,yes,same-paragraph,none,high,"En consideración en general. Si no se hace uso de la palabra, se va",none,
236,2011-11-02_r12,2011-11-02_r12_ORDINARIA.pdf,54,Sr. Presidente (Marino),Sr. Presidente (Marino).,yes,yes,same-paragraph,none,high,"Si ningún otro senador va a hacer uso de la palabra, se va a",none,
237,2011-11-02_r12,2011-11-02_r12_ORDINARIA.pdf,54,Sr. Presidente (Marino),Sr. Presidente (Marino).,yes,yes,same-paragraph,none,high,"Si ningún otro senador va a hacer uso de la palabra, se va a","identical case to 236, same quote and same page",
238,2011-11-02_r12,2011-11-02_r12_ORDINARIA.pdf,67,Sr. Presidente (Marino),Sr. Presidente (Marino).,yes,yes,same-paragraph,none,high,Tiene la palabra el señor senador Mansilla.,none,
239,2011-11-30_r13,2011-11-30_r13_ESPECIAL.pdf,7,Sr. Presidente,Sr. Presidente.,yes,yes,same-paragraph,(Aplausos.),high,"Si así no lo hiciereis, la Patria os lo demande.","this page repeats a similar oath formula many times (""Dios y la Patria os lo demanden"") but this exact wording without ""Dios y"" and singular ""demande"" appears only once, right after senator-elect Irrazábal's oath",
240,2011-12-14_r15,2011-12-14_r15_EXTRAORDINARIA.pdf,9,Sr. Guinle,Sr. Guinle.,yes,yes,same-paragraph,none,high,Señor presidente: creo que no hay objeción de habilitar sobre tablas el tratamiento de,none,
241,2012-03-21_r03,2012-03-21_r03_ORDINARIA.pdf,21,Sr. Giustiniani,Sr. Giustiniani.,yes,yes,same-paragraph,none,high,Los subsidios…,"the printed turn is only the two words ""Los subsidios…"", apparently interrupted",
242,2012-03-21_r03,2012-03-21_r03_ORDINARIA.pdf,86,Sr. Pichetto,Sr. Pichetto.,yes,yes,same-paragraph,none,low,El Acta.,"ambiguous — the exact words ""El Acta."" are printed twice in a row on this page, once as the whole turn of Sr. Pichetto and immediately after as the opening words of Sr. Rodríguez Saá's turn (""El Acta. Pedí, por las dudas...""); either label could be what was intended",
243,2012-05-09_r05,2012-05-09_r05_ORDINARIA.pdf,20,Sr. Petcoff Naidenoff,Sr. Petcoff Naidenoff.-,yes,yes,same-paragraph,(Risas),high,Eso se llama empezar a “mover el piso”.,none,
244,2012-05-09_r05,2012-05-09_r05_ORDINARIA.pdf,74,Sra. Parrilli,Sra. Parrilli.-,yes,yes,same-paragraph,none,high,Y yo también afirmativo.,none,
245,2012-05-16_r06,2012-05-16_r06_ORDINARIA.pdf,34,Sr. Escudero,Sr. Escudero.,yes,yes,same-paragraph,none,high,Yo coincido con el senador preopinante en el sentido de que con el pretexto,"printed as ""Sr. Escudero."" on this page even though the same senator is labeled ""Sra. Escudero."" elsewhere in the record; reporting exactly as printed here",
246,2012-05-16_r06,2012-05-16_r06_ORDINARIA.pdf,60,Sr. Secretario (Estrada),Sr. Secretario (Estrada).,yes,yes,same-paragraph,none,high,Resultan 41 votos afirmativos y 22 negativos. Se ha superado la mayoría prevista en,none,
247,2012-05-16_r06,2012-05-16_r06_ORDINARIA.pdf,78,Sra. Presidenta (Rojkés de Alperovich),Sra. Presidenta (Rojkés de Alperovich).,yes,yes,same-paragraph,none,high,Tiene la palabra la señora senadora Escudero.,none,
248,2012-08-15_r12,2012-08-15_r12_ORDINARIA.pdf,57,Sr. Presidente,Sr. Presidente.,yes,yes,same-paragraph,none,high,Corresponde considerar el Orden del Día con proyecto de ley que por Secretaría se,none,
249,2012-08-16_r13,2012-08-16_r13_ESPECIAL.pdf,3,Sr. Presidente,Sr. Presidente.,yes,yes,same-paragraph,"superscript footnote marker ""2"" at the end of the sentence, referencing a ""Ver el Apéndice."" footnote",high,Se incorporará en el Diario de Sesiones la nota de varios señores senadores solicitando,none,
250,2012-10-03_r16,2012-10-03_r16_ORDINARIA.pdf,37,Sr. Presidente,Sr. Presidente.-,yes,yes,same-paragraph,"superscript footnote marker (e.g. ""11"", ""13"", ""15"", or ""17"", each referencing a ""Ver el Apéndice."" footnote)",medium,Queda aprobado. Se harán las comunicaciones correspondientes.,"this exact sentence ""Queda aprobado. Se harán las comunicaciones correspondientes."" is printed four separate times on this page, each time under the label ""Sr. Presidente.-""; the speaker is unambiguous but the specific occurrence intended is not identifiable from the quote alone",
251,2012-10-03_r16,2012-10-03_r16_ORDINARIA.pdf,37,Sr. Presidente,Sr. Presidente.-,yes,yes,same-paragraph,none,high,Queda aprobado. Se harán las comunicaciones correspondientes.,"The exact phrase ""Queda aprobado. Se harán las comunicaciones correspondientes."" appears four times on this page (O.D. 1011, 1019, 1021, 1020), all under the label Sr. Presidente.-, so the label is unambiguous regardless of which occurrence this case targets.",
252,2012-10-03_r16,2012-10-03_r16_ORDINARIA.pdf,37,Sr. Presidente,Sr. Presidente.-,yes,yes,same-paragraph,none,high,Queda aprobado. Se harán las comunicaciones correspondientes.,"Same page as case 251; the quoted phrase recurs four times, always under Sr. Presidente.-, so the label is unambiguous.",
253,2012-10-03_r16,2012-10-03_r16_ORDINARIA.pdf,37,Sr. Presidente,Sr. Presidente.-,yes,yes,same-paragraph,none,high,Queda aprobado. Se harán las comunicaciones correspondientes.,"Same page as cases 251-252; the quoted phrase recurs four times, always under Sr. Presidente.-, so the label is unambiguous.",
254,2012-10-03_r16,2012-10-03_r16_ORDINARIA.pdf,94,Sr. Secretario (Estrada),Sr. Secretario (Estrada).-,yes,yes,same-paragraph,none,high,Se registran 41 votos por la afirmativa y 19 por la negativa.,none,
255,2012-10-31_r19,2012-10-31_r19_ORDINARIA.pdf,61,Sr. Fernández,Sr. Fernández.-,yes,yes,same-paragraph,none,high,Solicito una interrupción.,none,
256,2012-10-31_r19,2012-10-31_r19_ORDINARIA.pdf,85,Sr. Presidente,Sr. Presidente.-,yes,yes,same-paragraph,none,high,"Habiendo concluido el debate, pasamos a la autorización de los pedidos de inserciones.",none,
257,2012-10-31_r19,2012-10-31_r19_ORDINARIA.pdf,169,Sr. Castillo,Sr. Castillo.-,yes,yes,same-paragraph,none,high,Señor presidente: estamos tratando el presupuesto que nos han enviado. Una de las primeras,none,
258,2012-11-14_r20,2012-11-14_r20_ORDINARIA.pdf,24,Sr. Sanz,Sr. Sanz.-,yes,yes,same-paragraph,none,high,Señora presidenta: considero que desde la política hay que hacerse cargo de algo sobre,none,
259,2012-11-28_r21,2012-11-28_r21_ORDINARIA.pdf,62,Sr. Martínez,Sr. Martínez.-,yes,yes,same-paragraph,none,high,"Gracias, senadora. Como decía antes, la asignación familiar representa el 9 por ciento. Precisamente,",none,
260,2012-11-28_r21,2012-11-28_r21_ORDINARIA.pdf,73,Sr. Fuentes,Sr. Fuentes.-,yes,yes,same-paragraph,none,high,Se ríen de vez en cuando.,none,
261,2013-02-28_r01,2013-02-28_r01_PREPARATORIA.pdf,4,Sr. Presidente,Sr. Presidente.-,yes,yes,same-paragraph,none,high,Yo creo que directamente pasa a la Comisión de Asuntos Constitucionales… Tiene la pala,"The quoted words span two printed lines of the same paragraph (""...Constitucionales…"" / ""Tiene la pala[bra] la señora senadora Negre de Alonso.""), both governed by the single Sr. Presidente.- label that opens the paragraph.",
262,2013-03-01_r00,2013-03-01_r00_ASAMBLEA.pdf,26,Sra. Presidenta de la Nación,Sra. Presidenta de la Nación. –,yes,yes,previous-page,(Aplausos prolongados.),high,¡Nos quieren volver a endeudar! Y no es que uno esté en contra de,"Continuous Fernández de Kirchner address from page 6 to page 26 with no intervening bold label; quoted sentence is the second occurrence of ""¡Nos quieren volver a endeudar!"", repeated right after the applause note in the same paragraph.",
263,2013-03-20_r03,2013-03-20_r03_ORDINARIA.pdf,34,Sr. Presidente,Sr. Presidente. -,yes,yes,same-paragraph,none,high,Tiene la palabra el señor senador López.,"Printed with a space before the dash (""Sr. Presidente. -""), unlike the more common ""Sr. Presidente.-"" spacing seen elsewhere.",
264,2013-04-17_r04,2013-04-17_r04_ESPECIAL.pdf,3,Sr. Presidente,Sr. Presidente.-,yes,yes,same-paragraph,none,high,Tiene la palabra el señor senador Cano.,none,
265,2013-04-17_r04,2013-04-17_r04_ESPECIAL.pdf,34,Sr. Presidente (Marino),Sr. Presidente (Marino).-,yes,yes,same-paragraph,none,high,Tiene la palabra el señor senador Juez.,none,
266,2013-04-17_r04,2013-04-17_r04_ESPECIAL.pdf,124,Sra. Negre de Alonso,Sra. Negre de Alonso.-,yes,yes,same-paragraph,none,high,¡No hay ni uno! Esperamos a que vengan.,none,
267,2013-04-24_r06,2013-04-24_r06_ORDINARIA.pdf,33,Sr. Cano,Sr. Cano.-,yes,yes,same-paragraph,none,high,¿Me permite una interrupción?,none,
268,2013-04-24_r06,2013-04-24_r06_ORDINARIA.pdf,42,Sra. Presidenta (Rojkés de Alperovich),Sra. Presidenta (Rojkés de Alperovich).-,yes,yes,same-paragraph,none,high,"Senador Lores: el senador Morales solicita una interrupción. Seguimos utilizando su tiempo, senador, si",none,
269,2013-05-08_r07,2013-05-08_r07_ESPECIAL.pdf,39,Sr. Pichetto,Sr. Pichetto.-,yes,yes,same-paragraph,none,high,Al menos ha sido generoso con el tiempo.,none,
270,2013-05-22_r08,2013-05-22_r08_ORDINARIA.pdf,56,Sra. Negre de Alonso,Sra. Negre de Alonso.-,yes,yes,same-paragraph,none,high,"Sí, cómo no, señor presidente.","A similar but shorter line (""Sra. Negre de Alonso.- Sí, señor presidente."") appears earlier on the same page; the exact wording ""Sí, cómo no, señor presidente."" is the one near the bottom of the page, also under Sra. Negre de Alonso.-, so no ambiguity in speaker.",
271,2013-05-22_r08,2013-05-22_r08_ORDINARIA.pdf,144,Sr. Presidente,Sr. Presidente.-,yes,yes,same-paragraph,none,high,Tiene la palabra el señor senador Cano.,none,
272,2013-06-05_r10,2013-06-05_r10_INFORMATIVA_ESPECIAL.pdf,37,Sr. Jefe de Gabinete de Ministros,Sr. Jefe de Gabinete de Ministros.-,yes,yes,same-paragraph,none,high,Lo que digo es que entre los distintos bloques discutan una metodología que mejore,none,
273,2013-07-03_r12,2013-07-03_r12_ORDINARIA.pdf,90,Sra. Latorre,Sra. Latorre.-,yes,yes,same-paragraph,none,high,Señor presidente: quisiera saber si se va a poner en tratamiento el proyecto que,none,
274,2013-07-31_r13,2013-07-31_r13_ESPECIAL.pdf,8,Sr. Sanz,Sr. Sanz.-,yes,yes,same-paragraph,none,high,"Señor presidente: voy a abonar, brevemente, el pedido de preferencia formulado por el señor",none,
275,2013-09-04_r14,2013-09-04_r14_ORDINARIA.pdf,8,Sra. Presidenta (Rojkés de Alperovich),Sra. Presidenta (Rojkés de Alperovich).-,yes,yes,same-paragraph,none,high,Tiene la palabra la señora senadora Escudero.,none,
276,2013-09-12_r15,2013-09-12_r15_ORDINARIA.pdf,38,Sra. Presidenta (Rojkés de Alperovich),Sra. Presidenta (Rojkés de Alperovich).-,yes,yes,same-paragraph,none,high,Tiene la palabra la señora senadora Di Perna.,none,
277,2013-09-12_r15,2013-09-12_r15_ORDINARIA.pdf,58,Sr. Presidente,Sr. Presidente.-,yes,yes,same-paragraph,none,high,Aprobado.,"""Aprobado."" is the entire turn, closing item 14 (Fray Mamerto Esquiú); footnote marker follows but is not text furniture inside the sentence.",
278,2013-11-13_r17,2013-11-13_r17_ORDINARIA.pdf,18,Sr. Guinle,Sr. Guinle.-,yes,yes,same-paragraph,none,high,Señora presidenta: los dos dictámenes tienen trece firmas. No ha habido disidencias en la,none,
279,2013-11-13_r17,2013-11-13_r17_ORDINARIA.pdf,39,Sra. Presidenta(Rojkés de Alperovich),Sra. Presidenta(Rojkés de Alperovich).-,yes,yes,same-paragraph,none,high,Pasa a la Cámara de Diputados.,"printed with no space between ""Presidenta"" and the opening parenthesis, as it appears on the page.",
280,2013-12-18_r21,2013-12-18_r21_EXTRAORDINARIA.pdf,64,Sr. Rodríguez Saá,Sr. Rodríguez Saá.-,yes,yes,same-paragraph,none,high,"Sí, cómo no.",none,
281,2014-03-12_r03,2014-03-12_r03_INFORMATIVA_ESPECIAL.pdf,106,Sr. Solanas,Sr. Solanas.-,yes,yes,same-paragraph,none,high,Es que los radares que se construyeron no son los tridimensionales y dejaron desguarnecida,none,
282,2014-03-12_r03,2014-03-12_r03_INFORMATIVA_ESPECIAL.pdf,110,Sr. Linares,Sr. Linares.-,yes,yes,same-paragraph,none,high,Señor jefe de Gabinete: voy a ser sintético. Creo que lo que planteaba el,none,
283,2014-03-12_r03,2014-03-12_r03_INFORMATIVA_ESPECIAL.pdf,123,Sr. de Angeli,Sr. de Angeli.-,yes,yes,same-paragraph,none,high,"Muchas gracias. Me puede recibir un montón de veces, pero el tema es que",none,
284,2014-03-26_r04,2014-03-26_r04_ESPECIAL.pdf,25,Sr. Presidente,Sr. Presidente. –,yes,yes,same-paragraph,none,high,Tiene la palabra el señor senador Pino Solanas.,none,
285,2014-04-09_r05,2014-04-09_r05_ORDINARIA.pdf,17,Sr. Presidente,Sr. Presidente. –,yes,yes,same-paragraph,none,high,"Muchas gracias, señor senador, por toda la disquisición histórica. Senador Marino: yo sugiero que",none,
286,2014-04-09_r05,2014-04-09_r05_ORDINARIA.pdf,34,Sr. Presidente,Sr. Presidente. –,yes,yes,same-paragraph,none,high,"Siga, senador Guinle.",none,
287,2014-04-09_r05,2014-04-09_r05_ORDINARIA.pdf,54,Sra. Michetti,Sra. Michetti. –,yes,yes,same-paragraph,none,high,Voy a volver a aclarar el sentido de la postura del Gobierno de la,none,
288,2014-04-30_r06,2014-04-30_r06_ORDINARIA.pdf,29,Sr. Fernández,Sr. Fernández. –,yes,yes,same-paragraph,(Risas.),high,"No interrumpa, senadora.","the italic stage direction ""(Risas.)"" appears in the same paragraph right after the quoted words.",
289,2014-04-30_r06,2014-04-30_r06_ORDINARIA.pdf,45,Sr. Solanas,Sr. Solanas. –,yes,yes,same-paragraph,none,high,"Muchas gracias, senador Morales. En la línea de lo que viene diciendo el senador",none,
290,2014-05-07_r07,2014-05-07_r07_INFORMATIVA_ESPECIAL.pdf,85,Sr. Jefe de Gabinete de Ministros,Sr. Jefe de Gabinete de Ministros. –,yes,yes,same-paragraph,none,high,El mismo régimen que establece que haya crecido a casi 15.000 empleos privados formales,none,
291,2014-07-02_r10,2014-07-02_r10_ORDINARIA.pdf,30,Sr. Presidente (Zamora),Sr. Presidente (Zamora).-,yes,yes,same-paragraph,none,high,"De conformidad con lo dispuesto por el artículo 187, la Presidencia informa que se",none,
292,2014-09-03_r13,2014-09-03_r13_ESPECIAL.pdf,264,Sr. Presidente (Fuentes),Sr. Presidente (Fuentes).-,yes,yes,same-paragraph,none,high,Muchas gracias. Tiene la palabra el señor Jaime Campos de la Asociación Empresaria Argentina.,none,
293,2014-09-17_r14,2014-09-17_r14_ORDINARIA.pdf,19,Sra. Negre de Alonso,Sra. Negre de Alonso.-,yes,yes,same-paragraph,none,high,"Gracias, presidente. Como yo fui la que planteé la rectificación con respecto al planteo",none,
294,2014-10-08_r15,2014-10-08_r15_ESPECIAL.pdf,141,Sr. Secretario (Estrada),Sr. Secretario (Estrada).-,yes,yes,same-paragraph,none,high,"Resultan 38 votos afirmativos, 28 votos negativos y 2 abstenciones.",none,
295,2014-10-22_r16,2014-10-22_r16_ORDINARIA.pdf,13,Sr. González,Sr. González.-,yes,yes,same-paragraph,none,high,"Señor presidente: simplemente, quiero dejar sentada la posición de este bloque, que ya hemos",none,
296,2014-10-22_r17,2014-10-22_r17_INFORMATIVA_ESPECIAL.pdf,45,Sr. Petcoff Naidenoff,Sr. Petcoff Naidenoff.-,yes,yes,same-paragraph,none,high,"Bueno, lo que le quiero decir para aportar en esto...",none,
297,2014-10-22_r17,2014-10-22_r17_INFORMATIVA_ESPECIAL.pdf,48,Sr. Jefe de Gabinete de Ministros,Sr. Jefe de Gabinete de Ministros.-,yes,yes,previous-page,none,high,"centros de prevención locales de adicciones, los CEPLA. En ese sentido, ya se llevan","turn opens on page 47 (""La otra cuestión que me parece importante es la del fortalecimiento institucional de la Sedronar..."") and continues uninterrupted onto page 48, where the quoted words appear; no new speaker label intervenes.",
298,2014-12-10_r21,2014-12-10_r21_ORDINARIA.pdf,31,Sra. Odarda,Sra. Odarda.-,yes,yes,same-paragraph,none,high,Señor presidente: es para solicitar una cuestión de privilegio por considerar que se ha,none,
299,2014-12-10_r21,2014-12-10_r21_ORDINARIA.pdf,86,Sr. Petcoff Naidenoff,Sr. Petcoff Naidenoff.-,yes,yes,same-paragraph,none,high,"¡Cómo no! Y después continúo porque es un textual de las versiones taquigráficas, nada",none,
300,2014-12-17_r22,2014-12-17_r22_ORDINARIA.pdf,91,Sr. Presidente,Sr. Presidente.-,yes,yes,same-paragraph,none,high,"Queda rechazado. Entonces, no se puede avanzar con el proyecto.",none,
301,2015-02-12_r24,2015-02-12_r24_ESPECIAL.pdf,36,Sr. Presidente,Sr. Presidente.,yes,yes,same-paragraph,none,high,Podemos proceder a la votación.,"""Sr. Presidente.- Podemos proceder a la votación."" is its own short paragraph on p.36.",
302,2015-02-27_r01,2015-02-27_r01_PREPARATORIA.pdf,11,Sr. Presidente,Sr. Presidente.,yes,yes,same-paragraph,none,high,De acuerdo con el artículo 1º del Reglamento de esta Honorable Cámara corresponde fijar,"Opens ""Sr. Presidente.- De acuerdo con el artículo 1º del Reglamento de esta Honorable Cámara corresponde fijar los días y horas de sesiones...""",
303,2015-03-01_r00,2015-03-01_r00_ASAMBLEA.pdf,17,Sra. Presidenta de la Nación,Sra. Presidenta de la Nación.-,yes,yes,previous-page,(Aplausos.),high,Es una quinta parte de lo que se generó en 129 años del Banco,"Continuous Fernández de Kirchner address from page 7 to page 17 with no intervening bold label; quoted words form their own short paragraph ending in ""(Aplausos.)"".",
304,2015-03-11_r02,2015-03-11_r02_ORDINARIA.pdf,9,Sra. Luna,Sra. Luna.,yes,yes,same-paragraph,none,high,Señor presidente: solicito un homenaje en este Senado y un reconocimiento por las 10,"""Sra. Luna.- Señor presidente: solicito un homenaje en este Senado y un reconocimiento por las 10 víctimas..."" on p.9.",
305,2015-03-11_r02,2015-03-11_r02_ORDINARIA.pdf,32,Sr. Giustiniani,Sr. Giustiniani.,yes,yes,same-paragraph,none,high,"Sí, estamos de acuerdo.","""Sr. Giustiniani.- Sí, estamos de acuerdo."" on p.32.",
306,2015-05-27_r04,2015-05-27_r04_ORDINARIA.pdf,30,Sr. Presidente,Sr. Presidente.,yes,yes,previous-page,none,high,Tiene la palabra la senadora Negre de Alonso.,"The line ""Tiene la palabra la senadora Negre de Alonso."" opens p.30 as an unlabeled indented continuation line; the last bold label before it is ""Sr. Presidente.-"" at the bottom of p.29 (""Entonces, tomamos la propuesta del senador Morales de tratar el dictamen al final..."").",
307,2015-05-27_r04,2015-05-27_r04_ORDINARIA.pdf,84,Sr. Fuentes,Sr. Fuentes.,yes,yes,same-paragraph,none,high,Si no me quiere escuchar me lo dice.,"""Sr. Fuentes.- Si no me quiere escuchar me lo dice."" on p.84.",
308,2015-07-01_r05,2015-07-01_r05_ORDINARIA.pdf,32,Sr. Secretario (Estrada),Sr. Secretario (Estrada).,yes,yes,same-paragraph,none,high,"Sí, ya lo busco. Orden del día Nº 292. Es un proyecto de la","""Sr. Secretario (Estrada).- Sí, ya lo busco."" followed by an indented continuation line ""Orden del día Nº 292. Es un proyecto de la senadora Monllau..."" on p.32, same turn.",
309,2015-07-01_r05,2015-07-01_r05_ORDINARIA.pdf,33,Sr. Abal Medina,Sr. Abal Medina.,yes,yes,same-paragraph,none,high,"Gracias, señor presidente. Decíamos que también establece la universalización de todo el sistema estableciendo","""Sr. Abal Medina.- Gracias, señor presidente. Decíamos que también establece la universalización de todo el sistema estableciendo los topes..."" on p.33.",
310,2015-07-01_r05,2015-07-01_r05_ORDINARIA.pdf,96,Sra. Odarda,Sra. Odarda.,yes,yes,same-paragraph,none,high,Señor presidente: es para insistir con el proyecto que ayer tuvo dictamen favorable de,"""Sra. Odarda.- Señor presidente: es para insistir con el proyecto que ayer tuvo dictamen favorable de la última comisión sobre las carreras de perros."" on p.96.",
311,2015-07-29_r06,2015-07-29_r06_ORDINARIA.pdf,13,Sr. Secretario (Estrada),Sr. Secretario (Estrada).,yes,yes,same-paragraph,none,high,Resultan 39 votos afirmativos y 12 abstenciones.,"""Sr. Secretario (Estrada).- Resultan 39 votos afirmativos y 12 abstenciones."" on p.13.",
312,2015-09-16_r08,2015-09-16_r08_ORDINARIA.pdf,15,Sr. Presidente,Sr. Presidente.,yes,yes,same-paragraph,none,high,"Gracias, senadora. Senador González.","""Sr. Presidente.- Gracias, senadora."" then an indented continuation line ""Senador González."" on p.15, same turn, before ""Sr. González.-"" opens the next turn.",
313,2015-09-16_r08,2015-09-16_r08_ORDINARIA.pdf,33,Sra. Negre de Alonso,Sra. Negre de Alonso.,yes,yes,previous-page,none,high,garantía del financiamiento externo o interno que tome YPF. Ahí está la verdadera trampa.,"One continuous, unbroken speech begins ""Sra. Negre de Alonso.- Coincido, con nombre y apellido..."" on p.30 and runs through pp.31-32 into p.33, where it ends ""...garantía del financiamiento externo o interno que tome YPF. Ahí está la verdadera trampa."" No other bold label intervenes before ""Sr. Presidente.- Gracias, senadora."" further down p.33.",
314,2015-10-07_r09,2015-10-07_r09_ORDINARIA.pdf,55,Sr. Presidente,Sr. Presidente.,yes,yes,same-paragraph,none,high,"Para el cierre del debate, tiene la palabra el señor senador Pichetto.","""Sr. Presidente.- Para el cierre del debate, tiene la palabra el señor senador Pichetto."" on p.55.",
315,2015-10-07_r09,2015-10-07_r09_ORDINARIA.pdf,69,Sr. Presidente,Sr. Presidente.,yes,yes,same-paragraph,none,high,Senadora Negre de Alonso.,"""Sr. Presidente.- Senadora Negre de Alonso."" on p.69, immediately followed by ""Sra. Negre de Alonso.- En realidad, había pedido incorporar a los niños y ancianos...""",
316,2015-10-28_r10,2015-10-28_r10_ORDINARIA.pdf,76,Sra. Higonet,Sra. Higonet.,yes,yes,same-paragraph,none,high,Estoy pidiéndola.,"""Sra. Higonet.- Estoy pidiéndola."" on p.76.",
317,2015-10-28_r10,2015-10-28_r10_ORDINARIA.pdf,93,Sr. Petcoff Naidenoff,Sr. Petcoff Naidenoff.,yes,yes,same-paragraph,none,high,"Señor presidente: quiero expresar, en primer lugar, nuestro acompañamiento en general y en prácticamente","""Sr. Petcoff Naidenoff.- Señor presidente: quiero expresar, en primer lugar, nuestro acompañamiento en general y en prácticamente todo el articulado en particular..."" on p.93.",
318,2015-11-04_r00,2015-11-04_r00_ASAMBLEA.pdf,6,Sr. Secretario (Estrada),Sr. Secretario (Estrada).,yes,yes,same-paragraph,none,high,"Señoras y señores senadores: Juan Manuel Abal Medina, Pablo González, Mario Cimadevilla, Rubén Giustiniani,","""Sr. Secretario (Estrada).- Señoras y señores senadores: Juan Manuel Abal Medina, Pablo González, Mario Cimadevilla, Rubén Giustiniani, Diego Santilli y Graciela Di Perna..."" on p.6.",
319,2015-11-25_r11,2015-11-25_r11_ORDINARIA.pdf,46,Sr. Presidente (Zamora),Sr. Presidente (Zamora).,yes,yes,same-paragraph,none,high,Los números; los que han sido acordados en labor parlamentaria.,"""Sr. Presidente (Zamora).- Los números; los que han sido acordados en labor parlamentaria."" on p.46.",
320,2015-12-03_r12,2015-12-03_r12_ESPECIAL.pdf,3,Sr. Presidente,Sr. Presidente.,yes,yes,same-paragraph,none,high,Obra sobre las bancas la renuncia presentada por el señor senador por la provincia,"""Sr. Presidente.- Obra sobre las bancas la renuncia presentada por el señor senador por la provincia de Santa Cruz, don Pablo Gerardo González."" on p.3.",
321,2016-03-09_r02,2016-03-09_r02_ORDINARIA.pdf,20,Sra. Fellner,Sra. Fellner.,yes,yes,same-paragraph,none,high,Señor presidente: solicito preferencia sin dictamen de comisión para la próxima sesión del expediente,"""Sra. Fellner.- Señor presidente: solicito preferencia sin dictamen de comisión para la próxima sesión del expediente S.-4.298/15."" on p.20.",
322,2016-06-08_r08,2016-06-08_r08_ORDINARIA.pdf,24,Sra. Presidente,Sra. Presidente.,yes,yes,same-paragraph,none,high,Tiene la palabra el senador Daniel Pérsico.,"""Sra. Presidente.- Tiene la palabra el senador Daniel Pérsico."" on p.24.",
323,2016-06-08_r08,2016-06-08_r08_ORDINARIA.pdf,77,Sra. Presidente,Sra. Presidente.,yes,yes,same-paragraph,none,high,"Sí, porque nos hemos alargado un poco.","""Sra. Presidente.- Sí, porque nos hemos alargado un poco."" on p.77.",
324,2016-06-29_r10,2016-06-29_r10_ESPECIAL.pdf,7,Sra. Almirón,Sra. Almirón.,yes,yes,same-paragraph,none,high,Pido la palabra.,"""Sra. Almirón. - Pido la palabra."" on p.7. Note a similar but non-identical phrase ""Pido la palabra para una cuestión de privilegio."" is spoken earlier on the same page by Sr. Mayans; the exact quoted sentence ""Pido la palabra."" (ending there) matches only Almirón's line.",
325,2016-07-13_r11,2016-07-13_r11_ORDINARIA.pdf,95,Sra. Presidente,Sra. Presidente.,yes,yes,same-paragraph,none,high,"Quedó claro, senador Rozas.","""Sra. Presidente.- Quedó claro, senador Rozas."" on p.95.",
326,2016-08-10_r12,2016-08-10_r12_ORDINARIA.pdf,9,Sra. Labado,Sra. Labado.-,yes,yes,same-paragraph,none,high,Había comenzado la sesión. Así que por eso…,none,
327,2016-08-10_r12,2016-08-10_r12_ORDINARIA.pdf,83,Sr. Mayans,Sra. Fellner.-,phrase-printed-twice,yes,earlier-on-page,none,high,"Gracias, presidenta.","""Gracias, presidenta."" closes a multi-paragraph turn that opened with the Sra. Fellner label higher on the page","parser right — 'Gracias, presidenta.' is printed twice: once closing Sra. Fellner's turn, once as a turn of its own under Sr. Mayans. The sampled turn is the Mayans one, printed verbatim."
328,2016-09-07_r13,2016-09-07_r13_ORDINARIA.pdf,18,Sra. Presidente,Sra. Presidente.-,yes,yes,same-paragraph,none,high,"Perfecto, se toma nota de los proyectos. ¿Algún otro proyecto con preferencia?",none,
329,2016-09-07_r13,2016-09-07_r13_ORDINARIA.pdf,101,Sr. Cobos,Sr. Cobos.-,yes,yes,same-paragraph,none,high,Pido la palabra.,none,
330,2016-09-07_r13,2016-09-07_r13_ORDINARIA.pdf,112,Sra. Negre de Alonso,Sra. Negre de Alonso.-,yes,yes,same-paragraph,none,high,Presidenta: lo que está proponiendo el senador Pinedo es un 50 bis. Y el,"label appears at the very top of the page, immediately followed by the quoted words",
331,2016-09-28_r15,2016-09-28_r15_INFORMATIVA_ESPECIAL.pdf,33,Sr. Presidente (Pinedo),Sr. Presidente (Pinedo).-,yes,yes,same-paragraph,none,high,"Gracias, señor jefe de Gabinete. Tiene la palabra la senadora Negre de Alonso.",none,
332,2016-11-02_r17,2016-11-02_r17_ORDINARIA.pdf,43,Sr. Presidente (Pinedo),Sr. Presidente (Pinedo).-,yes,yes,same-paragraph,none,high,Senador Pais.,none,
333,2016-11-23_r19,2016-11-23_r19_ORDINARIA.pdf,62,Sr. Presidente (Pinedo),Sr. Presidente (Pinedo).-,yes,yes,same-paragraph,none,high,Senador Linares.,none,
334,2016-11-30_r20,2016-11-30_r20_ORDINARIA.pdf,100,Sra. Presidente,Sra. Presidente.-,yes,yes,same-paragraph,none,high,No lo vi.,none,
335,2016-11-30_r20,2016-11-30_r20_ORDINARIA.pdf,160,Sra. Presidente,Sra. Presidente.-,yes,yes,same-paragraph,none,high,"Por favor, senadores y senadoras, escuchemos al senador Irrazábal.",none,
336,2016-12-21_r22,2016-12-21_r22_EXTRAORDINARIA.pdf,46,Sra. Presidente,Sra. Presidente.-,yes,yes,same-paragraph,none,high,Senador...,"the exact word ""Senador..."" appears twice on this page, both times under the Sra. Presidente label, so the label is not in doubt",
337,2016-12-21_r22,2016-12-21_r22_EXTRAORDINARIA.pdf,58,Sra. Presidente,Sra. Presidente.-,yes,yes,same-paragraph,none,high,Le pido por favor. Ya fue expresada.,none,
338,2016-12-21_r22,2016-12-21_r22_EXTRAORDINARIA.pdf,62,Sra. Rodríguez Machado,Sra. Rodríguez Machado.-,yes,yes,same-paragraph,none,high,"¿Usted lo tiene? Hay un segundo párrafo, con un texto aprobado –por favor, controle–,",none,
339,2016-12-21_r22,2016-12-21_r22_EXTRAORDINARIA.pdf,75,Sr. Lovera,Sr. Lovera.-,yes,yes,same-paragraph,none,high,Señora presidenta: simplemente quiero decir que había un pedido para hacer un par de,none,
340,2016-12-21_r22,2016-12-21_r22_EXTRAORDINARIA.pdf,77,Sra. Presidente,Sra. Presidente.-,yes,yes,same-paragraph,none,high,Lo tiene Secretaría. Perfecto.,none,
341,2017-03-01_r00,2017-03-01_r00_ASAMBLEA.pdf,13,Sr. Presidente de la Nación,Sr. Presidente de la Nación.-,yes,yes,earlier-on-page,(Aplausos.),high,"Lo mismo hicimos en la provincia de Buenos Aires, donde estamos asistiendo a 31","quoted words are several paragraphs into the same uninterrupted speech, preceded by an ""(Aplausos.)"" stage direction in the same paragraph",
342,2017-04-25_r03,2017-04-25_r03_ESPECIAL.pdf,12,Sr. Secretario (Tunessi),Sr. Secretario (Tunessi).-,yes,yes,same-paragraph,none,high,Se van a votar las inserciones después.,none,
343,2017-04-25_r04,2017-04-25_r04_INFORMATIVA_ESPECIAL.pdf,47,Sr. Luenzo,Sr. Luenzo.-,yes,yes,same-paragraph,none,high,"Se ve que han trabajado mucho en la Sociedad Rural, la Cámara de Comercio",none,
344,2017-04-26_r05,2017-04-26_r05_ESPECIAL.pdf,48,Sr. Godoy,Sr. Godoy.-,yes,yes,same-paragraph,none,high,¿Podemos dejar constancia en particular de las disidencias?,none,
345,2017-05-10_r06,2017-05-10_r06_ESPECIAL.pdf,15,Sr. Presidente (Pinedo),Sr. Presidente (Pinedo).-,yes,yes,same-paragraph,none,high,"Voy a averiguar ahora. Gracias, senadora. Tiene la palabra la señora senadora Luna.",none,
346,2017-05-31_r07,2017-05-31_r07_ORDINARIA.pdf,28,Sra. Presidente,Sra. Presidente.-,yes,yes,same-paragraph,none,high,"Perfecto. Entonces, el secretario leerá los tres proyectos que sí tenemos para tratar sobre",none,
347,2017-07-12_r09,2017-07-12_r09_ESPECIAL.pdf,14,Sr. Secretario (Tunessi),Sr. Secretario (Tunessi).-,yes,yes,same-paragraph,none,high,El dictamen de la Comisión de Economía Nacional e Inversión ha considerado el proyecto,none,
348,2017-08-23_r10,2017-08-23_r10_ORDINARIA.pdf,52,Sra. Rodríguez Machado,Sra. Rodríguez Machado.-,yes,yes,same-paragraph,none,high,¿Hemos votado las inserciones también para este caso? Porque quiero insertar en el tema,none,
349,2017-08-23_r10,2017-08-23_r10_ORDINARIA.pdf,53,Sr. Perotti,Sr. Perotti.-,yes,yes,same-paragraph,none,high,Presidenta.,none,
350,2017-08-23_r10,2017-08-23_r10_ORDINARIA.pdf,74,Sra. Presidente,Sra. Presidente.-,yes,yes,same-paragraph,none,high,"A continuación, corresponde votar la habilitación de los tratamientos sobre tablas acordados de los",none,
351,2017-08-23_r10,2017-08-23_r10_ORDINARIA.pdf,77,Sr. Pichetto,Sr. Pichetto.-,yes,yes,same-paragraph,none,high,"Brevemente, para adherir al homenaje que han expresado los senadores por Córdoba. Quiero reconocer",none,
352,2017-08-23_r10,2017-08-23_r10_ORDINARIA.pdf,79,Sr. Secretario (Tunessi),Sr. Secretario (Tunessi).-,yes,yes,same-paragraph,none,high,Ya las votamos.,none,
353,2017-09-06_r11,2017-09-06_r11_INFORMATIVA_ESPECIAL.pdf,46,Sr. Jefe de Gabinete de Ministros,Sr. Jefe de Gabinete de Ministros.-,yes,yes,same-paragraph,none,high,"Bueno, esta es la información que tenemos del Ministerio de Desarrollo. En todo caso,",none,
354,2017-09-07_r12,2017-09-07_r12_ORDINARIA.pdf,19,Sr. Secretario (Tunessi),Sr. Secretario (Tunessi).-,yes,yes,same-paragraph,none,high,"Resultan 58 votos afirmativos, cero negativos y cero abstenciones.",none,
355,2017-09-07_r12,2017-09-07_r12_ORDINARIA.pdf,24,Sra. Sacnun,Sra. Sacnun.-,yes,yes,same-paragraph,none,high,Simplemente es para incorporar un pedido de preferencia para la próxima sesión para tratar,none,
356,2017-11-01_r14,2017-11-01_r14_ESPECIAL.pdf,14,Sr. Secretario (Estrada),Sr. Secretario (Estrada).-,yes,yes,same-paragraph,none,high,"Para el Orden del Día Nº 738/17: afirmativos, 57 votos; negativos, cero votos; cero",none,
357,2017-12-27_r19,2017-12-27_r19_EXTRAORDINARIA.pdf,27,Sra. Sacnun,Sra. Sacnun.-,yes,yes,same-paragraph,none,high,"Bueno, la verdad es que les voy a decir que no nos dejaron debatir",none,
358,2017-12-27_r19,2017-12-27_r19_EXTRAORDINARIA.pdf,52,Sr. Presidente (Pinedo),Sr. Presidente (Pinedo).-,yes,yes,same-paragraph,none,high,"Con toda solidaridad, señora senadora, le queda…",none,
359,2017-12-27_r19,2017-12-27_r19_EXTRAORDINARIA.pdf,75,Sra. Presidente,Sra. Presidente.-,yes,yes,same-paragraph,none,high,"No, porque me parece que siempre somos respetuosos…",none,
360,2017-12-27_r19,2017-12-27_r19_EXTRAORDINARIA.pdf,164,Sra. Presidente,Sra. Presidente.-,yes,yes,same-paragraph,none,high,¿Hay alguna abstención?,none,
361,2018-02-28_r01,2018-02-28_r01_PREPARATORIA.pdf,5,Sra. Presidente,Sra. Presidente.-,yes,yes,same-paragraph,none,high,Perfecto. Tiene la palabra el senador Romero.,none,
362,2018-03-21_r02,2018-03-21_r02_ORDINARIA.pdf,12,Sra. Presidente,Sra. Presidente.-,yes,yes,same-paragraph,none,high,"De conformidad con lo dispuesto por el artículo 187 del reglamento, la Presidencia informa",none,
363,2018-03-21_r02,2018-03-21_r02_ORDINARIA.pdf,46,Sr. Presidente (Pinedo),Sr. Presidente (Pinedo).-,yes,yes,same-paragraph,none,high,Tiene la palabra el señor senador Pais.,none,
364,2018-03-21_r02,2018-03-21_r02_ORDINARIA.pdf,90,Sra. Presidente,Sra. Presidente.-,yes,no,same-paragraph,none,medium,"Aprobados. Se harán las comunicaciones pertinentes. Ahora sí, tenemos distintos proyectos de comunicación, declaración","The page has ""Sra. Presidente.- Aprobados. Se harán las comunicaciones pertinentes."" followed only by a footnote marker, and a separate earlier ""Sra. Presidente.- Ahora sí, también a mano alzada, la consideración de estos proyectos de comunicación, declaración..."" — neither reads verbatim as the quoted phrase ""Aprobados. Se harán las comunicaciones pertinentes. Ahora sí, tenemos distintos proyectos de comunicación, declaración."" Reporting the closest matching paragraph's label.",
365,2018-04-18_r03,2018-04-18_r03_ORDINARIA.pdf,56,Sra. Presidente,Sra. Presidente.-,yes,yes,same-paragraph,none,high,"Bueno, sin faltar el respeto…",none,
366,2018-04-18_r03,2018-04-18_r03_ORDINARIA.pdf,102,Sr. Presidente (Pinedo),Sr. Presidente (Pinedo).-,yes,yes,same-paragraph,none,high,Señor senador.,none,
367,2018-04-25_r04,2018-04-25_r04_ESPECIAL.pdf,8,Sr. Martínez (E. F.),Sr. Martínez (E. F.).-,yes,yes,same-paragraph,(Risas.),high,Dije que poner jueces con la mano es una de las máximas infamias en,"The stage direction ""(Risas.)"" appears in the same paragraph just before the quoted words.",
368,2018-04-25_r04,2018-04-25_r04_ESPECIAL.pdf,12,Sr. Mayans,Sr. Mayans.-,yes,yes,same-paragraph,none,high,"Simplemente dos puntos, que son importantes. Primero, el tema del sorteo público, que me",none,
369,2018-04-25_r04,2018-04-25_r04_ESPECIAL.pdf,27,Sra. Presidente,Sra. Presidente.-,yes,yes,same-paragraph,none,high,"Entonces, no lo hacemos, no la cerramos.",none,
370,2018-04-25_r04,2018-04-25_r04_ESPECIAL.pdf,70,Sr. Secretario (Tunessi),Sr. Secretario (Tunessi).-,yes,yes,same-paragraph,none,high,"Para los artículos 23 y 24: afirmativos, 48 votos; negativos, 11 votos; y 2",none,
371,2018-05-30_r06,2018-05-30_r06_ESPECIAL.pdf,165,Sra. Giacoppo,Sra. Giacoppo.-,yes,yes,same-paragraph,none,high,"Presidenta, cometí un error.",none,
372,2018-06-27_r07,2018-06-27_r07_ORDINARIA.pdf,36,Sra. Presidente,Sra. Presidente.-,yes,yes,same-paragraph,none,high,"Como esto no va a tener debate, vamos a hacer la votación de los",none,
373,2018-06-27_r08,2018-06-27_r08_INFORMATIVA_ESPECIAL.pdf,15,Sra. Presidente,Sra. Presidente.-,yes,yes,same-paragraph,none,high,Tengo la lista de oradores. Vamos a votar a mano alzada el cierre de,none,
374,2018-08-22_r13,2018-08-22_r13_ESPECIAL.pdf,87,Sra. Presidente,Sra. Presidente.-,yes,yes,same-paragraph,none,high,"La vamos armando por Secretaría, mientras tanto le damos la palabra al miembro informante.",none,
375,2018-08-22_r13,2018-08-22_r13_ESPECIAL.pdf,138,Sra. Presidente,Sra. Presidente.-,yes,yes,same-paragraph,none,high,De los presentes.,none,
376,2018-10-10_r16,2018-10-10_r16_ORDINARIA.pdf,88,Sr. Rozas,Sr. Rozas.-,yes,yes,same-paragraph,none,high,"Seré muy breve, presidente, porque creo que ya se ha dicho bastante sobre el","Label appears immediately before quoted words, following ""Sr. Presidente (Pinedo).- Senador Rozas, tiene el cierre.""",
377,2018-11-14_r17,2018-11-14_r17_ESPECIAL.pdf,89,Sr. Presidente (Pinedo),Sr. Presidente (Pinedo).-,yes,yes,same-paragraph,none,high,Tiene la palabra el senador Pereyra.,none,
378,2018-12-12_r19,2018-12-12_r19_EXTRAORDINARIA.pdf,12,Sr. Presidente (Pinedo),Sr. Presidente (Pinedo).-,yes,yes,same-paragraph,none,high,"Gracias, señora senadora. Tiene la palabra la senadora Odarda para plantear una cuestión de",none,
379,2018-12-12_r19,2018-12-12_r19_EXTRAORDINARIA.pdf,24,Sr. Ojeda,Sr. Ojeda.-,yes,yes,same-paragraph,none,high,"Para que también quede en la versión taquigráfica, un acuerdo que hicimos en la",none,
380,2018-12-19_r20,2018-12-19_r20_EXTRAORDINARIA.pdf,50,Sra. Presidente,Sra. Presidente.-,yes,yes,same-paragraph,none,high,"Senadora González, tiene la palabra. ¡Ah, es una moción, perdón! Hizo moción de orden.",none,
381,2019-02-27_r01,2019-02-27_r01_PREPARATORIA.pdf,21,Sr. Romero,Sr. Romero.-,yes,yes,same-paragraph,none,high,Presidenta: tratándose de un año en el que se van a elegir todas las,none,
382,2019-03-01_r00,2019-03-01_r00_ASAMBLEA.pdf,6,Sra. Presidente,Sra. Presidente.-,yes,yes,same-paragraph,none,high,"Invito al señor presidente de la Honorable Cámara de Diputados de la Nación, don",none,
383,2019-03-20_r02,2019-03-20_r02_ORDINARIA.pdf,47,Sr. Presidente (Pinedo),Sr. Presidente (Pinedo).-,yes,yes,same-paragraph,none,high,Le ruego que respete a la Presidencia y oiga lo que le estoy diciendo.,none,
384,2019-03-20_r02,2019-03-20_r02_ORDINARIA.pdf,69,Sra. Elías de Perez,Sra. Elías de Perez.-,yes,yes,same-paragraph,none,high,"Ni en el VII ni en el VIII, sino solamente el tema de los",none,
385,2019-03-27_r04,2019-03-27_r04_INFORMATIVA_ESPECIAL.pdf,57,Sr. Petcoff Naidenoff,Sr. Petcoff Naidenoff.-,yes,yes,same-paragraph,none,high,"No se preocupe. Yo lo escuché, senador, atentamente.","A stage direction (""El señor senador Mayans realiza manifestaciones fuera del alcance del micrófono."") appears immediately before this paragraph but not inside it.",
386,2019-04-16_r05,2019-04-16_r05_ESPECIAL.pdf,44,Sra. Presidente (Michetti),Sra. Presidente (Michetti).-,yes,yes,same-paragraph,none,high,¿Quién se levantó?,none,
387,2019-04-16_r05,2019-04-16_r05_ESPECIAL.pdf,69,Sr. Presidente (Pinedo),Sr. Presidente (Pinedo).-,yes,yes,same-paragraph,none,high,"Gracias, senador. Tiene la palabra el senador Caserio.",none,
388,2019-04-16_r05,2019-04-16_r05_ESPECIAL.pdf,102,Sr. Presidente (Pinedo),Sr. Presidente (Pinedo).-,yes,yes,same-paragraph,none,high,"Ah, iba a cerrar, no, no, no... Senadora González: tiene la palabra.",none,
389,2019-05-22_r06,2019-05-22_r06_ESPECIAL.pdf,20,Sra. Presidente (Michetti),Sra. Presidente (Michetti).-,yes,yes,same-paragraph,none,high,"Entonces, ahora sí, de conformidad con lo dispuesto...","A bold section heading ""10. Manifestaciones respecto del tratamiento de varios proyectos"" precedes this paragraph but is not inside it.",
390,2019-05-22_r06,2019-05-22_r06_ESPECIAL.pdf,48,Sr. Presidente (Pinedo),Sr. Presidente (Pinedo).-,yes,yes,same-paragraph,none,high,Le pide una interrupción el senador Bullrich. ¿La concede?,none,
391,2019-07-17_r07,2019-07-17_r07_ORDINARIA.pdf,78,Sra. Crexell,Sra. Crexell.-,yes,yes,same-paragraph,none,high,No hay problema.,none,
392,2019-07-17_r07,2019-07-17_r07_ORDINARIA.pdf,80,Sr. Presidente (Pinedo),Sr. Presidente (Pinedo).-,yes,yes,same-paragraph,none,high,"Sí, sí: ya sé. Ahora le voy a dar la palabra.",none,
393,2019-07-17_r07,2019-07-17_r07_ORDINARIA.pdf,80,Sra. Durango,Sra. Durango.-,yes,yes,same-paragraph,none,high,"Brevemente, para decir que nosotros vamos a apoyar este proyecto; pero también, como el",none,
394,2019-07-17_r07,2019-07-17_r07_ORDINARIA.pdf,96,Sr. Presidente (Pinedo),Sr. Presidente (Pinedo).-,yes,yes,same-paragraph,none,high,"Para el tratamiento del Orden del Día 214, le voy a dar la palabra",none,
395,2019-07-17_r07,2019-07-17_r07_ORDINARIA.pdf,100,Sr. Presidente (Pinedo),Sr. Presidente (Pinedo).-,yes,yes,same-paragraph,none,high,"Ah, ¿está pidiendo la palabra? Senadora Mirkin. Disculpe. Tiene la palabra.",none,
396,2019-11-13_r09,2019-11-13_r09_ESPECIAL.pdf,54,Sr. Caserio,Sr. Caserio.-,yes,yes,same-paragraph,none,high,"Estimado senador Rozas: siempre tenemos esa voluntad, pero me parece a mí que después",none,
397,2019-11-27_r10,2019-11-27_r10_ESPECIAL.pdf,15,Sra. Presidente (Michetti),Sra. Presidente (Michetti).-,yes,yes,same-paragraph,none,high,En consideración el cargo de vicepresidente 1°. Tiene la palabra el senador Mayans.,"A bold section heading ""12. Designación y juramento del señor vicepresidente 1° del H. Senado de la Nación"" precedes this paragraph but is not inside it.",
398,2019-11-27_r10,2019-11-27_r10_ESPECIAL.pdf,22,Sra. Presidente (Michetti),Sra. Presidente (Michetti).-,yes,yes,same-paragraph,none,high,En consideración. Se va a votar la renuncia.,"A bold section heading ""21. Renuncia del señor prosecretario de Coordinación Operativa del H. Senado de la Nación"" precedes this paragraph but is not inside it.",
399,2019-12-10_r00,2019-12-10_r00_ASAMBLEA.pdf,20,Sr. Presidente de la Nación,Sr. Presidente de la Nación.-,yes,yes,previous-page,(Aplausos y manifestaciones.),high,Lo mismo haremos con el resto de los fondos reservados...,Continuous Alberto Fernández address from page 10 to page 20 with no intervening bold label; quoted words are immediately followed by the applause note within the same paragraph.,
400,2019-12-20_r11,2019-12-20_r11_EXTRAORDINARIA.pdf,112,Sr. Cobos,Sr. Cobos.-,yes,yes,same-paragraph,none,high,"Gracias, señora presidenta. Bueno, la verdad es que ya son muchas horas de debate.",none,
401,2020-03-12_r02,12-03-2020_ESPECIAL.pdf,8,Sr. Petcoff Naidenoff,Sr. Petcoff Naidenoff.-,yes,yes,same-paragraph,none,high,"Sí, presidenta. Más allá del Reglamento, que lógicamente hay que cumplirlo, yo quiero solamente","""Sí, presidenta."" opens the paragraph; rest of quote continues past the visible page but the label governing it is unambiguous.",
402,2020-05-21_r04,21-05-2020_ESPECIAL.pdf,17,Sr. Fiad,Sr. Fiad.-,yes,yes,same-paragraph,none,high,"Gracias, señora presidenta. Hoy estamos tratando –y me toca a mí ser miembro informante–",none,
403,2020-06-18_r07,18-06-2020_INFORMATIVA_ESPECIAL.pdf,24,Sra. Presidenta (Abdala Ledesma),Sra. Presidenta (Abdala Ledesma).-,yes,yes,same-paragraph,none,high,"Espere un momentito, senador. No se lo escucha.",none,
404,2020-07-30_r10,30-07-2020_ESPECIAL.pdf,34,Sra. Presidenta (Ledesma Abdala),Sra. Presidenta (Ledesma Abdala).-,yes,yes,same-paragraph,none,high,"Se está cumpliendo el tiempo, senador.",none,
405,2020-08-13_r11,13-08-2020_ESPECIAL.pdf,113,Sr. Caserio,Sr. Caserio.-,yes,yes,same-paragraph,none,high,También los plazos de acogimiento. Aquella moratoria del año pasado tenía un plazo de,none,
406,2020-09-03_r13,03-09-2020_ESPECIAL.pdf,70,Sr. Presidente (Lousteau),Sr. Presidente (Lousteau).-,yes,yes,same-paragraph,none,high,"Gracias a usted, senador. Le corresponde el uso de la palabra, ahora, a la",none,
407,2020-09-16_r14,16-09-2020_ESPECIAL.pdf,58,Sra. Presidenta (Ledesma Abdala),Sra. Presidenta (Ledesma Abdala).-,yes,yes,same-paragraph,none,high,Senador: le queda un minuto.,none,
408,2020-10-02_r15,02-10-2020_ESPECIAL.pdf,87,Sr. Lovera,Sr. Lovera.-,yes,yes,same-paragraph,none,high,"Ahí cierro, presidente. Muy amable. Quienes vivimos en el interior no podemos avalar la","quote spans from the label's paragraph into the next (unlabeled) paragraph, still Lovera's uninterrupted turn.",
409,2020-10-02_r15,02-10-2020_ESPECIAL.pdf,103,Sr. Petcoff Naidenoff,Sr. Petcoff Naidenoff.-,yes,yes,same-paragraph,none,high,"Pero, senadora, ¡con todo respeto! Cada uno se hace responsable…",none,
410,2020-10-08_r17,08-10-2020_ESPECIAL.pdf,9,Sr. Secretario (Fuentes),Sr. Secretario (Fuentes).-,yes,yes,same-paragraph,none,high,"Expediente DP.-17/20, por el cual se modifica el artículo 1º del DP.-16/20, aprobado por",none,
411,2020-10-08_r17,08-10-2020_ESPECIAL.pdf,9,Sr. Pais,Sr. Pais.-,yes,yes,same-paragraph,none,high,"Gracias, presidenta. Permanentemente, el bloque me ha nominado para ser miembro informante, atento a","printed as ""Sr. Pais.-Gracias, presidenta."" (no space after dash).",
412,2020-10-08_r17,08-10-2020_ESPECIAL.pdf,14,Sr. Petcoff Naidenoff,Sr. Petcoff Naidenoff.-,yes,yes,same-paragraph,none,high,"Gracias, presidenta. De alguna manera, el senador Schiavoni ha sintetizado la expresión y la",none,
413,2020-10-08_r17,08-10-2020_ESPECIAL.pdf,27,Sra. Presidenta (Ledesma Abdala),Sra. Presidenta (Ledesma Abdala).-,yes,no,same-paragraph,none,low,"Gracias, senadora. Le vamos a dar, primero, la palabra al senador Fiad, que también",the quoted words do not appear anywhere on this page; the page contains only the close of one homage and the full homage to Dr. Miguel Ángel Giubergia. Closest/last label on the page is reported.,
414,2020-10-08_r17,08-10-2020_ESPECIAL.pdf,88,Sra. Presidenta (Fernández de Kirchner),Sra. Presidenta (Fernández de Kirchner).-,yes,yes,same-paragraph,none,high,"No, no, senador, sobre el tema. Vamos sobre el tema.",none,
415,2020-10-15_r18,15-10-2020_ORDINARIA.pdf,26,Sr. Secretario (Fuentes),Sr. Secretario (Fuentes).-,yes,yes,same-paragraph,none,high,Fiad…,none,
416,2020-10-29_r19,29-10-2020_ORDINARIA.pdf,20,Sr. Secretario (Fuentes),Sr. Secretario (Fuentes).-,yes,yes,same-paragraph,none,high,Senador Montenegro.,none,
417,2020-10-29_r19,29-10-2020_ORDINARIA.pdf,44,Sra. Fernández Sagasti,Sra. Fernández Sagasti.-,yes,yes,same-paragraph,none,high,"Gracias, señor presidente. Hemos realizado una reunión en la Comisión de Acuerdos, la cual",none,
418,2020-10-30_r20,30-10-2020_ESPECIAL.pdf,9,Sra. Presidenta (Fernández de Kirchner),Sra. Presidenta (Fernández de Kirchner).-,yes,yes,same-paragraph,none,high,"Muchas gracias, señora senadora. Para otro homenaje, tiene la palabra el senador Naidenoff.",none,
419,2020-10-30_r20,30-10-2020_ESPECIAL.pdf,66,Sr. Parrilli,Sr. Parrilli.-,yes,yes,previous-page,none,high,No. La compró precisamente uno de los empresarios tan cercanos al gobierno: la famosa,"turn opens on page 65 (""Sr. Parrilli.- ...hoy esté dispuesta...""); the quoted words on page 66 continue that same uninterrupted turn with no new label in between.",
420,2020-12-04_r26,04-12-2020_ESPECIAL.pdf,5,Sr. De Angeli,Sr. De Angeli.-,yes,yes,same-paragraph,none,low,"Afirmativo, secretario.","ambiguous — the identical phrase ""Afirmativo, secretario."" is printed twice on this page under two different labels, ""Sr. De Angeli.-"" and ""Sr. Espínola:""; cannot determine from the quote alone which one is intended.",
421,2021-02-04_r29,04-02-2021_EXTRAORDINARIA.pdf,48,Sr. Mayans,Sr. Mayans.-,yes,yes,same-paragraph,none,high,"¿Se me escucha, presidenta, a mí?",none,
422,2021-02-24_r30,24-02-2021_EXTRAORDINARIA.pdf,12,Sr. Mayans,Sr. Mayans.-,yes,yes,same-paragraph,none,high,Señora presidenta: ¿ellos pueden decir lo que quieran y yo no puedo hacer un,"an earlier paragraph on the same page is labeled ""Sr. Mayan.-"" (without the final s), evidently the same speaker; the paragraph containing the quoted words is labeled ""Sr. Mayans.-"".",
423,2021-02-24_r30,24-02-2021_EXTRAORDINARIA.pdf,79,Sra. Elías de Perez,Sra. Elías de Perez.-,yes,yes,same-paragraph,none,high,"Gracias, presidente. La verdad es que hoy hemos escuchado tal cantidad de cosas que",none,
424,2021-03-01_r00,01-03-2021_ASAMBLEA.pdf,17,Sr. Presidente de la Nación,Sr. Presidente de la Nación.-,yes,yes,previous-page,none,high,"Hemos aprobado la ley que establece que todo endeudamiento en moneda extranjera, bajo la",turn opens on page 16; the quoted words on page 17 continue the same uninterrupted speech with no new label in between.,
425,2021-05-13_r05,13-05-2021_ESPECIAL.pdf,45,Sr. Secretario (Fuentes),Sr. Secretario (Fuentes).-,yes,yes,same-paragraph,none,high,Senador Mayans: afirmativo. Gracias. Mera: ausente. Mirabella: afirmativo. Mirkin: afirmativo. Montenegro: afirmativo. Neder: afirmativo.,"the roll-call names after ""Senador Mayans: afirmativo. Gracias."" (Mera, Mirabella, Mirkin, Montenegro, Neder) are unlabeled continuations of the Secretary's own reading of the roll.",
426,2021-05-13_r05,13-05-2021_ESPECIAL.pdf,104,Sr. Zimmermann,Sr. Zimmermann.-,yes,yes,same-paragraph,none,high,"Gracias, presidenta. Como senador por el Chaco, provincia integrante del Acuerdo Federal de la",none,
427,2021-05-20_r06,20-05-2021_ESPECIAL.pdf,88,Sra. Presidenta (Ledesma Abdala),Sra. Presidenta (Ledesma Abdala).-,yes,yes,same-paragraph,none,high,"Gracias, senadora. Tiene la palabra senadora Almirón.","The quoted words are the presiding officer granting the floor to senadora Almirón, not Almirón's own speech which begins right after with a new label.",
428,2021-05-20_r06,20-05-2021_ESPECIAL.pdf,122,Sra. Presidenta (Fernández de Kirchner),Sra. Presidenta (Fernández de Kirchner).-,yes,yes,same-paragraph,none,high,"Acá me indican, de Parlamentaria, que hay ausentes; que no hay más remedio, tratándose",none,
429,2021-06-02_r07,02-06-2021_ESPECIAL.pdf,45,Sr. Presidente (Closs),Sr. Presidente (Closs).-,yes,yes,same-paragraph,none,high,"Gracias, señor senador. Tiene la palabra el senador Martín Lousteau.",none,
430,2021-06-03_r08,03-06-2021_INFORMATIVA_ESPECIAL.pdf,24,Sr. Presidente (Closs),Sr. Presidente (Closs).-,yes,yes,same-paragraph,none,high,Cinco minutos.,none,
431,2021-06-24_r09,24-06-2021_ESPECIAL.pdf,99,Sra. López Valverde,Sra. López Valverde.-,yes,yes,same-paragraph,none,high,…las empresas. Es natural que una empresa tenga ganancias. Pero aquí las ganancias fueron,"The paragraph resumes after an interruption marked ""–Contenido no inteligible."" but the label carries forward as printed just before the quoted words.",
432,2021-08-19_r11,19-08-2021_ESPECIAL.pdf,23,Sr. Mayans,Sr. Mayans.-,yes,yes,same-paragraph,none,high,"Entonces, a partir de mañana, los 40 senadores de nuestro bloque van a presentar",none,
433,2021-08-19_r11,19-08-2021_ESPECIAL.pdf,34,Sr. Secretario (Fuentes),Sr. Secretario (Fuentes).-,yes,yes,same-paragraph,none,medium,Ausente. Senador Ernesto Martínez…,"""Ausente."" closes the response for the prior name (Luenzo) and ""Senador Ernesto Martínez…"" opens the call of the next name, both printed as unbroken text under the same Sr. Secretario (Fuentes) label with no new bold label in between.",
434,2021-10-06_r12,06-10-2021_ESPECIAL.pdf,4,Sra. Presidenta (Fernández de Kirchner),Sra. Presidenta (Fernández de Kirchner).-,yes,yes,same-paragraph,none,high,"De conformidad con lo dispuesto por el artículo 187, se da ingreso a los",none,
435,2021-10-06_r12,06-10-2021_ESPECIAL.pdf,5,Sr. Pais,Sr. Pais.-,yes,yes,same-paragraph,none,high,"No… Gracias, presidenta. Es la falta de costumbre. Justamente, la virtualidad hizo que no",none,
436,2021-10-28_r13,28-10-2021_ORDINARIA.pdf,4,Sra. Presidenta (Ledesma Abdala),Sra. Presidenta (Ledesma Abdala).-,yes,yes,same-paragraph,none,high,"De acuerdo con lo dispuesto en el artículo 32, inciso m) del Reglamento de",none,
437,2021-10-28_r13,28-10-2021_ORDINARIA.pdf,29,Sra. Presidenta (Ledesma Abdala),Sra. Presidenta (Ledesma Abdala).-,yes,yes,same-paragraph,none,high,"Gracias, senadora. Tiene la palabra senador Ernesto Martínez.",none,
438,2021-10-28_r13,28-10-2021_ORDINARIA.pdf,63,Sra. Rodríguez Machado,Sra. Rodríguez Machado.-,yes,yes,same-paragraph,none,high,"Gracias, presidenta; gracias, senador Zimmermann. Simplemente, para dejar una constancia con relación al proyecto",none,
439,2021-12-09_r14,09-12-2021_ESPECIAL.pdf,5,Sr. Mayans,Sr. Mayans.-,yes,yes,same-paragraph,(Risas.),high,Todavía no aprendí.,none,
440,2021-12-29_r16,29-12-2021_ESPECIAL.pdf,13,Sr. Secretario (Fuentes),Sr. Secretario (Fuentes).-,yes,yes,same-paragraph,none,high,"DPP.-51/21. “Buenos Aires, 21 de diciembre de 2021. Visto: las comunicaciones cursadas por los",none,
441,2022-03-01_r00,01-03-2022_ASAMBLEA.pdf,7,Sr. Mayans,Sr. Mayans.-,yes,yes,same-paragraph,none,high,"También, gracias.",none,
442,2022-03-17_r02,17-03-2022_ESPECIAL.pdf,7,Sra. Presidenta (Fernández de Kirchner),Sra. Presidenta (Ledesma Abdala).-,no,yes,same-paragraph,none,high,Redondee. Gracias.,none,parser right — the page prints 'Sra. Presidenta (Fernández de Kirchner).- Redondee. Gracias.' The surname the reader gave appears nowhere on the page.
443,2022-03-17_r02,17-03-2022_ESPECIAL.pdf,9,Sra. Presidenta (Fernández de Kirchner),Sra. Presidenta (Fernández de Kirchner).-,yes,yes,same-paragraph,none,high,Corresponde que por Secretaría se lea el orden del día.,none,
444,2022-03-17_r02,17-03-2022_ESPECIAL.pdf,122,Sra. Presidenta (Ledesma Abdala),Sra. Presidenta (Ledesma Abdala).-,yes,yes,same-paragraph,none,high,"No dialoguen, por favor.",none,
445,2022-04-07_r03,07-04-2022_ESPECIAL.pdf,14,Sra. Presidenta (Ledesma Abdala),Sra. Presidenta (Ledesma Abdala).-,yes,yes,same-paragraph,none,high,Continuemos con la sesión…,none,
446,2022-05-12_r04,12-05-2022_ESPECIAL.pdf,12,Sra. Presidenta (Ledesma Abdala),Sra. Presidenta (Ledesma Abdala).-,yes,yes,same-paragraph,none,high,Tiene la palabra el senador Juez.,none,
447,2022-05-12_r04,12-05-2022_ESPECIAL.pdf,25,Sra. Presidenta (Ledesma Abdala),Sra. Presidenta (Ledesma Abdala).-,yes,yes,same-paragraph,none,high,"Tiene la palabra, para otro homenaje, senadora Vega.",none,
448,2022-06-02_r06,02-06-2022_INFORMATIVA_ESPECIAL.pdf,57,Sra. Presidenta (Losada),Sra. Presidenta (Losada).-,yes,yes,same-paragraph,none,high,"No, no. Me molesta que no se ajuste al reglamento, por favor. Son 9",none,
449,2022-06-02_r06,02-06-2022_INFORMATIVA_ESPECIAL.pdf,86,Sra. Presidenta (Losada),Sra. Presidenta (Losada).-,yes,yes,same-paragraph,none,high,"Senador, ya va a tener su turno. Gracias.",none,
450,2022-06-30_r07,30-06-2022_ORDINARIA.pdf,17,Sra. Juri,Sra. Juri.-,yes,yes,same-paragraph,none,high,La modificación del sistema de votación y el reemplazo del sistema de las boletas,none,
451,2022-06-30_r07,30-06-2022_ORDINARIA.pdf,67,Sra. Presidenta (Ledesma Abdala),Sra. Presidenta (Ledesma Abdala).-,yes,yes,same-paragraph,none,high,"Resultan aprobadas. Propongo se vote por medios electrónicos, en particular y en general, en","Quoted words continue directly after ""Resultan aprobadas."" in the same paragraph, no new label intervenes.",
452,2022-06-30_r07,30-06-2022_ORDINARIA.pdf,85,Sra. Presidente (Ledesma Abdala),Sra. Presidente (Ledesma Abdala).-,yes,yes,same-paragraph,none,high,Corresponde votar la lista de oradores.,"Printed as ""Presidente"" (not ""Presidenta"") on this page.",
453,2022-06-30_r07,30-06-2022_ORDINARIA.pdf,112,Sra. Presidenta (Ledesma Abdala),Sra. Presidenta (Ledesma Abdala).-,yes,yes,same-paragraph,none,high,"Sí, comience, senador Guerra, por favor.",none,
454,2022-06-30_r07,30-06-2022_ORDINARIA.pdf,120,Sr. Blanco,Sr. Blanco.-,yes,yes,same-paragraph,none,high,En el mismo sentido que la senadora Tapia.,none,
455,2022-08-10_r08,10-08-2022_ESPECIAL.pdf,5,Sra. Presidenta (Fernández de Kirchner),Sra. Presidenta (Fernández de Kirchner).-,yes,yes,same-paragraph,none,high,¿Eh? Ya leyeron. Es lo que hay.,none,
456,2022-09-01_r09,01-09-2022_ESPECIAL.pdf,33,Sra. Presidenta (Ledesma Abdala),Sra. Presidenta (Ledesma Abdala).-,yes,yes,same-paragraph,none,high,Tiene la palabra senador Mayans.,none,
457,2022-09-01_r09,01-09-2022_ESPECIAL.pdf,60,Sra. Presidenta (Ledesma Abdala),Sra. Presidenta (Ledesma Abdala).-,yes,yes,same-paragraph,none,high,Senadora Tagliaferri.,none,
458,2022-09-01_r09,01-09-2022_ESPECIAL.pdf,92,Sra. Presidenta (Ledesma Abdala),Sra. Presidenta (Ledesma Abdala).-,yes,yes,same-paragraph,none,high,Senadora Corpacci: falta votar.,none,
459,2022-09-01_r09,01-09-2022_ESPECIAL.pdf,92,Sra. Presidenta (Ledesma Abdala),Sra. Presidenta (Ledesma Abdala).-,yes,yes,same-paragraph,none,high,"A viva voz, senadora.",none,
460,2022-09-22_r11,22-09-2022_ESPECIAL.pdf,30,Sra. Presidente (Ledesma Abdala),Sra. Presidente (Ledesma Abdala).-,yes,yes,same-paragraph,none,high,"Vaya finalizando, por favor, senador.","Printed as ""Presidente"" (not ""Presidenta"") on this page.",
461,2023-03-01_r00,01-03-2023_ASAMBLEA.pdf,11,Sr. Presidente de la Nación,Sr. Presidente de la Nación.-,yes,yes,previous-page,(Aplausos.),high,"el que estuvo al lado de Evo Morales, cuando un golpe de Estado le","Turn opens on page 9 with this label and continues uninterrupted (only italicized ""(Aplausos.)"" stage directions inside) through page 10 to the quoted words on page 11.",
462,2023-03-01_r00,01-03-2023_ASAMBLEA.pdf,31,Sr. Presidente de la Nación,Sr. Presidente de la Nación.-,yes,yes,same-paragraph,none,high,¡Pero no puedo ser indiferente al ver las asimetrías que separan a esta maravillosa,none,
463,2023-03-01_r00,01-03-2023_ASAMBLEA.pdf,32,Sr. Presidente de la Nación,Sr. Presidente de la Nación.-,yes,yes,same-paragraph,none,high,"Un honor. Un honor. Enorme honor. Enorme honor. Enorme honor… Insúlteme, es un enorme",none,
464,2023-03-01_r00,01-03-2023_ASAMBLEA.pdf,34,Sr. Presidente de la Nación,Sr. Presidente de la Nación.-,yes,yes,same-paragraph,(Aplausos.),high,Yo cumplí con mi parte. Reclamo en defensa del Estado de derecho. No me,"The quoted words follow ""...acaban desatando abusos inadmisibles. (Aplausos.)"" within the same paragraph opened by this label.",
465,2023-03-01_r00,01-03-2023_ASAMBLEA.pdf,35,Sr. Presidente de la Nación,Sr. Presidente de la Nación.-,yes,yes,previous-page,(Aplausos.),high,Quiero que todos…,"The governing label (""¡Los que atentaron contra la Constitución...!"") is printed on page 34; the paragraph runs uninterrupted (aside from ""(Aplausos.)"" stage directions) onto page 35, where ""Quiero que todos…"" appears immediately before a ""Manifestaciones en las bancas"" interruption.",
466,2023-03-30_r02,30-03-2023_ESPECIAL.pdf,25,Sr. Presidenta (Ledesma Abdala),Sr. Presidenta (Ledesma Abdala).-,yes,yes,same-paragraph,none,high,"Gracias, senador. Tiene la palabra senadora Nora Giménez.","Printed exactly as ""Sr. Presidenta"" (mismatched honorific/title as printed).",
467,2023-04-13_r03,13-04-2023_ORDINARIA.pdf,15,Sra. Presidenta (Fernández de Kirchner),Sra. Presidenta (Fernández de Kirchner).-,yes,yes,same-paragraph,none,high,Tiene la palabra el senador Torello para una cuestión de privilegio.,none,
468,2023-04-13_r03,13-04-2023_ORDINARIA.pdf,18,Sra. Presidenta (Ledesma Abdala),Sra. Presidenta (Ledesma Abdala).-,yes,yes,same-paragraph,none,high,"Gracias, senadora. Pasan entonces a la Comisión de Asuntos Constitucionales para su consideración.",none,
469,2023-04-13_r03,13-04-2023_ORDINARIA.pdf,26,Sra. Presidenta (Ledesma Abdala),Sra. Presidenta (Ledesma Abdala).-,yes,yes,same-paragraph,none,high,Bueno. Entonces ponemos en consideración las mociones de preferencia con dictamen de comisión para,none,
470,2023-04-13_r03,13-04-2023_ORDINARIA.pdf,52,Sra. Tapia,Sra. Tapia.-,yes,yes,same-paragraph,none,high,"Gracias, señora presidenta. Hoy, es un día muy importante… No sé si habrán entrado,",none,
471,2023-04-13_r03,13-04-2023_ORDINARIA.pdf,115,Sra. Presidenta (Fernández de Kirchner),Sra. Presidenta (Fernández de Kirchner).-,yes,yes,same-paragraph,—Manifestaciones en las galerías.,high,Tiene la palabra el senador Lewandowski.,"The phrase is printed twice on the page (once before, once after a ""Manifestaciones en las galerías"" interruption); both instances carry the same label, so attribution is not actually in doubt.",
472,2023-04-13_r03,13-04-2023_ORDINARIA.pdf,122,Sr. Snopek,Sr. Snopek.-,yes,yes,same-paragraph,none,high,"Gracias, señora presidenta. Venimos a tratar sobre tablas un proyecto que creo que tendría",none,
473,2023-09-28_r06,28-09-2023_ESPECIAL.pdf,23,Sra. Presidenta (Ledesma Abdala),Sra. Presidenta (Ledesma Abdala).-,yes,yes,same-paragraph,none,high,"Sí, senador Naidenoff.",none,
474,2023-09-28_r06,28-09-2023_ESPECIAL.pdf,28,Sr. Martínez,Sr. Martínez.-,yes,yes,same-paragraph,none,high,Y después pido autorización para no leer. La mayoría de los senadores del oficialismo,none,
475,2023-09-28_r06,28-09-2023_ESPECIAL.pdf,34,Sra. Presidenta (Losada),Sra. Presidenta (Losada).-,yes,yes,same-paragraph,none,high,"Gracias, senadora Giacoppo. Tiene la palabra la senadora Juri.",none,
476,2023-09-28_r06,28-09-2023_ESPECIAL.pdf,45,Sra. Presidenta (Losada),Sra. Presidenta (Losada).-,yes,yes,same-paragraph,none,high,"Por ahora, acá estoy yo. Entonces, cuando usted esté acá, manda usted. Ahora yo",Label opens the paragraph containing the quoted words.,
477,2023-09-28_r06,28-09-2023_ESPECIAL.pdf,80,Sr. Vischi,Sr. Vischi.-,yes,yes,same-paragraph,none,high,Sí.,"Short one-word turn ""Sí."" directly after the label.",
478,2023-09-28_r06,28-09-2023_ESPECIAL.pdf,145,Sra. Ianni,Sra. Ianni.-,yes,yes,same-paragraph,none,high,"Gracias, señor presidente. ¡Qué sesión para no ser nacional y popular estamos teniendo! La",none,
479,2023-12-10_r00,10-12-2023_ASAMBLEA.pdf,9,Sra. Vicepresidente de la Nación electa,Sra. Vicepresidente de la Nación electa.-,yes,yes,same-paragraph,(Puesta de pie.),high,"Yo, Victoria Eugenia Villarruel, juro por Dios y la Patria, sobre estos Santos Evangelios,","The stage direction ""(Puesta de pie.)"" sits inside the same paragraph right after the label.",
480,2023-12-13_r08,13-12-2023_ESPECIAL.pdf,24,Sra. Presidente (Villarruel),Sra. Presidente (Villarruel).-,yes,yes,same-paragraph,none,high,De acuerdo con lo establecido en el artículo 4° del reglamento y demás disposiciones,none,
481,2024-02-23_r01,23-02-2024_PREPARATORIA.pdf,14,Sra. Presidente (Villarruel),Sra. Presidente (Villarruel).-,yes,yes,same-paragraph,none,high,"Gracias, senadora Sapag. Pasa a la Comisión de Asuntos Constitucionales para su tratamiento.",none,
482,2024-03-01_r00,01-03-2024_ASAMBLEA.pdf,16,Sr. Presidente de la Nación,Sr. Presidente de la Nación.-,yes,yes,previous-page,(Aplausos y manifestaciones.),high,"Segundo, cuidamos a las víctimas y a quienes nos cuidan. Se terminó, con nosotros,",Continuous Javier Milei address from page 9 to page 16 with no intervening bold label; quoted words open a paragraph that ends in the applause note.,
483,2024-03-14_r02,14-03-2024_ESPECIAL.pdf,12,Sra. Presidente (Villarruel),Sra. Presidente (Villarruel).-,yes,yes,same-paragraph,none,high,"Sí, senador Romero.",none,
484,2024-03-14_r02,14-03-2024_ESPECIAL.pdf,16,Sra. Presidente (Villarruel),Sra. Presidente (Villarruel).-,yes,yes,same-paragraph,none,high,"Gracias, senadora. Pasa a la Comisión de Asuntos Constitucionales para su tratamiento.",none,
485,2024-03-14_r02,14-03-2024_ESPECIAL.pdf,56,Sr. Vischi,Sr. Vischi.-,yes,yes,same-paragraph,none,high,¿Está denunciado?,none,
486,2024-03-14_r02,14-03-2024_ESPECIAL.pdf,113,Sr. Mayans,Sr. Mayans.-,yes,yes,same-paragraph,none,high,"¡No tomen en joda eso! ¡Silencio, estoy hablando!",none,
487,2024-04-18_r03,18-04-2024_ORDINARIA.pdf,5,Sra. Presidente (Villarruel),Sra. Presidente (Villarruel).-,yes,yes,same-paragraph,none,high,"Buenos días. Habiendo quórum, queda abierta la sesión.",none,
488,2024-06-12_r05,12-06-2024_ESPECIAL.pdf,88,Sra. Losada,Sra. Losada.-,yes,yes,same-paragraph,none,high,Presidente: me parece un papelón lo que está haciendo este Senado. Las peleas... Me,none,
489,2024-06-12_r05,12-06-2024_ESPECIAL.pdf,89,Sr. Mayans,Sr. Mayans.-,yes,yes,same-paragraph,none,high,"A pasar a un breve cuarto intermedio, no a levantar la sesión.",none,
490,2024-06-12_r05,12-06-2024_ESPECIAL.pdf,235,Sr. Presidente (Abdala),Sr. Presidente (Abdala).-,yes,yes,same-paragraph,none,high,"Perdón, senador. ¿De qué artículo?",none,
491,2024-06-12_r05,12-06-2024_ESPECIAL.pdf,282,Sr. Presidente (Abdala),Sr. Presidente (Abdala).-,yes,yes,same-paragraph,none,high,Senador Romero: tiene la palabra.,none,
492,2024-07-04_r06,04-07-2024_ESPECIAL.pdf,17,Sr. Mayans,Sr. Mayans.-,yes,yes,same-paragraph,none,high,¡No tiene nada que ver jubilado con jubileo!,none,
493,2024-09-12_r09,12-09-2024_ORDINARIA.pdf,154,Sr. Secretario (Giustinian),Sr. Secretario (Giustinian).-,yes,yes,same-paragraph,none,high,"Lo que está en consideración es el tratamiento del DNU, no una resolución que",none,
494,2024-09-26_r10,26-09-2024_ORDINARIA.pdf,10,Sra. Presidente (Villarruel),Sra. Presidente (Villarruel).-,yes,yes,same-paragraph,none,high,"Gracias, senador Lousteau. Tiene la palabra la senadora por la provincia de Tucumán, Beatriz",none,
495,2024-09-26_r10,26-09-2024_ORDINARIA.pdf,37,Sra. Presidente (Villarruel),Sra. Presidente (Villarruel).-,yes,yes,same-paragraph,none,high,Corresponde la consideración del orden del día que Secretaría enunciará.,none,
496,2024-09-26_r10,26-09-2024_ORDINARIA.pdf,50,Sra. Presidente (Villarruel),Sra. Presidente (Villarruel).-,yes,yes,same-paragraph,none,high,"Gracias, senador Juez. Continúa con el uso de la palabra el senador Pagotto.",none,
497,2024-11-27_r11,27-11-2024_INFORMATIVA_ESPECIAL.pdf,38,"Sra. López, María Florencia","Sra. López, María Florencia.-",yes,yes,same-paragraph,none,high,"Muchas gracias, señora presidenta. Muy buenos días al señor jefe de Gabinete de Ministros.",none,
498,2024-12-12_r12,12-12-2024_ESPECIAL.pdf,5,Sr. Mayans,Sr. Mayans.-,yes,yes,same-paragraph,none,high,"Muchas gracias, señora presidenta. Ante los hechos que son de público conocimiento, nuestro bloque",none,
499,2024-12-12_r12,12-12-2024_ESPECIAL.pdf,12,Sra. Fernández Sagasti,Sra. Fernández Sagasti.-,yes,yes,previous-page,(se exhibe),high,tentativa de contrabando es la imputación del senador Kueider. Y fue hallado in fraganti,"Turn opens with the label on page 10 (""Sí, ya viene, tranquilo; ya viene el correlato."") and continues unbroken through page 11 into page 12, where the quoted words appear; the next label change (""Sr. Mayans.- ¡Y betún!"") comes after the quoted words.",
500,2024-12-12_r12,12-12-2024_ESPECIAL.pdf,29,Sr. Presidente (Abdala),Sr. Presidente (Abdala).-,yes,yes,same-paragraph,none,high,"Gracias, senadora López, Florencia. A continuación, tiene la palabra la senadora por Tucumán, la",none,
