case,session,pdf,page,parser_speaker,blind_read_label,agree,words_found,label_distance,furniture_in_paragraph,confidence,opening_words,reader_notes,checked_by_hand_afterwards
1,2021-03-01_r00,01-03-2021_ASAMBLEA.pdf,24,Sr. Fernández,Sr. Fernández.-,yes,yes,previous-page,none,high,Consensuamos con todas las provincias mecanismos de gestión que permitan movilizar los recursos económicos,"Label opens the turn on page 19 after ""-Manifestaciones fuera del alcance del micrófono.""; pages 20-24 print no further label, so it carries to page 24.",
2,2021-03-01_r00,01-03-2021_ASAMBLEA.pdf,31,Sr. Presidente de la Nación,Sr. Presidente de la Nación.-,yes,yes,previous-page,none,high,"Una Argentina soberana necesita cuidar su espacio marítimo, aéreo y terrestre. Requiere proteger sus",Only label in the run is on page 29; pages 30-31 carry no new label.,
3,2021-03-01_r00,01-03-2021_ASAMBLEA.pdf,32,Sr. Presidente de la Nación,Sr. Presidente de la Nación.-,yes,yes,previous-page,none,high,"Le dimos cobijo al presidente constitucional derrocado y a otros hermanos y hermanas, cuyas","Same turn as case 2, carried from page 29 through page 32.",
4,2022-03-01_r00,01-03-2022_ASAMBLEA.pdf,23,Sr. Presidente de la Nación,Sr. Presidente de la Nación.-,yes,yes,previous-page,none,high,Para que esos nueve objetivos puedan alcanzarse es fundamental que avancemos en la agenda,"Page 21 prints this same label twice (separated by ""-Manifestaciones simultáneas.""); both read identically, so the governing label is unambiguous.",
5,2023-03-01_r00,01-03-2023_ASAMBLEA.pdf,8,Sr. Senador Mayans,Sr. Senador Mayans.-,yes,yes,previous-page,none,high,"Para eso estamos acá, para hacer leyes que hagan más feliz a nuestro pueblo","Turn opens at the foot of page 7; quoted words are the second paragraph of page 8, before the next label (""Sra. Presidenta (Fernández de Kirchner).-"").",
6,2023-03-01_r00,01-03-2023_ASAMBLEA.pdf,23,Sr. Presidente de la Nación,Sr. Presidente de la Nación.-,yes,yes,previous-page,none,high,"A través de esta política, ya alcanzamos a más de 270.925 mujeres y diversidades",Label opens page 9; pages 10-23 print no further label.,
7,2023-03-01_r00,01-03-2023_ASAMBLEA.pdf,27,Sr. Presidente de la Nación,Sr. Presidente de la Nación.-,yes,yes,previous-page,none,high,"En cuanto a la infraestructura edilicia y de equipamiento, se financió la construcción de",Same unbroken turn from page 9 through page 27.,
8,2024-03-01_r00,01-03-2024_ASAMBLEA.pdf,20,Sr. Presidente de la Nación,Sr. Presidente de la Nación.-,yes,yes,previous-page,none,high,"Estas son solo algunas de las reformas que vamos a implementar. Avanzaremos, ya sea",Label appears midway down page 9 after the stage directions for Milei's entry; pages 10-20 print no further label.,
9,2022-09-01_r09,01-09-2022_ESPECIAL.pdf,49,Sra. Fernández Sagasti,Sra. Fernández Sagasti.-,yes,yes,same-paragraph,none,high,¡Acá hay uno que se sentaba en el mismo escritorio en la Casa Rosada!,"Label immediately precedes the quoted exclamation, after ""-La señora senadora Fernández Sagasti exhibe una lámina.""",
10,2022-09-01_r09,01-09-2022_ESPECIAL.pdf,52,Sr. Cornejo,Sr. Cornejo.-,yes,yes,same-paragraph,none,high,"Deberíamos ser precisos, porque muchas veces se invocan los acuerdos de labor parlamentaria –que","Second ""Sr. Cornejo.-"" turn on the page; the quoted words open it directly.",
11,2022-09-01_r09,01-09-2022_ESPECIAL.pdf,59,Sr. Mayans,Sr. Mayans.-,yes,yes,same-paragraph,none,high,Porque lo había iniciado él como ministro… Si el senador Rodas lo puede explicar…,"Label opens ""Porque lo había iniciado él como ministro…""; ""Si el senador Rodas lo puede explicar…"" is the next line of the same turn.",
12,2022-09-01_r09,01-09-2022_ESPECIAL.pdf,85,Sr. Basualdo,Sr. Basualdo.-,yes,yes,same-paragraph,none,high,"Gracias, señora presidenta. Recién, en este recinto, hemos hablado mucho de colaboraciones, de que","Second ""Sr. Basualdo.-"" on the page; the quoted words open it. An earlier ""Sr. Basualdo.- Sí, como no. Le damos una interrupción."" is a different turn.",
13,2022-09-01_r09,01-09-2022_ESPECIAL.pdf,94,Sra. Presidenta (Ledesma Abdala),Sra. Presidenta (Ledesma Abdala).-,yes,yes,same-paragraph,none,high,"Muy bien, dejan constancia. Perfecto. Los demás resultan, entonces, todos aprobados. Se realizarán las",Last label on the page; the quoted words open the turn and run over the following lines of the same turn.,
14,2021-06-02_r07,02-06-2021_ESPECIAL.pdf,6,Sra. Presidenta (Fernández de Kirchner),Sra. Presidenta (Fernández de Kirchner).-,yes,yes,same-paragraph,none,high,No me habían informado acá de la ausencia del señor Maurice Closs. Usted está,The quoted words open this turn directly.,
15,2021-06-02_r07,02-06-2021_ESPECIAL.pdf,20,Sra. Tagliaferri,Sra. Tagliaferri.-,yes,yes,same-paragraph,none,high,"... Pero, senadora: del distrito de la Ciudad soy la única. Perdóneme, senadora...","Printed as ""Sra. Tagliaferri.-... Pero, senadora: del distrito de la Ciudad soy la única. Perdóneme, senadora...""; several turns on the page share this label, but only this one carries these words.",
16,2021-06-02_r07,02-06-2021_ESPECIAL.pdf,24,Sr. Secretario (Fuentes),Sr. Secretario (Fuentes).-,yes,yes,same-paragraph,none,high,Mirabella: afirmativo. Mirkin: ausente Montenegro: afirmativo. Neder: afirmativo. Olalla: negativo. Pais: afirmativo. Parrilli: afirmativo.,"Third ""Sr. Secretario (Fuentes).-"" on the page, opening ""Mirabella: afirmativo.""; the roll-call names that follow are continuation lines of that same turn.",
17,2021-06-02_r07,02-06-2021_ESPECIAL.pdf,29,Sra. Presidenta (Ledesma Abdala),Sra. Presidenta (Ledesma Abdala).-,yes,yes,same-paragraph,none,high,"Gracias, senador. Tiene la palabra senador Basualdo.","Page prints ""Gracias, senador."" right after the label and ""Tiene la palabra senador Basualdo."" on the next line of the same turn.",
18,2022-06-02_r06,02-06-2022_INFORMATIVA_ESPECIAL.pdf,24,Sra. Olalla,Sra. Olalla.-,yes,yes,same-paragraph,none,high,Señor ministro: celebramos su presencia porque esto nos va a permitir conocer algunos de,"Second ""Sra. Olalla.-"" turn on the page; the quoted words open it.",
19,2022-06-02_r06,02-06-2022_INFORMATIVA_ESPECIAL.pdf,26,Sra. Presidenta (Losada),Sra. Presidenta (Losada).-,yes,yes,same-paragraph,none,high,"Gracias, senadora. Tiene la palabra la senadora Carmen Álvarez Rivero.","Two turns on this page open ""Gracias, senadora.""; only the first is followed by ""Tiene la palabra la senadora Carmen Álvarez Rivero."", and both carry the same label anyway.",
20,2022-06-02_r06,02-06-2022_INFORMATIVA_ESPECIAL.pdf,31,Sr. Martínez,Sr. Martínez.-,yes,yes,same-paragraph,none,high,"Buenas tardes, jefe de Gabinete; buenas tardes, presidente, colegas. Sin duda que uno ve",Label opens the turn at the foot of the page.,
21,2022-06-02_r06,02-06-2022_INFORMATIVA_ESPECIAL.pdf,47,Sr. Yedlin,Sr. Yedlin.-,yes,yes,same-paragraph,none,high,"Muchas gracias, señora presidenta. Bienvenido, jefe de Gabinete de Ministros y querido gobernador, en",The quoted words open the turn directly.,
22,2022-06-02_r06,02-06-2022_INFORMATIVA_ESPECIAL.pdf,49,Sra. Presidenta (Losada),Sra. Presidenta (Losada).-,yes,yes,same-paragraph,none,high,"Muchas gracias, senador. Tiene la palabra la senadora Ana María Ianni.","""Muchas gracias, senador."" follows the label; ""Tiene la palabra la senadora Ana María Ianni."" is the next line of the same turn.",
23,2021-06-03_r08,03-06-2021_INFORMATIVA_ESPECIAL.pdf,39,Sr. Fiad,Sr. Fiad.-,yes,yes,same-paragraph,none,high,"Creo que hay un micrófono abierto por ahí; si lo pueden cerrar El gobierno,","Label opens ""Creo que hay un micrófono abierto por ahí; si lo pueden cerrar"" (printed with no closing period); ""El gobierno,"" begins the next paragraph of the same turn.",
24,2020-09-03_r13,03-09-2020_ESPECIAL.pdf,35,Sra. Blas,Sra. Blas.-,yes,yes,same-paragraph,none,medium,"Gracias, presidenta. Me corresponde referirme al Orden del Día N° 189/20 sobre el dictamen","Only ""Gracias, presidenta."" is printed on this page, as the last line before the footer; the rest of the quoted sentence continues on the next printed page, which was not supplied.",
25,2020-09-03_r13,03-09-2020_ESPECIAL.pdf,154,Sra. Presidenta (Fernández de Kirchner),Sra. Presidenta (Fernández de Kirchner).-,yes,yes,same-paragraph,none,high,"Bueno, cuando vote lo vamos a aclarar. Tiene la palabra la senadora Vega, para","First turn on the page, opening after ""-Contenido no inteligible.""; ""Tiene la palabra la senadora Vega, para..."" is the next line of the same turn.",
26,2021-02-04_r29,04-02-2021_EXTRAORDINARIA.pdf,26,Sr. Taiana,Sr. Taiana.-,yes,yes,same-paragraph,none,high,"Muy breve. Quiero señalar que asistí a las audiencias de los jueces propuestos, que","""Muy breve."" sits in the labelled paragraph; the sentence beginning ""Quiero señalar que asistí..."" is the next paragraph of the same turn.",
27,2021-02-04_r29,04-02-2021_EXTRAORDINARIA.pdf,29,Sra. Presidenta (Ledesma Abdala),Sra. Presidenta (Ledesma Abdala).-,yes,yes,same-paragraph,none,high,"Aprobado. Tiene la palabra, senador Schiavoni.","""Aprobado."" follows the label; ""Tiene la palabra, senador Schiavoni."" is the next paragraph of the same turn.",
28,2021-02-04_r29,04-02-2021_EXTRAORDINARIA.pdf,49,Un señor senador,Un señor senador.-,yes,yes,same-paragraph,none,high,"No se escucha, presidenta; está muteado.","First line of the page; the label is an anonymous one, printed exactly as shown.",
29,2024-07-04_r06,04-07-2024_ESPECIAL.pdf,12,Sr. Presidente (Abdala),Sr. Presidente (Abdala).-,yes,yes,same-paragraph,none,high,"Todos tenemos el mismo derecho para hablar. Somos todos iguales. Somos todos iguales, senador","Single paragraph, label immediately precedes the words.",
30,2024-07-04_r06,04-07-2024_ESPECIAL.pdf,14,Sr. Atauche,Sr. Atauche.-,yes,yes,same-paragraph,none,high,Está claro. Está rechazado por dos tercios y aceptado…,"The page prints the phrase once, right after this label.",
31,2024-07-04_r06,04-07-2024_ESPECIAL.pdf,17,Sr. Mayans,Sr. Mayans.-,yes,yes,same-paragraph,none,high,Se le salen los pelos de gorila...,"Printed as ""Se le salen los pelos de gorila..."" directly after the label.",
32,2024-07-04_r06,04-07-2024_ESPECIAL.pdf,37,Sr. Presidente (Abdala),Sr. Presidente (Abdala).-,yes,yes,same-paragraph,none,high,"Gracias, Martín. ¿Alguien más desea manifestar su voto, que no ha sido tomado por","""Gracias, Martín."" follows the label; the question about voting follows as the next paragraph of the same turn.",
33,2024-07-04_r06,04-07-2024_ESPECIAL.pdf,69,Sr. Presidente (Abdala),Sr. Presidente (Abdala).-,yes,yes,same-paragraph,none,high,"Disculpe, senadora García Larraburu, tenía la palabra a petición del senador Romero…",Second labelled line on the page; no competing label.,
34,2020-12-04_r26,04-12-2020_ESPECIAL.pdf,10,Sra. Presidenta (Fernández de Kirchner),Sra. Presidenta (Fernández de Kirchner).-,yes,yes,same-paragraph,none,high,"Una inserción. Una inserción… Una inserción, para esto están las inserciones. Haga una inserción,","The preceding line ""Sr. Secretario (Fuentes).- Una inserción."" repeats the opening two words only; the full quoted sequence is under the Presidenta label.",
35,2020-02-05_r12,05-02-2020_ESPECIAL_EXTRAORDINARIA.pdf,53,Sr. Presidente (Closs),Sr. Presidente (Closs).-,yes,yes,same-paragraph,none,high,"Me piden que hagan silencio, por favor. Gracias.","""Gracias."" is the next paragraph of the same turn, before the following label.",
36,2020-02-05_r12,05-02-2020_ESPECIAL_EXTRAORDINARIA.pdf,100,Sr. Basualdo,Sr. Basualdo.-,yes,yes,previous-page,none,high,"En 2018 nos equivocamos, la situación fue totalmente diferente y los bonos empezaron a","Turn opens on printed page 99; page 100 has no label before the quoted words, so the turn carries over.",
37,2021-10-06_r12,06-10-2021_ESPECIAL.pdf,66,Sra. Presidenta (Ledesma Abdala),Sra. Presidenta (Ledesma Abdala).-,yes,yes,same-paragraph,none,high,"Gracias, senador. Senador Pais, tiene la palabra.","""Gracias, senador."" appears twice on the page under the same label, but only the first is followed by ""Senador Pais, tiene la palabra.""",
38,2022-04-07_r03,07-04-2022_ESPECIAL.pdf,6,Sra. Presidenta (Fernández de Kirchner),Sra. Presidenta (Fernández de Kirchner).-,yes,yes,same-paragraph,none,high,"De nada, señor senador. Quiero recordarles a todos los señores senadores y senadoras que","""De nada, señor senador."" follows the label; the reminder to senators is the next paragraph of the same turn.",
39,2022-04-07_r03,07-04-2022_ESPECIAL.pdf,17,Sra. García Larraburu,Sra. García Larraburu.-,yes,yes,same-paragraph,none,high,"Para sumar a la confusión generalizada –y si me disculpan–, creo que viene bien",Label immediately precedes the words; dashes printed as en-dashes.,
40,2022-04-07_r03,07-04-2022_ESPECIAL.pdf,63,Sra. Presidenta (Losada),Sra. Presidenta (Losada).-,yes,yes,same-paragraph,none,high,"Gracias, senador. Tiene la palabra el senador Juan Carlos Romero.","""Gracias, senador."" follows the label; the handover sentence is the next paragraph of the same turn.",
41,2023-12-07_r07,07-12-2023_ESPECIAL.pdf,10,Sra. Presidenta (Ledesma Abdala),Sra. Presidenta (Ledesma Abdala).-,yes,yes,same-paragraph,none,high,"Se ponen en consideración, a mano alzada, las renuncias.","Printed as ""Se ponen en consideración, a mano alzada, las renuncias."" right after the label.",
42,2023-12-07_r07,07-12-2023_ESPECIAL.pdf,12,Sra. Presidenta (Ledesma Abdala),Sra. Presidenta (Ledesma Abdala).-,yes,yes,earlier-on-page,none,high,Señora senadora electa por la provincia de Buenos Aires Juliana Di Tullio: ¿juráis a,"Last paragraph of the page; the governing label opens the turn a few lines above with ""Si así no lo hiciereis, Dios y la Patria os lo demanden. (Aplausos.)"".",
43,2021-04-08_r04,08-04-2021_ESPECIAL.pdf,63,Sr. Presidente (Closs),Sr. Presidente (Closs).-,yes,yes,same-paragraph,none,high,"A ver, ¿ahora me escucha? Senador Neder: ¿me escucha?","""A ver, ¿ahora me escucha?"" follows the label; ""Senador Neder: ¿me escucha?"" is the next paragraph of the same turn.",
44,2022-09-08_r10,08-09-2022_ESPECIAL.pdf,22,Sra. Presidenta (Ledesma Abdala),Sra. Presidenta (Ledesma Abdala).-,yes,yes,same-paragraph,none,high,"Texto unificado, por eso. Claro. Propongo entonces que se vote por medios electrónicos el","""Texto unificado, por eso. Claro."" follows the label; the proposal to vote is the next paragraph of the same turn.",
45,2020-10-08_r17,08-10-2020_ESPECIAL.pdf,30,Sr. Mayans,Sr. Mayans.-,yes,yes,same-paragraph,none,high,Vemos que cada comisión lo trate.,"Printed with no space after the label, as ""Sr. Mayans.-Vemos que cada comisión lo trate.""",
46,2020-10-08_r17,08-10-2020_ESPECIAL.pdf,93,Sr. Secretario (Fuentes),Sr. Secretario (Fuentes).-,yes,yes,same-paragraph,none,high,"Gracias, senador. Senador Snopek: afirmativo Senadora Solari Quintana: afirmativo. Tagliaferri: afirmativo. Taiana: afirmativo. Tapia:","""Gracias, senador."" follows the label; the roll-call names run on as further paragraphs of the same turn. An earlier ""Gracias, senadora."" under the same label is a different line.",
47,2021-12-09_r15,09-12-2021_ORDINARIA.pdf,10,Sra. Presidenta (Fernández de Kirchner),Sra. Presidenta (Fernández de Kirchner).-,yes,yes,same-paragraph,5. Renuncia presentada por el señor senador Claudio Javier Poggi,high,No hay observaciones. Resultan aprobados todos los asuntos. 5.,"The trailing ""5."" in the quotation comes from the bold section title that follows the paragraph, not from speech.",
48,2021-12-09_r15,09-12-2021_ORDINARIA.pdf,29,Sra. Presidenta (Ledesma Abdala),Sra. Presidenta (Ledesma Abdala).-,yes,yes,same-paragraph,none,high,"Perfecto. Entonces, repetimos: se ponen en consideración las mociones de preferencia con despacho de","""Perfecto."" follows the label; ""Entonces, repetimos..."" is the next paragraph of the same turn.",
49,2021-12-09_r15,09-12-2021_ORDINARIA.pdf,79,Sra. Presidenta (Ledesma Abdala),Sra. Presidenta (Ledesma Abdala).-,yes,yes,same-paragraph,none,high,"¿Los puede repetir, por favor?","Printed once on the page, directly after the label.",
50,2021-12-09_r15,09-12-2021_ORDINARIA.pdf,81,Sra. Presidenta (Ledesma Abdala),Sra. Presidenta (Ledesma Abdala).-,yes,yes,same-paragraph,none,high,"Entonces uno por uno, bien. Procedemos ahora con la votación del Orden del Día","""Entonces uno por uno, bien."" follows the label; ""Procedemos ahora..."" is the next paragraph of the same turn.",
51,2021-12-09_r15,09-12-2021_ORDINARIA.pdf,83,Sr. Mayans,Sr. Mayans.-,yes,yes,same-paragraph,none,high,"Sí, presidenta. Vamos a pedir que vuelva a Comisión con el compromiso de nuestro","Printed ""Sr. Mayans.- Sí, presidenta. Vamos a pedir que vuelva a Comisión con el compromiso de nuestro bloque de tratarlo cuando tengamos los números.""",
52,2021-12-09_r15,09-12-2021_ORDINARIA.pdf,87,Sra. Presidenta (Ledesma Abdala),Sra. Presidenta (Ledesma Abdala).-,yes,yes,same-paragraph,none,high,Muy bien. Corresponde aprobar abstenciones e inserciones.,"Label opens the same paragraph as ""Muy bien. Corresponde aprobar abstenciones e inserciones.""",
53,2022-08-10_r08,10-08-2022_ESPECIAL.pdf,5,Sra. Presidenta (Fernández de Kirchner),Sra. Presidenta (Fernández de Kirchner).-,yes,yes,same-paragraph,none,high,"¿Usted pidió la palabra, senador?",Single-line turn on p. 5; no competing label.,
54,2022-08-10_r08,10-08-2022_ESPECIAL.pdf,20,Sra. Presidenta (Ledesma Abdala),Sra. Presidenta (Ledesma Abdala).-,yes,yes,same-paragraph,none,high,"Gracias, senadora. Tiene la palabra senadora Di Tullio.","Printed as ""Gracias, senadora."" followed by an indented continuation line ""Tiene la palabra senadora Di Tullio."" inside the same turn.",
55,2022-08-10_r08,10-08-2022_ESPECIAL.pdf,23,Sra. Presidenta (Ledesma Abdala),Sra. Presidenta (Ledesma Abdala).-,yes,yes,earlier-on-page,none,high,"Senador Cornejo, a viva voz si puede votar, me dicen aquí, por Secretaría…","Continuation paragraph of the turn opened by ""Sra. Presidenta (Ledesma Abdala).- Se comunica a la Cámara de Diputados de la Nación. (Aplausos.)"" at the foot of p. 23.",
56,2022-08-10_r08,10-08-2022_ESPECIAL.pdf,33,Sra. Presidenta (Ledesma Abdala),Sra. Presidenta (Ledesma Abdala).-,yes,yes,same-paragraph,none,high,Faltan identificarse. Esperamos hasta que se identifiquen.,Label opens the paragraph directly.,
57,2022-08-10_r08,10-08-2022_ESPECIAL.pdf,62,Sr. Parrilli,Sr. Parrilli.-,yes,yes,same-paragraph,none,high,"Sí, todavía me quedan tres minutos más. Gracias. Voy a utilizar el tiempo que","""Voy a utilizar el tiempo que han utilizado otros senadores."" is an indented continuation line of the same turn.",
58,2022-08-10_r08,10-08-2022_ESPECIAL.pdf,62,Sra. Presidenta (Losada),Sra. Presidenta (Losada).-,yes,yes,same-paragraph,none,high,"Senador: lleva casi trece minutos. No pierda segundos. Termine, así ya estamos.","""Termine, así ya estamos."" is an indented continuation line of the same turn.",
59,2020-12-10_r27,10-12-2020_ESPECIAL.pdf,75,Sra. Presidenta (Rodríguez Machado,Sra. Presidenta (Rodríguez Machado).-,yes,yes,same-paragraph,none,high,").- Tiene la palabra, ahora, el senador Martín Lousteau.","The quoted string begins mid-label; on the page the bold ends just before the closing parenthesis, printed ""Sra. Presidenta (Rodríguez Machado).- Tiene la palabra, ahora, el senador Martín Lousteau.""",
60,2023-12-10_r00,10-12-2023_ASAMBLEA.pdf,8,Sra. Presidenta (Fernández de Kirchner),Sra. Presidenta (Fernández de Kirchner).-,yes,yes,same-paragraph,none,high,"Ahora, sí. Ya habían brindado el asentimiento, así que vamos a dar lectura, directamente,","Paragraph follows the bold section title ""4. Comisiones de recepción (continuación)"", which is furniture and does not govern.",
61,2021-03-11_r02,11-03-2021_ESPECIAL.pdf,8,Sr. Secretario (Fuentes),Sr. Secretario (Fuentes).-,yes,yes,same-paragraph,none,high,Ausente. Senador Lovera: afirmativo. Senador Luenzo: ¿su voto?,"Printed ""Ausente."" then indented lines ""Senador Lovera: afirmativo."" and ""Senador Luenzo: ¿su voto?"" inside the same turn.",
62,2021-03-11_r02,11-03-2021_ESPECIAL.pdf,47,Sra. Presidenta (Ledesma Abdala),Sra. Presidenta (Ledesma Abdala).-,yes,yes,same-paragraph,none,high,Senador Naidenoff: ¿está pidiendo la palabra?,Label opens the paragraph directly.,
63,2021-03-11_r02,11-03-2021_ESPECIAL.pdf,50,Sr. Poggi,Sr. Poggi.-,yes,yes,same-paragraph,none,high,Secretario: es afirmativo; y abstención en el 745.,"Preceded by the secretary's roll call line ""Poggi: ¿su voto?""; the answer itself carries its own label.",
64,2023-05-11_r04,11-05-2023_INFORMATIVA_ESPECIAL.pdf,4,Sra. Presidenta (Fernández de Kirchner),Sra. Presidenta (Fernández de Kirchner).-,yes,yes,same-paragraph,none,high,"Señores senadores y señoras senadoras, damos comienzo a la sesión especial del día de","First speech paragraph on p. 4, after the stage direction giving the time.",
65,2023-05-11_r04,11-05-2023_INFORMATIVA_ESPECIAL.pdf,20,Sr. Zimmermann,Sr. Zimmermann.-,yes,yes,same-paragraph,none,high,"Gracias, presidenta. Bienvenidos al Senado, señor jefe gabinete y demás integrantes de su equipo.","""Gracias, presidenta."" on the label line, ""Bienvenidos al Senado, señor jefe gabinete y demás integrantes de su equipo."" as the next indented line of the same turn.",
66,2023-05-11_r04,11-05-2023_INFORMATIVA_ESPECIAL.pdf,37,Sr. De Angeli,Sr. De Angeli.-,yes,yes,same-paragraph,none,high,"Totalmente. Eso lo entiendo, pero yo me refería a otro…",Label opens the paragraph directly.,
67,2023-05-11_r04,11-05-2023_INFORMATIVA_ESPECIAL.pdf,45,Sr. Yedlin,Sr. Yedlin.-,yes,yes,same-paragraph,none,high,"Muchas gracias, señora presidenta. Bienvenido, jefe de Gabinete de Ministros, Agustín Rossi, y a","""Muchas gracias, señora presidenta."" on the label line; the welcome to Rossi is the next indented line of the same turn.",
68,2020-06-11_r06,11-06-2020_ESPECIAL.pdf,19,Sra. Presidenta (Ledesma Abdala),Sra. Presidenta (Ledesma Abdala).-,yes,yes,same-paragraph,none,high,Vamos a continuar con la lista de oradores que ya está predeterminada y con,"Distinct from the earlier similar turn ""Vamos a respetar la lista de oradores, que ya está establecida y predeterminada."" by the same speaker.",
69,2020-06-11_r06,11-06-2020_ESPECIAL.pdf,19,Sra. Presidenta (Ledesma Abdala),Sra. Presidenta (Ledesma Abdala).-,yes,yes,same-paragraph,none,high,"Tenemos la lista de oradores. Por favor…, porque todos hablan a la vez y",Label opens the paragraph directly.,
70,2020-06-11_r06,11-06-2020_ESPECIAL.pdf,24,Sr. Blanco,Sr. Blanco.-,yes,yes,same-paragraph,none,high,"Voy a expresar el sentido de mi voto, porque creo que es la obligación","Preceded only by the stage direction ""–Contenido no inteligible.""",
71,2020-06-11_r06,11-06-2020_ESPECIAL.pdf,55,"Sr. Martínez, Julio","Sr. Martínez, Julio.-",yes,yes,same-paragraph,none,high,"Estamos en los cierres, presidenta, no le puede dar la palabra a Parrilli.",Label opens the paragraph directly.,
72,2020-03-12_r02,12-03-2020_ESPECIAL.pdf,20,Sra. Presidenta (Fernández de Kirchner),Sra. Presidenta (Fernández de Kirchner).-,yes,yes,same-paragraph,none,high,Tiene la palabra el senador Marino.,One-line turn; the same speaker has several other turns on the page but only this one carries these words.,
73,2020-03-12_r02,12-03-2020_ESPECIAL.pdf,42,Sr. Zimmermann,Sr. Zimmermann.-,yes,yes,same-paragraph,none,high,"Casi el 50. Bueno, con más razón. Que eso cuantifica un déficit aproximado de","""Casi el 50."" alone also appears two lines above under ""Sr. Mayans.-"", but the full quoted phrase with ""Bueno, con más razón"" and the déficit sentence sits in the Zimmermann turn.",
74,2020-03-12_r02,12-03-2020_ESPECIAL.pdf,61,Sra. Fernández Sagasti,Sra. Fernández Sagasti.-,yes,yes,same-paragraph,none,high,Gracias señora presidenta. Quiero en esta alocución ordenar las ideas que voy a plantear,"On the page the bold stops before "".-"", printed ""Sra. Fernández Sagasti.- Gracias señora presidenta.""; the ""Quiero en esta alocución…"" sentence is the next line of the same turn.",
75,2022-05-12_r04,12-05-2022_ESPECIAL.pdf,13,Sr. Juez,Sr. Juez.-,yes,yes,same-paragraph,none,high,…para los dos: para la Presidencia del cuerpo y para el senador que habla…,Label opens the paragraph directly.,
76,2022-05-12_r04,12-05-2022_ESPECIAL.pdf,39,Sr. Snopek,Sr. Snopek.-,yes,yes,same-paragraph,none,high,"Gracias, presidenta. La ley 23.732 establece que el pedido de un gobierno extranjero para","""Gracias, presidenta."" is the labelled paragraph; ""La ley 23.732..."" is the next paragraph of the same turn.",
77,2022-05-12_r04,12-05-2022_ESPECIAL.pdf,100,Sr. Cornejo,Sr. Cornejo.-,yes,yes,same-paragraph,none,high,"Muchas gracias, señora presidenta. Una consideración particular que tiene que ver con la deliberación","Label opens the turn with ""Muchas gracias, señora presidenta.""; the rest continues in the next paragraph.",
78,2024-06-12_r05,12-06-2024_ESPECIAL.pdf,71,Sr. Leavy,Sr. Leavy.-,yes,yes,same-paragraph,none,high,"Sí, sí. La verdad es que el país siempre tuvo ciclos pendulares, pasamos de","""Sr. Leavy.- Sí, sí."" followed by ""La verdad es que el país siempre tuvo ciclos pendulares..."" in the same turn.",
79,2024-06-12_r05,12-06-2024_ESPECIAL.pdf,98,Sra. Presidente (Villarruel),Sra. Presidente (Villarruel).-,yes,yes,same-paragraph,none,high,"Senador, tiene que ir concluyendo. Son quince minutos.","Printed as ""Sra. Presidente"", not ""Presidenta""; transcribed as printed.",
80,2024-06-12_r05,12-06-2024_ESPECIAL.pdf,132,Sra. Di Tullio,Sra. Di Tullio.-,yes,yes,same-paragraph,none,high,"Entonces, infraestructura va. ¿Va o no va?","Single-line intervention ""Entonces, infraestructura va. ¿Va o no va?"".",
81,2024-06-12_r05,12-06-2024_ESPECIAL.pdf,145,Sr. Juez,Sr. Juez.-,yes,yes,same-paragraph,none,high,Presidenta: la noche se ha hecho larga. Lo mío va a ser muy corto;,Turn opens with the quoted words.,
82,2024-06-12_r05,12-06-2024_ESPECIAL.pdf,163,Sr. Mayans,Sr. Mayans.-,yes,yes,same-paragraph,none,high,"¿Ya se renovó? Bueno, por suerte que el comunismo accedió a este ultraliberal. Me","First line of the page; printed ""¿Ya se renovó? Bueno, por suerte que el comunismo accedió a este ultraliberal.""",
83,2024-06-12_r05,12-06-2024_ESPECIAL.pdf,163,Sr. Mayans,Sr. Mayans.-,yes,yes,same-paragraph,none,high,"Habló de cara dura. La verdad, ¡qué cara dura! La verdad es que le","Last labelled paragraph on the page, after the stage direction about senator Goerling Lara.",
84,2024-06-12_r05,12-06-2024_ESPECIAL.pdf,180,Sra. Presidente (Villarruel),Sra. Presidente (Villarruel).-,yes,yes,same-paragraph,none,high,"Resulta empatada. Habiéndose ya leído por Secretaría el artículo 213 del reglamento, propongo, si","""Resulta empatada."" is the labelled paragraph; the article-213 sentence continues the same turn.",
85,2024-06-12_r05,12-06-2024_ESPECIAL.pdf,187,Sr. Abdala,Sr. Abdala.-,yes,yes,same-paragraph,none,high,"Primero, se tiene que votar lo que dice el artículo 96 del dictamen del","Turn opens with ""Primero, se tiene que votar lo que dice el artículo 96..."".",
86,2024-06-12_r05,12-06-2024_ESPECIAL.pdf,190,Sra. Presidente (Villarruel),Sra. Presidente (Villarruel).-,yes,yes,same-paragraph,none,high,No es el momento de aprender...,One-line exchange within the Parrilli dialogue.,
87,2024-06-12_r05,12-06-2024_ESPECIAL.pdf,200,Sra. Sapag,Sra. Sapag.-,yes,yes,same-paragraph,none,high,"Gracias, presidenta. El artículo 163 al que hace referencia el senador preopinante, dice: “Sin","""Gracias, presidenta."" labelled; the article-163 quotation is the next paragraph of the same turn.",
88,2024-06-12_r05,12-06-2024_ESPECIAL.pdf,253,Sr. Presidente (Abdala),Sr. Presidente (Abdala).-,yes,yes,same-paragraph,none,high,Mi padre también lo firmó.,Single-line interjection between Salino's paragraphs.,
89,2024-06-12_r05,12-06-2024_ESPECIAL.pdf,261,Sra. Tagliaferri,Sra. Tagliaferri.-,yes,yes,same-paragraph,none,high,"Sí. El 19, el de extranjeros y testaferros; del 35 al 40, afuera. Las",Rapid exchange with Di Tullio; the quoted words follow the Tagliaferri label.,
90,2024-06-12_r05,12-06-2024_ESPECIAL.pdf,281,Sr. Presidente (Abdala),Sr. Presidente (Abdala).-,yes,yes,same-paragraph,none,high,"Ha tenido tiempo para leerlo, senador Leavy. Gracias.","Page prints ""Ha tenido tiempo para leerlo, senador Leavy. Gracias."" after the label.",
91,2024-06-12_r05,12-06-2024_ESPECIAL.pdf,281,Sr. Atauche,Sr. Atauche.-,yes,yes,same-paragraph,none,high,"Perdón. Dale, listo. Tenés razón. Disculpe. Es tarde.","First labelled line of the page, right after ""–Manifestaciones simultáneas.""",
92,2024-06-12_r05,12-06-2024_ESPECIAL.pdf,284,Sr. Secretario (Giustinian),Sr. Secretario (Giustinian).-,yes,yes,same-paragraph,none,high,Disculpen. Se canceló la votación porque un senador se levantó y se volvió a,"Follows the stage directions about the electronic vote; the Secretary, not the President, speaks these words.",
93,2024-06-12_r05,12-06-2024_ESPECIAL.pdf,284,Sra. García Larraburu,Sra. García Larraburu.-,yes,yes,same-paragraph,none,high,"Estábamos votando, un senador se levantó. O sea que se invalidó la votación. ¿Se",Turn opens with the quoted words after the President gives her the floor.,
94,2024-06-12_r05,12-06-2024_ESPECIAL.pdf,285,Sr. Presidente (Abdala),Sr. Presidente (Abdala).-,yes,yes,same-paragraph,none,high,"Resultó aprobado el artículo 112, con la versión del miembro informante. Pasamos a votar","""Resultó aprobado el artículo 112..."" labelled; ""Pasamos a votar el artículo 113."" continues the same turn.",
95,2023-07-12_r05,12-07-2023_EN_MINORÍA.pdf,14,Sra. López Valverde,Sra. López Valverde.-,yes,yes,same-paragraph,none,high,"Gracias, señora presidenta. Seré muy breve. Primero, quiero decirle que mi capacidad de asombro,","Turn opens ""Gracias, señora presidenta.""; ""Seré muy breve."" and ""Primero, quiero decirle..."" follow in the same turn.",
96,2024-09-12_r09,12-09-2024_ORDINARIA.pdf,7,Sra. Presidente (Villarruel),Sra. Presidente (Villarruel).-,yes,yes,same-paragraph,none,high,Hace uso de la palabra el senador Espínola.,"Printed ""Sra. Presidente""; single-line turn giving Espínola the floor.",
97,2024-09-12_r09,12-09-2024_ORDINARIA.pdf,42,Sra. Silva,Sra. Silva.-,yes,yes,previous-page,(Exhibe una boleta en forma horizontal.),high,"En este eje se encuentran las agrupaciones políticas, y en el eje de las","Label printed on page 41; page 42 carries no label, so the turn continues; a stage direction sits inside the paragraph but does not end the turn.",
98,2024-09-12_r09,12-09-2024_ORDINARIA.pdf,137,Sr. Secretario (Giustinian),Sr. Secretario (Giustinian).-,yes,yes,same-paragraph,none,high,"Expediente P.E. 76/24. Mensaje número 39/24, que comunica el dictado del decreto de necesidad","Last labelled paragraph on the page, after the President announces the decree.",
99,2020-11-12_r22,12-11-2020_ESPECIAL.pdf,64,Sr. Presidente (Closs),Sr. Presidente (Closs).-,yes,yes,same-paragraph,none,high,"Muchas gracias, senador Mirabella. Tiene la palabra la senadora María Teresa González.","""Muchas gracias, senador Mirabella."" labelled; ""Tiene la palabra la senadora María Teresa González."" continues the same turn.",
100,2020-11-12_r22,12-11-2020_ESPECIAL.pdf,99,Sr. Presidente (Closs),Sr. Presidente (Closs).-,yes,yes,same-paragraph,none,high,"Volvemos el tiempo a cero, si es posible.",One-line turn between two Romero interventions.,
101,2024-12-12_r12,12-12-2024_ESPECIAL.pdf,32,Sr. Presidente (Abdala),Sr. Presidente (Abdala).-,yes,yes,same-paragraph,none,high,"No hable, por favor, senador Mayans.",One-line interjection between two Sra. Losada.- turns; the label opens the same line as the words.,
102,2023-04-13_r03,13-04-2023_ORDINARIA.pdf,44,Sra. Presidenta (Ledesma Abdala),Sra. Presidenta (Ledesma Abdala).-,yes,yes,same-paragraph,none,high,"Gracias, senador. Tiene la palabra senadora Vega.","""Gracias, senador."" opens the labelled paragraph; ""Tiene la palabra senadora Vega."" is the next indented paragraph of the same turn.",
103,2023-04-13_r03,13-04-2023_ORDINARIA.pdf,44,Sra. Vega,Sra. Vega.-,yes,yes,same-paragraph,none,high,"Gracias, señora presidenta. Estamos acá sesionando para cumplir con una agenda social, una agenda","""Gracias, señora presidenta."" is on the label line; ""Estamos acá sesionando..."" continues in the next paragraph of the same turn.",
104,2023-04-13_r03,13-04-2023_ORDINARIA.pdf,60,Sr. Secretario (Fuentes),Sr. Secretario (Fuentes).-,yes,yes,same-paragraph,none,high,"Orden del Día N° 645/22. Dictamen en el proyecto de ley venido en revisión,",Reading of Orden del Día N° 645/22 directly after the label.,
105,2023-04-13_r03,13-04-2023_ORDINARIA.pdf,60,Sra. Presidenta (Fernández de Kirchner),Sra. Presidenta (Fernández de Kirchner).-,yes,yes,same-paragraph,none,high,"Ya sabemos que es demasiado elástico, muchas veces, como se aplican los principios. Pero","Top of page 60, first labelled paragraph; page prints ""Presidenta"" here.",
106,2023-04-13_r03,13-04-2023_ORDINARIA.pdf,64,Sra. Presidenta (Ledesma Abdala),Sra. Presidenta (Ledesma Abdala).-,yes,yes,same-paragraph,none,high,Resulta aprobado por unanimidad el Orden del Día N° 645/22.,"Words follow the label directly, just after the two stage directions about the electronic vote.",
107,2023-04-13_r03,13-04-2023_ORDINARIA.pdf,95,Sr. Scarpin,Sr. Scarpin.-,yes,yes,same-paragraph,none,high,"Voy a votar en contra, para que realmente se trabaje a conciencia.","Line sits between two ""-Manifestaciones en las galerías."" stage directions, which do not change the speaker.",
108,2023-04-13_r03,13-04-2023_ORDINARIA.pdf,113,Sra. Fernández Sagasti,Sra. Fernández Sagasti.-,yes,yes,same-paragraph,none,high,"Me quedan unos minutitos, así que me voy a seguir explayando…","Words follow the label directly, right after ""-Manifestaciones simultáneas.""",
109,2023-04-13_r03,13-04-2023_ORDINARIA.pdf,115,Sra. Presidenta (Fernández de Kirchner),Sra. Presidenta (Fernández de Kirchner).-,yes,yes,same-paragraph,none,high,"Por favor, no hablen entre ustedes. Vamos a proceder a la votación. Se va","First labelled paragraph of page 115; ""Vamos a proceder a la votación..."" continues in the same turn.",
110,2023-04-13_r03,13-04-2023_ORDINARIA.pdf,115,Sra. Presidenta (Fernández de Kirchner),Sra. Presidenta (Fernández de Kirchner).-,yes,yes,same-paragraph,none,high,"Queda aprobada por 48 votos afirmativos, 9 votos negativos y 0 abstenciones.","Paragraph also carries the stage direction ""(Aplausos y manifestaciones en las galerías.)"", which does not end the turn.",
111,2021-05-13_r05,13-05-2021_ESPECIAL.pdf,43,Sr. Mayans,Sr. Mayans.-,yes,yes,same-paragraph,none,high,"Ninguna interrupción, presidenta. No mienta…","Line sits between two ""-Manifestaciones simultáneas."" stage directions.",
112,2021-05-13_r05,13-05-2021_ESPECIAL.pdf,78,Sr. Presidente (Closs),Sr. Presidente (Closs).-,yes,yes,same-paragraph,none,high,"Muchas gracias, senadora. Tiene la palabra el senador Martín Lousteau.","""Muchas gracias, senadora."" is on the label line; ""Tiene la palabra el senador Martín Lousteau."" is the next paragraph of the same turn.",
113,2021-05-13_r05,13-05-2021_ESPECIAL.pdf,116,Sra. Presidenta (Ledesma Abdala),Sra. Presidenta (Ledesma Abdala).-,yes,yes,same-paragraph,none,high,Aprobada. Tiene la palabra senadora Fernández Sagasti.,"""Aprobada."" on the label line; ""Tiene la palabra senadora Fernández Sagasti."" is the next paragraph of the same turn.",
114,2021-05-13_r05,13-05-2021_ESPECIAL.pdf,145,Sr. Presidente (Closs),Sr. Presidente (Closs).-,yes,yes,same-paragraph,none,high,"Gracias, señor senador. Tiene la palabra el senador Roberto Mirabella.","""Gracias, señor senador."" on the label line; ""Tiene la palabra el senador Roberto Mirabella."" is the next paragraph of the same turn.",
115,2020-08-13_r11,13-08-2020_ESPECIAL.pdf,21,Sra. Presidenta (Ledesma Abdala),Sra. Presidenta (Ledesma Abdala).-,yes,yes,same-paragraph,none,high,"Previo al ingreso de los mensajes solicitando acuerdos, tiene la palabra el senador Naidenoff.","First labelled paragraph after the bold section title ""12. Mensajes solicitando acuerdos"".",
116,2023-12-13_r08,13-12-2023_ESPECIAL.pdf,15,Sra. Tagliaferri,Sra. Tagliaferri.-,yes,yes,same-paragraph,none,high,"Muchas gracias, señora presidenta. Voy a hacer un llamado a la reflexión a los","""Muchas gracias, señora presidenta."" on the label line; ""Voy a hacer un llamado a la reflexión..."" continues in the next paragraph of the same turn.",
117,2023-12-13_r08,13-12-2023_ESPECIAL.pdf,23,Sra. Presidente (Villarruel),Sra. Presidente (Villarruel).-,yes,yes,same-paragraph,none,high,De acuerdo con lo establecido por el artículo 58 de la Constitución Nacional y,"First label on page 23; printed ""Sra. Presidente"", not ""Presidenta"", transcribed as it appears.",
118,2024-03-14_r02,14-03-2024_ESPECIAL.pdf,24,Sra. Presidente (Villarruel),Sra. Presidente (Villarruel).-,yes,yes,same-paragraph,none,high,"No dialoguemos. Ya, cada uno sentó su posición.","A nearly identical line, ""No dialoguemos, senadora."", appears three lines above under the same label; the exact quoted wording matches only the later line.",
119,2024-03-14_r02,14-03-2024_ESPECIAL.pdf,41,Sr. Secretario (Giustinian),Sr. Secretario (Giustinian).-,yes,yes,same-paragraph,none,high,"Hay 69 votos afirmativos, 2 negativos.",Vote count read by the secretary; the next line returns to Sra. Presidente (Villarruel).-,
120,2024-03-14_r02,14-03-2024_ESPECIAL.pdf,117,Sr. Secretario (Giustinian),Sr. Secretario (Giustinian).-,yes,yes,same-paragraph,none,high,"Senador Arce, senadora Rojas, senador Abad y senadora Vigo. Cuatro abstenciones.","Abstention list read by the secretary, immediately after a Sra. Presidente (Villarruel).- turn.",
121,2024-05-15_r04,15-05-2024_INFORMATIVA_ESPECIAL.pdf,68,Sr. Presidente (Abdala),Sr. Presidente (Abdala).-,yes,yes,same-paragraph,none,high,"Le pido que vaya cerrando, por favor.",Interruption between two Sra. González.- turns.,
122,2024-05-15_r04,15-05-2024_INFORMATIVA_ESPECIAL.pdf,101,Sra. Presidente (Villarruel),Sra. Presidente (Villarruel).-,yes,yes,same-paragraph,none,high,"Gracias, senador Mayans. Concluye, con la participación de todos los jefes de bloque, el","Only ""Gracias, senador Mayans."" is printed here, as the last line of page 101; the rest of the quoted sentence runs onto the following page, which was not supplied, but no new label intervenes on this page.",
123,2021-07-15_r10,15-07-2021_ESPECIAL.pdf,24,Sr. Secretario (Fuentes),Sr. Secretario (Fuentes).-,yes,yes,same-paragraph,none,high,"Afirmativo. Gracias. Senador Espínola: ¿su voto, por favor?","""Afirmativo. Gracias."" also appears once more lower on the page under the same label, so the label is not in doubt.",
124,2021-07-15_r10,15-07-2021_ESPECIAL.pdf,59,Sr. Secretario (Fuentes),Sr. Secretario (Fuentes).-,yes,yes,same-paragraph,none,high,"Senador Parrilli: ¿su voto, por favor?","The exact wording with ""por favor"" occurs once, between two ""-Luego de unos instantes:"" stage directions; nearby variants without ""por favor"" carry the same label.",
125,2020-10-15_r18,15-10-2020_ORDINARIA.pdf,11,Sr. Secretario (Fuentes),Sr. Secretario (Fuentes).-,yes,yes,same-paragraph,none,high,"Gracias, senador. Senador Naidenoff: el sentido de su voto.","""Gracias, senador."" recurs several times on the page, always under this same label; only this one is followed by ""Senador Naidenoff: el sentido de su voto.""",
126,2020-10-15_r18,15-10-2020_ORDINARIA.pdf,39,Sra. Presidenta (Ledesma Abdala),Sra. Presidenta (Ledesma Abdala).-,yes,yes,same-paragraph,none,high,Corresponde aprobar la lista de oradores de la que por Secretaría se dará lectura.,Words open the labelled paragraph near the foot of Pág. 39.,
127,2020-10-15_r18,15-10-2020_ORDINARIA.pdf,39,Sra. Presidenta (Ledesma Abdala),Sra. Presidenta (Ledesma Abdala).-,yes,yes,same-paragraph,none,high,Corresponde poner a consideración el orden del día del que por Secretaria se dará,"Paragraph opens the section headed ""11. Modificación de la ley de defensa del consumidor...""; page prints ""Secretaria"" without accent as quoted.",
128,2020-09-16_r14,16-09-2020_ESPECIAL.pdf,45,Sra. Presidenta (Ledesma Abdala),Sra. Presidenta (Ledesma Abdala).-,yes,yes,same-paragraph,none,high,"Tiene la palabra, para un homenaje, el senador Taiana.","Directly under the bold section title ""8. Homenaje a la memoria de Mario A. H. Cafiero"".",
129,2022-11-16_r13,16-11-2022_ESPECIAL.pdf,5,Sra. Presidenta (Ledesma Abdala),Sra. Presidenta (Ledesma Abdala).-,yes,yes,same-paragraph,none,high,"Corresponde poner en consideración del honorable cuerpo el decreto parlamentario de la Presidencia 86/22,",First line of Pág. 5.,
130,2022-11-16_r13,16-11-2022_ESPECIAL.pdf,14,Sra. Fernández Sagasti,Sra. Fernández Sagasti.-,yes,yes,same-paragraph,none,high,En una conferencia de prensa.,"Brief interjection between an unlabelled continuation above and ""Sra. Di Tullio.-"" below.",
131,2022-11-16_r13,16-11-2022_ESPECIAL.pdf,21,Sra. Presidenta (Ledesma Abdala),Sra. Presidenta (Ledesma Abdala).-,yes,yes,same-paragraph,none,high,"Entonces, vamos a someterlo a votación a mano alzada.",Follows the Fernández Sagasti turn asking for the act to be attached.,
132,2022-11-16_r13,16-11-2022_ESPECIAL.pdf,23,Sr. Secretario (Fuentes),Sr. Secretario (Fuentes).-,yes,yes,same-paragraph,none,high,"Orden del Día N° 386/22. Dictamen en el proyecto de ley venido en revisión,","In this instance the hyphen is printed outside the bold, as ""Sr. Secretario (Fuentes)."" + ""- Orden del Día N° 386/22"".",
133,2022-03-17_r02,17-03-2022_ESPECIAL.pdf,17,Sra. Presidenta (Ledesma Abdala),Sra. Presidenta (Ledesma Abdala).-,yes,yes,same-paragraph,none,high,"Gracias, senador. Tiene la palabra, senador Lousteau.","""Tiene la palabra, senador Lousteau."" is a continuation line of the same turn, before ""Sr. Lousteau.-"".",
134,2022-03-17_r02,17-03-2022_ESPECIAL.pdf,73,Sr. Rodríguez Saá,Sr. Rodríguez Saá.-,yes,yes,same-paragraph,none,high,"Gracias, presidenta. Voy a hablar desde mis más profundas convicciones y desde la militancia","Preceding turn is labelled ""Sra. Presidenta (Fernández de Kirchner).-"" on this page.",
135,2022-03-17_r02,17-03-2022_ESPECIAL.pdf,76,Sra. Presidenta (Ledesma Abdala),Sra. Presidenta (Ledesma Abdala).-,yes,yes,same-paragraph,none,high,"Por favor, senador, los tiempos. Se ha excedido.","Interruption of the senator's speech; next label on the page is ""Sr. Rodríguez Sá.-"".",
136,2022-03-17_r02,17-03-2022_ESPECIAL.pdf,97,Sra. Presidenta (Losada),Sra. Presidenta (Losada).-,yes,yes,same-paragraph,none,high,"Muchas gracias, senadora. Tiene la palabra, senadora Vega.","""Tiene la palabra, senadora Vega."" is the continuation line of the same turn.",
137,2022-03-17_r02,17-03-2022_ESPECIAL.pdf,112,Sr. Cornejo,Sr. Cornejo.-,yes,yes,same-paragraph,none,high,"Muchas gracias, señora presidenta. Venimos desde el interbloque de Juntos por el Cambio a","Preceded by ""Sra. Presidenta (Losada).- Gracias, senador Naidenoff.""",
138,2022-03-17_r02,17-03-2022_ESPECIAL.pdf,122,Sr. Mayans,Sr. Mayans.-,yes,yes,same-paragraph,none,high,No voy a poder terminar si estoy por cerrar. ¡Tengo 40 minutos yo! Así,"Page is a rapid exchange; this line sits between two ""Sra. Presidenta (Ledesma Abdala).-"" turns.",
139,2024-04-18_r03,18-04-2024_ORDINARIA.pdf,16,Sra. Presidente (Villarruel),Sra. Presidente (Villarruel).-,yes,yes,same-paragraph,none,high,"Gracias, senador Lousteau. Hace uso de la palabra el senador José Mayans.","Printed ""Presidente"", not ""Presidenta""; ""Hace uso de la palabra el senador José Mayans."" is the continuation line of the same turn.",
140,2024-04-18_r03,18-04-2024_ORDINARIA.pdf,24,Sr. Paoltroni,Sr. Paoltroni.-,yes,yes,same-paragraph,none,high,"Gracias, señora presidente. Primero, quiero comentar que la Comisión de Relaciones Exteriores y Culto","First Paoltroni turn on the page, after ""Sra. Presidente (Villarruel).- Tiene la palabra como miembro informante..."".",
141,2020-06-18_r07,18-06-2020_INFORMATIVA_ESPECIAL.pdf,69,Sra. Presidenta (Ledesma Abdala),Sra. Presidenta (Ledesma Abdala).-,yes,yes,same-paragraph,none,high,"Senador, vaya cerrando, porque le quedan unos segundos.","Interruption of the Mayans speech; followed by ""Sr. Mayans.- Bueno. Muchas gracias.""",
142,2021-08-19_r11,19-08-2021_ESPECIAL.pdf,35,Sr. Presidente (Closs),Sr. Presidente (Closs).-,yes,yes,same-paragraph,none,high,Ahora sí. Exprese el sentido del voto.,"Between two ""Sra. Giacoppo.-"" turns.",
143,2021-08-19_r11,19-08-2021_ESPECIAL.pdf,44,Sr. Secretario (Fuentes),Sr. Secretario (Fuentes).-,yes,yes,same-paragraph,none,high,Durango: afirmativo. Duré: afirmativo. Elías de Perez: afirmativo. Espínola: ¿su voto?,"Roll-call list; page prints ""Espínola"" with accent and ""Duré""/""Elías de Perez"" as quoted.",
144,2021-05-20_r06,20-05-2021_ESPECIAL.pdf,74,Sra. Rodríguez Machado,Sra. Rodríguez Machado.-,yes,yes,same-paragraph,none,high,"Sí, termino con esta frase. ...a los que los consientan o firmen, a la","Follows ""Sra. Presidenta (Ledesma Abdala).- Vaya cerrando, senadora.""",
145,2021-05-20_r06,20-05-2021_ESPECIAL.pdf,90,Sra. Almirón,Sra. Almirón.-,yes,yes,same-paragraph,none,high,"Ya voy terminando, presidenta. Les voy a leer las restricciones que ayer se aplicaron","Page prints ""Ya voy terminando, presidenta."" then the continuation line beginning ""Les voy a leer las restricciones..."".",
146,2000-02-23_r01,2000-02-23_r01_PREPARATORIA.pdf,3,Sr. PRESIDENTE,Sr. PRESIDENTE.-,yes,yes,same-paragraph,none,high,Hemos dicho a los asistentes que realizaran las gestiones para que los senadores bajen,Older typographic style: chair label in caps with no surname in parenthesis.,
147,2000-02-23_r01,2000-02-23_r01_PREPARATORIA.pdf,3,Sr. PRESIDENTE,Sr. PRESIDENTE.-,yes,yes,same-paragraph,none,high,Tiene la palabra el senador por el Chubut.,"Several ""Sr. PRESIDENTE.-"" turns on this page; this is the one just before ""Sr. SALA.- Señor presidente: es para proponer..."".",
148,2000-02-23_r01,2000-02-23_r01_PREPARATORIA.pdf,4,Sr. PRESIDENTE,Sr. PRESIDENTE.-,yes,yes,same-paragraph,none,high,De acuerdo con lo establecido por el artículo 58 de la Constitución Nacional y,"Opens the section ""4 / Designación y juramento de autoridades"".",
149,2000-02-23_r01,2000-02-23_r01_PREPARATORIA.pdf,5,Sr.  VAQUIR,Sr.  VAQUIR.-,yes,yes,same-paragraph,none,high,Que conste que la moción fue aprobada por unanimidad.,"Printed with a double space after ""Sr.""; last labelled turn on Pág. 5.",
150,2000-02-23_r01,2000-02-23_r01_PREPARATORIA.pdf,6,Sr. PRESIDENTE,Sr. PRESIDENTE.-,yes,yes,earlier-on-page,none,high,Invito al señor senador Antonio Francisco Cafiero a acercarse al estrado de la Presidencia,"Continuation line of the turn opening ""Sr. PRESIDENTE.- Si así no lo hiciereis, Dios y la Patria os lo demanden. (Aplausos.)""; the applause note is in the preceding line, not in the quoted one.",
151,2000-03-01_r00,2000-03-01_r00_ASAMBLEA.pdf,8,Sr. PRESIDENTE DE LA NACIÓN,Sr. PRESIDENTE DE LA NACIÓN.-,yes,yes,previous-page,none,high,"Sé que la mayoría de la población, con sacrificio, paga sus impuestos, pero hay","Turn opens on image 1 (printed page 4) and runs unbroken through printed page 6, where the words appear; only stage directions like (Aplausos.) intervene.",
152,2000-03-01_r00,2000-03-01_r00_ASAMBLEA.pdf,8,Sr. PRESIDENTE DE LA NACIÓN,Sr. PRESIDENTE DE LA NACIÓN.-,yes,yes,previous-page,none,high,Estamos firmando compromisos fiscales con los gobernadores para eliminar el déficit de las provincias.,Same continuing turn; no new bold label between the opening label and these words.,
153,2000-03-01_r00,2000-03-01_r00_ASAMBLEA.pdf,9,Sr. PRESIDENTE DE LA NACIÓN,Sr. PRESIDENTE DE LA NACIÓN.-,yes,yes,previous-page,none,high,"Personalmente, estoy comandando acciones conjuntas de los organismos de seguridad y de inteligencia del",Words on printed page 7; the only label in the four images is the one on image 1.,
154,2000-03-01_r00,2000-03-01_r00_ASAMBLEA.pdf,10,Sr. PRESIDENTE DE LA NACIÓN,Sr. PRESIDENTE DE LA NACIÓN.-,yes,yes,previous-page,none,high,"Quiero un Estado honesto y eficiente. Quiero terminar con la corrupción estructural del Estado,",Words on printed page 8; no new bold label appears anywhere in images 2-5.,
155,2000-03-01_r00,2000-03-01_r00_ASAMBLEA.pdf,13,Sr. PRESIDENTE,Sr. PRESIDENTE.-,yes,yes,same-paragraph,none,high,"Como se ha cumplido el objetivo de esta Asamblea Legislativa, queda levantada la sesión.","Closing turn of the assembly, printed page 11.",
156,2000-10-03_r54,2000-10-03_r54_ESPECIAL.pdf,3,Sr. Presidente (Genoud),Sr. Presidente (Genoud).-,yes,yes,same-paragraph,none,high,Tiene la palabra el señor Rodríguez Saá.,"Exact line ""Sr. Presidente (Genoud).- Tiene la palabra el señor Rodríguez Saá.""; other Genoud turns on the page use different wording.",
157,2000-10-03_r54,2000-10-03_r54_ESPECIAL.pdf,3,Sr. Rodríguez Saá,Sr. Rodríguez Saá.-,yes,yes,same-paragraph,none,high,Señor presidente: solicito se realice una gestión a través del secretario parlamentario ante el,Fourth turn on the page; unique occurrence.,
158,2000-10-03_r54,2000-10-03_r54_ESPECIAL.pdf,5,Sr. Losada,Sr. Losada.-,yes,yes,same-paragraph,none,high,Señor presidente: he pedido el uso de la palabra para realizar una manifestación en,Unique occurrence on printed page 5.,
159,2001-07-18_r45,2001-07-18_r45_ORDINARIA.pdf,11,Sr. Presidente (Losada),Sr. Presidente (Losada). —,yes,yes,same-paragraph,none,high,Queda aprobada la resolución. Se harán las comunicaciones correspondientes.,"These exact words are printed twice on page 11 (top of page and again after Orden del Día of section 11) but both under the identical label, so no real ambiguity.",
160,2001-07-18_r45,2001-07-18_r45_ORDINARIA.pdf,11,Sr. Presidente (Losada),Sr. Presidente (Losada). —,yes,yes,same-paragraph,none,high,Queda aprobada la resolución. Se harán las comunicaciones correspondientes.,Second of the two identical occurrences on page 11; same label as the first.,
161,2001-07-18_r45,2001-07-18_r45_ORDINARIA.pdf,14,Sr. Presidente (Losada),Sr. Presidente (Losada). —,yes,yes,same-paragraph,none,high,"En consideración en general. Si no se hace uso de la palabra, se va","Page 14 prints ""En consideración en general."" three times (Orden del Día 491, 492, 493), all under this same label.",
162,2001-07-18_r45,2001-07-18_r45_ORDINARIA.pdf,14,Sr. Presidente (Losada),Sr. Presidente (Losada). —,yes,yes,same-paragraph,none,high,"En consideración en general. Si no se hace uso de la palabra, se va",Second occurrence on page 14 (Orden del Día Nº 492); identical label.,
163,2001-07-18_r45,2001-07-18_r45_ORDINARIA.pdf,14,Sr. Presidente (Losada),Sr. Presidente (Losada). —,yes,yes,same-paragraph,none,high,"En consideración en general. Si no se hace uso de la palabra, se va","Third occurrence at the foot of page 14 (Orden del Día Nº 493); the ""Si no se hace uso..."" line runs onto the next page, but the label is the same.",
164,2001-07-18_r45,2001-07-18_r45_ORDINARIA.pdf,27,Sr. Presidente (Losada),Sr. Presidente (Losada). —,yes,yes,same-paragraph,none,high,"En consideración en general. Si no se hace uso de la palabra, se va","Page 27 carries this wording under Orden del Día 528 and again under 532, both with the identical label.",
165,2001-07-18_r45,2001-07-18_r45_ORDINARIA.pdf,27,Sr. Presidente (Losada),Sr. Presidente (Losada). —,yes,yes,same-paragraph,none,high,"En consideración en general. Si no se hace uso de la palabra, se va",Second occurrence on page 27 (Orden del Día Nº 532); same label.,
166,2001-07-18_r45,2001-07-18_r45_ORDINARIA.pdf,28,Sr. Presidente (Losada),Sr. Presidente (Losada). —,yes,yes,same-paragraph,none,high,Queda aprobada la declaración. Se procederá en consecuencia.,"Single occurrence on page 28 (Orden del Día Nº 535); the other two closings on that page say ""Queda aprobada la resolución"".",
167,2001-07-18_r45,2001-07-18_r45_ORDINARIA.pdf,38,Sr. Presidente (Losada),Sr. Presidente (Losada). —,yes,yes,same-paragraph,none,high,Queda aprobada la declaración. Se procederá en consecuencia.,"Printed twice on page 38 (Orden del Día 566 and 567), both under the identical label.",
168,2001-07-18_r45,2001-07-18_r45_ORDINARIA.pdf,38,Sr. Presidente (Losada),Sr. Presidente (Losada). —,yes,yes,same-paragraph,none,high,Queda aprobada la declaración. Se procederá en consecuencia.,Second occurrence on page 38 (Orden del Día Nº 567); same label.,
169,2001-11-07_r69,2001-11-07_r69_ORDINARIA.pdf,13,Sr. Presidente (Menem),Sr. Presidente (Menem). —,yes,yes,same-paragraph,none,high,Entiendo que el cuerpo autorizó a los señores senadores por Entre Ríos y por,Unique occurrence on printed page 13.,
170,2001-11-07_r69,2001-11-07_r69_ORDINARIA.pdf,25,Sr. Costanzo,Sr. Costanzo. —,yes,yes,same-paragraph,none,high,Señor presidente: solicito el tratamiento sobre tablas de este proyecto de resolución.,Unique occurrence on printed page 25.,
171,2001-11-07_r69,2001-11-07_r69_ORDINARIA.pdf,25,Sr. Presidente (Menem),Sr. Presidente (Menem). —,yes,yes,same-paragraph,none,high,Corresponde considerar si se trata sobre tablas el proyecto de resolución del señor senador,"Section 41 opening; the similar sentence at the foot of the page is under ""Sr. Presidente (Losada). —"" but reads ""el dictamen"", not ""el proyecto de resolución del señor senador"".",
172,2001-11-07_r69,2001-11-07_r69_ORDINARIA.pdf,33,Sra. Raijer,Sra. Raijer. —,yes,yes,same-paragraph,none,high,Señor presidente: voy a solicitar también la inserción de mi discurso en el Diario,Last line of printed page 33; the paragraph continues onto the next page.,
173,2001-11-07_r69,2001-11-07_r69_ORDINARIA.pdf,35,Sr. Presidente (Losada),Sr. Presidente (Losada). —,yes,yes,same-paragraph,none,high,"Así se hará, señora senadora, cuando pasemos al tratamiento en particular de este proyecto.","Unique occurrence on printed page 35, right after the ""— Asentimiento."" stage direction.",
174,2001-11-07_r69,2001-11-07_r69_ORDINARIA.pdf,45,Sr. Presidente (Losada),Sr. Presidente (Losada). —,yes,yes,same-paragraph,none,high,"Por favor, señores senadores, hagan silencio. Continúe, señor senador.","""Continúe, señor senador."" is the indented second line of the same turn on printed page 45.",
175,2001-11-07_r69,2001-11-07_r69_ORDINARIA.pdf,47,Sra. Negre de Alonso,Sra. Negre de Alonso. —,yes,yes,same-paragraph,none,high,Señor presidente: al respecto quiero aclarar que se solicitó la prórroga para poder investigar,First of her two turns on printed page 47; unique wording.,
176,2001-11-14_r71,2001-11-14_r71_ORDINARIA.pdf,9,Sr. Presidente (Menem),Sr. Presidente (Menem). —,yes,yes,same-paragraph,none,high,Se toma nota. La Presidencia se pregunta para qué se hizo el plan de,"Label opens the turn ""Se toma nota.""; ""La Presidencia se pregunta para qué se hizo el plan de labor."" is the next indented paragraph of the same turn.",
177,2001-11-14_r71,2001-11-14_r71_ORDINARIA.pdf,9,Sr. Presidente (Menem),Sr. Presidente (Menem). —,yes,yes,same-paragraph,none,high,"Luego de finalizada la consideración del plan de labor, pasaremos a tratar los pedidos","Words follow the label directly, after Sr. Arnold's intervention.",
178,2001-11-14_r71,2001-11-14_r71_ORDINARIA.pdf,11,Sr. Verna,Sr. Verna. —,yes,yes,same-paragraph,none,high,"Dado que se está proponiendo el tratamiento sobre tablas de este proyecto, si los","Printed as ""Sr. Verna. — Dado que se está proponiendo el tratamiento sobre tablas de este proyecto, si  los senadores..."".",
179,2001-11-14_r71,2001-11-14_r71_ORDINARIA.pdf,23,Sr. Presidente (Menem),Sr. Presidente (Menem). —,yes,yes,same-paragraph,none,high,Queda sancionado el proyecto de ley. Se comunicará a la Honorable Cámara de Diputados.,"Closing of section 53 (Modificación de la ley 21.965); page prints ""Queda  sancionado"" with a double space.",
180,2001-11-14_r71,2001-11-14_r71_ORDINARIA.pdf,32,Sr. Maya,Sr. Maya. —,yes,yes,same-paragraph,none,high,Señor presidente: pido que se consigne mi voto afirmativo.,"Words follow the label directly, after ""Sr. Presidente (Menem). — Tiene la palabra el señor senador por Entre Ríos.""",
181,2001-11-14_r71,2001-11-14_r71_ORDINARIA.pdf,35,Sr. Presidente (Menem),Sr. Presidente (Menem). —,yes,yes,same-paragraph,none,high,En consideración la moción de tratamiento sobre tablas formulada por el señor senador por,"Last line of the page; visible text ends at ""formulada por"" and the phrase continues onto the following page.",
182,2001-11-14_r71,2001-11-14_r71_ORDINARIA.pdf,35,Sr. Presidente (Menem),Sr. Presidente (Menem). —,yes,yes,same-paragraph,none,high,Corresponde considerar el dictamen de las comisiones de Asuntos Administrativos y Municipales y de,Opening of section 66 (Transferencia de tierras a la provincia de San Juan).,
183,2001-11-28_r73,2001-11-28_r73_ORDINARIA.pdf,8,Sr. Presidente (Losada),Sr. Presidente (Losada). —,yes,yes,same-paragraph,none,high,Quedan reservados en mesa. Tiene la palabra el señor senador Gioja.,"First line of the page; ""Tiene la palabra el señor senador Gioja."" is the next indented paragraph of the same turn.",
184,2001-11-28_r73,2001-11-28_r73_ORDINARIA.pdf,15,Sr. Presidente (Losada),Sr. Presidente (Losada). —,yes,yes,same-paragraph,none,high,Corresponde considerar los dictámenes de la Comisión de Acuerdos en los mensajes del Poder,"ambiguous — the same opening words appear twice on this page (the two ""Promoción al grado inmediato superior de personal de (la) Fuerza Ejército"" sections), both under the identical label; this block takes the first occurrence.",
185,2001-11-28_r73,2001-11-28_r73_ORDINARIA.pdf,15,Sr. Presidente (Losada),Sr. Presidente (Losada). —,yes,yes,same-paragraph,none,high,Corresponde considerar los dictámenes de la Comisión de Acuerdos en los mensajes del Poder,ambiguous — same words twice on the page under the identical label; this block takes the second occurrence.,
186,2001-11-28_r73,2001-11-28_r73_ORDINARIA.pdf,19,Sr. Zalazar,Sr. Zalazar. —,yes,yes,same-paragraph,none,high,Señor presidente: solicito que se agregue la firma del señor senador Villaverde a todos,"Under the bold section title ""Pedido de incorporación de firmas"".",
187,2001-11-28_r73,2001-11-28_r73_ORDINARIA.pdf,19,Sr. Zalazar,Sr. Zalazar. —,yes,yes,same-paragraph,none,high,Señor presidente: solicito que todos los pliegos se traten sobre tablas.,"Last line of the page; the print sets the first period slightly outside the bold (""Sr. Zalazar.""), transcribed as printed.",
188,2001-11-28_r73,2001-11-28_r73_ORDINARIA.pdf,19,Sr. Presidente (Losada),Sr. Presidente (Losada). —,yes,yes,same-paragraph,none,high,"Dado que los siguientes pedidos de acuerdo requieren tratamiento sobre tablas, la Presidencia sugiere","Under the bold section title ""Moción de tratamiento sobre tablas"".",
189,2001-11-28_r73,2001-11-28_r73_ORDINARIA.pdf,29,Sr. Presidente (Losada),Sr. Presidente (Losada). —,yes,yes,same-paragraph,none,high,Queda aprobada la comunicación por unanimidad. Se procederá en consecuencia.,"ambiguous — the identical sentence appears three times on this page (sections 22, 23, 24), each under the same label; this block takes the first (section 22).",
190,2001-11-28_r73,2001-11-28_r73_ORDINARIA.pdf,29,Sr. Presidente (Losada),Sr. Presidente (Losada). —,yes,yes,same-paragraph,none,high,Queda aprobada la comunicación por unanimidad. Se procederá en consecuencia.,ambiguous — same sentence three times on the page under the same label; this block takes the second (section 23).,
191,2001-11-28_r73,2001-11-28_r73_ORDINARIA.pdf,29,Sr. Presidente (Losada),Sr. Presidente (Losada). —,yes,yes,same-paragraph,none,high,Queda aprobada la comunicación por unanimidad. Se procederá en consecuencia.,ambiguous — same sentence three times on the page under the same label; this block takes the third (section 24).,
192,2001-11-28_r73,2001-11-28_r73_ORDINARIA.pdf,32,Sr. Presidente (Losada),Sr. Presidente (Losada). —,yes,yes,same-paragraph,none,high,"Si no se hace uso de la palabra, se va a votar con la","Follows the secretary's turn ""Sr. Secretario (Oyarzún). — Secretaría informa...""; the sentence continues ""...con la modificación propuesta.""",
193,2001-11-28_r73,2001-11-28_r73_ORDINARIA.pdf,32,Sr. Presidente (Losada),Sr. Presidente (Losada). —,yes,yes,same-paragraph,none,high,Corresponde considerar el dictamen de la Comisión de Transportes en el proyecto de comunicación,"Section 32 (Levantamiento de un ramal ferroviario en Mendoza); the near-identical opening in section 33 reads ""proyecto de resolución"", not ""de comunicación"".",
194,2001-11-28_r73,2001-11-28_r73_ORDINARIA.pdf,32,Sr. Presidente (Losada),Sr. Presidente (Losada). —,yes,yes,same-paragraph,none,high,Corresponde considerar el dictamen de la Comisión de Transportes en el proyecto de resolución,"Section 33 (Accidente carretero en el Neuquén), the ""proyecto de resolución"" variant.",
195,2001-11-28_r73,2001-11-28_r73_ORDINARIA.pdf,41,Sr. Ulloa,Sr. Ulloa. —,yes,yes,same-paragraph,— Luego de unos instantes:,high,Señor presidente: no hay quórum. —,"The turn reads ""Sr. Ulloa. — Señor presidente: no hay quórum.""; the trailing dash in the quoted string belongs to the stage direction ""— Luego de unos instantes:"" on the next line, which does not end the turn.",
196,2001-11-28_r73,2001-11-28_r73_ORDINARIA.pdf,47,Sr. Altuna,Sr. Altuna. —,yes,yes,same-paragraph,none,high,"No llegó a mis manos, señor presidente.","Follows ""Sr. Secretario (Oyarzún). — Es la única; es el original.""",
197,2001-11-28_r73,2001-11-28_r73_ORDINARIA.pdf,51,Sr. Presidente (Menem),Sr. Presidente (Menem). —,yes,yes,same-paragraph,none,high,Queda definitivamente sancionado por unanimidad el proyecto de ley. Se harán las comunicaciones correspondientes.,"Closing of section 67; page prints ""Queda definitivamente sancionado por unanimidad el proyecto de ley.""",
198,2001-11-28_r73,2001-11-28_r73_ORDINARIA.pdf,60,Sr. Presidente (Losada),Sr. Presidente (Losada). —,yes,yes,same-paragraph,none,high,"Por implicar gastos el asunto en consideración, corresponde constituir la Cámara en comisión para","Under the bold heading ""1 / Constitución de la Cámara en comisión"" inside section 85.",
199,2001-11-28_r73,2001-11-28_r73_ORDINARIA.pdf,64,Sr. García Arecha,Sr. García Arecha. —,yes,yes,same-paragraph,none,high,Señor presidente: dejo constancia de que retiro mi firma del proyecto en consideración porque,"Page prints ""retiro mi firma del  proyecto en consideración"" with a double space.",
200,2001-11-28_r73,2001-11-28_r73_ORDINARIA.pdf,64,Sr. Palacios,Sr. Palacios. —,yes,yes,same-paragraph,none,high,Señor presidente: quiero proponer una modificación al artículo 2...,"Printed with the degree sign, ""modificación al artículo 2°..."", near the top of the page.",
201,2002-04-11_r05,2002-04-11_r05_ESPECIAL.pdf,9,Sr. Jefe de Gabinete de Ministros,Sr. Jefe de Gabinete de Ministros. —,yes,yes,same-paragraph,none,high,Muy bien. Yo quería finalmente exponer que la reforma social en la Argentina es,"Label opens the turn with ""Muy bien.""; the rest of the quote continues in the next indented paragraph of the same turn.",
202,2002-04-11_r05,2002-04-11_r05_ESPECIAL.pdf,10,Sr. Presidente (Maqueda),Sr. Presidente (Maqueda). —,yes,yes,same-paragraph,none,high,"Muchas gracias, señor jefe de Gabinete. A continuación, corresponde que los señores senadores que",The quote starts at the label and runs into the following indented paragraph of the same turn.,
203,2002-04-11_r05,2002-04-11_r05_ESPECIAL.pdf,10,Sr. Baglini,Sr. Baglini. —,yes,yes,same-paragraph,none,high,"Señor presidente: en primer lugar, la exposición general del señor jefe de Gabinete complementa",Label sits immediately before the quoted words near the foot of page 10.,
204,2002-04-11_r05,2002-04-11_r05_ESPECIAL.pdf,11,Sr. Presidente (Maqueda),Sr. Presidente (Maqueda). —,yes,yes,same-paragraph,none,high,"Por una razón de practicidad, sería mejor que cada expositor hiciera todas las preguntas.",Directly follows the Jefe de Gabinete's one-line turn on page 11.,
205,2002-04-11_r05,2002-04-11_r05_ESPECIAL.pdf,15,Sr. Jefe de Gabinete de Ministros,Sr. Jefe de Gabinete de Ministros.—,yes,yes,same-paragraph,none,high,Nos encontramos trabajando en este tema porque existe la posibilidad de una percepción de,"The stage direction ""—Ocupa la Presidencia, el señor vicepresidente del H. Senado, senador Marcelo López Arias."" stands as its own centred line just above and does not end the turn.",
206,2002-04-11_r05,2002-04-11_r05_ESPECIAL.pdf,15,Sr. Jefe de Gabinete de Ministros,Sr. Jefe de Gabinete de Ministros.—,yes,yes,same-paragraph,none,high,Respecto de la primera pregunta vinculada...,"Ambiguous only in position — the phrase ""Respecto de la primera pregunta vinculada"" is printed twice on page 15 (once cut off with an ellipsis, once continuing ""al puente Rosario—Victoria""), but both carry this same label; the ellipsis version matches the quote.",
207,2002-04-11_r05,2002-04-11_r05_ESPECIAL.pdf,16,Sr. Presidente (López Arias),Sr. Presidente (López Arias). —,yes,yes,same-paragraph,none,high,Señor senador: hemos establecido como mecánica general para este debate que se realicen en,Interrupts senator Chiappe mid-page 16.,
208,2002-04-11_r05,2002-04-11_r05_ESPECIAL.pdf,16,Sr. Chiappe,Sr. Chiappe.—,yes,yes,same-paragraph,none,high,"Con relación a vuestra respuesta a la pregunta número 20 nos permitimos preguntarle, no",Printed without a space between the full stop and the dash.,
209,2002-04-11_r05,2002-04-11_r05_ESPECIAL.pdf,18,Sr. Presidente (López Arias),Sr. Presidente (López Arias). —,yes,yes,same-paragraph,none,high,Tiene la palabra el señor jefe de gabinete de Ministros.,"Matches the mid-page instance printed with lowercase ""gabinete""; a near-identical line lower on page 18 has the same label.",
210,2002-04-11_r05,2002-04-11_r05_ESPECIAL.pdf,21,Sr. Presidente (López Arias),Sr. Presidente (López Arias). —,yes,yes,same-paragraph,none,high,Tiene la palabra el señor jefe de Gabinete de Ministros.,"Single occurrence, near the foot of page 21.",
211,2002-04-11_r05,2002-04-11_r05_ESPECIAL.pdf,21,Sr. Jefe de Gabinete de Ministros,Sr. Jefe de Gabinete de Ministros. —,yes,yes,same-paragraph,none,high,"El presupuesto, en cuanto a la previsión efectuada para la adquisición de insumos importados,",Follows immediately the president's line giving him the floor.,
212,2002-04-11_r05,2002-04-11_r05_ESPECIAL.pdf,23,Sr. Presidente (López Arias),Sr. Presidente (López Arias).—,yes,yes,same-paragraph,none,high,Senador Jenefes; no está. Senadora Lezcano; no está. Tiene la palabra el señor senador,"Quote begins at the label and carries into the next indented paragraph (""Tiene la palabra el señor senador Losada."") of the same turn.",
213,2002-04-11_r05,2002-04-11_r05_ESPECIAL.pdf,25,Sr. Presidente (López Arias),Sr. Presidente (López Arias). —,yes,yes,same-paragraph,none,high,Tiene la palabra el señor jefe de Gabinete de Ministros.,Occurs in the upper half of page 25.,
214,2002-04-11_r05,2002-04-11_r05_ESPECIAL.pdf,25,Sr. Losada,Sr. Losada. —,yes,yes,same-paragraph,none,high,¿Y con relación al fondo forestal? Pág.26,"Last speech line of page 25; the trailing ""Pág.26"" in the quote is the page-number line of the following page, not part of the speech.",
215,2002-04-11_r05,2002-04-11_r05_ESPECIAL.pdf,25,Sr. Presidente (López Arias),Sr. Presidente (López Arias). —,yes,yes,same-paragraph,none,high,"Con esto ya terminamos, señor senador, así ya redondea todo. Lo escuchamos, señor jefe","Quote runs from the label into the next indented paragraph (""Lo escuchamos, señor jefe de Gabinete de Ministros."") of the same turn.",
216,2002-04-11_r05,2002-04-11_r05_ESPECIAL.pdf,26,Sr. Martí,Sr. Martí. —,yes,yes,same-paragraph,none,high,Señor presidente: yo solicité dos preguntas; la que lleva el número 312 ha sido,"Mid page 26, right after the president gives him the floor.",
217,2002-04-11_r05,2002-04-11_r05_ESPECIAL.pdf,26,Sr. Jefe de Gabinete de Ministros,Sr. Jefe de Gabinete de Ministros. —,yes,yes,same-paragraph,none,high,"Lo que quería plantear es que hay muchos fondos de afectación específica, como el",Upper half of page 26; two later turns on the page share this label but do not contain the quoted words.,
218,2002-04-11_r05,2002-04-11_r05_ESPECIAL.pdf,31,Sr. Morales,Sr. Morales. —,yes,yes,same-paragraph,none,high,Solicité la posición o la opinión del Poder Ejecutivo con relación al coeficiente de,Third Morales turn on page 31; the quoted words open it.,
219,2002-04-11_r05,2002-04-11_r05_ESPECIAL.pdf,31,Sra. Presidenta (Fernández de Kirchner),Sra. Presidenta (Fernández de Kirchner). —,yes,yes,same-paragraph,none,high,Tiene la palabra el señor senador Moro.,"This page prints ""Presidenta"" (with the final a), unlike the ""Sr. Presidente"" labels elsewhere in the session.",
220,2002-04-11_r05,2002-04-11_r05_ESPECIAL.pdf,31,Sr. Moro,Sr. Moro. —,yes,yes,same-paragraph,none,high,"En primer lugar, me voy a referir al contenido de las preguntas 323 a",Opens Moro's turn just below the middle of page 31.,
221,2002-04-11_r05,2002-04-11_r05_ESPECIAL.pdf,32,Sr. Moro,Sr. Moro. —,yes,yes,same-paragraph,none,high,Esta entidad financiera está destinada a cubrir una franja muy importante de la actividad,"The centred stage direction ""— Ocupa la Presidencia el señor vicepresidente del H. Senado, senador Marcelo López Arias."" sits just above but is a separate line.",
222,2002-04-11_r05,2002-04-11_r05_ESPECIAL.pdf,33,Sr. Presidente (López Arias),Sr. Presidente (López Arias). —,yes,yes,same-paragraph,none,high,"Señor senador: sin ánimo de interrumpirlo, quiero hacerle saber que se ha excedido en","Lower third of page 33, interrupting senator Moro.",
223,2002-04-11_r05,2002-04-11_r05_ESPECIAL.pdf,36,Sr. Presidente (López Arias),Sr. Presidente (López Arias). —,yes,yes,same-paragraph,none,high,"Señora senadora Müller, ¿va a hacer uso de la palabra?",First of a run of short president/senator exchanges on page 36.,
224,2002-04-11_r05,2002-04-11_r05_ESPECIAL.pdf,37,Sr. Jefe de Gabinete de Ministros,Sr. Jefe de Gabinete de Ministros. —,yes,yes,same-paragraph,none,high,Señor presidente: tomo debida nota respecto de las acciones concretas que debemos proponer en,"Near the foot of page 37, following the president's line giving him the floor.",
225,2002-04-11_r05,2002-04-11_r05_ESPECIAL.pdf,39,Sr. Presidente (López Arias),Sr. Presidente (López Arias). —,yes,yes,same-paragraph,none,high,Tiene la palabra el señor jefe de Gabinete de Ministros.,"Matches the exact line near the top of page 39; a later line on the page reads ""Hecha la aclaración, tiene la palabra..."" and is not an exact match, though it carries the same label.",
226,2002-04-11_r05,2002-04-11_r05_ESPECIAL.pdf,42,Sr. Jefe de Gabinete de Ministros,Sr. Jefe de Gabinete de Ministros.,yes,yes,same-paragraph,none,high,Creo que es un tema que debe ser tenido en cuenta y reglamentado rápidamente.,"Label opens the paragraph directly, immediately after the short ""Sr. Mayans.— Creo que sí."" turn.",
227,2002-04-11_r05,2002-04-11_r05_ESPECIAL.pdf,44,Sr. Jefe de Gabinete de Ministros,Sr. Jefe de Gabinete de Ministros.,yes,yes,same-paragraph,none,high,"Hemos evaluado claramente dos cuestiones. En primer lugar, que el acuerdo federal pueda efectivamente","Label opens the paragraph; printed as ""Hemos evaluado claramente dos cuestiones. En primer lugar, que el acuerdo federal pueda efectivamente ser ejecutable..."".",
228,2002-04-11_r05,2002-04-11_r05_ESPECIAL.pdf,45,Sra. Colombo,Sra. Colombo.,yes,yes,same-paragraph,none,high,...la posibilidad de hacer reprogramaciones de la ejecución financiera del presupuesto por un monto,"Last paragraph of the page; the same senator also spoke earlier on the page, interrupted by the Presidencia, and resumes here with her label reprinted.",
229,2002-04-11_r05,2002-04-11_r05_ESPECIAL.pdf,47,Sr. Jefe de Gabinete de Ministros,Sr. Jefe de Gabinete de Ministros.,yes,yes,same-paragraph,none,high,"Señor presidente: en primer lugar, en nombre del señor presidente de la Nación pido","Label opens the paragraph, right after ""Sr. Presidente (López Arias)"" gives him the floor.",
230,2002-04-11_r05,2002-04-11_r05_ESPECIAL.pdf,48,Sr. Yoma,Sr. Yoma.,yes,yes,same-paragraph,none,high,"Señor presidente: no hice preguntas porque considero que son absolutamente inoficiosas. Obviamente, esto no",Label opens the paragraph near the foot of the page.,
231,2002-04-11_r05,2002-04-11_r05_ESPECIAL.pdf,49,Sr. Yoma,Sr. Yoma.,yes,yes,same-paragraph,none,high,"Entonces, en un país donde todo se indexa, salvo los salarios, decir que confiamos","The italic stage direction ""—Ocupa la Presidencia el señor presidente provisional del H. Senado, senador Juan Carlos Maqueda."" sits just above the label but outside the quoted paragraph.",
232,2002-04-11_r05,2002-04-11_r05_ESPECIAL.pdf,50,Sr. Presidente (Maqueda),Sr. Presidente (Maqueda).,yes,yes,same-paragraph,none,high,Tiene la palabra el señor jefe de Gabinete de Ministros.,"Only one occurrence of this sentence on the page; presiding officer named Maqueda here, not López Arias.",
233,2002-04-11_r05,2002-04-11_r05_ESPECIAL.pdf,50,Sr. Presidente (Maqueda),Sr. Presidente (Maqueda).,yes,yes,same-paragraph,none,high,"Para una interrupción, tiene la palabra la señora senadora por Río Negro.","Same page as case 232 but a later, distinct turn granting the interruption to the senator from Río Negro.",
234,2002-04-11_r05,2002-04-11_r05_ESPECIAL.pdf,51,Sr. Yoma,Sr. Yoma.,yes,yes,same-paragraph,none,high,"Simplemente manifesté una opinión acerca de cómo está funcionando el sistema, para que se","The italic line ""—Sonrisas y murmullos en el recinto."" precedes the label but lies outside the quoted paragraph.",
235,2002-04-11_r05,2002-04-11_r05_ESPECIAL.pdf,51,Sr. Presidente (Maqueda),Sr. Presidente (Maqueda).,yes,yes,same-paragraph,none,high,"Tiene la palabra para una interrupción, señor senador por La Rioja.","Printed exactly as ""Tiene la palabra para una interrupción, señor senador por La Rioja.""",
236,2002-04-11_r05,2002-04-11_r05_ESPECIAL.pdf,52,Sr. Jefe de Gabinete de Ministros,Sr. Jefe de Gabinete de Ministros.,yes,yes,same-paragraph,none,high,Señor presidente: quiero brevemente responder las preguntas del señor senador Jorge Yoma. Respecto de,Label opens the paragraph in the lower half of the page.,
237,2002-04-11_r05,2002-04-11_r05_ESPECIAL.pdf,55,Sr. Gioja,Sr. Gioja.,yes,yes,same-paragraph,none,high,Señor presidente: esta es la primera vez que un jefe de Gabinete de Ministros,"Page prints ""un jefe de Gabinete de Ministros viene al Parlamento""; label opens the paragraph.",
238,2002-04-11_r05,2002-04-11_r05_ESPECIAL.pdf,56,Sr. Gioja,Sr. Gioja.,yes,yes,same-paragraph,none,high,"... nos transmita los índices de cómo el país empezó a crecer, de cómo","Label reprinted after the italic line ""— Murmullos en la sala."", which sits outside the quoted paragraph.",
239,2002-08-22_r20,2002-08-22_r20_EN_MINORIA.pdf,3,Sr. Maestro,Sr. Maestro.,yes,yes,same-paragraph,none,high,"Muchas gracias, señor presidente. Nosotros coincidimos con lo que usted manifiesta, porque fue lo","The label opens ""Muchas gracias, señor presidente.""; the words ""Nosotros coincidimos..."" start the next paragraph of the same turn.",
240,2002-08-22_r20,2002-08-22_r20_EN_MINORIA.pdf,4,Sr. Presidente (López Arias),Sr. Presidente (López Arias).,yes,yes,same-paragraph,none,high,"Señor senador: más allá de la voluntad personal de esta Presidencia, ya he reiterado","Label opens the paragraph, following senator Busti's turn.",
241,2002-08-22_r20,2002-08-22_r20_EN_MINORIA.pdf,4,Sr. Maestro,Sr. Maestro.,yes,yes,same-paragraph,none,high,Señor presidente: reitero el pedido de pase de lista de los señores senadores presentes.,"Second-to-last paragraph of the page; distinct from the earlier ""Sr. Maestro. — Pido la palabra."" line.",
242,2002-08-22_r20,2002-08-22_r20_EN_MINORIA.pdf,4,Sr. Presidente (López Arias),Sr. Presidente (López Arias).,yes,yes,same-paragraph,none,high,Tiene la palabra el señor senador Maestro.,"Printed near the foot of the page between two ""Sr. Maestro."" turns.",
243,2003-03-26_r05,2003-03-26_r05_ORDINARIA.pdf,18,Sra. Fernández de Kirchner,Sra. Fernández de Kirchner.,yes,yes,same-paragraph,none,high,"Yo le voy a pedir, señor presidente, que me dispense, porque estamos fundamentando un","Second paragraph of the page; the page prints ""Yo le voy a pedir, señor presidente, que me dispense"".",
244,2003-03-26_r05,2003-03-26_r05_ORDINARIA.pdf,27,Sra. Ibarra,Sra. Ibarra.,yes,yes,same-paragraph,none,high,Pido la palabra para una aclaración.,"The page also has ""Sra. Fernández de Kirchner. — Pido la palabra."" and ""Sr. Presidente (Gioja). — ¿Para una aclaración?"", but the full quoted sentence appears only under Sra. Ibarra.",
245,2003-03-26_r05,2003-03-26_r05_ORDINARIA.pdf,138,Sr. Menem,Sr. Menem.,yes,yes,same-paragraph,none,high,Simplemente quiero decir que discutir a esta altura de la noche si va a,"Label opens the paragraph, after the Presidencia gives him the floor for an interruption.",
246,2003-05-25_r00,2003-05-25_r00_ASAMBLEA.pdf,15,Sr. Presidente de la Nación Argentina,Sr. Presidente de la Nación Argentina.,yes,yes,previous-page,none,high,"Gobernabilidad es garantizar la prestación de un servicio de justicia próximo al ciudadano, con","Label printed only on printed page 9 under the heading ""Mensaje del señor presidente de la Nación""; pages 10 to 15 carry no new label, only running heads and ""(Aplausos.)"" interjections, so the turn carries forward to the quoted words on page 15.",
247,2003-05-28_r09,2003-05-28_r09_ORDINARIA.pdf,87,Sra. Raso,Sra. Raso.,yes,yes,same-paragraph,none,high,Es el mismo texto al que se acaba de referir la señora senadora Sapag.,"Label opens the paragraph; note the presiding label on this page is plain ""Sr. Presidente."" with no name in parenthesis.",
248,2003-06-18_r12,2003-06-18_r12_ORDINARIA.pdf,55,Sr. Presidente,Sr. Presidente.,yes,yes,same-paragraph,none,high,Vamos a proceder a votar el proyecto con las modificaciones aceptadas por la Comisión...,"Printed without a name in parenthesis on this page; label opens the paragraph after ""Sra. Oviedo.""",
249,2003-07-23_r15,2003-07-23_r15_ORDINARIA.pdf,62,Sr. Presidente (Gioja),Sr. Presidente (Gioja).,yes,yes,same-paragraph,none,high,"En consideración en general. Si no se hace uso de la palabra, se va","ambiguous - the identical sentence appears three times on this page (items 148, 149 and 150), but all three carry the same label ""Sr. Presidente (Gioja).""; reporting the first occurrence, under Orden del Día N° 406.",
250,2003-07-23_r15,2003-07-23_r15_ORDINARIA.pdf,62,Sr. Presidente (Gioja),Sr. Presidente (Gioja).,yes,yes,same-paragraph,none,high,"En consideración en general. Si no se hace uso de la palabra, se va","ambiguous - same wording as case 249; the sentence recurs three times on the page and every occurrence is governed by ""Sr. Presidente (Gioja).""",
251,2003-07-23_r15,2003-07-23_r15_ORDINARIA.pdf,62,Sr. Presidente (Gioja),Sr. Presidente (Gioja). —,yes,yes,same-paragraph,none,high,"En consideración en general. Si no se hace uso de la palabra, se va","The phrase is printed three times on the page (Ordenes del Día 406, 407 and 408); every occurrence opens a paragraph headed by the identical label, so the answer is the same either way.",
252,2003-08-06_r16,2003-08-06_r16_ORDINARIA.pdf,8,Sr. Presidente,Sr. Presidente. —,yes,yes,same-paragraph,none,high,Tiene la palabra el señor senador Falcó.,"Single occurrence, mid-page, immediately after ""Sr. Falcó. — Pido la palabra.""",
253,2003-08-20_r17,2003-08-20_r17_ORDINARIA.pdf,41,Sr. Gómez Diez,Sr. Gómez Diez. —,yes,yes,same-paragraph,none,high,¡Señor presidente: corresponde que se respete la lista de oradores! He pedido la palabra...,"Printed as ""¡Señor presidente: corresponde que se respete la lista de oradores!  He pedido la palabra..."" under the Gómez Diez label.",
254,2003-08-20_r18,2003-08-20_r18_TRIBUNAL_DE_JUICIO_POLITICO.pdf,3,Sr. Presidente,Sr. Presidente. —,yes,yes,same-paragraph,none,high,Por Secretaría se dará lectura del proyecto de resolución.,First line of the page; the label is printed on the same line as the quoted words.,
255,2003-09-03_r20,2003-09-03_r20_TRIBUNAL_DE_JUICIO_POLITICO.pdf,17,Sr. Zavalía,Sr. Zavalía. —,yes,yes,same-paragraph,none,high,"Discúlpeme, senador Pichetto. No le permito interrupciones. Estoy hablando.","Follows ""Sr. Pichetto. — No tiene nada que ver.""",
256,2003-09-03_r20,2003-09-03_r20_TRIBUNAL_DE_JUICIO_POLITICO.pdf,66,Sr. Presidente,Sr. Presidente. —,yes,yes,same-paragraph,none,high,Tiene la palabra el señor senador Salvatori.,"Single occurrence, immediately before the Salvatori turn.",
257,2003-09-17_r22,2003-09-17_r22_ORDINARIA.pdf,36,Sr. Presidente (Gioja),Sr. Presidente (Gioja). —,yes,yes,same-paragraph,none,high,Queda aprobada la declaración. Se procederá en consecuencia.,"Ambiguous only in position, not in speaker: the phrase appears twice on the page (first line, with footnote marker 3 after ""declaración"", and again after Orden del Día 617); both carry the identical label.",
258,2003-09-17_r22,2003-09-17_r22_ORDINARIA.pdf,36,Sr. Presidente (Gioja),Sr. Presidente (Gioja). —,yes,yes,same-paragraph,none,high,Queda aprobada la declaración. Se procederá en consecuencia.,Same page and same duplicate phrase as case 257; both printings sit under the identical label.,
259,2003-09-17_r22,2003-09-17_r22_ORDINARIA.pdf,37,Sr. Presidente (Gioja),Sr. Presidente (Gioja). —,yes,yes,same-paragraph,none,high,Queda aprobada la resolución. Se procederá en consecuencia.,"Second line of the page, just after the stage direction ""— En particular es igualmente afirmativa.""",
260,2003-10-01_r23,2003-10-01_r23_ORDINARIA.pdf,27,Sr.  Presidente,Sr.  Presidente. —,yes,yes,same-paragraph,none,high,"Corresponde considerar el dictamen de las comisiones de Derechos y Garantías, de Justicia y","Section 61 (Orden del Día 559); the page prints an extra space between ""Sr."" and ""Presidente"" in this particular label.",
261,2003-10-01_r23,2003-10-01_r23_ORDINARIA.pdf,43,Sr. Presidente,Sr. Presidente.—,yes,yes,same-paragraph,none,high,Corresponde considerar si se trata sobre tablas el dictamen de la Comisión de Justicia,"Section 70 ([CD 36/03]); on this page the dash is set tight against the period, with no space.",
262,2003-11-04_r29,2003-11-04_r29_TRIBUNAL_DE_JUICIO_POLITICO.pdf,76,Sr. Moliné O’Connor,Sr. Moliné O’Connor.—,yes,yes,same-paragraph,none,high,Sí. Que en nada modifica lo expuesto el hecho de haber mediado pronunciamiento posterior,Last line of the page; the label uses a curly apostrophe and the dash is tight against the period.,
263,2003-11-04_r29,2003-11-04_r29_TRIBUNAL_DE_JUICIO_POLITICO.pdf,78,Sra. Presidenta,Sra. Presidenta. —,yes,yes,same-paragraph,none,high,Tiene la palabra el señor senador Yoma.,"Printed ""Presidenta"" (not ""Presidente"") on this page.",
264,2003-11-04_r29,2003-11-04_r29_TRIBUNAL_DE_JUICIO_POLITICO.pdf,87,Sr. Schorr,Sr. Schorr. —,yes,yes,same-paragraph,none,high,Creo que lo dije hace un rato. Estaba el dictamen y no había otros,Answers Sra. Ibarra's question; a nearly identical Schorr turn appears higher on the page but with different wording.,
265,2003-11-04_r29,2003-11-04_r29_TRIBUNAL_DE_JUICIO_POLITICO.pdf,93,Sr. Badeni,Sr. Badeni. —,yes,yes,earlier-on-page,none,high,"Sí, señora presidenta. Para que explique el testigo por qué no tuvo en cuenta","The turn opens ""Sr. Badeni. — Sí, señora presidenta."" and the second sentence (""Para que explique el testigo..."") runs on as an indented continuation paragraph of the same turn.",
266,2003-11-11_r32,2003-11-11_r32_TRIBUNAL_DE_JUICIO_POLITICO.pdf,27,Sr. Menem,Sr. Menem. —,yes,yes,same-paragraph,none,high,¿Y usted cree que ese decreto es legítimo?,Single occurrence in the questioning exchange with the witness Garrido.,
267,2003-11-11_r32,2003-11-11_r32_TRIBUNAL_DE_JUICIO_POLITICO.pdf,39,Sra. Ibarra,Sra. Ibarra. —,yes,yes,same-paragraph,none,high,"Pero usted dijo que en el planteo que se hace, se plantearon cuestiones de","Lower third of the page, in the Ibarra/Eggink exchange.",
268,2003-11-11_r32,2003-11-11_r32_TRIBUNAL_DE_JUICIO_POLITICO.pdf,46,Sra. Escudero,Sra. Escudero. —,yes,yes,same-paragraph,none,high,No; después de que termine.,Reply to the Presidencia's question about granting an interruption to senator Guinle.,
269,2003-11-11_r32,2003-11-11_r32_TRIBUNAL_DE_JUICIO_POLITICO.pdf,68,Sra. Presidenta,Sra. Presidenta. —,yes,yes,same-paragraph,none,high,"Bueno, no habiendo más preguntas que formular, agradecemos la presencia del doctor Siseles y","Printed ""Presidenta""; the dash is set tight against the period in this line.",
270,2003-11-19_r33,2003-11-19_r33_ORDINARIA.pdf,56,Sr. Presidente,Sr. Presidente . —,yes,yes,same-paragraph,none,high,"Corresponde considerar el dictamen de la Comisión de Infraestructura,","Ambiguous in position only: the wording opens four paragraphs on this page (Ordenes del Día 1116, 1117, 1118 and 1119), all under the identical label, which on this page prints a space before the period.",
271,2003-11-19_r33,2003-11-19_r33_ORDINARIA.pdf,56,Sr. Presidente,Sr. Presidente . —,yes,yes,same-paragraph,none,high,"Corresponde considerar el dictamen de la Comisión de Infraestructura, Vivienda y Transporte en el","The longer phrase appears three times (Ordenes del Día 1116, 1117, 1118); every occurrence carries the identical label.",
272,2003-11-19_r33,2003-11-19_r33_ORDINARIA.pdf,56,Sr. Presidente,Sr. Presidente . —,yes,yes,same-paragraph,none,high,"Corresponde considerar el dictamen de la Comisión de Infraestructura, Vivienda y Transporte en el",Same page and same repeated wording as case 271; all three printings share the identical label.,
273,2003-11-19_r33,2003-11-19_r33_ORDINARIA.pdf,56,Sr. Presidente,Sr. Presidente . —,yes,yes,same-paragraph,none,high,"Corresponde considerar el dictamen de la Comisión de Infraestructura, Vivienda y Transporte en el",Same page and same repeated wording as cases 271 and 272; all three printings share the identical label.,
274,2003-11-19_r33,2003-11-19_r33_ORDINARIA.pdf,64,Sr. Presidente,Sr. Presidente . —,yes,yes,same-paragraph,none,high,Corresponde considerar el dictamen de las comisiones de Asuntos Administrativos y Municipales y de,Section 146 (Orden del Día 1144); the label again prints a space before the period on this page.,
275,2003-11-19_r33,2003-11-19_r33_ORDINARIA.pdf,98,Sr. Presidente,Sr. Presidente. —,yes,yes,same-paragraph,none,high,Tiene la palabra el senador Maestro.,"Single occurrence naming Maestro, near the foot of the page.",
276,2003-11-19_r33,2003-11-19_r33_ORDINARIA.pdf,116,Sr. Presidente,Sr. Presidente. —,yes,yes,same-paragraph,"superscript footnote marker ""9"" printed as ""Aprobado.9 Se procederá en consecuencia."" (footnote at foot of page: ""9 Ver el Apéndice."")",high,Aprobado. Se procederá en consecuencia.,First line of the page; only label that can govern the words.,
277,2003-11-26_r35,2003-11-26_r35_ORDINARIA.pdf,18,Sra. Ibarra,Sra. Ibarra. —,yes,yes,same-paragraph,none,high,"Señor presidente: en primer lugar, quiero hablar sobre la cuestión formal del dictamen y","Preceded by ""Sr. Presidente (Gioja). — Continúa en el uso de la palabra la señora senadora Ibarra.""",
278,2003-12-03_r39,2003-12-03_r39_TRIBUNAL_DE_JUICIO_POLITICO.pdf,9,Sr. Pichetto,Sr. Pichetto. —,yes,yes,same-paragraph,none,high,Pido que conste que la aprobación ha sido con los votos suficientes.,One-line turn in the run of short exchanges in the upper half of the page.,
279,2003-12-03_r39,2003-12-03_r39_TRIBUNAL_DE_JUICIO_POLITICO.pdf,9,Sr. Maestro,Sr. Maestro. —,yes,yes,same-paragraph,none,high,Señor presidente: vamos a acompañar el pedido del presidente de la bancada justicialista y,"Last turn on the page, opening ""Señor presidente: vamos a acompañar el pedido del presidente de la bancada justicialista"".",
280,2003-12-04_r40,2003-12-04_r40_ORDINARIA.pdf,79,Sr. Presidente,Sr. Presidente. —,yes,yes,same-paragraph,none,high,Corresponde considerar el dictamen de la Comisión de Relaciones Exteriores y Culto en el,"Under section title ""227.Día de la Integración Regional""; the quoted opening words appear only once in full on this page.",
281,2003-12-04_r40,2003-12-04_r40_ORDINARIA.pdf,108,Sr. Presidente,Sr. Presidente. —,yes,yes,same-paragraph,none,high,"Si así no lo hiciereis, Dios y la Patria os lo demanden.","First line of the page; the paragraph ends with the stage direction ""(Aplausos. Varios señores senadores rodean y felicitan a la señora senadora.)"".",
282,2003-12-17_r41,2003-12-17_r41_ORDINARIA.pdf,24,Sr. Presidente,Sr. Presidente. —,yes,yes,same-paragraph,none,high,El proyecto ya está aprobado. Ya lo habíamos votado. Digo esto porque algunos senadores,"Short turn just before section title ""7 / Juramento de senadora nacional electa"".",
283,2003-12-17_r41,2003-12-17_r41_ORDINARIA.pdf,26,Sr. Daniele,Sr. Daniele. —,yes,yes,same-paragraph,none,high,"Señor presidente: en primer lugar, apoyo el proyecto de la senadora Fernández de Kirchner.","Preceded by ""Sr. Presidente.— Tiene la palabra el señor senador Daniele.""",
284,2003-12-17_r41,2003-12-17_r41_ORDINARIA.pdf,62,Sr. Presidente,Sr. Presidente. —,yes,yes,same-paragraph,none,high,Tiene la palabra el señor senador Cafiero.,"Single-sentence turn immediately before ""Sr. Cafiero. —"".",
285,2004-02-24_r01,2004-02-24_r01_PREPARATORIA.pdf,5,Sr. Salvatori,Sr. Salvatori. —,yes,yes,same-paragraph,none,high,"Señor presidente: en nombre del interbloque Federal adhiero a la propuesta del senador Pichetto,","The page prints ""interbloque Federal"", matching the quoted phrase.",
286,2004-03-18_r02,2004-03-18_r02_ORDINARIA.pdf,12,Sr. Prades,Sr. Prades.—,yes,yes,same-paragraph,none,high,"Señor presidente: obra en la Secretaría el expediente S. 2459/03, que ya cuenta con","Label printed with no space before the dash; under section title ""6 / 2495/03 / Jornadas nacionales de derecho societario"".",
287,2004-03-18_r02,2004-03-18_r02_ORDINARIA.pdf,33,Sr. Secretario (Estrada),Sr. Secretario (Estrada). —,yes,yes,same-paragraph,none,high,"Se registran cuarenta y cinco votos afirmativos, un voto negativo y ninguna abstención. —","The trailing dash in the quote belongs to the following stage direction ""— El resultado de la votación surge del Acta N° 2"".",
288,2004-03-31_r04,2004-03-31_r04_ORDINARIA.pdf,78,Sr. Giustiniani,Sr. Giustiniani. —,yes,yes,same-paragraph,none,high,"Entonces, ese informe de por sí ha sido lapidario. Allí se manifestaban las denuncias","Third short turn on the page, right after ""Sra. Fernández de Kirchner. — No; es el secretario de Derechos Humanos.""",
289,2004-04-14_r06,2004-04-14_r06_ORDINARIA.pdf,65,Sr. Losada,Sr. Losada. —,yes,yes,same-paragraph,none,high,Señor presidente: pediremos también una preferencia con dictamen de comisión para el proyecto de,"Preceded by ""Sr. Presidente. — Tiene la palabra el senador Losada.""",
290,2004-04-28_r08,2004-04-28_r08_ORDINARIA.pdf,22,Sr. Presidente,Sr. Presidente. —,yes,yes,same-paragraph,none,high,Corresponde considerar el dictamen de la Comisión de Presupuesto y Hacienda en el proyecto,"Under section title ""21 / Orden del Día N° 249""; a nearly identical opening for Orden del Día 248 runs onto the top of this page but its label sits on the previous page, so no on-page ambiguity.",
291,2004-05-05_r09,2004-05-05_r09_ORDINARIA.pdf,6,Sr. Presidente (Guinle),Sr. Presidente (Guinle). —,yes,yes,same-paragraph,none,high,Tiene la palabra la señora senadora Avelín.,"Second line of the page, immediately before ""Sra. Avelín. — Solicito la inserción de mi discurso.""",
292,2004-05-05_r09,2004-05-05_r09_ORDINARIA.pdf,16,Sr. Presidente (Guinle),Sr. Presidente (Guinle). —,yes,yes,same-paragraph,none,high,Corresponde considerar el dictamen de la Comisión de Relaciones Exteriores y Culto en el,"Under section title ""21 / Orden del Día N° 209""; the similar text for Orden del Día 208 at the top of the page is a continuation whose label is on the previous page.",
293,2004-05-05_r09,2004-05-05_r09_ORDINARIA.pdf,81,Sr. Presidente (Guinle),Sr. Presidente (Guinle). —,yes,yes,same-paragraph,none,high,"En ese caso, correspondería reconsiderar la votación, pero nos hemos quedado sin quórum. Queda","Page prints ""correspondería  reconsiderar"" and ""pero nos hemos quedado sin quórum""; the following sentence ""Queda levantada la sesión por falta de quórum."" continues the same turn.",
294,2004-05-12_r10,2004-05-12_r10_ORDINARIA.pdf,53,Sra. Perceval,Sra. Perceval. —,yes,yes,same-paragraph,none,high,"Señor presidente: tal como decía el presidente del bloque radical, pedimos a los senadores","Preceded by ""Sr. Presidente. — Tiene la palabra la senadora Perceval.""",
295,2004-06-02_r12,2004-06-02_r12_ORDINARIA.pdf,58,Sr. Presidente,Sr. Presidente. —,yes,yes,same-paragraph,none,high,La senadora Negre de Alonso había pedido una interrupción. Está en uso de la,"Printed as ""La senadora Negre de Alonso había pedido una interrupción."" with ""Está en uso de la palabra."" on the next indented line of the same turn.",
296,2004-06-02_r12,2004-06-02_r12_ORDINARIA.pdf,65,Sr. Zavalía,Sr. Zavalía. —,yes,yes,same-paragraph,none,high,"Señor presidente: al hablar de imponer la paz, de restablecer la paz o de","Third line of the page, after ""Sr. Presidente. — Para una interrupción, tiene la palabra el senador Zavalía.""",
297,2004-07-07_r16,2004-07-07_r16_ORDINARIA.pdf,24,Sr. Presidente (Guinle),Sr. Presidente (Guinle). —,yes,yes,same-paragraph,none,high,Tiene la palabra el señor senador Pichetto.,"Third line of the page, immediately before ""Sr. Pichetto. — Señor presidente: seré muy breve.""",
298,2004-07-07_r16,2004-07-07_r16_ORDINARIA.pdf,77,Sr. Presidente,Sr. Presidente. —,yes,yes,same-paragraph,none,high,"El señor senador Yoma le solicita una interrupción. Le queda un minuto, señor senador.","""Le queda un minuto, señor senador."" is the next indented line of the same turn, before ""Sr. Agúndez. —"".",
299,2004-08-04_r17,2004-08-04_r17_ORDINARIA.pdf,62,Sr. Yoma,Sr. Yoma. -,yes,yes,earlier-on-page,none,high,"Por último, quiero adelantar que voy a votar negativamente estos cuatro proyectos de ley","Label printed with a plain hyphen, not an em dash; the quoted sentence is the second, indented paragraph of that turn, which begins ""Con todo afecto, le digo que si se trata del mismo proyecto..."".",
300,2004-08-04_r17,2004-08-04_r17_ORDINARIA.pdf,65,Sr. Conti,Sr. Conti. —,yes,yes,same-paragraph,none,high,"Señor presidente: si no hubiera habido observaciones a algunos de los proyectos, pese a","Page prints the masculine ""Sr. Conti."" even though the preceding line reads ""Tiene la palabra la señora senadora por Buenos Aires""; transcribed as printed (verified on a magnified crop).",
301,2004-08-04_r17,2004-08-04_r17_ORDINARIA.pdf,74,Sr. Secretario (Estrada),Sr. Secretario (Estrada). —,yes,yes,same-paragraph,none,high,"Se registraron 53 votos afirmativos, 2 votos negativos y una abstención. La votación resulta","""La votación resulta afirmativa."" starts an indented continuation line but no new label intervenes.",
302,2004-08-18_r19,2004-08-18_r19_ORDINARIA.pdf,64,Sr. Secretario (Estrada),Sr. Secretario (Estrada). —,yes,yes,same-paragraph,none,high,Se registraron 42 votos afirmativos. La votación resulta afirmativa por unanimidad.,A similar Secretario turn earlier on the page reports 44 votes; the 42-vote one is the match.,
303,2004-08-25_r21,2004-08-25_r21_ORDINARIA.pdf,35,Sr. Giustiniani,Sr. Giustiniani. —,yes,yes,same-paragraph,none,high,"Señor presidente: adhiero al espíritu del proyecto, que es positivo. Pero quiero hacer una",The quote spans the end of the labelled line and the next indented line of the same turn (bottom of page).,
304,2004-08-25_r21,2004-08-25_r21_ORDINARIA.pdf,46,Sr. Secretario (Estrada),Sr. Secretario (Estrada). —,yes,yes,same-paragraph,none,high,Se registraron 40 votos afirmativos. La votación resulta afirmativa por unanimidad.,An earlier Secretario turn on the same page reports 39 votes; the 40-vote one is the match.,
305,2004-09-15_r24,2004-09-15_r24_ORDINARIA.pdf,39,Sr. Presidente (Guinle),Sr. Presidente (Guinle). —,yes,yes,same-paragraph,none,high,Queda aprobada la declaración. Se procederá en consecuencia.,"The same sentence is printed three times on this page (items 107, 108, 109), each time under the identical label, so the label is not in doubt.",
306,2004-09-15_r24,2004-09-15_r24_ORDINARIA.pdf,39,Sr. Presidente (Guinle),Sr. Presidente (Guinle). —,yes,yes,same-paragraph,none,high,Queda aprobada la declaración. Se procederá en consecuencia.,"Ambiguous as to which of the three identical printings is meant, but all three carry the same label.",
307,2004-09-15_r24,2004-09-15_r24_ORDINARIA.pdf,39,Sr. Presidente (Guinle),Sr. Presidente (Guinle). —,yes,yes,same-paragraph,none,high,Queda aprobada la declaración. Se procederá en consecuencia.,"Ambiguous as to which of the three identical printings is meant, but all three carry the same label.",
308,2004-10-06_r27,2004-10-06_r27_ORDINARIA.pdf,80,Sr. Presidente (Guinle),Sr. Presidente (Guinle).—,yes,yes,same-paragraph,none,high,"Si no se hace uso de la palabra, se va a votar. —","Ambiguous: the sentence appears three times; twice as an indented continuation of ""Sr. Presidente (Guinle). — En consideración en general."" (earlier-on-page) and once directly after the label printed without a space before the dash, which I report.",
309,2004-10-13_r28,2004-10-13_r28_ORDINARIA.pdf,9,Sra. Giusti,Sra. Giusti. —,yes,yes,same-paragraph,none,high,"Señor presidente: en realidad, por tratarse de un juez de mi provincia, entiendo que",Second-to-last line of the page; label opens the turn.,
310,2004-10-20_r30,2004-10-20_r30_ORDINARIA.pdf,88,Sr. Pichetto,Sr. Pichetto.,yes,yes,same-paragraph,none,high,"Hay quórum suficiente para votar, a pesar de las abstenciones.","On this page the dash after every label is mangled and prints as a stray ""C"" glyph, so the label reads ""Sr. Pichetto. C"".",
311,2004-10-20_r30,2004-10-20_r30_ORDINARIA.pdf,89,Sr. Presidente,Sr. Presidente.,yes,yes,same-paragraph,none,high,Senadora Pass de Cresto: la senadora Conti le solicita una interrupción. ¿Se la concede?,"Same mangled page font: the dash prints as ""C"" and the opening ""¿"" prints as "")"", so the line reads ""Sr. Presidente. C Senadora Pass de Cresto: ... ) Se la concede?"".",
312,2004-11-10_r32,2004-11-10_r32_ORDINARIA.pdf,11,Sr. Presidente,Sr. Presidente. —,yes,yes,same-paragraph,none,high,Queda constituida la Cámara en comisión y confirmadas las autoridades para la conferencia.,No parenthetical surname is printed with the label on this page.,
313,2004-11-10_r32,2004-11-10_r32_ORDINARIA.pdf,102,Sr. Presidente,Sr. Presidente. —,yes,yes,same-paragraph,none,high,Había anunciado que ya estaba terminando el senador Guinle.,Single-line turn amid a rapid exchange with Guinle and Losada.,
314,2004-11-10_r32,2004-11-10_r32_ORDINARIA.pdf,116,Sr. Presidente,Sr. Presidente. —,yes,yes,same-paragraph,none,high,En consideración en general y en particular. —,"The sentence appears twice on the page (items 151 and 152); both under the same label, and the trailing dash of the quote fits the item 152 occurrence.",
315,2004-11-17_r33,2004-11-17_r33_ORDINARIA.pdf,10,Sr. Presidente (Guinle),Sr. Presidente (Guinle). —,yes,yes,same-paragraph,none,high,Queda aprobada la declaración. Se harán las comunicaciones correspondientes.,Closes the Yasser Arafat homage item.,
316,2004-11-17_r33,2004-11-17_r33_ORDINARIA.pdf,73,Sr. Presidente,Sr. Presidente. —,yes,yes,same-paragraph,none,high,"Si no se hace uso de la palabra, se va a votar en general","Printed with a double space after the dash; full line reads ""...se va a votar en general y en particular.""",
317,2004-11-24_r34,2004-11-24_r34_ORDINARIA.pdf,34,Sr. Presidente (Guinle),Sr. Presidente (Guinle). —,yes,yes,same-paragraph,none,high,Tiene la palabra el señor senador Cafiero.,"Near the bottom of the page, immediately before Cafiero's turn opens.",
318,2004-12-01_r35,2004-12-01_r35_ORDINARIA.pdf,34,Sr. Presidente,Sr. Presidente.—,yes,yes,same-paragraph,none,high,Queda aprobada la resolución. Se procederá en consecuencia.,"Ambiguous which printing is meant — the sentence occurs four times on this page (top line and items 82, 83, 84) — but every occurrence carries this same label, printed with no space before the dash.",
319,2004-12-01_r35,2004-12-01_r35_ORDINARIA.pdf,34,Sr. Presidente,Sr. Presidente.—,yes,yes,same-paragraph,none,high,Queda aprobada la resolución. Se procederá en consecuencia.,Ambiguous among the four identical printings on the page; all four carry the same label.,
320,2004-12-01_r35,2004-12-01_r35_ORDINARIA.pdf,34,Sr. Presidente,Sr. Presidente.—,yes,yes,same-paragraph,none,high,Queda aprobada la resolución. Se procederá en consecuencia.,Ambiguous among the four identical printings on the page; all four carry the same label.,
321,2004-12-01_r35,2004-12-01_r35_ORDINARIA.pdf,34,Sr. Presidente,Sr. Presidente.—,yes,yes,same-paragraph,none,high,Queda aprobada la resolución. Se procederá en consecuencia.,Ambiguous among the four identical printings on the page; all four carry the same label.,
322,2004-12-01_r35,2004-12-01_r35_ORDINARIA.pdf,96,Sr. Presidente (Guinle),Sr. Presidente (Guinle) .—,yes,yes,same-paragraph,none,high,Queda definitivamente sancionado el proyecto de ley. Se harán las comunicaciones correspondientes.,"Ambiguous which printing is meant — the sentence occurs twice (page top and after Acta Nº 13) — but both carry this same label, printed with a space between the closing parenthesis and the period.",
323,2004-12-01_r35,2004-12-01_r35_ORDINARIA.pdf,96,Sr. Presidente (Guinle),Sr. Presidente (Guinle) .—,yes,yes,same-paragraph,none,high,Queda definitivamente sancionado el proyecto de ley. Se harán las comunicaciones correspondientes.,Ambiguous between the two identical printings on the page; both carry the same label.,
324,2004-12-16_r36,2004-12-16_r36_ORDINARIA.pdf,121,Sr. Yoma,Sr. Yoma. —,yes,yes,same-paragraph,none,high,Señor presidente: de acuerdo al sentido que se le dio en el debate parlamentario,"The turn ends with the stage direction ""(Risas)""; the president on this page is labelled (López Arias), not the speaker here.",
325,2004-12-16_r37,2004-12-16_r37_ORDINARIA.pdf,11,Sr. Presidente (Guinle),Sr. Presidente (Guinle). —,yes,yes,same-paragraph,none,high,Tiene la palabra el señor senador Yoma.,"Last text line of the page, just above the footnote ""Ver el Apéndice.""",
326,2005-03-02_r02,2005-03-02_r02_ORDINARIA.pdf,20,Sr. Presidente,Sr. Presidente.,yes,yes,same-paragraph,none,high,Tiene la palabra el señor senador Prades.,"Near the foot of the page; printed as ""Sr. Presidente.— Tiene la palabra el señor senador Prades."" with the dash run into the label.",
327,2005-03-02_r02,2005-03-02_r02_ORDINARIA.pdf,33,Sr. Presidente,Sr. Presidente.,yes,yes,same-paragraph,none,high,Tiene la palabra el senador Pichetto.,"Second-to-last labelled line on the page, immediately before ""Sr. Pichetto.""",
328,2005-03-16_r05,2005-03-16_r05_ORDINARIA.pdf,8,Sr. Menem,Sr. Menem.,yes,yes,same-paragraph,none,high,"Señor presidente: quisiera hacer una manifestación, ya que se están haciendo consideraciones sobre el","Third labelled line under the bold section title ""Manifestaciones"".",
329,2005-03-16_r05,2005-03-16_r05_ORDINARIA.pdf,26,Sr. Presidente,Sr. Presidente.,yes,yes,same-paragraph,none,high,Queda aprobada la resolución. Se procederá en consecuencia.,"Only occurrence with ""resolución""; the other closings on the page read ""declaración"" and ""comunicación"".",
330,2005-04-06_r08,2005-04-06_r08_TRIBUNAL_DE_JUICIO_POLITICO.pdf,22,Sra. Presidenta,Sra. Presidenta.,yes,yes,same-paragraph,none,high,Tiene la palabra el señor senador Jenefes.,"This page prints ""Presidenta"" with the final a, unlike other sessions; a second ""Sra. Presidenta."" appears lower down for senator Guinle.",
331,2005-05-04_r11,2005-05-04_r11_ORDINARIA.pdf,124,Sr. Presidente (Guinle),Sr. Presidente (Guinle).,yes,yes,same-paragraph,none,high,Queda constancia. Tiene la palabra el señor senador Prades.,"""Queda constancia."" sits on the label line; ""Tiene la palabra el señor senador Prades."" is an indented continuation of the same turn.",
332,2005-05-11_r13,2005-05-11_r13_ORDINARIA.pdf,22,Sr. Presidente,Sr. Presidente.,yes,yes,same-paragraph,none,high,Tiene la palabra la señora senadora Fernández de Kirchner.,"Immediately precedes the turn labelled ""Sra. Fernández de Kirchner.""",
333,2005-06-01_r15,2005-06-01_r15_ORDINARIA.pdf,14,Sr. López Arias,Sr. López Arias.,yes,yes,same-paragraph,none,high,No dije que se resolvió.,"Short exchange; the preceding line is ""Sr. Menem."" and the following one ""Sr. Presidente.""",
334,2005-06-01_r15,2005-06-01_r15_ORDINARIA.pdf,50,Sr. Presidente,Sr. Presidente.,yes,yes,same-paragraph,none,high,"Hubo una propuesta de votar por Título; si hay consenso en votar por artículo,","Mid-page, right after the long turn of ""Sr. Losada.""",
335,2005-06-08_r16,2005-06-08_r16_ORDINARIA.pdf,16,Sr. Presidente,Sr. Presidente.,yes,yes,same-paragraph,none,high,Queda aprobada la comunicación. Se procederá en consecuencia.,"Only occurrence with ""comunicación"" on this page (sección 22); the later two closings say ""declaración"".",
336,2005-06-15_r18,2005-06-15_r18_ORDINARIA.pdf,59,Sr. Presidente (Guinle),Sr. Presidente (Guinle).,yes,yes,same-paragraph,none,high,Queda sancionado el proyecto de ley. Se comunicará a la Honorable Cámara de Diputados.,"Closing of section 84, just above the bold heading ""85"".",
337,2005-06-22_r20,2005-06-22_r20_TRIBUNAL_DE_JUICIO_POLITICO.pdf,3,Sr. Presidente,Sr. Presidente.,yes,yes,same-paragraph,none,high,Queda abierta la sesión del Honorable Senado constituido en Tribunal de Juicio Político para,"First speech of the session, right under the italic stage line about the opening time.",
338,2005-07-27_r21,2005-07-27_r21_ORDINARIA.pdf,25,Sr. Presidente (Guinle),Sr. Presidente (Guinle).,yes,yes,same-paragraph,none,high,Queda aprobada la comunicación. Se procederá en consecuencia. 48 —,"The trailing ""48"" is the bold section number printed on the next line, not speech; this is the third of three identical closings on the page.",
339,2005-07-27_r21,2005-07-27_r21_ORDINARIA.pdf,25,Sr. Presidente (Guinle),Sr. Presidente (Guinle).,yes,yes,same-paragraph,none,high,Queda aprobada la comunicación. Se procederá en consecuencia.,"ambiguous — the same sentence is printed three times on this page (sections 45, 46 and 47), but all three carry the identical label.",
340,2005-07-27_r21,2005-07-27_r21_ORDINARIA.pdf,25,Sr. Presidente (Guinle),Sr. Presidente (Guinle).,yes,yes,same-paragraph,none,high,Queda aprobada la comunicación. Se procederá en consecuencia.,ambiguous — same three identical occurrences as the previous case; every one is governed by the same label.,
341,2005-07-27_r21,2005-07-27_r21_ORDINARIA.pdf,99,Sr. Pichetto,Sr. Pichetto.,yes,yes,same-paragraph,none,high,Senador Agúndez: ¿va a hablar?,"Comes right after ""Sra. Müller."" and before ""Sr. Agúndez.""",
342,2005-08-17_r24,2005-08-17_r24_ORDINARIA.pdf,14,Sr. Presidente (Guinle),Sr. Presidente (Guinle),yes,yes,same-paragraph,none,high,"En consideración en general. Si no se hace uso de la palabra, se va","ambiguous as to which of four identical occurrences on the page; all four share this label, which on this page has no period after the parenthesis.",
343,2005-08-17_r24,2005-08-17_r24_ORDINARIA.pdf,14,Sr. Presidente (Guinle),Sr. Presidente (Guinle),yes,yes,same-paragraph,none,high,"En consideración en general. Si no se hace uso de la palabra, se va","ambiguous — four identical occurrences on this page, all under the same label printed without a period after the parenthesis.",
344,2005-08-17_r24,2005-08-17_r24_ORDINARIA.pdf,14,Sr. Presidente (Guinle),Sr. Presidente (Guinle),yes,yes,same-paragraph,none,high,"En consideración en general. Si no se hace uso de la palabra, se va","ambiguous — four identical occurrences on this page, all under the same label printed without a period after the parenthesis.",
345,2005-08-17_r24,2005-08-17_r24_ORDINARIA.pdf,14,Sr. Presidente (Guinle),Sr. Presidente (Guinle),yes,yes,same-paragraph,none,high,"En consideración en general. Si no se hace uso de la palabra, se va","ambiguous — four identical occurrences on this page, all under the same label printed without a period after the parenthesis.",
346,2005-08-17_r24,2005-08-17_r24_ORDINARIA.pdf,19,Sr. Losada,Sr. Losada.,yes,yes,same-paragraph,none,high,Señor presidente: propongo que se vote en general y en particular.,"Sits between two turns of ""Sr. Presidente (Guinle).""",
347,2005-08-25_r25,2005-08-25_r25_ORDINARIA.pdf,35,Sr. Pichetto,Sr. Pichetto.,yes,yes,same-paragraph,none,high,"Señor presidente: para la próxima sesión tenemos prevista la consideración, en primer término, del","Last labelled line of the page; printed as ""Sr. Pichetto.— Señor presidente: ..."" with the dash run into the label.",
348,2005-08-25_r26,2005-08-25_r26_TRIBUNAL_DE_JUICIO_POLITICO.pdf,3,Sr. Presidente,Sr. Presidente.,yes,yes,same-paragraph,none,high,En consideración. Tiene la palabra el senador Guinle.,"""En consideración."" is on the label line and ""Tiene la palabra el senador Guinle."" is the indented continuation of the same turn, just below the bold ""[Incluir dictamen]"" insert marker.",
349,2005-09-07_r27,2005-09-07_r27_ORDINARIA.pdf,37,Sr. Presidente,Sr. Presidente.,yes,yes,same-paragraph,none,high,"En consideración en general. Si no se hace uso de la palabra, se va","ambiguous — the sentence appears three times on this page (top, section 65 and section 66), all under the same label.",
350,2005-09-07_r27,2005-09-07_r27_ORDINARIA.pdf,37,Sr. Presidente,Sr. Presidente.,yes,yes,same-paragraph,none,high,"En consideración en general. Si no se hace uso de la palabra, se va",ambiguous — same three identical occurrences on this page; every one carries this label.,
351,2005-09-21_r29,2005-09-21_r29_ORDINARIA.pdf,43,Sr. Presidente,Sr. Presidente. —,yes,yes,same-paragraph,none,high,Corresponde considerar el dictamen de la Comisión de Presupuesto y Hacienda en el proyecto,"ambiguous — the same words open both section 36 and section 37 on this page, but both paragraphs carry the identical label ""Sr. Presidente. —"".",
352,2005-09-21_r29,2005-09-21_r29_ORDINARIA.pdf,43,Sr. Presidente,Sr. Presidente. —,yes,yes,same-paragraph,none,high,Corresponde considerar el dictamen de la Comisión de Presupuesto y Hacienda en el proyecto,"ambiguous — words printed twice on the page (sections 36 and 37); both are governed by ""Sr. Presidente. —"".",
353,2005-09-21_r29,2005-09-21_r29_ORDINARIA.pdf,65,Sr. Presidente,Sr. Presidente. —,yes,yes,same-paragraph,none,high,Corresponde considerar el dictamen de las comisiones de Turismo y de Presupuesto y Hacienda,"Section 114 ""La ruta 40, una marca argentina""; single occurrence.",
354,2005-11-02_r34,2005-11-02_r34_ORDINARIA.pdf,56,Sr. Presidente,Sr. Presidente. —,yes,yes,same-paragraph,none,high,Queda aprobada la resolución. Se comunicará a la Honorable Cámara de Diputados.,Closing of section 152; single occurrence on the page.,
355,2005-11-02_r34,2005-11-02_r34_ORDINARIA.pdf,66,Sr. Presidente,Sr. Presidente. —,yes,yes,same-paragraph,none,high,Corresponde considerar el dictamen de la Comisión de Población y Desarrollo Humano en el,"ambiguous — the phrase opens sections 184, 185 and 186 on this page; all three carry ""Sr. Presidente. —"".",
356,2005-11-02_r34,2005-11-02_r34_ORDINARIA.pdf,66,Sr. Presidente,Sr. Presidente. —,yes,yes,same-paragraph,none,high,Corresponde considerar el dictamen de la Comisión de Población y Desarrollo Humano en el,"ambiguous — three identical openings on the page (sections 184, 185, 186), same label each time.",
357,2005-11-02_r34,2005-11-02_r34_ORDINARIA.pdf,66,Sr. Presidente,Sr. Presidente. —,yes,yes,same-paragraph,none,high,Corresponde considerar el dictamen de la Comisión de Población y Desarrollo Humano en el,"ambiguous — three identical openings on the page (sections 184, 185, 186), same label each time.",
358,2005-11-09_r35,2005-11-09_r35_ORDINARIA.pdf,9,Sr. Presidente (Guinle),Sr. Presidente (Guinle). —,yes,yes,same-paragraph,none,high,"En consecuencia, pasa al Archivo.","ambiguous — printed twice on the page (top of page and end of section 20); both under ""Sr. Presidente (Guinle). —"".",
359,2005-11-09_r35,2005-11-09_r35_ORDINARIA.pdf,9,Sr. Presidente (Guinle),Sr. Presidente (Guinle). —,yes,yes,same-paragraph,none,high,"En consecuencia, pasa al Archivo.","ambiguous — two occurrences on the page, both governed by ""Sr. Presidente (Guinle). —"".",
360,2005-11-09_r35,2005-11-09_r35_ORDINARIA.pdf,24,Sr. Presidente (Guinle),Sr. Presidente (Guinle). —,yes,yes,same-paragraph,none,high,"Se va a votar el Título VI, artículos 15 y 16 inclusive.","Single occurrence, between Acta N° 6 and Acta N° 7.",
361,2005-11-16_r37,2005-11-16_r37_ORDINARIA.pdf,29,Sr. Presidente,Sr. Presidente. —,yes,yes,same-paragraph,none,high,En consideración la moción formulada por la senadora Avelín. —,"Printed as ""En consideración la moción formulada por la senadora Avelín.""; the trailing dash belongs to the following stage direction.",
362,2005-11-30_r40,2005-11-30_r40_ORDINARIA.pdf,36,Sr. Presidente (Guinle),Sr. Presidente (Guinle). —,yes,yes,same-paragraph,none,high,Tiene la palabra el señor senador Giustiniani.,"Follows the stage direction ""— Manifestaciones en las galerías.""; single occurrence.",
363,2005-11-30_r40,2005-11-30_r40_ORDINARIA.pdf,45,Sr. Presidente,Sr. Presidente. —,yes,yes,same-paragraph,none,high,Queda constituida la Cámara en comisión y confirmadas las autoridades para la conferencia.,"Under the bold subsection heading ""1 / Constitución de la Cámara en comisión"".",
364,2005-12-14_r41,2005-12-14_r41_EXTRAORDINARIA.pdf,5,Sr. Presidente,Sr. Presidente. —,yes,yes,same-paragraph,none,high,Esta Presidencia agradece la presencia con motivo de los juramentos de lo senadores electos,"First line of the page; page prints ""de lo senadores electos"" as quoted.",
365,2005-12-21_r42,2005-12-21_r42_EXTRAORDINARIA.pdf,17,Sr. Pichetto,Sr. Pichetto. —,yes,yes,same-paragraph,none,high,Están chicaneando. Es una mayoría absoluta.,"Single occurrence; surrounded by ""Sr. Presidente.—"" turns.",
366,2005-12-21_r42,2005-12-21_r42_EXTRAORDINARIA.pdf,83,Sr. Presidente (Guinle),Sr. Presidente (Guinle). —,yes,yes,same-paragraph,none,high,Queda cerrada la lista de oradores.,"Single occurrence, right after ""— La votación resulta afirmativa.""",
367,2006-02-22_r01,2006-02-22_r01_PREPARATORIA.pdf,3,Sr. Presidente,Sr. Presidente. —,yes,yes,same-paragraph,none,high,En consideración la moción formulada por el señor senador Pichetto. Si no se hace,"Section 3 ""Días y hora de sesión""; ""Si no se hace uso de la palabra"" is the next line of the same turn.",
368,2006-02-22_r01,2006-02-22_r01_PREPARATORIA.pdf,8,Sr. Presidente,Sr. Presidente. —,yes,yes,same-paragraph,none,high,Aprobado. En consideración la propuesta de designación del señor senador por la provincia de,"""Aprobado."" opens the turn; the designación sentence is the next line of the same turn.",
369,2006-03-08_r02,2006-03-08_r02_ORDINARIA.pdf,42,Sr. Giustiniani,Sr. Giustiniani. —,yes,yes,same-paragraph,none,high,Señor presidente: es para adherir a este merecido homenaje en el Día Internacional de,"Immediately after ""Sr. Presidente. — Tiene la palabra el señor senador Giustiniani, por el bloque socialista.""",
370,2006-03-22_r04,2006-03-22_r04_ORDINARIA.pdf,5,Sr. López Arias,Sr. López Arias. —,yes,yes,same-paragraph,none,high,"Señor presidente: sólo quería aclarar que junto con los senadores Capitanich, Jenefes y Mera","Page prints ""Jenefes""; single occurrence.",
371,2006-04-26_r07,2006-04-26_r07_ORDINARIA.pdf,72,Sr. Morales,Sr. Morales. —,yes,yes,same-paragraph,none,high,Señor presidente: los miembros de la Comisión Parlamentaria Mixta Revisora de Cuentas de la,"Preceding turn is printed ""Presidente. —"" (without ""Sr.""), but it does not govern these words.",
372,2006-05-31_r10,2006-05-31_r10_ORDINARIA.pdf,12,Sr. Presidente,Sr. Presidente. —,yes,yes,same-paragraph,none,high,Por Secretaría se dará lectura.,Second line of the page; single occurrence.,
373,2006-05-31_r10,2006-05-31_r10_ORDINARIA.pdf,32,Sr. Giustiniani,Sr. Giustiniani. —,yes,yes,same-paragraph,none,high,Señor presidente: pido que se deje constancia de mi voto negativo al inciso 3.,Inciso 3; parallel turns on the page differ only by the inciso number.,
374,2006-05-31_r10,2006-05-31_r10_ORDINARIA.pdf,32,Sr. Massoni,Sr. Massoni. —,yes,yes,same-paragraph,none,high,Señor presidente: pido que se deje constancia de mi voto negativo al inciso 4.,Inciso 4; parallel turns on the page differ only by the inciso number.,
375,2006-05-31_r10,2006-05-31_r10_ORDINARIA.pdf,32,Sr. Jenefes,Sr. Jenefes. —,yes,yes,same-paragraph,none,high,Señor presidente: pido que se deje constancia de mi voto negativo al inciso 2.,"Inciso 2; a nearby turn by Sr. Petcoff Naidenoff mentions ""incisos 2 y 10"" but is worded differently.",
376,2006-06-14_r12,2006-06-14_r12_ORDINARIA.pdf,9,Sr. Presidente (Pampuro),Sr. Presidente (Pampuro). —,yes,yes,same-paragraph,none,high,Tiene la palabra la señora senadora Isidori.,Label opens the same one-line turn; next label is Sra. Isidori.,
377,2006-07-05_r14,2006-07-05_r14_ESPECIAL.pdf,42,Sr. Presidente (López Arias),Sr. Presidente (López Arias) . —,yes,yes,same-paragraph,none,high,Señor jefe de Gabinete: es una exposición y debe dirigirse a la Presidencia. Si,Printed with a stray space between the closing parenthesis and the period.,
378,2006-07-06_r15,2006-07-06_r15_ORDINARIA.pdf,71,Sr. Giustiniani,Sr. Giustiniani. —,yes,yes,same-paragraph,none,high,Ya vas a tener oportunidad...,Short exchange of one-line turns; label immediately precedes the words.,
379,2006-07-06_r15,2006-07-06_r15_ORDINARIA.pdf,100,Sr. Presidente,Sr. Presidente. —,yes,yes,same-paragraph,none,high,Si no se hace uso de la palabra se va a votar en general.,On this page the presiding label carries no surname in parentheses.,
380,2006-07-12_r16,2006-07-12_r16_ORDINARIA.pdf,8,Sr. Fernández de Kirchner,Sr. Fernández de Kirchner. —,yes,yes,same-paragraph,none,high,Señor presidente: el senador de la Unión Cívica Radical por la provincia de Santiago,"Printed as ""Sr."" (not ""Sra."") here, unlike ""Sra. Fernández de Kirchner."" earlier on the page; transcribed as printed.",
381,2006-07-12_r16,2006-07-12_r16_ORDINARIA.pdf,8,Sr. Zavalía,Sr. Zavalía. —,yes,yes,same-paragraph,none,high,"No corresponde, señor presidente. Pido la palabra.","Zavalía has several one-line turns on this page; only one reads ""No corresponde, señor presidente. Pido la palabra.""",
382,2006-08-09_r18,2006-08-09_r18_ORDINARIA.pdf,35,Sr. Presidente (López Arias),Sr. Presidente (López Arias) . —,yes,yes,same-paragraph,none,high,"Senador Capitanich, ¿le concede una interrupción a la señora senadora Fernández de Kirchner?",First line of the page; stray space before the period as printed.,
383,2006-08-09_r18,2006-08-09_r18_ORDINARIA.pdf,38,Sr. Presidente (López Arias),Sr. Presidente (López Arias). —,yes,yes,same-paragraph,none,high,"Así se hará, señora senadora. Tiene la palabra el señor senador Pichetto.","""Tiene la palabra el señor senador Pichetto."" is the indented second line of the same turn.",
384,2006-08-09_r18,2006-08-09_r18_ORDINARIA.pdf,39,Sr. Presidente (López Arias),Sr. Presidente (López Arias). —,yes,yes,same-paragraph,none,high,"Entonces, queda claro que vamos a actuar de acuerdo con el Reglamento en el",Follows Sr. Pichetto's one-line turn about the 40-minute rule.,
385,2006-08-09_r18,2006-08-09_r18_ORDINARIA.pdf,57,Sr. Presidente (López Arias),Sr. Presidente (López Arias) . —,yes,yes,same-paragraph,none,high,Ya han pasado más de cuarenta minutos.,Stray space before the period as printed; next turn is Sra. Negre de Alonso.,
386,2006-08-16_r19,2006-08-16_r19_ORDINARIA.pdf,8,Sr. Sanz,Sr. Sanz. —,yes,yes,same-paragraph,none,high,"Sobre el expediente 2864, vamos a formular un pedido de tratamiento sobre tablas que","Second Sanz turn on the page, right after the Presidencia asks him to name the titles.",
387,2006-09-13_r22,2006-09-13_r22_ORDINARIA.pdf,28,Sr. Taffarel,Sr. Taffarel. —,yes,yes,same-paragraph,none,high,Señor presidente: estoy de acuerdo con lo que manifestaron los senadores Capitanich y Bar,"Turn opens near the top of the page, just under a carried-over presiding line.",
388,2006-09-27_r23,2006-09-27_r23_ORDINARIA.pdf,46,Sr. Presidente (López Arias),Sr. Presidente (López Arias). —,yes,yes,same-paragraph,none,high,Corresponde considerar el dictamen de la Comisión de Asuntos Administrativos y Municipales en el,"Bold section heading ""13. OD 923: Transferencia de inmuebles..."" sits above the label, outside the paragraph.",
389,2006-11-01_r26,2006-11-01_r26_ORDINARIA.pdf,26,Sr. Presidente,Sr. Presidente. —,yes,yes,same-paragraph,none,high,En consideración la solicitud formulada por el señor senador Rodríguez Saá. Si no se,"No surname in parentheses anywhere on this page; ""Si no se hace uso..."" is the indented continuation of the same turn.",
390,2006-11-01_r26,2006-11-01_r26_ORDINARIA.pdf,75,Sr. Presidente (López Arias),Sr. Presidente (López Arias).—,yes,yes,same-paragraph,none,high,"Con estas aclaraciones y con las modificaciones aceptadas por la Comisión, se procede a",Printed with no space between the period and the dash in this instance.,
391,2006-11-08_r27,2006-11-08_r27_ESPECIAL.pdf,31,Sr. Sanz,Sr. Sanz. —,yes,yes,same-paragraph,none,high,"Es decir, aunque implique salirnos del marco del Reglamento, no tengo inconvenientes en que",Last line of the page; the turn follows the jefe de Gabinete's one-line interjection.,
392,2006-11-29_r29,2006-11-29_r29_ORDINARIA.pdf,33,Sr. Capitanich,Sr. Capitanich. —,yes,yes,same-paragraph,none,high,"Está bien, la suspensión de pagos, que era lo único que se podía hacer","Directly after Sr. Rodríguez Saá's one-line ""Suspensión de pagos.""",
393,2006-11-29_r29,2006-11-29_r29_ORDINARIA.pdf,50,Sr. Sanz,Sr. Sanz. —,yes,yes,same-paragraph,none,high,"Señora presidenta: en el presente tratamiento en bloque de diversas iniciativas, haré mención del","Preceded by ""Sra. Presidenta (Curletti). — Tiene la palabra el señor senador Sanz.""",
394,2006-11-29_r29,2006-11-29_r29_ORDINARIA.pdf,131,Sr. Presidente,Sr. Presidente. —,yes,yes,same-paragraph,none,high,Queda sancionado el proyecto de ley. Se comunicará a la Honorable Cámara de Diputados.,"Verified by enlarging the line; this one label lacks ""(López Arias)"", while several other labels on the page are misprinted ""Sr. Presiente (López Arias)"".",
395,2006-12-06_r30,2006-12-06_r30_ORDINARIA.pdf,40,Sra. Pinchetti de Sierra Morales,Sra. Pinchetti de Sierra Morales. —,yes,yes,same-paragraph,none,high,"Le solicito autorización, señor presidente, porque tengo que citar textualmente...","Third Pinchetti turn on the page; only this one begins ""Le solicito autorización..."".",
396,2006-12-06_r30,2006-12-06_r30_ORDINARIA.pdf,51,Sr. Capitanich,Sr. Capitanich. —,yes,yes,same-paragraph,none,high,Señora presidenta: muy brevemente quisiera efectuar una referencia estrictamente sobre la parte que compete,"Preceded by ""Sra. Presidenta (Curletti). — Tiene la palabra el señor senador Capitanich.""",
397,2006-12-06_r30,2006-12-06_r30_ORDINARIA.pdf,90,Sr. Presidente (López Arias),Sr. Presidente (López Arias). —,yes,yes,same-paragraph,none,high,"Va a ser mejor que, si el senador Capitanich tiene la información, la brinde","Second presiding turn on the page, right before Sr. Capitanich's reply.",
398,2006-12-06_r30,2006-12-06_r30_ORDINARIA.pdf,98,Sr. Capitanich,Sr. Capitanich. —,yes,yes,same-paragraph,none,high,"Simplemente, quiero remarcar que el artículo 3E queda redactado de la siguiente manera: El",Follows a long presiding turn about the tratamiento sobre tablas.,
399,2006-12-13_r31,2006-12-13_r31_ORDINARIA.pdf,15,Sr. Presidente (Pampuro),Sr. Presidente (Pampuro). —,yes,yes,same-paragraph,none,high,Continúa en el uso de la palabra el señor senador Capitanich.,Closes the interruption by Sra. Negre de Alonso and hands the floor back.,
400,2006-12-13_r31,2006-12-13_r31_ORDINARIA.pdf,77,Sr. Presidente,Sr. Presidente. —,yes,yes,same-paragraph,none,high,Tiene la palabra la señora senadora Colombo.,Last line of the page; presiding labels on this page carry no surname in parentheses.,
401,2006-12-13_r31,2006-12-13_r31_ORDINARIA.pdf,88,Sr. Presidente (López Arias),Sr. Presidente (López Arias).,yes,yes,same-paragraph,none,high,Se van a votar las inserciones solicitadas.,Label opens the same line as the quoted words on printed page 88.,
402,2006-12-13_r31,2006-12-13_r31_ORDINARIA.pdf,89,Sr. Secretario (Estrada),Sr. Secretario (Estrada).,yes,yes,same-paragraph,none,high,Se trata de los expedientes: S-4452/06; S-4407/06; S-4465/06; S-4234/06; S-3908/06; S-4264/06; S-4437/06; y se,Label opens the same paragraph listing the expedientes on printed page 89.,
403,2006-12-20_r32,2006-12-20_r32_ORDINARIA.pdf,8,Sr. Guinle,Sr. Guinle.,yes,yes,same-paragraph,none,high,Señor presidente: quiero hacer una pequeña aclaración. Todos los pliegos tienen el informe de,"Label opens ""Señor presidente: quiero hacer una pequeña aclaración.""; the ""Todos los pliegos..."" sentence continues the same turn in the next indented paragraph.",
404,2006-12-20_r32,2006-12-20_r32_ORDINARIA.pdf,19,Sr. Sanz,Sr. Sanz.,yes,yes,same-paragraph,none,high,"¿Me permite una interrupción, señor senador?",Single-line turn requesting the interruption on printed page 19.,
405,2006-12-20_r32,2006-12-20_r32_ORDINARIA.pdf,25,Sr. Presidente,Sr. Presidente.,yes,yes,same-paragraph,none,high,Tiene la palabra el señor senador Pichetto.,"Printed without a surname in parenthesis on this page, unlike later ones with (Pampuro).",
406,2006-12-20_r32,2006-12-20_r32_ORDINARIA.pdf,44,Sra. Gallego,Sra. Gallego.,yes,yes,same-paragraph,none,high,Señor presidente: se efectuaron dos objeciones; una de ellas se vincula con el planteo,Label opens the same line as the quoted words on printed page 44.,
407,2006-12-20_r32,2006-12-20_r32_ORDINARIA.pdf,48,Sr. Presidente (Pampuro),Sr. Presidente (Pampuro).,yes,yes,same-paragraph,none,high,"Quedan aprobados. Se procederá en consecuencia. No habiendo más asuntos que tratar, queda levantada","The ""No habiendo más asuntos..."" sentence continues the same turn in the next indented paragraph.",
408,2007-02-28_r01,2007-02-28_r01_PREPARATORIA.pdf,5,Sr. Sanz,Sr. Sanz.,yes,yes,same-paragraph,none,high,Señor presidente: para dejar sentada nuestra posición en el mismo sentido respecto de los,Label opens the same line as the quoted words on printed page 5.,
409,2007-03-01_r00,2007-03-01_r00_ASAMBLEA.pdf,10,Sr. Presidente de la Nación,Sr. Presidente de la Nación.,yes,yes,previous-page,none,high,"Durante 2006, el Estado nacional invirtió 550 millones de pesos en obras para seguir","Turn opens at the foot of printed page 5; pages 6-10 carry no new label, only running heads, page numbers and (Aplausos.) stage directions.",
410,2007-03-14_r02,2007-03-14_r02_ORDINARIA.pdf,16,Sr. Presidente,Sr. Presidente.,yes,yes,same-paragraph,none,high,Tiene la palabra la señora senadora Escudero.,Printed with no surname in parenthesis on this page.,
411,2007-03-14_r02,2007-03-14_r02_ORDINARIA.pdf,21,Sr. Presidente (Pampuro),Sr. Presidente (Pampuro).,yes,yes,same-paragraph,none,high,Tiene la palabra el senador Capitanich.,Label opens the same line as the quoted words on printed page 21.,
412,2007-03-28_r03,2007-03-28_r03_ORDINARIA.pdf,5,Sr. Presidente,Sr. Presidente.,yes,yes,same-paragraph,none,high,"En consideración en general. Si no se hace uso de la palabra, se va","Ambiguous in position but not in speaker: the same wording appears twice on the page (once opened directly by ""Sr. Presidente. — En consideración en general."", once inside the later ""Sr. Presidente. — Aprobado."" turn); both are governed by the identical label ""Sr. Presidente.""",
413,2007-04-11_r04,2007-04-11_r04_ORDINARIA.pdf,31,Sr. Presidente (Pampuro),Sr. Presidente (Pampuro).,yes,yes,same-paragraph,none,high,"De conformidad con lo dispuesto por el artículo 187 del Reglamento, la Presidencia informa","Label opens the section ""7. Asuntos Entrados. Mensajes solicitando acuerdo"" paragraph; the dash follows the closing parenthesis with no space.",
414,2007-04-25_r05,2007-04-25_r05_ORDINARIA.pdf,32,Sr. Sanz,Sr. Sanz.,yes,yes,same-paragraph,none,high,"Cuando se da una situación de estas, en donde aparece un ""tercero en discordia""",Label opens the same line as the quoted words on printed page 32.,
415,2007-06-27_r09,2007-06-27_r09_ORDINARIA.pdf,21,Sr. Presidente (Pampuro),Sr. Presidente (Pampuro).,yes,yes,same-paragraph,none,high,Tiene la palabra el señor senador Pichetto.,Label opens the same line as the quoted words on printed page 21.,
416,2007-07-04_r10,2007-07-04_r10_ORDINARIA.pdf,6,Sr. Pichetto,Sr. Pichetto.,yes,yes,same-paragraph,none,high,"Señor presidente: quiero ratificar que nuestro bloque también rinde homenaje al general Perón, dado",Label opens the same line as the quoted words on printed page 6.,
417,2007-07-04_r10,2007-07-04_r10_ORDINARIA.pdf,11,Sra. Negre de Alonso,Sra. Negre de Alonso.,yes,yes,same-paragraph,none,high,"Señor presidente: también quiero reservar en mesa un proyecto, no tengo el número del",Label opens the same line as the quoted words on printed page 11.,
418,2007-07-04_r10,2007-07-04_r10_ORDINARIA.pdf,37,Sr. Secretario (Estrada),Sr. Secretario (Estrada).,yes,yes,same-paragraph,none,high,Se registran 32 votos por la afirmativa y 15 por la negativa.,This page uses a short dash after the label instead of the usual em dash.,
419,2007-08-08_r11,2007-08-08_r11_ORDINARIA.pdf,13,Sr. Presidente,Sr. Presidente.,yes,yes,same-paragraph,none,high,En consideración el pedido de rechazo de la impugnación ...,Printed with no surname in parenthesis on this page.,
420,2007-08-08_r11,2007-08-08_r11_ORDINARIA.pdf,46,Sr. Presidente (Pampuro),Sr. Presidente (Pampuro).,yes,yes,same-paragraph,none,high,Señor senador Jenefes: ¿puede expresar su voto a viva voz?,Label opens the same line as the quoted words on printed page 46.,
421,2007-08-08_r11,2007-08-08_r11_ORDINARIA.pdf,46,Sr. Presidente (Pampuro),Sr. Presidente (Pampuro).,yes,yes,same-paragraph,"a superscript footnote marker ""32"" ends the paragraph, whose note ""Ver el Apéndice."" is at the foot of the page",high,Queda sancionado el proyecto de ley. Se comunicará a la Honorable Cámara de Diputados.,"A nearly identical sentence higher on the page reads ""Vuelve a la Honorable Cámara de Diputados"", so the ""Se comunicará"" wording is unique; both are under the same label anyway.",
422,2007-08-22_r12,2007-08-22_r12_ORDINARIA.pdf,14,Sr. Presidente,Sr. Presidente.,yes,yes,same-paragraph,none,high,Tiene la palabra el señor senador Pichetto.,Printed with no surname in parenthesis on this page.,
423,2007-08-22_r12,2007-08-22_r12_ORDINARIA.pdf,53,Sr. Presidente,Sr. Presidente.,yes,yes,same-paragraph,"a superscript footnote marker ""25"" ends the paragraph, whose note ""Ver el Apéndice."" is at the foot of the page",high,Quedan aprobados. Se procederá en consecuencia.,Printed with no surname in parenthesis on this page.,
424,2007-11-07_r13,2007-11-07_r13_ORDINARIA.pdf,11,Sr. Secretario (Estrada),Sr. Secretario (Estrada).,yes,yes,same-paragraph,none,high,"Queda aclarado entonces que han quedado aprobados el proyecto de declaración, el proyecto de",Label opens the same line as the quoted words on printed page 11.,
425,2007-11-14_r14,2007-11-14_r14_ORDINARIA.pdf,11,Sr. Presidente (Pampuro),Sr. Presidente (Pampuro).,yes,yes,same-paragraph,none,high,Tiene la palabra el senador Zavalía.,"Label opens the ""9. Manifestaciones"" section paragraph on printed page 11.",
426,2007-11-14_r14,2007-11-14_r14_ORDINARIA.pdf,33,Sr. Presidente (Pampuro),Sr. Presidente (Pampuro). —,yes,yes,same-paragraph,none,high,Tiene la palabra el señor senador Capitanich.,Second-to-last line of the page; next line opens the Capitanich turn.,
427,2007-11-21_r15,2007-11-21_r15_ORDINARIA.pdf,6,Sr. Pichetto,Sr. Pichetto. —,yes,yes,same-paragraph,none,high,"Señor presidente: creo que tenemos número suficiente en la casa, de modo que solicito","Distinct from the earlier ""Sr. Pichetto.— Pido la palabra."" line above it.",
428,2007-11-21_r15,2007-11-21_r15_ORDINARIA.pdf,14,Sr. Secretario (Estrada),Sr. Secretario (Estrada). —,yes,yes,same-paragraph,none,high,"En consecuencia, se registran 50 votos por la afirmativa y 2 por la negativa.",Second Estrada turn on the page; the first reports 47 votes.,
429,2007-11-21_r15,2007-11-21_r15_ORDINARIA.pdf,18,Sr. Pichetto,Sr. Pichetto. —,yes,yes,same-paragraph,none,high,Señor presidente: me parece que hemos hecho una corrección necesaria en función de una,First line of the page; the turn opened on this page.,
430,2007-11-21_r15,2007-11-21_r15_ORDINARIA.pdf,21,Sr. Secretario (Estrada),Sr. Secretario (Estrada). —,yes,yes,same-paragraph,none,high,Se registran 52 votos afirmativos; unanimidad. Se superan los dos tercios del artículo 81,"Last text paragraph of the page, after the vote on article 5.",
431,2007-11-21_r15,2007-11-21_r15_ORDINARIA.pdf,23,Sr. Presidente (Pampuro),Sr. Presidente (Pampuro).—,yes,yes,same-paragraph,"footnote marker ""17"" after ""Quedan aprobados.""",high,Quedan aprobados. Continuamos con los demás artículos.,Printed with no space between the closing parenthesis-period and the dash.,
432,2007-11-21_r15,2007-11-21_r15_ORDINARIA.pdf,25,Sra. Escudero,Sra. Escudero. —,yes,yes,same-paragraph,none,high,"Artículo 31: ""El Fondo estará integrado por: a) Las partidas presupuestarias que le sean","Third Escudero turn on the page, reading article 31.",
433,2007-11-21_r15,2007-11-21_r15_ORDINARIA.pdf,47,Sr. Presidente (Pampuro),Sr. Presidente (Pampuro). —,yes,yes,same-paragraph,none,high,Tiene la palabra el senador Rodríguez Saá.,Only occurrence of that sentence on the page.,
434,2007-11-28_r18,2007-11-28_r18_ORDINARIA.pdf,26,Sr. Presidente (Pampuro),Sr. Presidente (Pampuro). —,yes,yes,same-paragraph,none,high,Tiene la palabra la señora senadora Negre de Alonso.,"Near the bottom of the page, just before the Negre de Alonso turn.",
435,2007-11-28_r18,2007-11-28_r18_ORDINARIA.pdf,47,Sr. Pichetto,Sr. Pichetto. —,yes,yes,same-paragraph,none,high,"Seré muy breve, presidente. El Senado está teniendo en este tema un rol de","""El Senado está teniendo..."" continues the same turn on the next line.",
436,2007-12-05_r19,2007-12-05_r19_ORDINARIA.pdf,12,Sr. Presidente (Pampuro),Sr. Presidente (Pampuro). —,yes,yes,same-paragraph,none,high,Se va votar el tratamiento sobre tablas del tema de la emergencia económica. Se,"Page prints ""Se va votar"" without ""a"", matching the quoted words.",
437,2007-12-05_r19,2007-12-05_r19_ORDINARIA.pdf,13,Sr. Presidente (Pampuro),Sr. Presidente (Pampuro). —,yes,yes,same-paragraph,none,high,"Si hay asentimiento, así se hará. —","The trailing dash belongs to the stage direction ""— Asentimiento."" on the next line.",
438,2007-12-05_r19,2007-12-05_r19_ORDINARIA.pdf,19,Sr. Rodríguez Saá,Sr. Rodríguez Saá. —,yes,yes,same-paragraph,none,high,"Señor presidente: nuevamente tenemos en tratamiento la prórroga del impuesto al cheque y, nuevamente,",Turn opens near the bottom of the page and continues onto the next.,
439,2007-12-05_r19,2007-12-05_r19_ORDINARIA.pdf,20,Sr. Gómez Díez,Sr. Gómez Díez. —,yes,yes,same-paragraph,none,high,Señor presidente: el impuesto a los débitos y a los créditos bancarios fue establecido,"The presiding officer's preceding line spells the name ""Gómez Diez""; the speaker label itself prints ""Gómez Díez"".",
440,2007-12-05_r19,2007-12-05_r19_ORDINARIA.pdf,31,Sr. Pichetto,Sr. Pichetto. —,yes,yes,same-paragraph,none,high,Señor presidente: ¿se puede elaborar una lista de oradores y estimar el horario de,First of three Pichetto turns on the page.,
441,2007-12-05_r19,2007-12-05_r19_ORDINARIA.pdf,72,Sr. Salvatori,Sr. Salvatori. —,yes,yes,earlier-on-page,none,high,"han revitalizado la esencia del Senado de la Nación argentina. Además, lo siento de","Same turn, continued; the paragraph contains the stage directions ""(Aplausos en las bancas y en las galerías)"" and ""(Risas)"", which do not end it.",
442,2007-12-10_r00,2007-12-10_r00_ASAMBLEA.pdf,10,Sra. Presidenta de la Nación Argentina,Sra. Presidenta de la Nación Argentina. —,yes,yes,previous-page,none,high,"Se lo debemos a quienes fueron las víctimas, se lo debemos a sus familiares,","Label printed at the foot of page 7; pages 8, 9 and 10 carry no new label, only applause and running heads.",
443,2007-12-12_r20,2007-12-12_r20_ORDINARIA.pdf,14,Sr. Secretario (Estrada),Sr. Secretario (Estrada). —,yes,yes,same-paragraph,none,high,"En primer término corresponde considerar, en forma conjunta, si se tratan sobre tablas el",Immediately under the bold section heading on prorroga de la emergencia economica.,
444,2007-12-12_r20,2007-12-12_r20_ORDINARIA.pdf,53,Sr. Pichetto,Sr. Pichetto. —,yes,yes,same-paragraph,none,high,"No quiero volver sobre ese tema. Digo que ha habido una decisión. A veces,",Follows the brief Martínez interjection; Pichetto resumes with a fresh label.,
445,2007-12-19_r21,2007-12-19_r21_ORDINARIA.pdf,83,Sr. Presidente (Marino),Sr. Presidente (Marino). —,yes,yes,same-paragraph,none,high,Queda constituida la Cámara en comisión y ratificadas las autoridades para la conferencia.,"Just above the bold ""2 / Conferencia"" section heading.",
446,2007-12-19_r21,2007-12-19_r21_ORDINARIA.pdf,83,Sr. Presidente (Marino),Sr. Presidente (Marino).—,yes,yes,same-paragraph,none,high,Aprobado. Se procederá en consecuencia.,"Printed with no space before the dash, unlike other labels on the same page.",
447,2007-12-19_r21,2007-12-19_r21_ORDINARIA.pdf,86,Sr. Secretario (Estrada),Sr. Secretario (Estrada). —,yes,yes,same-paragraph,none,high,"Entonces, son 53 votos por la afirmativa.","Second Estrada turn on the page, after the Bongiorno viva-voce vote.",
448,2007-12-19_r21,2007-12-19_r21_ORDINARIA.pdf,88,Sr. Presidente (Marino),Sr. Presidente (Marino). —,yes,yes,same-paragraph,none,high,Corresponde considerar si se trata sobre tablas el dictamen de la Comisión de Trabajo,"Under the bold heading ""CD 147/06: Modificación de Ley 20.744""; a similar-looking sentence at the top of the page names other committees.",
449,2008-02-27_r01,2008-02-27_r01_PREPARATORIA.pdf,3,Sr. Presidente,Sr. Presidente. —,yes,yes,same-paragraph,"footnote marker ""2"" after ""Aprobado.""",high,Aprobado. Tiene la palabra el señor senador Pichetto.,No name in parenthesis is printed in this session's presiding-officer labels.,
450,2008-02-27_r01,2008-02-27_r01_PREPARATORIA.pdf,7,Sr. Presidente,Sr. Presidente. —,yes,yes,earlier-on-page,none,high,Tiene la palabra la señora senadora Negre de Alonso.,"Same turn continued one line below the label, after ""(Aplausos.)"".",
451,2008-02-27_r24,2008-02-27_r24_EXTRAORDINARIA.pdf,19,Sr. Cabanchik,Sr. Cabanchik.,yes,yes,same-paragraph,none,high,Señor presidente: sólo quiero hacer una consulta. Quizás yo estoy confundido y el Reglamento,Label opens the paragraph directly before the quoted words; page has several short alternating turns.,
452,2008-03-12_r02,2008-03-12_r02_ORDINARIA.pdf,34,Sr. Pichetto,Sr. Pichetto.,yes,yes,same-paragraph,none,high,"Si no recuerdo mal, salvo que tenga algún problema por el que me tenga",First line of the page; the label is printed at the head of the same paragraph.,
453,2008-03-26_r03,2008-03-26_r03_ORDINARIA.pdf,7,Sr. Pichetto,Sr. Pichetto.,yes,yes,same-paragraph,none,high,Señor presidente: quiero solicitar el retiro de un proyecto de ley que había sido,"Third ""Sr. Pichetto."" label on the page, immediately preceding the quoted words.",
454,2008-04-09_r04,2008-04-09_r04_ORDINARIA.pdf,20,Sr. Fernández,Sr. Fernández.,yes,yes,same-paragraph,none,high,Señor presidente: los argumentos que dio el senador Naidenoff fueron debatidos en el seno,"Preceded by ""Sr. Presidente. — Tiene la palabra el señor senador Fernández.""",
455,2008-04-30_r06,2008-04-30_r06_INFORMATIVA_ESPECIAL.pdf,31,Sr. Rodríguez Saá,Sr. Rodríguez Saá.,yes,yes,same-paragraph,none,high,Ya termino. Pero desearía hablar de la distribución de la riqueza y de la,First line of the page; label heads the same paragraph.,
456,2008-04-30_r06,2008-04-30_r06_INFORMATIVA_ESPECIAL.pdf,32,Sr. Presidente,Sr. Presidente.,yes,yes,same-paragraph,none,high,"El señor jefe de Gabinete ha solicitado un receso de cinco minutos. Después, hará",Label printed at the head of the paragraph containing the quoted words.,
457,2008-04-30_r06,2008-04-30_r06_INFORMATIVA_ESPECIAL.pdf,57,Sr. Pichetto,Sr. Pichetto.,yes,yes,same-paragraph,none,high,"En primer lugar, quiero agradecer especialmente la presencia del señor jefe de Gabinete, su","Near the bottom of the page, after ""Sr. Presidente. — Tiene la palabra el señor senador Pichetto.""",
458,2008-05-14_r07,2008-05-14_r07_ORDINARIA.pdf,39,Sr. Presidente,Sr. Presidente.,yes,yes,same-paragraph,none,high,Tiene la palabra la senadora Gallego.,"Last speech line of the page, above the footnote ""13 Ver el Apéndice.""",
459,2008-05-14_r07,2008-05-14_r07_ORDINARIA.pdf,43,Sr. Presidente,Sr. Presidente.,yes,yes,same-paragraph,none,high,Para una interrupción tiene la palabra el señor senador Ríos.,Label heads the same one-line paragraph as the quoted words.,
460,2008-05-14_r07,2008-05-14_r07_ORDINARIA.pdf,45,Sr. Presidente,Sr. Presidente.,yes,yes,same-paragraph,none,high,Tiene la palabra el señor senador Petcoff Naidenoff.,Label heads the same one-line paragraph as the quoted words.,
461,2008-05-21_r08,2008-05-21_r08_ORDINARIA.pdf,8,Sr. Presidente,Sr. Presidente.,yes,yes,same-paragraph,none,high,Pasamos a sesión de acuerdos. Tiene la palabra el señor senador Guinle.,"Printed as ""Sr. Presidente. — Pasamos a sesión de acuerdos."" with ""Tiene la palabra el señor senador Guinle."" as the next indented line of the same turn.",
462,2008-05-21_r08,2008-05-21_r08_ORDINARIA.pdf,17,Sr. Presidente,Sr. Presidente.,yes,yes,same-paragraph,none,high,Tiene la palabra el senador Rossi.,"Near the top of the page, before ""Sr. Rossi."" begins his turn.",
463,2008-05-21_r08,2008-05-21_r08_ORDINARIA.pdf,41,Sr. Secretario (Estrada),Sr. Secretario (Estrada).,yes,yes,same-paragraph,none,high,"Entonces, resultan 38 votos por la afirmativa, 17 por la negativa y ninguna abstención.","Second of two Secretario turns on the page; the earlier one reads 38/16, this one 38/17.",
464,2008-05-28_r09,2008-05-28_r09_ORDINARIA.pdf,6,Sr. Giustiniani,Sr. Giustiniani.,yes,yes,same-paragraph,none,high,"Solicito que se reserve en mesa, tal cual lo acordado en la Comisión de","Under the bold section heading ""5. Reserva de un asunto""; label heads the paragraph.",
465,2008-06-25_r10,2008-06-25_r10_ORDINARIA.pdf,16,Sr. Presidente,Sr. Presidente.,yes,yes,same-paragraph,none,high,"En consideración en general. Si no se hace uso de la palabra, se va","""En consideración en general."" is the label line; ""Si no se hace uso de la palabra, se va a votar."" is the next indented line of the same turn.",
466,2008-06-25_r10,2008-06-25_r10_ORDINARIA.pdf,36,Sr. Presidente,Sr. Presidente.,yes,yes,same-paragraph,none,high,Tiene la palabra el senador Pichetto.,"Mid-page, immediately before ""Sr. Pichetto."" opens his turn.",
467,2008-07-16_r11,2008-07-16_r11_ORDINARIA.pdf,127,Sr. Pérsico,Sr. Pérsico.,yes,yes,same-paragraph,none,high,El 70 por ciento de la coparticipación de San Luis hace al presupuesto provincial.,"Label uses an en dash rather than an em dash; two ""Sr. Pérsico."" turns on the page, the quoted words belong to the first.",
468,2008-07-16_r11,2008-07-16_r11_ORDINARIA.pdf,149,Sr. Presidente,Sr. Presidente.,yes,yes,same-paragraph,none,high,"Tiene treinta segundos, señor senador.","One-line turn between two ""Sr. Urquía."" turns.",
469,2008-08-06_r12,2008-08-06_r12_ORDINARIA.pdf,64,Sr. Presidente,Sr. Presidente.,yes,yes,same-paragraph,none,high,"Pero hay que votar todos los artículos, salvo este. La norma se refiere al","""Pero hay que votar todos los artículos, salvo este."" is the label line; ""La norma se refiere al anexo."" is the next indented line of the same turn.",
470,2008-09-03_r14,2008-09-03_r14_ORDINARIA.pdf,76,Sr. Fernández,Sr. Fernández.,yes,yes,same-paragraph,none,high,"Señor presidente: voy a tratar de ser muy breve. En principio, quiero hacer algunas","First line of the page; ""En principio, quiero hacer algunas reflexiones..."" is the next paragraph of the same turn.",
471,2008-09-10_r15,2008-09-10_r15_ORDINARIA.pdf,13,Sr. Pichetto,Sr. Pichetto.,yes,yes,same-paragraph,none,high,"Señor presidente: como usted entenderá, me preocupa el tema. Lo que voy a proponer","First of two ""Sr. Pichetto."" turns on the page; the quoted words follow the first label.",
472,2008-09-10_r15,2008-09-10_r15_ORDINARIA.pdf,21,Sr. Presidente,Sr. Presidente.,yes,yes,same-paragraph,none,high,Tiene la palabra la señora senadora Pinchetti de Sierra Morales.,"Note that a later turn on the same page is labelled ""Sra. Presidente."" but the quoted words sit under ""Sr. Presidente.""",
473,2008-10-01_r17,2008-10-01_r17_ORDINARIA.pdf,44,Sr. Presidente,Sr. Presidente.,yes,yes,same-paragraph,none,high,"Si no se hace uso de la palabra, se va a votar en general","Printed with no space after the dash (""Sr. Presidente. —Si no se hace uso..."").",
474,2008-10-22_r18,2008-10-22_r18_ORDINARIA.pdf,14,Sr. Giustiniani,Sr. Giustiniani.,yes,yes,same-paragraph,none,high,"Está bien. Interpretando lo que propone el senador Pichetto, creo que, entonces, queda con","Follows ""Sr. Presidente. — ... Tiene la palabra el senador Giustiniani.""",
475,2008-11-05_r19,2008-11-05_r19_ORDINARIA.pdf,34,Sr. Ríos,Sr. Ríos.,yes,yes,same-paragraph,none,high,No quisiera dejarlo pasar porque me compete el tema. Me quiero referir a las,"""Me quiero referir a las confusiones..."" is the next indented paragraph of the same turn.",
476,2008-11-05_r19,2008-11-05_r19_ORDINARIA.pdf,113,Sr. Romero,Sr. Romero. —,yes,yes,same-paragraph,none,high,Para consignar mi voto negativo al artículo 72 —relativo a la Carta Orgánica del,"Second ""Sr. Romero."" turn on the page (the earlier one is about artículo 59); the quoted words open this paragraph.",
477,2008-11-20_r20,2008-11-20_r20_ORDINARIA.pdf,4,Sr. Presidente. (Pampuro),Sr. Presidente. (Pampuro) —,yes,yes,same-paragraph,none,high,"En consideración el plan de labor. Si no se hace uso de la palabra,","Printed with the period before the parenthesis; the ""Si no se hace uso de la palabra,"" line continues the same turn.",
478,2008-11-20_r20,2008-11-20_r20_ORDINARIA.pdf,104,Sra. Estenssoro,Sra. Estenssoro. —,yes,yes,same-paragraph,none,high,Al poco de asumir como senadora vi todas estas irregularidades y entonces hice un,"The stage direction ""— Ocupa la Presidencia el señor vicepresidente 1° del H. Senado, senador Juan Carlos Marino."" sits just above the label, not inside the paragraph.",
479,2008-11-20_r20,2008-11-20_r20_ORDINARIA.pdf,124,Sr. Morales,Sr. Morales. —,yes,yes,same-paragraph,none,high,Vamos a ver. Pero así funciona un sistema de control en el mundo. Por,"Immediately follows the ""Varios señores senadores. —"" turn.",
480,2008-11-20_r20,2008-11-20_r20_ORDINARIA.pdf,138,Sr. Presidente (Pampuro),Sr. Presidente (Pampuro). —,yes,yes,same-paragraph,none,high,"Si no se hace uso de la palabra, se va a votar el Título","ambiguous — the phrase occurs twice on the page (Título V, artículos 16 al 18; Título VI, artículos 19 a 21), both under this same label; reporting the first (Título V).",
481,2008-11-20_r20,2008-11-20_r20_ORDINARIA.pdf,138,Sr. Presidente (Pampuro),Sr. Presidente (Pampuro). —,yes,yes,same-paragraph,none,high,"Si no se hace uso de la palabra, se va a votar el Título","ambiguous — same phrase printed twice on the page (Título V and Título VI), both under this identical label, so the label is the same either way.",
482,2008-11-26_r21,2008-11-26_r21_ORDINARIA.pdf,44,Sr. Presidente,Sr. Presidente. —,yes,yes,same-paragraph,none,high,"Entonces, vamos a ir considerando por títulos. En los capítulos 1E a 6E ¿ha",No surname in parenthesis is printed for the chair on this page.,
483,2008-11-26_r21,2008-11-26_r21_ORDINARIA.pdf,46,Sr. Presidente,Sr. Presidente. —,yes,yes,same-paragraph,none,high,"Corresponde considerar el dictamen de las comisiones de Salud y Deporte, de Presupuesto y","Paragraph opens right after the bold section title ""13. OD 1075/08: Enfermedad Celíaca"".",
484,2008-11-26_r21,2008-11-26_r21_ORDINARIA.pdf,54,Sr. Presidente (Romero),Sr. Presidente (Romero). —,yes,yes,same-paragraph,none,high,Tiene la palabra la senadora Giri.,Chair is identified as Romero on this page.,
485,2008-12-17_r23,2008-12-17_r23_ORDINARIA.pdf,68,Sra. Duhalde,Sra. Duhalde. —,yes,yes,same-paragraph,none,high,Simplemente quiero saber si se van a aceptar las modificaciones propuestas en los artículos,Third turn on the page; the quoted words follow the label directly.,
486,2008-12-17_r23,2008-12-17_r23_ORDINARIA.pdf,73,Sr. Mayans,Sr. Mayans. —,yes,yes,same-paragraph,none,high,Quisiera saber si es una concertación lo que están haciendo.,"A shorter Mayans line (""¿Es una concertación?"") appears earlier; the quoted longer sentence is this one.",
487,2008-12-17_r23,2008-12-17_r23_ORDINARIA.pdf,112,Sra. Quintela,Sra. Quintela.—,yes,yes,same-paragraph,none,high,Señor presidente: rectifico mi voto. Fue positivo.,"Printed with the dash run onto the period, no space, unlike the other labels on the page.",
488,2008-12-17_r23,2008-12-17_r23_ORDINARIA.pdf,116,Sr. Presidente (Pampuro),Sr. Presidente (Pampuro). —,yes,yes,same-paragraph,"superscript footnote marker ""7"" after ""Quedan aprobados.""",high,Quedan aprobados. Tiene la palabra el señor senador Pichetto.,"""Tiene la palabra el señor senador Pichetto."" is the next line of the same turn, no new label intervenes.",
489,2008-12-18_r24,2008-12-18_r24_ORDINARIA.pdf,54,Sr. Presidente,Sr. Presidente. —,yes,yes,same-paragraph,none,high,Continúa en el uso de la palabra el señor senador Rodríguez Saá.,No surname in parenthesis printed for the chair on this page.,
490,2009-03-04_r02,2009-03-04_r02_ORDINARIA.pdf,30,Sr. Presidente,Sr. Presidente.–,yes,yes,same-paragraph,none,high,C En consideración el pedido de tratamiento sobre tablas...,"The page reads ""Sr. Presidente.– En consideración el pedido de tratamiento sobre tablas...""; the leading ""C"" in the quoted string is not on the page.",
491,2009-03-26_r03,2009-03-26_r03_ORDINARIA.pdf,11,Sr. Presidente,Sr. Presidente.–,yes,yes,same-paragraph,none,high,Tiene la palabra el señor senador Martínez.,"Short dash printed directly after the period, no space.",
492,2009-03-26_r03,2009-03-26_r03_ORDINARIA.pdf,60,Sr. Presidente (Pampuro),Sr. Presidente (Pampuro).–,yes,yes,same-paragraph,none,high,"Continúe en el uso de la palabra, senadora.",Page uses a short dash after the label throughout.,
493,2009-03-26_r03,2009-03-26_r03_ORDINARIA.pdf,120,Sr. Secretario (Estrada),Sr. Secretario (Estrada).–,yes,yes,same-paragraph,none,high,Se trata del expediente S.– 702/09. Dice que el Senado de la Nación declara,"Printed as ""Se trata del expediente S.–  702/09.""",
494,2009-04-15_r04,2009-04-15_r04_ORDINARIA.pdf,21,Sr. Presidente,Sr. Presidente.—,yes,yes,same-paragraph,none,high,Tiene la palabra la señora senadora Bortolozzi.,"Line sits under the bold section title ""8. S-4196/08: Consulta popular sobre interrupción del embarazo. Moción de preferencia"".",
495,2009-05-13_r05,2009-05-13_r05_ORDINARIA.pdf,38,Sr. Presidente,Sr. Presidente.—,yes,yes,same-paragraph,none,high,¿Está de acuerdo senador Guastavino?,No surname in parenthesis printed for the chair on this page.,
496,2009-05-13_r05,2009-05-13_r05_ORDINARIA.pdf,54,Sr. Presidente (Marín),Sr. Presidente (Marín).—,yes,yes,same-paragraph,none,high,Tiene la palabra la señora senadora Fellner.,"This occurrence is accented ""Marín""; an earlier label on the same page prints it unaccented as ""Marin"".",
497,2009-07-08_r06,2009-07-08_r06_ORDINARIA.pdf,10,Sr. Petcoff Naidenoff,Sr. Petcoff Naidenoff. —,yes,yes,same-paragraph,none,high,"Señor presidente: solicito la reserva en mesa, para su posterior tratamiento sobre tablas, del",Two Petcoff Naidenoff turns on the page; the quoted words open the first of them.,
498,2009-07-08_r06,2009-07-08_r06_ORDINARIA.pdf,41,Sr. Presidente (Marino),Sr. Presidente (Marino). –,yes,yes,same-paragraph,none,high,Tiene la palabra la señora senadora Latorre.,Short dash with a space after the parenthesis and period.,
499,2009-07-08_r06,2009-07-08_r06_ORDINARIA.pdf,50,Sr. Presidente,Sr. Presidente. —,yes,yes,same-paragraph,none,high,"Señora senadora Estenssoro: la señora senadora Perceval le solicita una interrupción, ¿se la concede?",No surname in parenthesis printed for the chair on this page.,
500,2009-08-05_r07,2009-08-05_r07_ORDINARIA.pdf,13,Sr. Presidente,Sr. Presidente. —,yes,yes,same-paragraph,none,high,"Cómo no. Entonces, se van a votar los pedidos de abstención del señor senador","""Cómo no."" follows the label; ""Entonces, se van a votar los pedidos de abstención..."" is the next paragraph of the same turn, with no new label between.",
501,2009-08-05_r07,2009-08-05_r07_ORDINARIA.pdf,72,Sra. Pinchetti de Sierra Morales,Sra. Pinchetti de Sierra Morales.,yes,yes,same-paragraph,none,high,"Señor presidente: simplemente, solicito que se permita mi abstención en la votación, por los",Label opens the paragraph containing the quoted words; preceding turn is Sr. Presidente (Pampuro) giving her the floor.,
502,2009-08-20_r08,2009-08-20_r08_ORDINARIA.pdf,37,Sra. Colombo,Sra. Colombo.,yes,yes,same-paragraph,none,high,"Si no diminuye mi tiempo, se la doy encantada.","Page prints ""Sra. Colombo. — Si no diminuye mi tiempo, se la doy encantada.""; label has no parenthetical.",
503,2009-08-20_r08,2009-08-20_r08_ORDINARIA.pdf,56,Sra. Negre de Alonso,Sra. Negre de Alonso.,yes,yes,same-paragraph,none,high,Casi una copia de lo que dijo el senador Yoma.,Short interjection line immediately before the Sr. Guinle turn.,
504,2009-08-20_r08,2009-08-20_r08_ORDINARIA.pdf,63,Sr. Presidente,Sr. Presidente.,yes,yes,same-paragraph,none,high,"Para una interrupción, tiene la palabra el senador Saadi.",Printed without any parenthetical name on this page.,
505,2009-09-09_r10,2009-09-09_r10_ORDINARIA.pdf,6,Sr. Presidente,Sr. Presidente.,yes,yes,same-paragraph,none,high,Tiene la palabra la señora senadora Perceval.,"Printed as ""Sr. Presidente.— Tiene la palabra la señora senadora Perceval.""; no parenthetical name.",
506,2009-09-23_r12,2009-09-23_r12_ORDINARIA.pdf,25,Sr. Presidente (Pampuro),Sr. Presidente (Pampuro).,yes,yes,same-paragraph,none,high,Tiene la palabra el señor senador Rossi.,"This line omits the usual em dash after the label (""Sr. Presidente (Pampuro). Tiene la palabra el señor senador Rossi."").",
507,2009-10-09_r13,2009-10-09_r13_ESPECIAL.pdf,119,Sr. Presidente,Sr. Presidente.,yes,yes,same-paragraph,none,high,Tiene la palabra el señor senador Romero.,No parenthetical name printed on this page's presiding-officer labels.,
508,2009-10-09_r13,2009-10-09_r13_ESPECIAL.pdf,122,Sr. Presidente,Sr. Presidente.,yes,yes,same-paragraph,none,high,"Silencio, por favor, porque distraen al orador. Además, es una falta de respeto. Continúe,",Sits between two Sr. Romero turns; the words are clearly the presiding officer's.,
509,2009-10-09_r13,2009-10-09_r13_ESPECIAL.pdf,194,Sr. Presidente,Sr. Presidente.,yes,yes,same-paragraph,none,high,"Queda aprobado el artículo 89. Así, damos por finalizado el Capítulo II del Título","Follows the Sr. Secretario (Estrada) vote tally; footnotes ""Ver el Apéndice."" are page furniture at the foot, outside the paragraph.",
510,2009-10-09_r13,2009-10-09_r13_ESPECIAL.pdf,197,Sr. Presidente,Sr. Presidente.,yes,yes,same-paragraph,none,high,"Queda aprobado el artículo 112. Si no se hace uso de la palabra, se",Quote runs from the labelled line into the following indented continuation line of the same turn.,
511,2009-10-09_r13,2009-10-09_r13_ESPECIAL.pdf,200,Sr. Secretario (Estrada),Sr. Secretario (Estrada).,yes,yes,same-paragraph,none,high,"Entonces, se registran 44 votos afirmativos y 23 negativos.","Printed with a short hyphen instead of an em dash (""Sr. Secretario (Estrada).- Entonces, se registran 44 votos afirmativos y 23 negativos."").",
512,2009-10-09_r13,2009-10-09_r13_ESPECIAL.pdf,203,Sr. Presidente,Sr. Presidente.,yes,yes,same-paragraph,none,high,Tiene la palabra la señora senadora Sánchez.,Line immediately precedes the Sra. Sánchez turn.,
513,2009-10-21_r14,2009-10-21_r14_ORDINARIA.pdf,8,Sr. Pichetto,Sr. Pichetto.,yes,yes,same-paragraph,none,high,"Señor presidente: en mi anterior intervención omití solicitar la inclusión de un tema, que",First line of the page; label followed by an en dash rather than an em dash.,
514,2009-10-21_r14,2009-10-21_r14_ORDINARIA.pdf,15,Sr. Presidente,Sr. Presidente.,yes,yes,same-paragraph,none,high,Tiene la palabra la señora senadora Estenssoro. Luego expondrá el señor senador Rossi. Antes,"Quote continues into the next indented line (""Antes de ello, aclaro al señor senador Pichetto..."") of the same turn.",
515,2009-10-21_r14,2009-10-21_r14_ORDINARIA.pdf,23,Sr. Pichetto,Sr. Pichetto.,yes,yes,same-paragraph,none,high,"Señor presidente lo primero que quiero decir, y como una expresión de deseos, es",The dash after the label is printed as a mangled bracket-like glyph on this page.,
516,2009-10-21_r14,2009-10-21_r14_ORDINARIA.pdf,28,Sr. Pérsico,Sr. Pérsico.,yes,yes,same-paragraph,none,high,"Quiero adherir, también, al rechazo de cualquier acto de violencia. Y al escuchar las","Second line of the page, right after Sr. Presidente gives him the floor.",
517,2009-10-21_r14,2009-10-21_r14_ORDINARIA.pdf,45,Sr. Presidente,Sr. Presidente.,yes,yes,same-paragraph,none,high,Tiene la palabra el señor senador Rodríguez Saá.,First line of the page; en dash after the label.,
518,2009-10-28_r15,2009-10-28_r15_ORDINARIA.pdf,56,Sr. Presidente (Pampuro),Sr. Presidente (Pampuro) .,yes,yes,same-paragraph,none,high,Autorizamos las inserciones y luego votamos este tema.,"Printed with a stray space before the period and an en dash (""Sr. Presidente (Pampuro) . – Autorizamos las inserciones y luego votamos este tema."").",
519,2009-11-11_r16,2009-11-11_r16_ORDINARIA.pdf,75,Sr. Presidente,Sr. Presidente.,yes,yes,same-paragraph,none,high,Tiene la palabra el señor senador Nikisch.,Precedes the Sr. Nikisch turn; no parenthetical name printed.,
520,2009-11-18_r17,2009-11-18_r17_ORDINARIA.pdf,9,Sr. Pichetto,Sr. Pichetto.,yes,yes,same-paragraph,none,high,"Presidente: quiero que tengamos la mejor actitud para abordar esta discusión, porque no deseo","Last line of the page; the quoted sentence runs past the page bottom, but the label is printed here.",
521,2009-11-25_r18,2009-11-25_r18_ORDINARIA.pdf,7,Sr. Petcoff Naidenoff,Sr. Petcoff Naidenoff.,yes,yes,same-paragraph,none,high,Señor presidente: quiero solicitar una preferencia para un proyecto que cuenta con dictamen de,Dash after the label is printed as a mangled bracket-like glyph throughout this page.,
522,2009-11-25_r18,2009-11-25_r18_ORDINARIA.pdf,41,Sr. Rodríguez Saá,Sr. Rodríguez Saá.,yes,yes,same-paragraph,none,high,"Señor presidente: me congratulo por la aclaración, porque tratamos una ley muy importante donde,","Turn opens just under the bold section title ""17. Manifestaciones"", which is page furniture, not speech.",
523,2009-11-25_r18,2009-11-25_r18_ORDINARIA.pdf,46,Sr. Morales,Sr. Morales.,yes,yes,previous-page,none,high,"se lo lleva la ANSeS y el sistema de salud; es decir, caja para","No label at all on printed page 46; the last label before the words is Sr. Morales on page 45, and the turn runs unbroken across the page break.",
524,2009-11-25_r18,2009-11-25_r18_ORDINARIA.pdf,69,Sr. Presidente,Sr. Presidente.,yes,yes,same-paragraph,none,high,"En consecuencia, tiene la palabra el señor senador Sanz.",Precedes the Sr. Sanz turn; no parenthetical name printed.,
525,2009-11-25_r18,2009-11-25_r18_ORDINARIA.pdf,102,Sr. Secretario (Estrada),Sr. Secretario (Estrada).,yes,yes,same-paragraph,none,high,Se registraron 41 votos por la afirmativa. Unanimidad.,"Printed with a double space (""Se registraron 41  votos por la afirmativa. Unanimidad."").",
526,2009-12-02_r20,2009-12-02_r20_ORDINARIA.pdf,47,Sr. Presidente (Marín),Sr. Presidente (Marín).,yes,yes,same-paragraph,none,high,"Perdón, senadora, le pide una interrupción la senadora Perceval.",First line of the page; the label opens the same line as the quoted words.,
527,2009-12-02_r20,2009-12-02_r20_ORDINARIA.pdf,64,Sr. Castillo,Sr. Castillo.,yes,yes,earlier-on-page,(Risas.),high,"Entonces, a veces las discusiones de los políticos pueden ocurrir porque queremos las mismas","Words sit in the ""Hay una frase de Alberdi"" paragraph, inside the Castillo turn; the stage direction (Risas.) precedes them in the same paragraph.",
528,2009-12-02_r20,2009-12-02_r20_ORDINARIA.pdf,97,Sr. Pichetto,Sr. Pichetto.,yes,yes,same-paragraph,none,high,Senador Morales: usted no puede garantizarme el resultado de la votación. El escenario que,"The dash after the label is printed as a mangled glyph on this page; ""El escenario que"" continues in the next paragraph of the same turn.",
529,2009-12-02_r20,2009-12-02_r20_ORDINARIA.pdf,98,Sr. Secretario (Estrada),Sr. Secretario (Estrada).,yes,yes,same-paragraph,none,high,Resultan 42 votos afirmativos y 24 negativos. En general se ha superado la mayoría,Dash after the label is a mangled glyph; label and words share the line.,
530,2009-12-02_r20,2009-12-02_r20_ORDINARIA.pdf,136,Sr. Presidente,Sr. Presidente.,yes,yes,same-paragraph,none,high,Queda abierta la conferencia. Corresponde considerar el proyecto de ley venido en revisión de,"Label sits directly under the bold section title ""Conferencia""; second half of the quote continues in the next paragraph of the same turn.",
531,2010-02-24_r01,2010-02-24_r01_PREPARATORIA.pdf,6,Sr. Presidente,Sr. Presidente.,yes,yes,same-paragraph,none,high,Tiene la palabra la señora senadora Díaz.,Mid-page one-line turn announcing senator Díaz.,
532,2010-02-24_r01,2010-02-24_r01_PREPARATORIA.pdf,8,Sr. Presidente,Sr. Presidente.,yes,yes,same-paragraph,none,high,"Entonces, quedan agregados a la lista de oradores los señores senadores Martínez, por Tierra",Label and words share the line.,
533,2010-03-17_r04,2010-03-17_r04_EN_MINORIA.pdf,13,Sra. Escudero,Sra. Escudero.,yes,yes,same-paragraph,none,high,Señor presidente: solicito que se deje constancia del voto afirmativo de treinta y seis,Last speaking turn but one before the session closes.,
534,2010-04-07_r05,2010-04-07_r05_EN_MINORIA.pdf,7,Sra. Escudero,Sra. Escudero.,yes,yes,same-paragraph,none,high,"El próximo miércoles, a las 14.",Short reply to the president's question about the next meeting.,
535,2010-04-14_r06,2010-04-14_r06_ORDINARIA.pdf,31,Sr. Presidente,Sr. Presidente.,yes,yes,same-paragraph,none,high,Voy a someter a consideración la propuesta…,Label and words share the line.,
536,2010-04-14_r06,2010-04-14_r06_ORDINARIA.pdf,37,Sr. Presidente,Sr. Presidente.,yes,yes,same-paragraph,none,high,"Para una interrupción, tiene la palabra el señor senador Verna.",Label and words share the line.,
537,2010-04-14_r06,2010-04-14_r06_ORDINARIA.pdf,79,Sr. Presidente,Sr. Presidente.,yes,yes,same-paragraph,none,high,"Como no se encuentra presente el senador Colazo, tiene la palabra la señora senadora","Turn ends with ""senadora Morandini."" on the following line.",
538,2010-04-14_r06,2010-04-14_r06_ORDINARIA.pdf,137,Sr. Fernández,Sr. Fernández.,yes,yes,same-paragraph,none,high,"En realidad, antes de iniciar el tratamiento de la Ley de Mediación, nosotros hemos",Label and words share the line.,
539,2010-04-14_r06,2010-04-14_r06_ORDINARIA.pdf,140,Sr. Lores,Sr. Lores.,yes,yes,same-paragraph,none,high,"Señor presidente: quiero aclarar, en función de la alusión que hizo el senador Morales",Label and words share the line.,
540,2010-04-28_r07,2010-04-28_r07_ORDINARIA.pdf,170,Sr. Presidente,Sr. Presidente.-,yes,yes,same-paragraph,none,high,"Corresponde, en primer lugar, habilitar el tratamiento sobre tablas.","Printed with a hyphen fused to the label (""Sr. Presidente.-""), no spaced dash; page image is p0170 but the running head reads ""Pág. 83"".",
541,2010-05-05_r08,2010-05-05_r08_ORDINARIA.pdf,36,Sr. Verna,Sr. Verna.,yes,yes,same-paragraph,(Risas).,high,No; ya adelanté que no iba a solicitar derechos de autor.,"The stage direction (Risas). closes the same line, right after the quoted words.",
542,2010-05-05_r08,2010-05-05_r08_ORDINARIA.pdf,75,Sra. Negre de Alonso,Sra. Negre de Alonso.,yes,yes,same-paragraph,none,high,"Señor presidente: como decimos los abogados, voy a plantear una cuestión de previo y","Last turn on the page; the chair label just above reads ""Sr. Presidente (Basualdo)."" but does not govern these words.",
543,2010-05-05_r08,2010-05-05_r08_ORDINARIA.pdf,124,Sr. Secretario (Estrada),Sr. Secretario (Estrada).,yes,yes,same-paragraph,none,high,"En consecuencia, son 28 los votos negativos.",Label and words share the line.,
544,2010-05-05_r08,2010-05-05_r08_ORDINARIA.pdf,129,Sra. Negre de Alonso,Sra. Negre de Alonso.,yes,yes,same-paragraph,none,high,"Había tres dictámenes de la Comisión de Legislación General, también. Tenían dictamen.","She has a second, shorter turn further down the page; the quoted words are in the first one.",
545,2010-05-19_r09,2010-05-19_r09_ORDINARIA.pdf,44,Sr. Secretario (Estrada),Sr. Secretario (Estrada).,yes,yes,same-paragraph,none,high,Se registran 58 votos por la afirmativa; unanimidad. –,"The trailing dash belongs to the italic line ""El resultado de la votación surge del Acta Nº 3"" printed just below.",
546,2010-05-19_r09,2010-05-19_r09_ORDINARIA.pdf,51,Sr. Presidente (Romero),Sr. Presidente (Romero).,yes,yes,same-paragraph,none,high,Tiene la palabra la señora senadora por Santa Fe.,"Last line of the page; an earlier line on the same page says ""señor senador por Santa Fe"" (masculine), which is a different turn.",
547,2010-06-02_r11,2010-06-02_r11_INFORMATIVA_ESPECIAL.pdf,63,Sr. Morales,Sr. Morales.,yes,yes,same-paragraph,none,high,"Se ha debatido toda la tarde. Desde nuestro punto de vista, le aceptamos la","""Desde nuestro punto de vista..."" continues in the next paragraph of the same turn, after the one-line reply by ""Sr. jefe de Gabinete de Ministros.""",
548,2010-06-09_r12,2010-06-09_r12_ORDINARIA.pdf,36,Sr. Presidente,Sr. Presidente.,yes,yes,same-paragraph,none,high,Se va a votar la vuelta a comisión del proyecto. –,"Trailing dash belongs to the italic line ""Se practica la votación."" printed below.",
549,2010-06-09_r12,2010-06-09_r12_ORDINARIA.pdf,39,Sr. Presidente,Sr. Presidente.,yes,yes,same-paragraph,none,high,Me comunicaré con el diputado Fellner.,"Printed as ""Sr. Presidente"" in bold with the period outside the bold run; label and words share the line.",
550,2010-07-14_r14,2010-07-14_r14_ORDINARIA.pdf,9,Sra. Negre de Alonso,Sra. Negre de Alonso.,yes,yes,previous-page,none,high,"Posteriormente, señor presidente, a las cuatro, cinco o seis de la tarde –no recuerdo","Label opens her turn on page 8 (""Quiero plantear una cuestión de privilegio en contra suyo""); on page 9 the quoted paragraph is preceded only by the bold-caps section heading ""2 / DE LA SEÑORA SENADORA NEGRE DE ALONSO"", which is furniture, not a speaker label.",
551,2010-07-14_r14,2010-07-14_r14_ORDINARIA.pdf,21,Sr. Presidente (Marino),Sr. Presidente (Marino). –,yes,yes,same-paragraph,none,high,Quiero decirle que se está cumpliendo su tiempo...,One-line turn in a rapid exchange with Sra. Negre de Alonso; only this label governs the words.,
552,2010-08-11_r15,2010-08-11_r15_ORDINARIA.pdf,10,Sr. Secretario (Estrada),Sr. Secretario (Estrada).–,yes,yes,same-paragraph,none,high,"Secretaría informa que el Poder Ejecutivo Nacional ha enviado el mensaje número 1097, por",Label printed without a space between the period and the dash.,
553,2010-08-11_r15,2010-08-11_r15_ORDINARIA.pdf,47,Sr. Giustiniani,Sr. Giustiniani. –,yes,yes,same-paragraph,none,high,"¿Cuál es el índice de indigencia en la Argentina, señor presidente?",Short interjection amid the Mayans/Presidente crossfire; label opens the same line.,
554,2010-08-25_r16,2010-08-25_r16_ORDINARIA.pdf,10,Sr. Pichetto,Sr. Pichetto. –,yes,yes,same-paragraph,none,high,Tienen que agregarse todos los proyectos.,"Printed with an extra space after the dash before ""Tienen"".",
555,2010-08-25_r16,2010-08-25_r16_ORDINARIA.pdf,25,Sr. Morales,Sr. Morales. –,yes,yes,same-paragraph,none,high,"Sí, pero puede exponer primero el senador Fernández…","Reply to the chair's question, immediately preceding ""Sr. Presidente. – Senador Fernández…"".",
556,2010-09-08_r17,2010-09-08_r17_ORDINARIA.pdf,9,Sr. Presidente,Sr. Presidente. –,yes,yes,same-paragraph,none,high,Corresponde pasar a la votación. –,"Last line of the page, right under the bold section title block ""O.D. N° 738/10 ... (Continuación)"".",
557,2010-09-08_r17,2010-09-08_r17_ORDINARIA.pdf,59,Sr. Morales,Sr. Morales. –,yes,yes,same-paragraph,none,high,"Señor presidente: creo que la senadora González de Duhalde tiene razón. Además, luego de",The quoted sentence spans the label line and the following indented paragraph of the same turn.,
558,2010-09-29_r18,2010-09-29_r18_ORDINARIA.pdf,97,Sr. Presidente,Sr. Presidente. –,yes,yes,same-paragraph,none,high,Senadoras Iturrez de Capelini y Riofrío: sírvanse manifestar su voto a viva voz.,"Page prints the surname as ""Riofrío""; preceding lines are the vote stage directions, which do not break the turn.",
559,2010-09-29_r18,2010-09-29_r18_ORDINARIA.pdf,108,Sr. Morales,Sr. Morales. –,yes,yes,same-paragraph,none,high,Señor presidente: propongo que se modifique el orden de la votación. Que se ponga,"Near the foot of the page, just after ""Sr. Presidente. – Tiene la palabra el señor senador Morales.""",
560,2010-09-29_r18,2010-09-29_r18_ORDINARIA.pdf,167,Sr. Presidente (Basualdo),Sr. Presidente (Basualdo). –,yes,yes,same-paragraph,none,high,"Para una interrupción, tiene la palabra el señor senador Pérsico.",Third of three chair lines near the foot of the page; the interruption sequence with Banicevich.,
561,2010-09-29_r18,2010-09-29_r18_ORDINARIA.pdf,170,Sr. Presidente (Basualdo),Sr. Presidente (Basualdo). –,yes,yes,same-paragraph,none,high,Tiene la palabra la señora senadora Estenssoro.,"Second-to-last line of the page, immediately before Sra. Estenssoro's turn.",
562,2010-10-20_r20,2010-10-20_r20_ORDINARIA.pdf,15,Sra. Escudero,Sra. Escudero. –,yes,yes,same-paragraph,none,high,"Señor presidente: en primer lugar, voy a empezar a fundamentar el proyecto en materia","Second Escudero turn on the page; the earlier one is a different, shorter intervention.",
563,2010-11-24_r23,2010-11-24_r23_ORDINARIA.pdf,5,Sr. Presidente,Sr. Presidente. –,yes,yes,same-paragraph,none,high,Por Secretaría se dará lectura al proyecto de resolución.,"Near the top of the page, immediately before the Secretario reads the resolution.",
564,2010-11-24_r23,2010-11-24_r23_ORDINARIA.pdf,21,Sra. Estenssoro,Sra. Estenssoro. –,yes,yes,same-paragraph,none,high,y creo que tengo derecho a responder,"The paragraph carries the inline stage directions ""(murmullos en las bancas)"" and ""(Murmullos en las bancas)"", which do not end the turn.",
565,2010-11-24_r23,2010-11-24_r23_ORDINARIA.pdf,61,Sr. Giustiniani,Sr. Giustiniani. –,yes,yes,same-paragraph,none,high,"Señor presidente: primero, quiero señalar mi voto a favor del proyecto sancionado por la","Follows ""Sr. Presidente (Pampuro). –""; the same Giustiniani label is reprinted lower down after the chair-change stage direction.",
566,2010-11-24_r23,2010-11-24_r23_ORDINARIA.pdf,104,Sra. Di Perna,Sra. Di Perna. –,yes,yes,same-paragraph,none,high,"Señor presidente: queremos la mejor ley de salud mental para nuestro país, sobre todo,","Last labelled turn on the page, continuing past the page break.",
567,2010-11-24_r23,2010-11-24_r23_ORDINARIA.pdf,116,Sr. Presidente,Sr. Presidente. –,yes,yes,same-paragraph,none,high,"En consecuencia, primero se votará en general y, después, todo en particular, en una","Mid-page chair turn following Sra. Negre de Alonso; ends ""Esa es la idea.""",
568,2010-12-15_r24,2010-12-15_r24_EXTRAORDINARIA.pdf,45,Sr. Presidente (Pampuro),Sr. Presidente (Pampuro). –,yes,yes,same-paragraph,none,high,Tiene la palabra el señor senador Rodríguez Saá.,"Second-to-last line of the page, immediately before Rodríguez Saá's turn.",
569,2010-12-15_r24,2010-12-15_r24_EXTRAORDINARIA.pdf,70,Sr. Secretario (Estrada),Sr. Secretario (Estrada). –,yes,yes,same-paragraph,none,high,Van a ser trece abstenciones. No afecta el quórum.,"The count is announced by the Secretario, not the chair; Morales restates it later in his own words.",
570,2010-12-15_r24,2010-12-15_r24_EXTRAORDINARIA.pdf,79,Sr. Presidente,Sr. Presidente. –,yes,yes,same-paragraph,none,high,Tiene la palabra el señor senador Pichetto.,"The exact sentence appears once on this page, mid-page, before Pichetto's turn.",
571,2010-12-22_r25,2010-12-22_r25_ESPECIAL.pdf,20,Sr. Presidente,Sr. Presidente. –,yes,yes,same-paragraph,none,high,Tiene la palabra el señor senador Pichetto.,"Appears once, in the lower third of the page, before Pichetto's reply about Cabanchik's request.",
572,2011-03-01_r00,2011-03-01_r00_ASAMBLEA.pdf,19,Sra. Presidenta de la Nación,Sra. Presidenta de la Nación. –,yes,yes,previous-page,none,high,"También, la construcción permanente de nuestro reclamo sobre las Islas Malvinas como también nuestro","No label is printed anywhere on page 19; the last label on page 18 is this one, and the intervening applause lines do not end the turn.",
573,2011-03-01_r00,2011-03-01_r00_ASAMBLEA.pdf,22,Sra. Presidenta de la Nación,Sra. Presidenta de la Nación. –,yes,yes,earlier-on-page,none,high,"Para finalizar, vamos a enviar dos proyectos de ley. Uno tiene que ver con","Fourth such label on the page; the quoted words open the indented paragraph right after ""Bueno; no importa..."".",
574,2011-03-16_r02,2011-03-16_r02_ORDINARIA.pdf,16,Sr. Presidente,Sr. Presidente. –,yes,yes,same-paragraph,none,high,En la reunión de labor parlamentaria celebrada ayer se acordó rendir homenaje al prosecretario,Directly under the bold section heading for the homage to Juan José Canals.,
575,2011-03-16_r02,2011-03-16_r02_ORDINARIA.pdf,18,Sr. Pichetto,Sr. Pichetto. –,yes,yes,same-paragraph,none,high,"Nos solidarizamos nuevamente con su familia, con su señora esposa, con sus hijas y","Page prints ""con sus hijas y su hermana""; label opens the same line.",
576,2011-03-16_r02,2011-03-16_r02_ORDINARIA.pdf,71,Sr. Presidente,Sr. Presidente.,yes,yes,same-paragraph,none,high,Tiene la palabra la senadora Estenssoro.,Label opens the one-line paragraph containing the quoted words; the reply that follows is Sra. Estenssoro.,
577,2011-03-30_r03,2011-03-30_r03_ORDINARIA.pdf,13,Sr. Pichetto,Sr. Pichetto.,yes,yes,same-paragraph,none,high,Esto no es un debate. Ahora va a contestar… Es una moción de orden.,Single-line turn between Sr. Cimadevilla and Sr. Presidente.,
578,2011-03-30_r03,2011-03-30_r03_ORDINARIA.pdf,28,Sr. Pichetto,Sr. Pichetto.,yes,yes,same-paragraph,none,high,Ésta es una técnica improcedente. Cada uno tiene que pelear el dictamen en la,Last line of the page; the period after the bold name is printed in roman type.,
579,2011-03-30_r03,2011-03-30_r03_ORDINARIA.pdf,28,Sra. Montero,Sra. Montero.,yes,yes,same-paragraph,none,high,"Señor presidente: hay un proyecto de declaración sobre un libro de una autora mendocina,","Turn opens immediately under the bold section title LIBRO ""MENDOCINAS CRONICAS"".",
580,2011-03-30_r03,2011-03-30_r03_ORDINARIA.pdf,41,Sr. Presidente (Pampuro),Sr. Presidente (Pampuro).,yes,yes,same-paragraph,none,high,Tiene la palabra el senador Fuentes.,"Parenthetical surname printed in roman type after the bold ""Sr. Presidente"".",
581,2011-04-13_r04,2011-04-13_r04_ORDINARIA.pdf,8,Sr. Presidente,Sr. Presidente.,yes,yes,same-paragraph,none,high,Tiene la palabra el señor senador Lores.,"Follows ""Sr. Lores. - Pido la palabra."" and precedes the Lores turn.",
582,2011-04-13_r04,2011-04-13_r04_ORDINARIA.pdf,12,Sra. Osuna,Sra. Osuna.,yes,yes,same-paragraph,none,high,Señor presidente: quiero solicitar la preferencia para el expediente S.-52/11 referente del servicio de,Opens the turn under section 14 on the television signals preference motion.,
583,2011-04-13_r04,2011-04-13_r04_ORDINARIA.pdf,17,Sr. Guinle,Sr. Guinle.,yes,yes,same-paragraph,none,high,Señor presidente: pido cerrar el debate.,One-line turn following the long Sra. Bortolozzi speech.,
584,2011-04-13_r04,2011-04-13_r04_ORDINARIA.pdf,49,Sr. Romero,Sr. Romero.,yes,yes,same-paragraph,none,high,"Señor presidente: si bien los abogados creemos que podemos hablar hasta de medicina, por","Last labelled turn on the page, after the Presidencia gives Romero the floor.",
585,2011-05-04_r05,2011-05-04_r05_ORDINARIA.pdf,14,Sr. Presidente,Sr. Presidente.-,yes,yes,same-paragraph,none,high,Tiene la palabra el señor senador Filmus.,"Printed with the dash butted straight onto the period, no space: ""Sr. Presidente.- Tiene la palabra..."".",
586,2011-05-04_r05,2011-05-04_r05_ORDINARIA.pdf,56,Sra. Vigo,Sra. Vigo.,yes,yes,same-paragraph,none,high,Señor presidente: la verdad es que este proyecto de ley constituye un hecho histórico,"Immediately after ""Sr. Presidente (Fernandez). - Tiene la palabra la senora senadora Vigo"".",
587,2011-05-11_r06,2011-05-11_r06_INFORMATIVA_ESPECIAL.pdf,3,Sra. Montero,Sra. Montero.,yes,yes,same-paragraph,none,high,"Bienvenido señor jefe de Gabinete de Ministros. En primer lugar, quiero hacer una cuestión",Quote begins in the labelled line and runs into the following indented paragraph of the same turn (last lines of the page).,
588,2011-05-11_r06,2011-05-11_r06_INFORMATIVA_ESPECIAL.pdf,44,Sr. Cabanchik,Sr. Cabanchik.,yes,yes,same-paragraph,none,high,Señor jefe de Gabinete: he recibido las respuestas a las preguntas que le hemos,First labelled turn after the Presidencia gives Cabanchik the floor at the top of the page.,
589,2011-06-01_r07,2011-06-01_r07_ORDINARIA.pdf,79,Sr. Calcagno y Maillmann,Sr. Calcagno y Maillmann.,yes,yes,same-paragraph,none,high,Señor presidente: después de este discurso consistente y apasionado de la senadora Negre de,"Opens right after ""Sr. Presidente (Pampuro). - Tiene la palabra el senor senador Calcagno y Maillmann.""",
590,2011-06-01_r07,2011-06-01_r07_ORDINARIA.pdf,96,Sr. Presidente (Pampuro),Sr. Presidente (Pampuro) .,yes,yes,same-paragraph,none,high,Tiene la palabra el señor senador Pichetto.,Printed with a stray space between the closing parenthesis and the period; several other labels on this page have the same quirk.,
591,2011-06-29_r08,2011-06-29_r08_ORDINARIA.pdf,8,Sr. Presidente,Sr. Presidente.,yes,yes,same-paragraph,none,high,Tiene la palabra la señora senadora Negre de Alonso.,"The period after the bold ""Sr. Presidente"" is set in roman type on this page.",
592,2011-06-29_r08,2011-06-29_r08_ORDINARIA.pdf,54,Sr. Pichetto,Sr. Pichetto.,yes,yes,same-paragraph,none,high,Señor presidente: también voy a ser muy breve. Quiero hacer un reconocimiento a la,Quote starts in the labelled line and continues into the next indented paragraph of the same turn.,
593,2011-06-29_r08,2011-06-29_r08_ORDINARIA.pdf,55,Sr. Cano,Sr. Cano.,yes,yes,same-paragraph,none,high,"Señor presidente: simplemente, en nombre de los integrantes de la Comisión de Salud y","Last labelled turn on the page, under section 11 on rare diseases.",
594,2011-06-29_r08,2011-06-29_r08_ORDINARIA.pdf,55,Sr. Presidente,Sr. Presidente.,yes,yes,same-paragraph,"superscript footnote marker ""1"" after ""correspondientes"" (footnote reads ""Ver el Apendice."")",high,Queda definitivamente sancionado el proyecto de ley. Se harán las comunicaciones correspondientes.,"Upper part of the page, right after the Secretario reports 46 affirmative votes.",
595,2011-06-29_r08,2011-06-29_r08_ORDINARIA.pdf,61,Sra. Negre de Alonso,Sra. Negre de Alonso.,yes,yes,same-paragraph,none,high,"Pero eso comprende el daño moral, más allá de la restitución a su lugar","Second Negre de Alonso turn on the page; the earlier one begins ""Como miembro informante"".",
596,2011-07-27_r09,2011-07-27_r09_ORDINARIA.pdf,55,Sr. Presidente,Sr. Presidente.,yes,yes,same-paragraph,none,high,Tiene la palabra el señor senador Giustiniani.,One-line turn preceding the Sr. Giustiniani turn.,
597,2011-08-31_r10,2011-08-31_r10_ORDINARIA.pdf,25,Sr. Presidente,Sr. Presidente.,yes,yes,same-paragraph,none,high,"Aprobado. En consideración el proyecto. Si no se hace uso de la palabra, se","Matches the middle ""Aprobado. / En consideracion el proyecto. / Si no se hace uso de la palabra, se va a votar.""; a near-identical block earlier on the page reads ""el proyecto de ley"" and is also Sr. Presidente, so the label is unaffected.",
598,2011-09-28_r11,2011-09-28_r11_EN_MINORIA.pdf,8,Sra. Di Perna,Sra. Di Perna.,yes,yes,same-paragraph,none,high,"Señor presidente: simplemente, para manifestar mi enorme preocupación porque en este ámbito del Senado","Opens after the Presidencia grants her the floor ""para una manifestacion en minoria"".",
599,2011-11-02_r12,2011-11-02_r12_ORDINARIA.pdf,26,Sra. Escudero,Sra. Escudero.,yes,yes,same-paragraph,none,high,Señor presidente: es para referirme al retiro del pliego del doctor López Herrera. En,Quote starts in the labelled line and continues into the following indented paragraph of the same turn.,
600,2011-11-02_r12,2011-11-02_r12_ORDINARIA.pdf,26,Sr. Pichetto,Sr. Pichetto.,yes,yes,same-paragraph,none,high,"Quiero aclarar que el retiro de un pliego no fundamenta ninguna causal. Simplemente, se","Turn follows ""Sr. Presidente (Marino). - Tiene la palabra el senor senador Pichetto.""",
601,2011-12-01_r00,2011-12-01_r00_ASAMBLEA.pdf,6,Sr. Secretario (Estrada),Sr. Secretario (Estrada). –,yes,yes,same-paragraph,none,high,Se ha reunido la Comisión designada por esta Asamblea y ha designado relator al,"Label opens the very paragraph holding the words; ""Sr. Secretario"" is bold, ""(Estrada)"" is not.",
602,2011-12-21_r16,2011-12-21_r16_EXTRAORDINARIA.pdf,26,Sra. Di Perna,Sra. Di Perna. –,yes,yes,same-paragraph,none,high,"De todos modos, creo que hubiera sido muy enriquecedora la posibilidad de que los",Last line of the page; the turn opens right there and continues onto the next page.,
603,2011-12-21_r16,2011-12-21_r16_EXTRAORDINARIA.pdf,29,Sr. Cano,Sr. Cano. –,yes,yes,earlier-on-page,none,high,"En primer lugar, quiero hacer algunas reflexiones que me parece que hay que hacer","Words are the second paragraph of Cano's turn, opened two lines above with ""(Risas.)"" ending the first paragraph.",
604,2011-12-21_r16,2011-12-21_r16_EXTRAORDINARIA.pdf,118,Sr. Mayans,Sr. Mayans. –,yes,yes,same-paragraph,none,high,Si querés le echamos un poco más de pimienta...,One-line interjection between two Morales turns.,
605,2011-12-21_r16,2011-12-21_r16_EXTRAORDINARIA.pdf,119,Sr. Morales,Sr. Morales. –,yes,yes,same-paragraph,none,high,Le concedo una interrupción al senador Naidenoff.,"Directly follows the stage direction ""Varios señores senadores hablan a la vez.""",
606,2011-12-21_r16,2011-12-21_r16_EXTRAORDINARIA.pdf,149,Sr. Secretario (Estrada),Sr. Secretario (Estrada). –,yes,yes,same-paragraph,none,high,"Salió correcto su voto, señora senadora. En la planilla, consta correctamente. Lo que importa",Reply to Sra. Borello about the voting board.,
607,2011-12-21_r16,2011-12-21_r16_EXTRAORDINARIA.pdf,151,Sr. Presidente,Sr. Presidente. –,yes,yes,same-paragraph,none,high,Queda definitivamente sancionado el proyecto de ley. Se harán las comunicaciones correspondientes.,"ambiguous — the same sentence is printed twice on page 151 (first line of the page, and again after the vote count), but both times under the identical label ""Sr. Presidente. –""; this block takes the first occurrence.",
608,2011-12-21_r16,2011-12-21_r16_EXTRAORDINARIA.pdf,151,Sr. Presidente,Sr. Presidente. –,yes,yes,same-paragraph,none,high,Queda definitivamente sancionado el proyecto de ley. Se harán las comunicaciones correspondientes.,"ambiguous — same duplicated sentence as case 607; this block takes the second occurrence (mid-page, ending with a footnote marker), same label either way.",
609,2011-12-21_r16,2011-12-21_r16_EXTRAORDINARIA.pdf,186,Sr. Secretario (Estrada),Sr. Secretario (Estrada). –,yes,yes,same-paragraph,none,high,Resultan 46 votos afirmativos y 15 negativos. –,Last line of the page; the trailing dash in the quoted string belongs to material after this page.,
610,2011-12-22_r17,2011-12-22_r17_EXTRAORDINARIA.pdf,28,Sr. Fernández,Sr. Fernández. –,yes,yes,same-paragraph,none,high,Para importar tienen que estar inscriptos.,Short interjection inside Romero's exposition.,
611,2011-12-22_r17,2011-12-22_r17_EXTRAORDINARIA.pdf,80,Sra. Presidenta (Rojkés de Alperovich),Sra. Presidenta (Rojkés de Alperovich). –,yes,yes,same-paragraph,none,high,Tiene la palabra la senadora Di Perna.,"Printed ""Presidenta"" here, with the period outside the parenthesis.",
612,2011-12-22_r17,2011-12-22_r17_EXTRAORDINARIA.pdf,113,Sr. Presidente,Sr. Presidente. –,yes,yes,same-paragraph,none,high,O sea que sería el Capítulo III y el V.,"Reply to Sra. Escudero's ""Nosotros, en el 10 y en el 18"".",
613,2012-03-01_r00,2012-03-01_r00_ASAMBLEA.pdf,36,Sra. Presidenta de la Nación,Sra. Presidenta de la Nación. –,yes,yes,previous-page,none,high,"Ahora, curiosamente, cuando invertimos en la empresa donde vuela gente y conectamos a la","Label opens on page 35 after ""La señora presidenta de la Nación exhibe un gráfico.""; page 36 carries no label, and ""(Aplausos.)"" sits just before the quoted words inside the same paragraph.",
614,2012-03-01_r00,2012-03-01_r00_ASAMBLEA.pdf,40,Sra. Presidenta de la Nación,Sra. Presidenta de la Nación. –,yes,yes,previous-page,none,high,"No, no, no; acá, en Malvinas, ni derecha, ni izquierda: Malvinas, nada más. Malvinas,","Last label is on page 38 (""Lo van a decir igual, pero no importa.""); pages 39 and 40 print no label, and ""(Manifestaciones en el recinto.)"" precedes the words in the same paragraph.",
615,2012-03-14_r02,2012-03-14_r02_ORDINARIA.pdf,12,Sr. Presidente,Sr. Presidente. –,yes,yes,same-paragraph,none,high,¿Hay algún bloque que quiera expresar alguna cuestión? Si no se hace uso de,The quoted string straddles the label paragraph and the next indented paragraph of the same turn.,
616,2012-03-14_r02,2012-03-14_r02_ORDINARIA.pdf,26,Sr. Secretario (Estrada),Sr. Secretario (Estrada). –,yes,yes,same-paragraph,none,high,Para ahorrar la lectura total.,"Printed ""Para ahorrar la lectura total."" between two Filmus interventions.",
617,2012-03-21_r03,2012-03-21_r03_ORDINARIA.pdf,28,Sr. López,Sr. López. –,yes,yes,same-paragraph,none,high,Entendemos también que no es aplicable la cláusula de la Constitución que habla de,"Page prints ""Entendemos también  que no es aplicable...""; label follows the stage direction about Juez taking the chair.",
618,2012-04-25_r04,2012-04-25_r04_ESPECIAL.pdf,131,Sr. Presidente (Morales),Sr. Presidente (Morales). –,yes,yes,same-paragraph,none,high,Continúa en el uso de la palabra la señora senadora Negre de Alonso.,"Label opens the paragraph; the sentence wraps onto a second line ending ""Negre de Alonso.""",
619,2012-07-04_r10,2012-07-04_r10_ORDINARIA.pdf,9,Sr. Presidente,Sr. Presidente. –,yes,yes,same-paragraph,none,high,Tiene la palabra el señor senador Pichetto.,"Under the bold section heading ""3 / HOMENAJE AL GENERAL JUAN DOMINGO PERÓN""; this exact sentence appears once on the page.",
620,2012-07-04_r10,2012-07-04_r10_ORDINARIA.pdf,38,Sra. Presidenta (Rojkés de Alperovich.),Sra. Presidenta (Rojkés de Alperovich.) –,yes,yes,same-paragraph,none,medium,"En consideración. Si no se hace uso de la palabra, se van a votar","Only ""En consideración."" is printed on this page (final line); the rest of the quoted phrase continues on the next page, which was not supplied. Period is printed inside the parenthesis here.",
621,2012-07-04_r10,2012-07-04_r10_ORDINARIA.pdf,48,Sra. Presidenta (Rojkés de Alperovich.),Sra. Presidenta (Rojkés de Alperovich.) –,yes,yes,same-paragraph,none,high,Tiene la palabra la señora senadora Latorre.,Period printed inside the parenthesis on this page.,
622,2012-08-15_r12,2012-08-15_r12_ORDINARIA.pdf,18,Sr. Petcoff Naidenoff,Sr. Petcoff Naidenoff. –,yes,yes,same-paragraph,none,high,Señor presidente: seré muy breve. Solamente quiero ampliar lo que expresó el señor senador,"Label printed ""Sr. Petcoff Naidenoff."" with the period after the surname before the dash.",
623,2012-08-15_r12,2012-08-15_r12_ORDINARIA.pdf,19,Sr. Presidente,Sr. Presidente. –,yes,yes,same-paragraph,none,high,Tiene la palabra la señora senadora Escudero.,"Appears once, just before Sra. Escudero's turn.",
624,2012-08-15_r12,2012-08-15_r12_ORDINARIA.pdf,68,Sr. Presidente,Sr. Presidente. –,yes,yes,same-paragraph,none,high,"Corresponde considerar seguidamente el texto unificado, en diversos proyectos, de varios senadores, por el","Immediately under the bold section heading ""22 / ANIVERSARIO DEL VOTO FEMENINO"", which sits above the label, not inside the paragraph.",
625,2012-08-16_r13,2012-08-16_r13_ESPECIAL.pdf,18,Sr. Sanz,Sr. Sanz. –,yes,yes,same-paragraph,none,high,"Yo siempre le concedo interrupciones al senador Pichetto, porque me ayuda a solidificar el",Sanz resumes after Pichetto's interruption; label opens the paragraph.,
626,2012-08-16_r13,2012-08-16_r13_ESPECIAL.pdf,43,Sr. Cabanchik,Sr. Cabanchik. –,yes,yes,same-paragraph,none,high,"Bueno, está bien. El minotauro es la mezcla del Dios y del humano, y",Short exchange with Sr. Fernández; the quoted line opens its own labelled paragraph.,
627,2012-08-16_r13,2012-08-16_r13_ESPECIAL.pdf,46,Sr. Presidente,Sr. Presidente. –,yes,yes,same-paragraph,none,high,Tiene la palabra el señor senador Guinle.,"Chair giving the floor to senator Guinle, immediately before the Sr. Guinle turn.",
628,2012-08-16_r13,2012-08-16_r13_ESPECIAL.pdf,86,Sr. Pichetto,Sr. Pichetto. –,yes,yes,same-paragraph,none,high,Está bien. Lo que quiero decir es que todavía hoy el esquema de la,"""Está bien."" sits in the labelled paragraph; the rest continues in the next unlabelled paragraph of the same turn.",
629,2012-09-12_r15,2012-09-12_r15_ORDINARIA.pdf,24,Sr. Pichetto,Sr. Pichetto.-,yes,yes,same-paragraph,none,high,"Acordamos que iban a hablar los señores presidentes de bloque. De lo contrario, este","First label on the page, at the top under the running head.",
630,2012-09-12_r15,2012-09-12_r15_ORDINARIA.pdf,36,Sr. Presidente,Sr. Presidente.-,yes,yes,same-paragraph,none,high,"En consideración la moción de preferencia. Si no se hace uso de la palabra,","""Si no se hace uso de la palabra,"" continues the same chair turn in the following unlabelled paragraph.",
631,2012-09-12_r15,2012-09-12_r15_ORDINARIA.pdf,57,Sr. Cano,Sr. Cano.-,yes,yes,same-paragraph,none,high,"Señora presidenta: en primer lugar, se pretendió endilgarle a ciertos medios de comunicación una",Follows the chair label Sra. Presidenta (Rojkés de Alperovich).- giving him the floor.,
632,2012-09-12_r15,2012-09-12_r15_ORDINARIA.pdf,94,Sr. Verna,Sr. Verna.-,yes,yes,same-paragraph,none,high,Señor presidente: uno de los temas planteados fue sobre el origen de esta ley,Opens the closing-speech turn right after the chair gives him the floor.,
633,2012-10-03_r16,2012-10-03_r16_ORDINARIA.pdf,15,Sr. Presidente,Sr. Presidente.-,yes,yes,same-paragraph,none,high,Tiene la palabra el senador Juez.,"A Sr. Pichetto.- interjection follows before the Sr. Juez turn, but the quoted words are the chair's own line.",
634,2012-10-03_r16,2012-10-03_r16_ORDINARIA.pdf,29,Sr. Cimadevilla,Sr. Cimadevilla.-,yes,yes,same-paragraph,none,high,Señor presidente: creo que este pedido de acuerdos que se están solicitando para jueces,"Page carries a footnote ""Ver el Apéndice."" at the bottom, outside the quoted paragraph.",
635,2012-10-03_r16,2012-10-03_r16_ORDINARIA.pdf,94,Sr. Pichetto,Sr. Pichetto.-,yes,yes,same-paragraph,none,high,"Lo que digo es que no constituye el mejor ejemplo. Finalmente, presidente: creemos que","""Finalmente, presidente:..."" continues the same turn in the next unlabelled paragraph.",
636,2012-10-03_r16,2012-10-03_r16_ORDINARIA.pdf,99,Sra. Escudero,Sra. Escudero.-,yes,yes,same-paragraph,none,high,"Obviamente, estamos ante un momento en el que hay un gran consenso social en",Directly after the chair label Sra. Presidenta (Rojkés de Alperovich).- giving her the floor.,
637,2012-10-17_r17,2012-10-17_r17_ORDINARIA.pdf,24,Sra. Presidenta (Rojkés de Alperovich),Sra. Presidenta (Rojkés de Alperovich).-,yes,yes,same-paragraph,none,high,Tiene la palabra el señor senador Lores.,"Same chair label appears several times on the page; the one governing these words is the third, just before the Sr. Lores turn.",
638,2012-10-25_r18,2012-10-25_r18_ESPECIAL.pdf,34,Sr. Presidente,Sr. Presidente.-,yes,yes,same-paragraph,none,high,"Para una interrupción, tiene la palabra el señor senador Pichetto.",Chair grants the interruption to Pichetto; a similar line for senator Morales appears later on the same page.,
639,2012-10-31_r19,2012-10-31_r19_ORDINARIA.pdf,9,Sr. Presidente,Sr. Presidente.-,yes,yes,same-paragraph,none,high,Tiene la palabra el senador Pichetto,Top-of-page chair line giving Pichetto the floor.,
640,2012-10-31_r19,2012-10-31_r19_ORDINARIA.pdf,19,Sra. Estenssoro,Sra. Estenssoro.-,yes,yes,same-paragraph,none,high,"Señor presidente: en primer lugar, quiero agradecer al bloque radical por haberme pedido que","Last labelled paragraph on the page, after the chair gives her the floor.",
641,2012-10-31_r19,2012-10-31_r19_ORDINARIA.pdf,48,Sra. Presidenta (Rojkés de Alperovich),Sra. Presidenta (Rojkés de Alperovich).-,yes,yes,same-paragraph,none,high,La senadora Fellner le solicita una interrupción. ¿Se la concede?,Chair relays Fellner's request; the answering turn is labelled Sra. Escudero.-.,
642,2012-10-31_r19,2012-10-31_r19_ORDINARIA.pdf,169,Sr. Castillo,Sr. Castillo.-,yes,yes,same-paragraph,none,high,"Fue Juan sin Tierra. Y lo destituyeron. Pero hubo otra revolución, poco tiempo después,","Answers the Sr. Pichetto.- interjection ""Juan sin Tierra.""; the revolution sentence continues the same turn.",
643,2012-11-14_r20,2012-11-14_r20_ORDINARIA.pdf,36,Sr. Verna,Sr. Verna.-,yes,yes,same-paragraph,none,high,"¿Me permite una interrupción, señor presidente?","Near the foot of the page, between two Sr. Presidente (Morales).- lines.",
644,2012-11-14_r20,2012-11-14_r20_ORDINARIA.pdf,43,Sra. Presidenta (Rojkés de Alperovich),Sra. Presidenta (Rojkés de Alperovich).-,yes,yes,same-paragraph,none,high,Tiene la palabra el senador Giustiniani.,The chair line immediately before the Sr. Giustiniani.- turn on this page.,
645,2012-11-14_r20,2012-11-14_r20_ORDINARIA.pdf,67,Sr. Morales,Sr. Morales.-,yes,yes,same-paragraph,none,high,El 17 de octubre dejó de ser el Día de la Lealtad.,"One-line interjection during the vote, between chair lines.",
646,2012-11-14_r20,2012-11-14_r20_ORDINARIA.pdf,125,Sr. Morales,Sr. Morales.-,yes,yes,same-paragraph,none,high,Señora presidenta: quedarían por votar los de 2011. Serían los órdenes del día 120,"Last labelled paragraph on the page; footnotes ""Ver el Apéndice."" sit below it, outside the paragraph.",
647,2012-11-28_r21,2012-11-28_r21_ORDINARIA.pdf,21,Sr. Presidente,Sr. Presidente.-,yes,yes,same-paragraph,none,high,Tiene la palabra el señor senador Giustiniani.,Chair gives Giustiniani the floor after the Cimadevilla turn.,
648,2012-11-28_r21,2012-11-28_r21_ORDINARIA.pdf,81,Sr. Presidente,Sr. Presidente.-,yes,yes,same-paragraph,none,high,Este es un caso. Se va a votar la moción de reconsideración formulada por,"""Se va a votar la moción..."" continues the same chair turn in the next unlabelled paragraph.",
649,2012-11-28_r21,2012-11-28_r21_ORDINARIA.pdf,88,Sr. Presidente,Sr. Presidente.-,yes,yes,same-paragraph,none,high,Corresponde pasar a la votación en general y en particular.,"Chair line right after the ""- Asentimiento."" stage direction.",
650,2012-11-28_r21,2012-11-28_r21_ORDINARIA.pdf,97,Sr. Cano,Sr. Cano.-,yes,yes,same-paragraph,none,high,"Señor presidente: asimismo, debería incluirse entre los asuntos a ser tratados sobre tablas el",Follows the chair line giving senator Cano the floor.,
651,2012-11-29_r22,2012-11-29_r22_ORDINARIA.pdf,44,Sra. Presidenta (Rojkés de Alperovich),Sra. Presidenta (Rojkés de Alperovich).-,yes,yes,same-paragraph,none,high,Senadora: le solicita una interrupción la senadora por San Luis.,Third bold label from the bottom group; words start immediately after the label.,
652,2012-11-29_r22,2012-11-29_r22_ORDINARIA.pdf,55,Sr. Verna,Sr. Verna.-,yes,yes,same-paragraph,none,high,Señora presidenta: la senadora ha manifestado que no pertenece al bloque del Frente para,Verna speaks during an interruption granted by Giustiniani; label opens the paragraph.,
653,2012-12-19_r23,2012-12-19_r23_EXTRAORDINARIA.pdf,17,Sr. Guinle,Sr. Guinle.-,yes,yes,same-paragraph,none,high,"Señor presidente: quiero hacer un breve informe. Se ha procedido a emitir dictámenes, que",Follows the bold section title ACUERDOS and the presiding officer's call.,
654,2013-02-21_r24,2013-02-21_r24_EXTRAORDINARIA.pdf,58,Sr. Fernández,Sr. Fernández.-,yes,yes,same-paragraph,none,high,"¿Cómo sabe, senador, que no le sirve?","First Fernández line on the page, an interjection inside Basualdo's speech.",
655,2013-03-20_r03,2013-03-20_r03_ORDINARIA.pdf,31,Sr. Petcoff Naidenoff,Sr. Petcoff Naidenoff. -,yes,yes,same-paragraph,none,high,"Señor presidente: de alguna manera, se avanzó, como lo ha dicho el miembro informante,",This session prints a space between the period and the dash; transcribed as printed.,
656,2013-03-20_r03,2013-03-20_r03_ORDINARIA.pdf,45,Sr. Fernández,Sr. Fernández. -,yes,yes,same-paragraph,none,high,Lo que digo es que la mayor profundización en términos de leyes de trabajo,"Several Fernández turns on the page; the quoted words open the one after ""Silencio, por favor"".",
657,2013-03-20_r03,2013-03-20_r03_ORDINARIA.pdf,78,Sr. Presidente,Sr. Presidente. -,yes,yes,same-paragraph,none,high,La señora senadora Fellner le solicita una interrupción. ¿Se la concede?,Presiding officer relaying Fellner's request for an interruption.,
658,2013-03-20_r03,2013-03-20_r03_ORDINARIA.pdf,81,Sr. Mansilla,Sr. Mansilla. -,yes,yes,same-paragraph,none,high,"Señor presidente: la verdad es que para nosotros, de aprobarse esta iniciativa, sería un",Turn opens right after the presiding officer gives Mansilla the floor.,
659,2013-04-17_r04,2013-04-17_r04_ESPECIAL.pdf,27,Sr. Pichetto,Sr. Pichetto.-,yes,yes,same-paragraph,none,high,No le estoy haciendo un reproche. Usted está circunstancialmente ocupando la Presidencia…,Exchange with Sr. Presidente (Marino); the quoted words open a Pichetto paragraph.,
660,2013-04-17_r04,2013-04-17_r04_ESPECIAL.pdf,57,Sra. Presidenta (Rojkés de Alperovich),Sra. Presidenta (Rojkés de Alperovich).-,yes,yes,same-paragraph,none,high,Tiene la palabra la senadora Escudero.,Single one-line turn giving Escudero the floor.,
661,2013-04-17_r04,2013-04-17_r04_ESPECIAL.pdf,84,Sr. Presidente,Sr. Presidente.-,yes,yes,same-paragraph,none,high,Le solicito que vaya redondeando.,One-line turn asking the speaker to wrap up.,
662,2013-04-17_r04,2013-04-17_r04_ESPECIAL.pdf,143,Sr. Presidente,Sr. Presidente.-,yes,yes,same-paragraph,none,high,Tiene la palabra el señor senador Pichetto.,"One-line turn giving Pichetto the floor, after Morales' speech.",
663,2013-04-18_r05,2013-04-18_r05_ESPECIAL.pdf,39,Sra. Presidenta (Rojkés de Alperovich),Sra. Presidenta (Rojkés de Alperovich).-,yes,yes,same-paragraph,none,high,Continúa en uso de la palabra el senador Rached.,"Printed as ""Continúa en uso de la palabra el senador Rached."" at the top of the page.",
664,2013-04-18_r05,2013-04-18_r05_ESPECIAL.pdf,60,Sra. Presidenta (Rojkés de Alperovich),Sra. Presidenta (Rojkés de Alperovich).-,yes,yes,same-paragraph,none,high,"Senador, el señor senador Pérez Alsina le pide una interrupción.",Presiding officer relaying Pérez Alsina's request to Guinle.,
665,2013-04-24_r06,2013-04-24_r06_ORDINARIA.pdf,67,Sr. Presidente,Sr. Presidente.-,yes,yes,same-paragraph,none,high,"Está bien. En primer lugar, se va a votar en general por medios electrónicos.","""Está bien."" opens the labelled paragraph; the vote sentence continues the same turn on the next line.",
666,2013-04-24_r06,2013-04-24_r06_ORDINARIA.pdf,74,Sr. Fernández,Sr. Fernández.-,yes,yes,same-paragraph,none,high,Señor presidente: este proyecto no tiene dictamen de la Comisión de Presupuesto y Hacienda.,Turn opens right after the presiding officer gives Fernández the floor.,
667,2013-05-22_r08,2013-05-22_r08_ORDINARIA.pdf,28,Sra. Montero,Sra. Montero.-,yes,yes,same-paragraph,none,high,"El asunto es que, si bajan las exportaciones, él baja mucho más las importaciones.",Label reprinted just after the stage direction about Marino taking the chair.,
668,2013-06-05_r10,2013-06-05_r10_INFORMATIVA_ESPECIAL.pdf,20,Sr. Martínez,Sr. Martínez.-,yes,yes,same-paragraph,none,high,"Gracias, señor presidente. Voy a ser muy sintético, esencialmente, porque de todas las preguntas","""Gracias, señor presidente."" appears twice on the page but both times under Sr. Martínez.-; the second, near the foot, carries ""Voy a ser muy sintético"".",
669,2013-07-03_r12,2013-07-03_r12_ORDINARIA.pdf,44,Sra. Morandini,Sra. Morandini.-,yes,yes,same-paragraph,none,high,La verdad es que así no podemos seguir.,"One-line turn right after the stage direction ""- Varios señores senadores hablan a la vez.""",
670,2013-07-03_r12,2013-07-03_r12_ORDINARIA.pdf,84,Sr. Martínez,Sr. Martínez.-,yes,yes,same-paragraph,none,high,Señor presidente: por supuesto que desde la Unión Cívica Radical adherimos a este proyecto,"Last labelled turn on the page, running to the foot.",
671,2013-07-03_r12,2013-07-03_r12_ORDINARIA.pdf,85,Sra. Negre de Alonso,Sra. Negre de Alonso.-,yes,yes,same-paragraph,none,high,Señor presidente: ¿tiene dictamen este proyecto?,First Negre de Alonso turn after the bold section title about student centres.,
672,2013-07-31_r13,2013-07-31_r13_ESPECIAL.pdf,23,Sr. Petcoff Naidenoff,Sr. Petcoff Naidenoff.-,yes,yes,same-paragraph,none,high,"Es cierto que no tiene despacho, pero el compromiso fue justamente que el cuerpo",Last turn before the bold section title numbered 7.,
673,2013-07-31_r13,2013-07-31_r13_ESPECIAL.pdf,28,Sra. Presidenta (Rojkés de Alperovich),Sra. Presidenta (Rojkés de Alperovich).-,yes,yes,same-paragraph,none,high,Tiene la palabra la señora senadora Díaz.,Immediately after the bold section title MOCIÓN DE PREFERENCIA.,
674,2013-07-31_r13,2013-07-31_r13_ESPECIAL.pdf,75,Sr. Secretario (Estrada),Sr. Secretario (Estrada).-,yes,yes,same-paragraph,none,high,Se registran 55 votos por la afirmativa y 3 por la negativa.,Vote count announced after the italic direction about electronic voting.,
675,2013-09-12_r15,2013-09-12_r15_ORDINARIA.pdf,83,Sr. Presidente,Sr. Presidente.-,yes,yes,same-paragraph,none,high,"Lo vamos a poner en la misma votación, en general y en particular. Tiene","""Tiene"" begins the continuation line ""Tiene la palabra la señora senador Riofrío."" within the same turn.",
676,2013-10-09_r16,2013-10-09_r16_ESPECIAL.pdf,12,Sra. Presidenta (Rojkés de Alperovich),Sra. Presidenta (Rojkés de Alperovich).-,yes,yes,same-paragraph,none,high,"Aprobado. En consideración en general. Si no se hace uso de la palabra, se","ambiguous - the same wording is printed twice on page 12 (once after the Frente para la Victoria bloc item, once after the Greenpeace item), but both occurrences carry this identical label.",
677,2013-10-09_r16,2013-10-09_r16_ESPECIAL.pdf,12,Sra. Presidenta (Rojkés de Alperovich),Sra. Presidenta (Rojkés de Alperovich).-,yes,yes,same-paragraph,none,high,"Aprobado. En consideración en general. Si no se hace uso de la palabra, se","ambiguous - two occurrences on page 12, both under this same label; label is printed ""Presidenta"" here.",
678,2013-10-09_r16,2013-10-09_r16_ESPECIAL.pdf,50,Sr. Vera,Sr. Vera.-,yes,yes,same-paragraph,none,high,"Señora presidenta: procuraré ser breve, como siempre. Me referiré a cuatro o cinco aspectos",Label opens the turn immediately before the quoted words.,
679,2013-10-09_r16,2013-10-09_r16_ESPECIAL.pdf,54,Sra. Di Perna,Sra. Di Perna.-,yes,yes,same-paragraph,none,high,"Sí, un segundito. Decía que no figura en las planillas del ENOHSA, donde sí",Quoted words follow the label directly on page 54.,
680,2013-10-09_r16,2013-10-09_r16_ESPECIAL.pdf,105,Sr. Mayans,Sr. Mayans.-,yes,yes,same-paragraph,none,high,"Con relación a la coparticipación, a la parte federal de la que se habla,",Label opens the paragraph containing the quoted words.,
681,2013-10-09_r16,2013-10-09_r16_ESPECIAL.pdf,107,Sr. Basualdo,Sr. Basualdo.-,yes,yes,same-paragraph,none,high,¿Me permite una interrupción corta?,One-line interruption printed under its own label.,
682,2013-10-09_r16,2013-10-09_r16_ESPECIAL.pdf,107,Sr. Mayans,Sr. Mayans.-,yes,yes,same-paragraph,none,high,"No, ni corta ni larga.","The line reads ""No, ni corta ni larga. (Risas.)""; the laughter note is a stage direction, not furniture.",
683,2013-10-09_r16,2013-10-09_r16_ESPECIAL.pdf,119,Sra. Estenssoro,Sra. Estenssoro.-,yes,yes,same-paragraph,none,high,Se ha hablado mucho y miembros del oficialismo han hablado de este modelo de,Label opens the interruption turn granted by the chair just above.,
684,2013-11-13_r17,2013-11-13_r17_ORDINARIA.pdf,41,Sra. Presidenta(Rojkés de Alperovich),Sra. Presidenta(Rojkés de Alperovich).-,yes,yes,same-paragraph,none,high,Tiene la palabra el senador Romero.,"Printed with no space between ""Presidenta"" and the opening parenthesis; verified by magnifying the line.",
685,2013-11-13_r17,2013-11-13_r17_ORDINARIA.pdf,44,Sra. Presidenta (Rojkés de Alperovich),Sra. Presidenta (Rojkés de Alperovich).-,yes,yes,same-paragraph,none,high,En consideración. Tiene la palabra el señor senador Cano.,"The quoted words run across two printed lines of the same turn (""En consideración."" then the indented ""Tiene la palabra el señor senador Cano."").",
686,2013-11-13_r17,2013-11-13_r17_ORDINARIA.pdf,82,Sra. Presidenta (Rojkés de Alperovich),Sra. Presidenta (Rojkés de Alperovich).-,yes,yes,same-paragraph,none,high,Tiene la palabra el señor senador Filmus.,Label immediately precedes the quoted words on page 82.,
687,2013-11-27_r18,2013-11-27_r18_ESPECIAL.pdf,13,Sr. Presidente,Sr. Presidente.-,yes,yes,earlier-on-page,none,high,Señor senador nacional electo por la provincia de Río Negro Miguel Ángel Pichetto: ¿juráis,"The oath paragraph is an indented continuation of the chair's turn opened a few lines above; the following label is the reply ""Sr. Senador electo Pichetto.-"".",
688,2013-11-27_r19,2013-11-27_r19_ESPECIAL.pdf,140,Sr. Presidente,Sr. Presidente.-,yes,yes,same-paragraph,none,high,"Le pide una interrupción el senador Guinle, senador.",Label opens the line containing the quoted words.,
689,2013-12-04_r20,2013-12-04_r20_ORDINARIA.pdf,7,Sr. Pichetto,Sr. Pichetto.-,yes,yes,same-paragraph,none,high,"Yo no leí su proyecto. Coincido, y nuestro bloque va a coincidir, en el",Label opens the interruption turn containing the quoted words.,
690,2013-12-04_r20,2013-12-04_r20_ORDINARIA.pdf,46,Sr. Prosecretario (Borsani),Sr. Prosecretario (Borsani).-,yes,yes,same-paragraph,none,high,"Entonces, se pone en votación el orden del día 918.",Label immediately precedes the quoted words near the foot of page 46.,
691,2013-12-18_r21,2013-12-18_r21_EXTRAORDINARIA.pdf,77,Sr. Presidente,Sr. Presidente.-,yes,yes,same-paragraph,none,high,"Si no hay ningún senador o senadora más que quiera emitir opinión, vamos a",Label opens the paragraph containing the quoted words.,
692,2013-12-18_r21,2013-12-18_r21_EXTRAORDINARIA.pdf,96,Sr. Presidente,Sr. Presidente.-,yes,yes,same-paragraph,none,high,"Para una interrupción, tiene la palabra el señor senador Sanz.","ambiguous - the identical sentence is printed twice on page 96 (once after Guinle grants Sanz an interruption mid-page, once near the foot), but both carry this same label.",
693,2013-12-18_r21,2013-12-18_r21_EXTRAORDINARIA.pdf,96,Sr. Presidente,Sr. Presidente.-,yes,yes,same-paragraph,none,high,"Para una interrupción, tiene la palabra el señor senador Sanz.","ambiguous - two identical occurrences on page 96, both under this same label.",
694,2013-12-18_r21,2013-12-18_r21_EXTRAORDINARIA.pdf,99,Sr. Morales,Sr. Morales.-,yes,yes,same-paragraph,none,high,"Corresponde que lo ponga a consideración, después vemos si llegamos o no.",Label opens the line containing the quoted words.,
695,2014-02-28_r01,2014-02-28_r01_PREPARATORIA.pdf,7,Sr. Castillo,Sr. Castillo.-,yes,yes,same-paragraph,none,high,"Señor presidente: tal como lo adelanté en labor parlamentaria, yo represento al Frente Cívico",Label opens the turn containing the quoted words on page 7.,
696,2014-03-01_r00,2014-03-01_r00_ASAMBLEA.pdf,15,Sra. Presidenta de la Nación,Sra. Presidenta de la Nación. –,yes,yes,previous-page,none,high,"Pero esto se produce también en otros sectores de la economía, donde se reservan","Turn opens on printed page 6; pages 7 through 15 carry no further label, so this one governs the words on page 15.",
697,2014-03-01_r00,2014-03-01_r00_ASAMBLEA.pdf,20,Sra. Presidenta de la Nación,Sra. Presidenta de la Nación. –,yes,yes,previous-page,none,high,"Esto incluye la seguridad social, incluye PAMI. Ustedes dirán: ¿cómo, PAMI? PAMI atiende a","Same unbroken turn from printed page 6; no label appears on pages 7 through 20, where the quoted words sit.",
698,2014-03-12_r03,2014-03-12_r03_INFORMATIVA_ESPECIAL.pdf,52,Sr. Jefe de Gabinete de Ministros,Sr. Jefe de Gabinete de Ministros.-,yes,yes,same-paragraph,none,high,"Porque, justamente, hay controversia de partes. Aparte, lo que le quiero transmitir es que",Label opens the paragraph containing the quoted words on page 52.,
699,2014-03-12_r03,2014-03-12_r03_INFORMATIVA_ESPECIAL.pdf,86,Sra. Negre de Alonso,Sra. Negre de Alonso.–,yes,yes,same-paragraph,none,high,Le pido que se lo entregue al secretario parlamentario para que lo incorporen a,"The period and dash after the bold name are set in roman type as "".–"", unlike the "".-"" used in this speaker's other turns on the same page; verified by magnifying the line.",
700,2014-03-12_r03,2014-03-12_r03_INFORMATIVA_ESPECIAL.pdf,111,Sr. Jefe de Gabinete de Ministros,Sr. Jefe de Gabinete de Ministros.-,yes,yes,same-paragraph,none,high,Le respondo muy rápidamente. Respecto del tema de los barcos regasificadores el objetivo es,"Label opens the final turn on page 111, which contains the quoted words.",
701,2014-03-12_r03,2014-03-12_r03_INFORMATIVA_ESPECIAL.pdf,121,Sr. Jefe de Gabinete de Ministros,Sr. Jefe de Gabinete de Ministros.-,yes,yes,same-paragraph,none,high,"Las leyes rigen para el futuro; una vez sancionadas rigen, y en virtud de",Short exchange; the label opens the very paragraph holding the words.,
702,2014-03-12_r03,2014-03-12_r03_INFORMATIVA_ESPECIAL.pdf,145,Sr. Pichetto,Sr. Pichetto.-,yes,yes,same-paragraph,none,high,Diez puntos arriba de la inflación.,One-line turn near the foot of the page; next label is Sr. Giustiniani.-,
703,2014-03-12_r03,2014-03-12_r03_INFORMATIVA_ESPECIAL.pdf,161,Sr. Presidente,Sr. Presidente.-,yes,yes,same-paragraph,none,high,"Me gustaría que esta experiencia, que salió bien…",One-line turn answered immediately by Sr. Mayans.-,
704,2014-03-26_r04,2014-03-26_r04_ESPECIAL.pdf,115,Sr. Santilli,Sr. Santilli. –,yes,yes,same-paragraph,none,high,"Señor presidente: como decía el senador Verna, somos nuevos. El bloque que me toca",Label sits directly before the quoted words.,
705,2014-04-09_r05,2014-04-09_r05_ORDINARIA.pdf,11,Sr. Presidente,Sr. Presidente. –,yes,yes,same-paragraph,none,high,"Respecto del tratamiento de los retiros, tiene la palabra el señor senador Pichetto.",The chair hands the floor to Pichetto; next label is Sr. Pichetto. –,
706,2014-04-09_r05,2014-04-09_r05_ORDINARIA.pdf,14,Sra. Higonet,Sra. Higonet. –,yes,yes,same-paragraph,none,high,Señor presidente: entiendo la preocupación que ha expresado el senador Marino. La verdad es,Label opens the paragraph holding the quoted words.,
707,2014-04-30_r06,2014-04-30_r06_ORDINARIA.pdf,52,Sr. Presidente,Sr. Presidente. –,yes,yes,same-paragraph,none,high,"Vamos a poner a votación los restantes artículos del título II, que son los",Page has many alternating Presidente/Secretario turns; this is the one opening the quoted sentence.,
708,2014-05-07_r07,2014-05-07_r07_INFORMATIVA_ESPECIAL.pdf,4,Sr. Pereyra,Sr. Pereyra. –,yes,yes,same-paragraph,none,high,Señor presidente: le hacemos llegar nuestro sentido pésame a la senadora por el fallecimiento,"Similar condolence wording appears in neighbouring turns, but this exact sentence is only under Sr. Pereyra.",
709,2014-05-07_r07,2014-05-07_r07_INFORMATIVA_ESPECIAL.pdf,25,Sra. Montero,Sra. Montero. –,yes,yes,same-paragraph,none,high,"Es que si no miran los problemas de la Argentina, no los pueden atacar",Last speaking turn on the page.,
710,2014-05-07_r07,2014-05-07_r07_INFORMATIVA_ESPECIAL.pdf,33,Sr. Sanz,Sr. Sanz. –,yes,yes,same-paragraph,none,high,Y cuando quiere ocultar la realidad no nos dice cuál es el índice de,"Rapid question-and-answer exchange; the words open a Sanz turn, answered by Sr. Jefe de Gabinete de Ministros.",
711,2014-05-07_r07,2014-05-07_r07_INFORMATIVA_ESPECIAL.pdf,119,Sra. Negre de Alonso,Sra. Negre de Alonso. –,yes,yes,same-paragraph,none,high,¡Le envían a San Luis lo que le corresponde!,"A near-identical line, ""¡Le mandan lo que corresponde!"", appears a few lines earlier under the same label; the quoted wording with ""envían a San Luis"" is the later one.",
712,2014-05-12_r00,2014-05-12_r00_REUNION_CONJ_AMBAS_CAMARAS.pdf,9,Sra. Presidenta de la República de Chile (Bachelet),Sra. Presidenta de la República de Chile (Bachelet). –,yes,yes,previous-page,"""(aplausos)"" printed inside the same paragraph, plus the running head and ""Dirección General de Taquígrafos"" at the page breaks",high,"porque sabemos que sin gratuidad la educación termina siendo un bien de consumo. Entonces,","Turn opens on printed page 7; no new label appears on pages 8 or 9, so it carries forward.",
713,2014-05-21_r08,2014-05-21_r08_ORDINARIA.pdf,23,Sr. Morales,Sr. Morales. –,yes,yes,same-paragraph,none,high,Señor presidente: también desde el bloque de la Unión Cívica Radical queremos adherir a,Several senators give similar welcome speeches on this page; this exact wording is under Morales.,
714,2014-05-28_r09,2014-05-28_r09_ORDINARIA.pdf,5,Sr. Castillo,Sr. Castillo.-,yes,yes,same-paragraph,none,high,"Señor presidente: con el debido respeto, porque se trata de la muerte de un",Label immediately precedes the quoted words.,
715,2014-05-28_r09,2014-05-28_r09_ORDINARIA.pdf,19,Sr. Artaza,Sr. Artaza.-,yes,yes,same-paragraph,none,high,"Señor presidente: ya adelantó el señor senador Rozas, de nuestro bloque, que vamos a",Label immediately precedes the quoted words.,
716,2014-05-28_r09,2014-05-28_r09_ORDINARIA.pdf,77,Sr. Presidente,Sr. Presidente.-,yes,yes,same-paragraph,none,high,"Senador, le pido, por favor, si puede ir redondeando.",One-line interruption of Petcoff Naidenoff by the chair.,
717,2014-07-02_r10,2014-07-02_r10_ORDINARIA.pdf,31,Sr. Presidente (Zamora),Sr. Presidente (Zamora).-,yes,yes,same-paragraph,none,medium,En consideración. Los que estén por la afirmativa…,"The words span the label's own line (""En consideración."") and the indented continuation line; ""Los que estén por la afirmativa…"" alone also appears at the top of the page and again lower down, all under Sr. Presidente (Zamora), so the reading is not affected.",
718,2014-07-02_r10,2014-07-02_r10_ORDINARIA.pdf,89,Sra. Higonet,Sra. Higonet.-,yes,yes,same-paragraph,none,high,Señor presidente: estamos tratando la segunda etapa del Plan de Inclusión Previsional. Como siempre,First line of the page; the label opens the page.,
719,2014-07-02_r10,2014-07-02_r10_ORDINARIA.pdf,100,Sra. Elías de Perez,Sra. Elías de Perez.-,yes,yes,same-paragraph,none,high,"El espíritu que anima a esta norma, sin duda alguna, lo compartimos. Desde nuestro","Printed ""Perez"" without an accent; transcribed as printed.",
720,2014-08-06_r12,2014-08-06_r12_INFORMATIVA_ESPECIAL.pdf,3,Sr. Presidente,Sr. Presidente.-,yes,yes,same-paragraph,none,high,Se incorporará en el Diario de Sesiones el decreto de la Presidencia convocando a,"Paragraph ends with footnote marker 1 pointing to ""Ver el Apéndice.""",
721,2014-09-03_r13,2014-09-03_r13_ESPECIAL.pdf,270,Sr. Presidente (Artaza),Sr. Presidente (Artaza).-,yes,yes,same-paragraph,none,high,"Acá, en la parte de sanciones, por favor. Después, con relación al permiso para",The quotation runs from the label's own line into the next indented paragraph of the same turn.,
722,2014-09-03_r13,2014-09-03_r13_ESPECIAL.pdf,298,Sr. Morales,Sr. Morales.-,yes,yes,same-paragraph,none,high,"Gracias, presidente. Me parece que hay varios temas centrales y uno es el que",Label immediately precedes the quoted words.,
723,2014-09-17_r14,2014-09-17_r14_ORDINARIA.pdf,24,Sra. Montero,Sra. Montero.-,yes,yes,same-paragraph,none,high,Es un planteo. Y es un planteo de corte institucional. Es un planteo de,"Page prints the sentence as ""Es un planteo de neto corte institucional""; the label is unambiguous.",
724,2014-09-17_r14,2014-09-17_r14_ORDINARIA.pdf,75,Sr. Secretario (Estrada),Sr. Secretario (Estrada).-,yes,yes,earlier-on-page,"""- Los órdenes del día en consideración, cuyos textos se incluyen en el Apéndice, son los siguientes:"" (italic stage direction between the label and the quoted words)",high,": Denominación de un puente carretero ubicado en la ruta nacional 40, en Neuquén,","The leading colon belongs to ""son los siguientes:""; the list of bills reads under the Secretary's turn, the next label being Sr. Presidente.-",
725,2014-10-22_r17,2014-10-22_r17_INFORMATIVA_ESPECIAL.pdf,30,Sr. Sanz,Sr. Sanz.-,yes,yes,same-paragraph,none,high,Voy a volver sobre este tema porque no sé si el senador Linares se,First line of the page; the label opens the page.,
726,2014-10-22_r17,2014-10-22_r17_INFORMATIVA_ESPECIAL.pdf,74,Sra. Negre de Alonso,Sra. Negre de Alonso.-,yes,yes,same-paragraph,94 (superscript footnote reference at the end of the labelled line),high,"Soy abuela, senador, estoy muy actualizada. 94 ¿Por qué digo esto, señor jefe de","Label is the first line of the page, directly under the running head; the ""¿Por qué digo esto..."" sentence is the next paragraph of the same turn.",
727,2014-10-29_r18,2014-10-29_r18_ORDINARIA.pdf,24,Sr. Secretario (Estrada),Sr. Secretario (Estrada).-,yes,yes,same-paragraph,none,high,"Son los proyectos S.-1.495/14, C.D.-64/13, S.-2.359/13 y C.D.-184/12. Es necesario aclarar que en los","""Es necesario aclarar..."" is the following paragraph of the same Secretario turn, before the next label ""Sr. Presidente.-"".",
728,2014-10-29_r18,2014-10-29_r18_ORDINARIA.pdf,50,Sr. Presidente (Zamora),Sr. Presidente (Zamora).-,yes,yes,same-paragraph,none,high,Tiene la palabra el senador Barrionuevo.,"Single-line turn; the next line opens ""Sr. Barrionuevo.-"".",
729,2014-10-29_r18,2014-10-29_r18_ORDINARIA.pdf,62,Sra. Borello,Sra. Borello.-,yes,yes,same-paragraph,none,high,Está pidiendo una interrupción. No hay problema.,"Fourth line of the page; the immediately preceding line is ""Sr. Presidente (Zamora).- Senadora Borello."".",
730,2014-12-03_r20,2014-12-03_r20_ORDINARIA.pdf,16,Sr. Presidente,Sr. Presidente.-,yes,yes,same-paragraph,none,high,Tiene la palabra la señora senadora Giménez.,"Sits under the bold section title ""4. Homenaje al Día del Médico"", after ""Sra. Giménez.- Pido la palabra."".",
731,2014-12-03_r20,2014-12-03_r20_ORDINARIA.pdf,21,Sr. Presidente,Sr. Presidente.-,yes,yes,same-paragraph,none,high,"En consideración. Si no se hace uso de la palabra, se va a votar.","ambiguous - the same words appear twice on this page (under section 12 and under section 13), both governed by ""Sr. Presidente.-""; reporting the first occurrence (section 12).",
732,2014-12-03_r20,2014-12-03_r20_ORDINARIA.pdf,21,Sr. Presidente,Sr. Presidente.-,yes,yes,same-paragraph,none,high,"En consideración. Si no se hace uso de la palabra, se va a votar.","ambiguous - identical wording occurs twice on the page (sections 12 and 13); both are ""Sr. Presidente.-"", so the label is the same either way.",
733,2014-12-03_r20,2014-12-03_r20_ORDINARIA.pdf,24,Sr. Secretario (Estrada),Sr. Secretario (Estrada).-,yes,yes,same-paragraph,none,high,"Órdenes del día 529 y 530, 551, 563, 568, 570, 573 a 587, 589","Under section title ""21. Tratamiento en conjunto de órdenes del día.""; preceding turn is ""Sr. Presidente.-"".",
734,2014-12-03_r20,2014-12-03_r20_ORDINARIA.pdf,31,Sr. Secretario (Estrada),Sr. Secretario (Estrada).-,yes,yes,same-paragraph,none,high,Corresponde considerar los órdenes del día que se acordaron en la reunión de labor,"Under section title ""24. Consideración en conjunto de órdenes del día.""",
735,2014-12-17_r22,2014-12-17_r22_ORDINARIA.pdf,89,Sr. Presidente,Sr. Presidente.-,yes,yes,same-paragraph,none,high,"Entonces, vamos a votar sólo el expediente C.D.-80/14. Tiene la palabra el señor senador","""Tiene la palabra el señor senador Morales."" is the next paragraph of the same turn, last line of the page.",
736,2015-02-12_r24,2015-02-12_r24_ESPECIAL.pdf,36,Sr. Presidente,Sr. Presidente.-,yes,yes,same-paragraph,none,high,"Sobre el dictamen corregido; o sea, sobre el dictamen final que obra sobre las","Immediately after ""Sr. Pichetto.- Sobre el dictamen reformado.""; a second ""Sr. Presidente.-"" line follows.",
737,2015-03-01_r00,2015-03-01_r00_ASAMBLEA.pdf,14,Sra. Presidenta de la Nación,Sra. Presidenta de la Nación.-,yes,yes,previous-page,none,high,"En este lapso, de ahí la confusión, los jubilados ganaban 150 pesos, 25 aumentos","Turn opens on printed page 7 under section ""5 . Mensaje de la señora presidenta de la Nación.""; pages 8-14 carry only running heads and ""(Aplausos.)"", no new label.",
738,2015-03-11_r02,2015-03-11_r02_ORDINARIA.pdf,23,Sr. Solanas,Sr. Solanas.-,yes,yes,same-paragraph,none,high,"Para evitar el argumento de que no recibimos público a favor o en contra,","Last labelled line of the page, right after ""Sr. Presidente.- Por favor, senador, Mayans.""",
739,2015-03-11_r02,2015-03-11_r02_ORDINARIA.pdf,33,Sra. Elías de Perez,Sra. Elías de Perez.-,yes,yes,same-paragraph,none,high,Señor presidente: la verdad es que cada uno de los senadores que representamos a,"Printed ""Perez"" without accent, as transcribed.",
740,2015-04-15_r03,2015-04-15_r03_ORDINARIA.pdf,12,Sr. Presidente,Sr. Presidente.-,yes,yes,same-paragraph,none,high,Así que ponemos a votación el cierre. La lista fue recogida por el señor,"Under section ""14. Reactivación de ferrocarriles de pasajeros y de cargas. (C.D.-3/15)"", after ""Sr. Pichetto.- Votemos el cierre.""",
741,2015-04-15_r03,2015-04-15_r03_ORDINARIA.pdf,20,Sr. Presidente,Sr. Presidente.-,yes,yes,same-paragraph,none,high,"Senadora Montero, por favor: para una interrupción tiene la palabra. Gracias, senador Morales.","""Gracias, senador Morales."" is the next paragraph of the same turn, before ""Sra. Montero.-"".",
742,2015-04-15_r03,2015-04-15_r03_ORDINARIA.pdf,30,Sra. Elías de Perez,Sra. Elías de Perez.-,yes,yes,same-paragraph,none,high,Señor presidente: prometo cumplir y ser muy breve. Mi visión de las cosas siempre,"""Mi visión de las cosas..."" is the following paragraph of the same turn.",
743,2015-04-15_r03,2015-04-15_r03_ORDINARIA.pdf,61,Sr. Secretario (Estrada),Sr. Secretario (Estrada).-,yes,yes,same-paragraph,none,high,Resultan 45 votos afirmativos y 10 negativos.,Second Estrada vote-count line on the page; the earlier one reads 53 affirmative and 2 negative.,
744,2015-05-27_r04,2015-05-27_r04_ORDINARIA.pdf,25,Sr. Giustiniani,Sr. Giustiniani.-,yes,yes,same-paragraph,none,high,Tal cual planteé en la reunión de labor parlamentaria –también tenía el acuerdo de,"Under section ""10. Manifestaciones"", after ""Sr. Presidente.- Tiene la palabra el senador Giustiniani.""",
745,2015-05-27_r04,2015-05-27_r04_ORDINARIA.pdf,26,Sr. Presidente,Sr. Presidente.-,yes,yes,same-paragraph,none,high,Continúa en uso de la palabra el senador Rozas.,"Single-line turn, immediately before ""Sr. Rozas.-"".",
746,2015-05-27_r04,2015-05-27_r04_ORDINARIA.pdf,30,Sra. Negre de Alonso,Sra. Negre de Alonso.-,yes,yes,same-paragraph,none,high,¿Se va a votar eso?,"Single-line turn between ""Sr. Bermejo.-"" turns.",
747,2015-05-27_r04,2015-05-27_r04_ORDINARIA.pdf,41,Sr. Pichetto,Sr. Pichetto.-,yes,yes,same-paragraph,none,high,Está la nómina distribuida. No hace falta su lectura.,"Last labelled line of the page, after a ""Sr. Secretario (Estrada).-"" turn.",
748,2015-05-27_r04,2015-05-27_r04_ORDINARIA.pdf,45,Sr. Secretario (Estrada),Sr. Secretario (Estrada).-,yes,yes,same-paragraph,none,high,Proyecto por el que se declara de interés nacional el Sistema de Educación Dual.,"Preceded by ""Sr. Presidente.- Número y tema, secretario, por favor; sin autor.""",
749,2015-05-27_r04,2015-05-27_r04_ORDINARIA.pdf,47,Sr. Secretario (Estrada),Sr. Secretario (Estrada).-,yes,yes,same-paragraph,none,high,Orden del Día Nº 165/15 por el que se modifica un artículo del Código,"Preceded by ""Sr. Pichetto.- Hay distintos proyectos de ley...""",
750,2015-05-27_r04,2015-05-27_r04_ORDINARIA.pdf,104,Sr. Presidente,Sr. Presidente.-,yes,yes,same-paragraph,none,high,"Tiene la palabra, senador Urtubey.","Printed as ""Sr. Presidente.- Tiene la palabra, senador Urtubey."", between two ""Sr. Urtubey.-"" turns.",
751,2015-05-27_r04,2015-05-27_r04_ORDINARIA.pdf,125,Sr. Giustiniani,Sr. Giustiniani.-,yes,yes,previous-page,none,high,"Nosotros, en aquel momento, dijimos y planteamos una primera pregunta que nos parece central:","Turn opens on page 124 (""Sr. Giustiniani.- Señor presidente: desde nuestro interbloque...""); no new label before the quoted words at the top of page 125.",
752,2015-05-27_r04,2015-05-27_r04_ORDINARIA.pdf,136,Sr. Morales,Sr. Morales.-,yes,yes,same-paragraph,none,high,Es para agregar un proyecto que se le ha planteado al senador Pichetto y,Label opens the paragraph containing the quoted words.,
753,2015-07-01_r05,2015-07-01_r05_ORDINARIA.pdf,22,Sr. Presidente,Sr. Presidente.-,yes,yes,same-paragraph,none,high,"Muy bien. Entonces, lo vamos a hacer en forma electrónica, porque se requieren dos","Near the bottom of page 22, after ""Sr. Morales.- Sí, señor presidente.""",
754,2015-07-01_r05,2015-07-01_r05_ORDINARIA.pdf,30,Sr. Secretario (Estrada),Sr. Secretario (Estrada).-,yes,yes,same-paragraph,none,high,Se registran 43 votos afirmativos y 19 negativos.,"Several near-identical vote-count lines on the page, but only this one reads ""43 votos afirmativos y 19 negativos""; all such lines carry the same secretary label.",
755,2015-07-01_r05,2015-07-01_r05_ORDINARIA.pdf,36,Sr. Morales,Sr. Morales.-,yes,yes,same-paragraph,none,high,"Muchas gracias, presidente. En primer lugar, destaco que la posición de nuestro bloque es","Label opens the turn with ""Muchas gracias, presidente.""; the rest of the quote continues in the next paragraph of the same turn.",
756,2015-07-01_r05,2015-07-01_r05_ORDINARIA.pdf,47,Sra. Fellner,Sra. Fellner.-,yes,yes,same-paragraph,none,high,Estoy hablando senador. Lo escuché tan atentamente… No perdí palabra suya y quisiera decirle,"The label is reprinted after the stage direction ""- Murmullos en el recinto.""; same speaker as earlier on the page.",
757,2015-07-29_r06,2015-07-29_r06_ORDINARIA.pdf,39,Sr. Godoy,Sr. Godoy.-,yes,yes,same-paragraph,none,high,…el Mercosur y tiene que ver con la patente.,"Short resumption line after the president's interjection ""¿Cuál es el tema, senador?"".",
758,2015-08-26_r07,2015-08-26_r07_ORDINARIA.pdf,35,Sr. Pichetto,Sr. Pichetto.-,yes,yes,same-paragraph,none,high,Nuestro bloque propone lo que señalé. Los dirigentes políticos tenemos mucha responsabilidad sobre los,"Label opens the turn with ""Nuestro bloque propone lo que señalé.""; the rest of the quote continues in the next paragraph.",
759,2015-08-26_r07,2015-08-26_r07_ORDINARIA.pdf,36,Sra. Montero,Sra. Montero.-,yes,yes,same-paragraph,none,high,"La propuesta concreta es que, si no están de acuerdo en una redacción común,",Label opens the paragraph containing the quoted words.,
760,2015-09-16_r08,2015-09-16_r08_ORDINARIA.pdf,8,Sr. Presidente,Sr. Presidente.-,yes,yes,same-paragraph,none,high,"Conforme a lo establecido en el artículo 10 del Reglamento de esta Honorable Cámara,","Paragraph follows the bold section heading ""3. Juramento de senadora electa por Tierra del Fuego, Antártida e Islas del Atlántico Sur.""",
761,2015-09-16_r08,2015-09-16_r08_ORDINARIA.pdf,10,Sr. Presidente,Sr. Presidente.-,yes,yes,same-paragraph,none,high,Tiene la palabra la señora senadora Negre de Alonso.,Second line of page 10; label opens the paragraph.,
762,2015-09-16_r08,2015-09-16_r08_ORDINARIA.pdf,19,Sr. Presidente,Sr. Presidente.-,yes,yes,same-paragraph,none,high,Voy a leer la lista y la ponemos a votación así la cerramos: senadores,"Last labelled turn on the page; printed with the bold ending at ""Presidente"" followed by "".-"".",
763,2015-10-07_r09,2015-10-07_r09_ORDINARIA.pdf,28,Sr. Cimadevilla,Sr. Cimadevilla.-,yes,yes,previous-page,(Risas.),high,Me hace acordar exactamente a esta mujer porque nunca tienen la culpa de nada,Turn opens on page 26; pages 27 and 28 carry no new label before the quoted words.,
764,2015-10-07_r09,2015-10-07_r09_ORDINARIA.pdf,56,Sr. Pichetto,Sr. Pichetto.-,yes,yes,same-paragraph,none,high,"No, porque voy a perder la ilación; salvo que sea un tema de aporte","Reply to ""Sra. Negre de Alonso.- ¿Me permite una interrupción?"".",
765,2015-10-07_r09,2015-10-07_r09_ORDINARIA.pdf,57,Sr. Presidente,Sr. Presidente.-,yes,yes,same-paragraph,none,high,Continúa en el uso de la palabra el señor senador Pichetto.,Label opens the paragraph containing the quoted words.,
766,2015-10-07_r09,2015-10-07_r09_ORDINARIA.pdf,57,Sra. Negre de Alonso,Sra. Negre de Alonso.-,yes,yes,same-paragraph,none,high,"Gracias, senador; y gracias, señor presidente. Casualmente, por todo lo que el senador Pichetto",First line of page 57; the quote continues into the following paragraph of the same turn.,
767,2015-10-07_r09,2015-10-07_r09_ORDINARIA.pdf,59,Sr. Kunath,Sr. Kunath.-,yes,yes,same-paragraph,none,high,Señor presidente: este proyecto que estamos considerando se trata de una media sanción venida,"Printed ""Sr. Kunath.-"" although the preceding line says ""la senadora Kunath""; transcribed as printed.",
768,2015-10-07_r09,2015-10-07_r09_ORDINARIA.pdf,75,Sr. Secretario (Estrada),Sr. Secretario (Estrada).-,yes,yes,same-paragraph,none,high,"Ah, sí. Tiene razón. Está primero.","Reply to ""Sra. Negre de Alonso.- No son todas transferencias..."".",
769,2015-10-28_r10,2015-10-28_r10_ORDINARIA.pdf,8,Sr. Abal Medina,Sr. Abal Medina.-,yes,yes,previous-page,none,high,"Quiero, en primera medida, y a los fines de presentar el proyecto de ley",Turn opens at the foot of page 7 under section 8; the quoted words are the first paragraph of page 8.,
770,2015-10-28_r10,2015-10-28_r10_ORDINARIA.pdf,15,Sr. Pichetto,Sr. Pichetto.-,yes,yes,same-paragraph,none,high,"Seré breve, porque también me parece importante enriquecer el debate. Según la CEPAL-OIT, la","Label opens the turn with ""Seré breve...""; the CEPAL-OIT sentence continues in the next paragraph of the same turn.",
771,2015-10-28_r10,2015-10-28_r10_ORDINARIA.pdf,30,Sra. Di Perna,Sra. Di Perna.-,yes,yes,same-paragraph,none,high,Señor presidente: mi intervención será muy breve. No quiero reiterar los aspectos de lo,"Label opens the paragraph, right after ""Sr. Presidente (Zamora).- Tiene la palabra la senadora Di Perna.""",
772,2015-11-25_r11,2015-11-25_r11_ORDINARIA.pdf,21,Sr. Presidente (Zamora),Sr. Presidente (Zamora).-,yes,yes,same-paragraph,none,high,Queda aprobado el ingreso de los mensajes.,"Follows the stage direction ""- Se practica la votación.""",
773,2015-11-25_r11,2015-11-25_r11_ORDINARIA.pdf,48,Sr. Presidente (Zamora),Sr. Presidente (Zamora).-,yes,yes,same-paragraph,none,high,Senadora Odarda: ¿podría aclarar cuál es la modificación?,Label opens the paragraph containing the quoted words.,
774,2015-11-25_r11,2015-11-25_r11_ORDINARIA.pdf,52,Sr. Presidente (Zamora),Sr. Presidente (Zamora).-,yes,yes,same-paragraph,none,high,"A continuación, corresponde votar en bloque los proyectos sobre tablas a solicitar, de acuerdo","Paragraph follows the bold section heading ""15. Proyectos sobre tablas a solicitar.""",
775,2015-12-03_r12,2015-12-03_r12_ESPECIAL.pdf,10,Sr. Presidente,Sr. Presidente.-,yes,yes,same-paragraph,none,high,"Senador Rozas, ¿está de acuerdo con la propuesta del senador Pichetto?","Label opens the paragraph, right after Castillo's turn ending with ""(Aplausos.)"".",
776,2015-12-03_r12,2015-12-03_r12_ESPECIAL.pdf,14,Sr. Pichetto,Sr. Pichetto.-,yes,yes,same-paragraph,none,high,Creo que está terminada la elección de autoridades. Ratificamos los días y horario de,"Label opens the turn under section title ""16. Ratificación de días y horas de sesiones.""; the quote runs on into the next indented paragraph of the same turn.",
777,2016-02-23_r15,2016-02-23_r15_EXTRAORDINARIA.pdf,11,Sr. Presidente (Pinedo),Sr. Presidente (Pinedo).-,yes,yes,same-paragraph,none,high,"Así se hará, señor senador. Informo que se ha tomado nota de quiénes son","""Así se hará, señor senador."" opens the turn; ""Informo que se ha tomado nota..."" is the next paragraph of the same turn.",
778,2016-02-23_r15,2016-02-23_r15_EXTRAORDINARIA.pdf,12,Sr. Presidente (Pinedo),Sr. Presidente (Pinedo).-,yes,yes,same-paragraph,"superscript footnote marker 7 after ""Aprobado por unanimidad."" (footnote at foot of page reads ""Ver el Apéndice."")",high,"Aprobado por unanimidad. Como no hay más asuntos que tratar, queda levantada la sesión.","Same turn continues into ""Como no hay más asuntos que tratar, queda levantada la sesión.""",
779,2016-04-27_r04,2016-04-27_r04_ESPECIAL.pdf,15,Sr. Fuentes,Sr. Fuentes.-,yes,yes,same-paragraph,none,high,¿Podemos cerrar la lista de oradores?,"Single-line turn between two ""Sr. Presidente (Zamora).-"" turns.",
780,2016-04-27_r04,2016-04-27_r04_ESPECIAL.pdf,54,Sr. Linares,Sr. Linares.-,yes,yes,same-paragraph,none,high,Señor presidente: la verdad es que cuando uno mira las estadísticas que nos han,"Turn opens at the foot of the page right after ""Sr. Presidente (Pinedo).- Tiene la palabra el senador Linares.""",
781,2016-06-01_r07,2016-06-01_r07_INFORMATIVA_ESPECIAL.pdf,20,Sr. Mera,Sr. Mera.-,yes,yes,same-paragraph,none,high,Muy buenas tardes al señor Jefe de Gabinete. Mucho de lo que tenía para,Quote continues into the following indented paragraph of the same turn at the foot of the page.,
782,2016-06-08_r08,2016-06-08_r08_ORDINARIA.pdf,45,Sra. Presidente,Sra. Presidente.-,yes,yes,same-paragraph,none,high,Resultan aprobados. Se consigna el voto afirmativo del senador Linares.,"Page prints ""Resultan aprobados."" twice, both under ""Sra. Presidente.-""; only the first is followed by ""Se consigna el voto afirmativo del senador Linares.""",
783,2016-06-08_r08,2016-06-08_r08_ORDINARIA.pdf,95,Sra. Presidente,Sra. Presidente.-,yes,yes,same-paragraph,none,high,Continúa la sesión. En consideración en general. Se procede a la votación de los,"The bold section heading ""3 / VOTACIÓN"" sits just above the label, not inside the paragraph.",
784,2016-06-15_r09,2016-06-15_r09_ESPECIAL.pdf,16,Sr. Petcoff Naidenoff,Sr. Petcoff Naidenoff.-,yes,yes,previous-page,none,high,"otorgó efectos propagativos, y con gobernadores de provincia que terminaron celebrando un acuerdo con",Turn opens at the foot of printed page 14; pages 15 and 16 carry no new label before the quoted words at the top of page 16.,
785,2016-06-15_r09,2016-06-15_r09_ESPECIAL.pdf,28,Sr. Presidente (Pinedo),Sr. Presidente (Pinedo).-,yes,yes,same-paragraph,none,high,Tiene la palabra el señor senador Pérsico.,"One-line turn immediately before ""Sr. Pérsico.-"".",
786,2016-06-29_r10,2016-06-29_r10_ESPECIAL.pdf,61,Sra. Labado,Sra. Labado. -,yes,yes,same-paragraph,none,high,"Manifiesto mi posición respecto a este proyecto de ley en revisión que estamos tratando,","Label is printed with a space between the period and the dash, as transcribed.",
787,2016-06-29_r10,2016-06-29_r10_ESPECIAL.pdf,118,Sra. Presidente,Sra. Presidente. -,yes,yes,same-paragraph,none,high,"Se va a votar el título VII, artículo 35.","Printed ""Presidente"", not ""Presidenta""; label has a space before the dash.",
788,2016-06-29_r10,2016-06-29_r10_ESPECIAL.pdf,119,Sra. Presidente,Sra. Presidente. -,yes,yes,same-paragraph,none,high,"Se va a votar el título V, artículos 73 a 76.","Second line of printed page 119, just under the italic vote-result line.",
789,2016-07-13_r11,2016-07-13_r11_ORDINARIA.pdf,95,Sr. Perotti,Sr. Perotti.-,yes,yes,same-paragraph,none,high,Señora presidenta: quiero referir que he acercado a la Secretaría Parlamentaria una modificación en,"Follows ""Sra. Presidente.- Tiene la palabra el señor senador Perotti.""",
790,2016-08-10_r12,2016-08-10_r12_ORDINARIA.pdf,9,Sr. Presidente (Pinedo),Sr. Presidente (Pinedo).-,yes,yes,same-paragraph,none,high,Señora senadora: los pedidos de preferencia corresponde tratarlos en otra etapa de la sesión.,"Interrupts Sra. Labado's turn; the page also prints a bare ""Sr. Presidente.-"" two lines below, but the quoted words belong to the ""(Pinedo)"" label.",
791,2016-08-10_r12,2016-08-10_r12_ORDINARIA.pdf,32,Sra. Presidente,Sra. Presidente.-,yes,yes,earlier-on-page,none,high,. Tiene la palabra el señor senador Guastavino.,"Words sit in the indented continuation paragraph right after ""Sra. Presidente.- Okay.""; an earlier ""Sra. Presidente.-"" turn on the same page says ""Tiene la palabra el miembro informante, senador Guastavino"", so the wording differs but the label is the same either way.",
792,2016-08-10_r12,2016-08-10_r12_ORDINARIA.pdf,61,Sr. Pichetto,Sr. Pichetto.-,yes,yes,same-paragraph,none,high,"A todos los presidentes les hemos dicho que el presidente no habla, presidenta. El","Follows ""Sra. Presidente.- ¿Cuándo hablé?""",
793,2016-08-10_r12,2016-08-10_r12_ORDINARIA.pdf,81,Sra. García,Sra. García.-,yes,yes,same-paragraph,none,high,Los expedientes que está enumerando el senador Rozas no se encuentran incluidos en el,"Near the foot of the page, after ""Sra. Presidente.- Tiene la palabra la senadora García.""",
794,2016-09-07_r13,2016-09-07_r13_ORDINARIA.pdf,18,Sra. García,Sra. García.-,yes,yes,same-paragraph,none,high,Señora presidenta: en el mismo sentido que el senador por la provincia de Santa,"Only the name is bold; the "".-"" follows in roman type, as in neighbouring labels on this page.",
795,2016-09-07_r13,2016-09-07_r13_ORDINARIA.pdf,34,Sr. Rodríguez Saá,Sr. Rodríguez Saá.-,yes,yes,same-paragraph,none,high,"“Los miembros informantes de los dictámenes en mayoría y minoría, el autor del proyecto",The speaker is reading the Reglamento aloud inside quotation marks; the label governs it.,
796,2016-09-07_r13,2016-09-07_r13_ORDINARIA.pdf,38,Sr. Caserio,Sr. Caserio.-,yes,yes,same-paragraph,none,high,"Muchas gracias, señora presidenta. El tratamiento de este –mal llamado, como han expresado muchos","Only ""Muchas gracias, señora presidenta."" is on this page (last line); the rest of the quote continues on the next page, which was not supplied.",
797,2016-09-07_r13,2016-09-07_r13_ORDINARIA.pdf,46,Sr. Presidente (Pinedo),Sr. Presidente (Pinedo).-,yes,yes,same-paragraph,none,high,"Para una cuestión de privilegio, tiene la palabra la señora senadora Negre de Alonso.","Under the bold section title ""12. Cuestión de privilegio"".",
798,2016-09-07_r13,2016-09-07_r13_ORDINARIA.pdf,63,Sr. Pais,Sr. Pais.-,yes,yes,same-paragraph,none,high,Perfecto. Anóteme a mí también.,"Short turn between two ""Sra. Presidente.-"" turns.",
799,2016-09-07_r13,2016-09-07_r13_ORDINARIA.pdf,124,Sr. Secretario (Tunessi),Sr. Secretario (Tunessi).-,yes,yes,same-paragraph,none,high,"Corresponden, entonces, considerar las tablas aprobadas en Labor Parlamentaria con las incorporaciones realizadas durante","Second line of the page, right after ""Sra. Presidente.- Y, ahora, las tablas.""",
800,2016-11-02_r17,2016-11-02_r17_ORDINARIA.pdf,75,Sr. Presidente (Pinedo),Sr. Presidente (Pinedo).-,yes,yes,same-paragraph,none,high,"Senador Martínez, tiene la palabra.","Third line of the page, immediately before ""Sr. Martínez (E. F.).-"".",
801,2016-11-02_r17,2016-11-02_r17_ORDINARIA.pdf,100,Sr. Presidente (Pinedo),Sr. Presidente (Pinedo).-,yes,yes,same-paragraph,none,high,"Senador Barrionuevo, tiene la palabra.","Words open the turn immediately after the label, near the foot of the page.",
802,2016-11-16_r18,2016-11-16_r18_ORDINARIA.pdf,21,Sra. Elías de Perez,Sra. Elías de Perez.-,yes,yes,same-paragraph,none,high,"Le estaba pidiendo justamente la palabra porque, independientemente de que acepto lo que pide",Last turn on the page; the words follow the label directly.,
803,2016-11-16_r18,2016-11-16_r18_ORDINARIA.pdf,62,Sra. Negre de Alonso,Sra. Negre de Alonso.-,yes,yes,same-paragraph,none,high,"Me alegro de poder representarlo, por lo menos en el pensamiento.",First line of the page carries the label and the quoted words.,
804,2016-11-16_r18,2016-11-16_r18_ORDINARIA.pdf,78,Sr. Presidente (Pinedo),Sr. Presidente (Pinedo).-,yes,yes,same-paragraph,none,high,Tiene la palabra el señor senador Abal Medina.,"Words follow the label directly, mid-page.",
805,2016-11-23_r19,2016-11-23_r19_ORDINARIA.pdf,18,Sr. Presidente (Pinedo),Sr. Presidente (Pinedo).-,yes,yes,same-paragraph,none,high,"Espere, señor senador. ¿Cuál es la cuestión de privilegio? En Presidencia no hay constancia","""Espere, señor senador."" sits on the label line; the question continues in the next indented paragraph of the same turn.",
806,2016-11-23_r19,2016-11-23_r19_ORDINARIA.pdf,34,Sra. Crexell,Sra. Crexell.-,yes,yes,same-paragraph,none,high,"Quiero solicitar, en caso de que vuelva a comisión, que haya un compromiso para",Words follow the label directly.,
807,2016-11-23_r19,2016-11-23_r19_ORDINARIA.pdf,103,Sr. Pinedo,Sr. Pinedo.-,yes,yes,same-paragraph,none,high,Le había pedido una interrupción al senador Basualdo.,"Words follow the label directly, near the foot of the page.",
808,2016-11-23_r19,2016-11-23_r19_ORDINARIA.pdf,106,Sra. Presidente,Sra. Presidente.-,yes,yes,same-paragraph,none,high,"A mí me parece, no sé si en el tema del sentido del voto","Printed ""Presidente"", not ""Presidenta""; transcribed as printed.",
809,2016-11-23_r19,2016-11-23_r19_ORDINARIA.pdf,115,Sra. Presidente,Sra. Presidente.-,yes,yes,same-paragraph,none,high,Están habilitados. Ahora sí vamos a votar electrónicamente todos juntos…,"""Están habilitados."" on the label line; ""Ahora sí vamos a votar..."" is the next paragraph of the same turn.",
810,2016-11-30_r20,2016-11-30_r20_ORDINARIA.pdf,47,Sr. Presidente (Marino),Sr. Presidente (Marino).-,yes,yes,same-paragraph,none,high,"No estando la senadora Crexell en el recinto, tiene la palabra el señor senador",Words follow the label directly.,
811,2016-11-30_r20,2016-11-30_r20_ORDINARIA.pdf,66,Sra. Presidente,Sra. Presidente.-,yes,yes,same-paragraph,none,high,"Gracias, señora senadora. Tiene la palabra la senadora Durango.","""Gracias, señora senadora."" on the label line; ""Tiene la palabra la senadora Durango."" is the next paragraph of the same turn.",
812,2016-11-30_r20,2016-11-30_r20_ORDINARIA.pdf,120,Sra. Giacoppo,Sra. Giacoppo.-,yes,yes,same-paragraph,none,high,"Sí, para aclarar, casualmente, por qué estamos sentando un mal precedente. ¡En este momento",Words follow the label directly.,
813,2016-11-30_r20,2016-11-30_r20_ORDINARIA.pdf,138,Sr. Secretario (Tunessi),Sr. Secretario (Tunessi).-,yes,yes,same-paragraph,none,high,“Artículo 1. La presente ley tiene por objeto establecer los presupuesto mínimos para la,The secretary reads the article text quoted here.,
814,2016-11-30_r20,2016-11-30_r20_ORDINARIA.pdf,147,Sr. Secretario (Tunessi),Sr. Secretario (Tunessi).-,yes,yes,same-paragraph,none,high,“Artículo 10. Será autoridad de aplicación nacional de la presente ley el organismo nacional,Label is the first line of the page and the quoted article follows it directly.,
815,2016-11-30_r20,2016-11-30_r20_ORDINARIA.pdf,157,Sr. Secretario (Tunessi),Sr. Secretario (Tunessi).-,yes,yes,same-paragraph,none,high,"Resultan afirmativos, 13 votos; negativos, 43; y una abstención.","Vote count announced right after the label, low on the page.",
816,2016-11-30_r20,2016-11-30_r20_ORDINARIA.pdf,159,Sra. Presidente,Sra. Presidente.-,yes,yes,same-paragraph,none,high,El proyecto de los trabajadores del Bauen.,"Printed ""Sra. Presidente.- El proyecto de los trabajadores del Bauen.""; kept the ""Presidente"" ending as printed.",
817,2016-12-21_r22,2016-12-21_r22_EXTRAORDINARIA.pdf,30,Sra. González,Sra. González.-,yes,yes,same-paragraph,none,high,"Gracias, señora presidenta. Por ahí, siguiendo con el tema del que estaba hablando el","""Gracias, señora presidenta."" on the label line; ""Por ahí, siguiendo..."" is the next paragraph of the same turn.",
818,2017-03-29_r02,2017-03-29_r02_ORDINARIA.pdf,43,Sra. Almirón,Sra. Almirón.-,yes,yes,same-paragraph,none,high,"Gracias, señora presidenta. Hace pocos minutos realizamos un homenaje por la gesta de Malvinas","""Gracias, señora presidenta."" on the label line; ""Hace pocos minutos..."" is the next paragraph of the same turn.",
819,2017-03-29_r02,2017-03-29_r02_ORDINARIA.pdf,61,Sr. Presidente (Pinedo),Sr. Presidente (Pinedo).-,yes,yes,same-paragraph,none,high,"Gracias, señora senadora. Les voy a pedir a los señores senadores que se atengan","""Gracias, señora senadora."" on the label line; the request to keep to ten minutes continues in the same turn.",
820,2017-03-29_r02,2017-03-29_r02_ORDINARIA.pdf,89,Sra. Odarda,Sra. Odarda.-,yes,yes,same-paragraph,none,high,Es sobre la Fiesta de la Ganadería...,Words follow the label directly.,
821,2017-04-25_r03,2017-04-25_r03_ESPECIAL.pdf,6,Sr. Secretario (Tunessi),Sr. Secretario (Tunessi).-,yes,yes,same-paragraph,none,high,"El proyecto S.-1.303/17, que incorpora la Cámara constituida en comisión al dictamen de la","Words follow the label directly, under the ""CONFERENCIA"" section heading.",
822,2017-04-25_r04,2017-04-25_r04_INFORMATIVA_ESPECIAL.pdf,20,Sr. Perotti,Sr. Perotti.-,yes,yes,same-paragraph,none,high,Lo vamos a usar bien.,Short reply printed right after the label.,
823,2017-04-25_r04,2017-04-25_r04_INFORMATIVA_ESPECIAL.pdf,63,Sra. Presidente,Sra. Presidente.-,yes,yes,same-paragraph,none,high,"Vamos a tener el cierre de los presidentes de bloque. Gracias a usted, señor","""Vamos a tener el cierre..."" on the label line; ""Gracias a usted, señor jefe de Gabinete."" is the next paragraph of the same turn.",
824,2017-04-26_r05,2017-04-26_r05_ESPECIAL.pdf,33,Sr. Pais,Sr. Pais.-,yes,yes,same-paragraph,none,high,"Gracias, presidente. Realmente, quería mencionar que el senador que me precedió en el uso","Printed with no space after the label (""Sr. Pais.-Gracias, presidente.""); ""Realmente, quería mencionar..."" continues the same turn.",
825,2017-05-10_r06,2017-05-10_r06_ESPECIAL.pdf,4,Sr. Presidente (Pinedo),Sr. Presidente (Pinedo).-,yes,yes,same-paragraph,none,high,"En consideración. Si no se hace uso de la palabra, se va a votar","""En consideración."" on the label line; ""Si no se hace uso de la palabra..."" is the next paragraph of the same turn.",
826,2017-05-10_r06,2017-05-10_r06_ESPECIAL.pdf,8,Sr. Solanas,Sr. Solanas.-,yes,yes,same-paragraph,none,high,Los miembros de la Corte Suprema deben dar una absoluta ejemplaridad y respeto a,"The quoted words open the paragraph that begins with this label, printed immediately after the stage direction ""- Ocupa la Presidencia el señor presidente provisional del H. Senado, senador D. Federico Pinedo.""; the label is re-printed there, so no carry-forward is needed.",
827,2017-05-31_r07,2017-05-31_r07_ORDINARIA.pdf,51,Sr. Catalán Magni,Sr. Catalán Magni.-,yes,yes,same-paragraph,none,high,"Gracias, señor presidente. Obviamente, adhiero en un todo a las palabras de la senadora","Only the opening sentence ""Gracias, señor presidente."" is printed on this page, as the last line before the ""Dirección General de Taquígrafos"" footer; the rest of the quote continues on the following page under the same turn.",
828,2017-05-31_r07,2017-05-31_r07_ORDINARIA.pdf,82,Sr. Presidente (Pinedo),Sr. Presidente (Pinedo).-,yes,yes,same-paragraph,none,high,Cuando se vote se lo hará con las modificaciones indicadas por la señora senadora,"The quoted words follow the label directly; several other ""Sr. Presidente (Pinedo).-"" turns appear on the page but only this one carries these words.",
829,2017-05-31_r07,2017-05-31_r07_ORDINARIA.pdf,82,Sra. Kunath,Sra. Kunath.-,yes,yes,same-paragraph,none,high,Señor presidente: quiero solicitar el retiro del expediente S.-1.473.,"Second of two ""Sra. Kunath.-"" turns on the page; the quoted words follow the label directly.",
830,2017-06-28_r08,2017-06-28_r08_INFORMATIVA_ESPECIAL.pdf,6,Sra. Presidente,Sra. Presidente.-,yes,yes,same-paragraph,none,high,"Gracias, senadora Odarda. Senador Pereyra: no le estoy dando la palabra, pero porque pensé","Printed ""Sra. Presidente"", not ""Presidenta""; the quote starts at the label (""Gracias, senadora Odarda."") and runs into the next indented paragraph of the same turn (""Senador Pereyra: no le estoy dando la palabra..."").",
831,2017-06-28_r08,2017-06-28_r08_INFORMATIVA_ESPECIAL.pdf,6,Sr. Luenzo,Sr. Luenzo.-,yes,yes,same-paragraph,none,high,"Gracias, señora presidenta. También debo reconocer el profundo dolor, vacío político generacional, que ha","The quote begins at the label (""Gracias, señora presidenta."") and continues into the next paragraph of the same turn.",
832,2017-07-12_r09,2017-07-12_r09_ESPECIAL.pdf,14,Sr. Secretario (Tunessi),Sr. Secretario (Tunessi).-,yes,yes,same-paragraph,none,high,Que se vote por sistema electrónico.,"Near the foot of the page, between ""Sr. Rodríguez Saá.- No hay dos tercios."" and ""Sr. Presidente (Pinedo).- Vamos a votar por sistema electrónico.""",
833,2017-07-12_r09,2017-07-12_r09_ESPECIAL.pdf,16,Sra. Negre de Alonso,Sra. Negre de Alonso.-,yes,yes,same-paragraph,none,high,"La verdad es que quiero una aclaración, porque el senador Pichetto está hablando de","Page prints ""porque el senador Pichetto está hablando de acuerdos""; the quoted fragment matches the start of that sentence.",
834,2017-07-12_r09,2017-07-12_r09_ESPECIAL.pdf,20,Sra. Elías de Perez,Sra. Elías de Perez.-,yes,yes,same-paragraph,none,high,"…En cualquier banco, al que no acceden, vamos a decirles cuánto es lo que","Second ""Sra. Elías de Perez.-"" turn on the page, resuming after ""Sr. Mayans.- No les creemos.""; the ellipsis before ""En cualquier banco"" is printed.",
835,2017-07-12_r09,2017-07-12_r09_ESPECIAL.pdf,26,Sr. Pinedo,Sr. Pinedo.-,yes,yes,same-paragraph,none,high,Señor presidente: el decreto de necesidad y urgencia que está en consideración lo único,"Last line of the page reads ""Sr. Pinedo.- Señor presidente: el decreto de necesidad y urgencia que está en""; the rest of the quote continues on the next page.",
836,2017-08-23_r10,2017-08-23_r10_ORDINARIA.pdf,43,Sra. Presidente,Sra. Presidente.-,yes,yes,same-paragraph,none,high,"Ah, senador Perotti, ¿vota afirmativo?","Second line of the page; printed ""Sra. Presidente"", not ""Presidenta"".",
837,2017-08-23_r10,2017-08-23_r10_ORDINARIA.pdf,79,Sra. Presidente,Sra. Presidente.-,yes,yes,same-paragraph,"superscript footnote marker ""25"" printed inside the paragraph, between ""Quedan aprobados."" and ""Dejamos constancia..."" (its note ""25 Ver el Apéndice."" sits at the page foot)",high,Quedan aprobados. Dejamos constancia del voto negativo del senador Martínez respecto del Orden del,"Printed ""Sra. Presidente"", not ""Presidenta""; the turn follows the stage direction ""- El resultado de la votación surge del acta correspondiente.""",
838,2017-09-06_r11,2017-09-06_r11_INFORMATIVA_ESPECIAL.pdf,17,Sra. Fernández Sagasti,Sra. Fernández Sagasti.-,yes,yes,same-paragraph,none,high,Porque el hecho pasó ayer.,"Short exchange line reading ""Sra. Fernández Sagasti.- Porque el hecho pasó ayer.""",
839,2017-09-06_r11,2017-09-06_r11_INFORMATIVA_ESPECIAL.pdf,20,Sr. Mayans,Sr. Mayans.-,yes,yes,same-paragraph,none,high,"Gracias, presidenta. Quiero manifestar mi preocupación al ministro por el tema del Banco Central,","The quote begins at the label (""Gracias, presidenta."") and continues into the next paragraph of the same turn.",
840,2017-09-06_r11,2017-09-06_r11_INFORMATIVA_ESPECIAL.pdf,32,Sr. Jefe de Gabinete de Ministros,Sr. Jefe de Gabinete de Ministros.-,yes,yes,same-paragraph,none,high,"Yo no le grité, senador.","Turn printed right after the stage direction ""- El señor senador Godoy formula manifestaciones con el micrófono apagado.""",
841,2017-09-06_r11,2017-09-06_r11_INFORMATIVA_ESPECIAL.pdf,33,Sr. Jefe de Gabinete de Ministros,Sr. Jefe de Gabinete de Ministros.-,yes,yes,same-paragraph,none,high,No; simplemente es una definición como gobierno. Yo no discuto eso. Lo que digo,"Several turns with this same label appear on the page; the quoted words follow the second one, after a ""- El señor senador Godoy formula manifestaciones con el micrófono apagado."" direction.",
842,2017-09-07_r12,2017-09-07_r12_ORDINARIA.pdf,23,Sr. Presidente (Pinedo),Sr. Presidente (Pinedo).-,yes,yes,same-paragraph,none,high,Cuando se trate la lista final se considerará.,"Line reading ""Sr. Presidente (Pinedo).- Cuando se trate la lista final se considerará."", right after the Pérsico turn.",
843,2017-09-07_r12,2017-09-07_r12_ORDINARIA.pdf,26,Sr. Presidente (Pinedo),Sr. Presidente (Pinedo).-,yes,yes,same-paragraph,none,high,"Gracias, senadora. Tiene la palabra el senador Marino.","""Gracias, senadora."" sits on the label line and ""Tiene la palabra el senador Marino."" on the next indented paragraph of the same turn; a later ""Sr. Presidente (Pinedo).- Gracias, senador."" on the same page is a different turn.",
844,2017-09-07_r12,2017-09-07_r12_ORDINARIA.pdf,34,Sr. Presidente (Pinedo),Sr. Presidente (Pinedo).-,yes,yes,same-paragraph,none,high,"Vamos a votar, en primer lugar, las preferencias solicitadas, con excepción de la preferencia","Turn printed after the stage direction ""- Varios señores senadores hablan a la vez.""",
845,2017-09-07_r12,2017-09-07_r12_ORDINARIA.pdf,48,Sra. Odarda,Sra. Odarda.-,yes,yes,same-paragraph,none,high,"Gracias, señora presidenta. La verdad es que yo también lamento que no nos participen","The quote begins at the label (""Gracias, señora presidenta."") and continues into the next paragraph; the page prints ""yo también lamento que no nos participen a los senadores"".",
846,2017-09-07_r12,2017-09-07_r12_ORDINARIA.pdf,68,Sr. Luenzo,Sr. Luenzo.-,yes,yes,same-paragraph,none,high,Seré breve. La verdad es que la senadora Labado y el senador Pais han,"The quoted words follow the label directly, after ""Sra. Presidente.- Muchas gracias, senadora Labado.""",
847,2017-11-01_r15,2017-11-01_r15_INFORMATIVA_ESPECIAL.pdf,25,Sr. Jefe de Gabinete de Ministros,Sr. Jefe de Gabinete de Ministros.-,yes,yes,same-paragraph,none,high,"Muchas gracias. Contestando por orden, senadora Blas: primero, no tuvo como objetivo la profundización","""Muchas gracias."" sits on the label line and ""Contestando por orden, senadora Blas: primero, no tuvo como objetivo la profundización..."" on the next paragraph of the same turn.",
848,2017-11-29_r17,2017-11-29_r17_ESPECIAL.pdf,9,Sra. Presidente,Sra. Presidente.-,yes,yes,same-paragraph,"superscript footnote marker ""16"" after ""demande"" (its note ""16 Ver el Apéndice."" sits at the page foot), followed by the stage direction ""(Aplausos.)""",high,"Si así no lo hiciereis, la Patria os lo demande.","ambiguous — this exact wording (""...la Patria os lo demande."") is printed twice on the page, at footnote markers 16 and 17; both occurrences carry the same label ""Sra. Presidente.-"", printed ""Presidente"" not ""Presidenta"". I report the first occurrence (marker 16). Four further near-identical lines on the page read ""Dios y la Patria os lo demanden"", also under ""Sra. Presidente.-"".",
849,2017-11-29_r17,2017-11-29_r17_ESPECIAL.pdf,9,Sra. Presidente,Sra. Presidente.-,yes,yes,same-paragraph,"superscript footnote marker ""17"" after ""demande"" (its note ""17 Ver el Apéndice."" sits at the page foot), followed by the stage direction ""(Aplausos.)""",high,"Si así no lo hiciereis, la Patria os lo demande.","ambiguous — same wording as case 848; the two occurrences on this page (markers 16 and 17) are both governed by ""Sra. Presidente.-"", so the label is identical either way. Here I report the second occurrence (marker 17).",
850,2017-11-29_r18,2017-11-29_r18_ORDINARIA.pdf,39,Sr. Rodríguez Saá,Sr. Rodríguez Saá.-,yes,yes,same-paragraph,none,high,Señora presidente: esta es la primera oportunidad en que en el recinto vamos a,First line of the page; the label opens the page and the quoted words follow it directly.,
851,2017-11-29_r18,2017-11-29_r18_ORDINARIA.pdf,40,Sr. Fuentes,Sr. Fuentes.-,yes,yes,same-paragraph,none,high,"Hay varios senadores que, en torno al cuestionamiento del trámite, fundamentalmente con una plaza","Quote opens the paragraph right after ""Sra. Presidente.- Senador Fuentes.""",
852,2017-11-29_r18,2017-11-29_r18_ORDINARIA.pdf,46,Sr. Petcoff Naidenoff,Sr. Petcoff Naidenoff.-,yes,yes,same-paragraph,none,high,"Vamos a manejarnos un poquito con cierto respeto, primero, por la Presidencia. Acá venimos",Label opens the paragraph containing the quoted words.,
853,2017-11-29_r18,2017-11-29_r18_ORDINARIA.pdf,97,Sra. Fellner,Sra. Fellner.-,yes,yes,same-paragraph,none,high,"Señor presidente: hay palabras o conceptos como “poco serio”, “irresponsable”, que “usan al Senado",Last paragraph of the page; label immediately precedes the quote.,
854,2017-11-29_r18,2017-11-29_r18_ORDINARIA.pdf,118,Sr. Martínez (E. F.),Sr. Martínez (E. F.).-,yes,yes,same-paragraph,none,high,Señor presidente: voy a insertar mi intervención a los fines de acelerar el debate,"Follows ""Sr. Presidente (Pinedo).- Muy bien. / Tiene la palabra el senador Ernesto Martínez.""",
855,2017-11-29_r18,2017-11-29_r18_ORDINARIA.pdf,170,Sr. Secretario (Tunessi),Sr. Secretario (Tunessi).-,yes,yes,same-paragraph,none,high,Son proyectos de comunicación juntamente con los dictámenes de la Comisión de Industria y,"Label opens the paragraph; the section title ""14. Consideración sobre tablas..."" sits above, not inside it.",
856,2017-12-27_r19,2017-12-27_r19_EXTRAORDINARIA.pdf,6,Sra. Presidente,Sra. Presidente.-,yes,yes,same-paragraph,none,high,La senadora Crexell le solicita una interrupción.,One-line turn between two Fernández de Kirchner turns.,
857,2017-12-27_r19,2017-12-27_r19_EXTRAORDINARIA.pdf,13,Sra. Presidente,Sra. Presidente.-,yes,yes,same-paragraph,none,high,"¡No, no! Si a usted…","Printed ""Sra. Presidente.- ¡No, no! Si a usted…"" between two Rodríguez Saá turns.",
858,2017-12-27_r19,2017-12-27_r19_EXTRAORDINARIA.pdf,70,Sra. Odarda,Sra. Odarda.-,yes,yes,same-paragraph,none,high,"No hay que tenerle miedo a la palabra subsidio para la fruticultura, señora presidenta.","Quote opens the paragraph right after ""Sra. Presidente.- Senadora: estamos en 11 minutos..."".",
859,2018-03-01_r00,2018-03-01_r00_ASAMBLEA.pdf,6,Sra. Presidente,Sra. Presidente.-,yes,yes,same-paragraph,none,high,"A continuación, entonaremos las estrofas del Himno Nacional Argentino.","Under bold section title ""3. Entonación del Himno Nacional Argentino"", which is furniture above the paragraph.",
860,2018-03-21_r02,2018-03-21_r02_ORDINARIA.pdf,20,Sra. Presidente,Sra. Presidente.-,yes,yes,same-paragraph,none,high,"Gracias, senador Pais. Tiene la palabra el senador Urtubey.","Only ""Gracias, senador Pais."" is on this page (last line); the sentence about senator Urtubey must continue on the next page, not supplied.",
861,2018-03-21_r02,2018-03-21_r02_ORDINARIA.pdf,29,Sra. Presidente,Sra. Presidente.-,yes,yes,same-paragraph,none,high,"Sí, quedó claro, no se preocupe.","Printed ""Sra. Presidente.- Sí, quedó claro, no se preocupe.""",
862,2018-03-21_r02,2018-03-21_r02_ORDINARIA.pdf,60,Sr. Pichetto,Sr. Pichetto.-,yes,yes,same-paragraph,none,high,Una reflexión sobre el reglamento. Durante doce años hemos acordado en el marco de,"Follows ""Sra. Presidente.- Tiene la palabra el senador Pichetto.""",
863,2018-04-18_r03,2018-04-18_r03_ORDINARIA.pdf,40,Sra. Presidente,Sra. Presidente.-,yes,yes,same-paragraph,none,high,Lo único que se votó fue la habilitación del tratamiento sobre tablas. Todavía no,Reply to Sra. García Larraburu inside section 19.,
864,2018-04-18_r03,2018-04-18_r03_ORDINARIA.pdf,56,Sr. Fernández Sagasti,Sr. Fernández Sagasti.-,yes,yes,same-paragraph,none,high,"Bueno, en definitiva lo que nosotros proponemos es, primero, que quienes van a ser","The page prints ""Sr."" here although the same speaker is labelled ""Sra. Fernández Sagasti.-"" three times higher up; transcribed as printed (verified by magnifying the line).",
865,2018-04-18_r03,2018-04-18_r03_ORDINARIA.pdf,88,Sr. Secretario (Tunessi),Sr. Secretario (Tunessi).-,yes,yes,same-paragraph,none,high,"Para el Orden del Día Nº 32/18 resultan 49 votos afirmativos, 8 negativos y",Label opens the paragraph reporting the vote count.,
866,2018-04-18_r03,2018-04-18_r03_ORDINARIA.pdf,109,Sr. Secretario (Tunessi),Sr. Secretario (Tunessi).-,yes,yes,same-paragraph,none,high,Se interrumpió la votación porque hay señores senadores que se levantaron. Hay que volver,Label opens the paragraph; the stage direction about the cancelled vote follows it.,
867,2018-04-25_r04,2018-04-25_r04_ESPECIAL.pdf,6,Sra. Presidente,Sra. Presidente.-,yes,yes,same-paragraph,none,high,"Senador Naidenoff, a mí me queda hacer votar su moción. Si usted quiere, la","Reply to Sr. Fuentes, just before ""Sr. Petcoff Naidenoff.- No, perfecto.""",
868,2018-04-25_r04,2018-04-25_r04_ESPECIAL.pdf,19,Sr. Urtubey,Sr. Urtubey.-,yes,yes,same-paragraph,none,high,"Gracias, señora presidenta. Pasa una cosa curiosa en esta ley en especial: como senador,","Quote begins in the label's own line (""Gracias, señora presidenta."") and runs into the next indented paragraph of the same turn.",
869,2018-04-25_r04,2018-04-25_r04_ESPECIAL.pdf,70,Sra. Presidente,Sra. Presidente.-,yes,yes,same-paragraph,none,high,"No, el 22 se votó recién. ¡Tenía razón yo, sí! Me confundió el secretario.","Answer to ""Sr. Secretario (Tunessi).- El 25 se acaba de votar con reformas.""",
870,2018-04-25_r04,2018-04-25_r04_ESPECIAL.pdf,71,Sra. Presidente,Sra. Presidente.-,yes,yes,same-paragraph,none,high,"Entonces, tenemos aprobado el proyecto. Se comunica a la Cámara de Diputados de la","Last turn before the bold section title ""10. Modificación del plan de labor"".",
871,2018-04-25_r04,2018-04-25_r04_ESPECIAL.pdf,74,Sra. Presidente,Sra. Presidente.-,yes,yes,same-paragraph,none,high,"Entonces, aceptamos lo que está en Secretaría. Tiene la palabra la senadora Blas.",Quote starts in the label's line and continues in the next indented line of the same turn.,
872,2018-04-25_r05,2018-04-25_r05_INFORMATIVA_ESPECIAL.pdf,26,Sra. Presidente,Sra. Presidente.-,yes,yes,same-paragraph,none,high,"Al contario, muchísimas gracias a usted por entender. Señor jefe de Gabinete: ya ha","Page prints ""Al contario"" (sic); the turn continues into the indented ""Señor jefe de Gabinete..."" line.",
873,2018-05-30_r06,2018-05-30_r06_ESPECIAL.pdf,11,Sra. Presidente,Sra. Presidente.-,yes,yes,same-paragraph,none,high,"Sí, senador; tiene usted razón. Tiene la palabra el señor senador Marino.",Quote starts in the label's line and continues in the next indented line of the same turn.,
874,2018-05-30_r06,2018-05-30_r06_ESPECIAL.pdf,13,Sra. Presidente,Sra. Presidente.-,yes,yes,same-paragraph,none,high,"Si les parece, vamos a votar en general y particular en una sola votación.","Follows the Kunath turn, just before ""Sra. Boyadjian.- Solicito autorización para insertar..."".",
875,2018-05-30_r06,2018-05-30_r06_ESPECIAL.pdf,45,Sr. Presidente (Marino),Sr. Presidente (Marino).-,yes,yes,same-paragraph,none,high,Tiene la palabra la señora senadora Sacnun.,"Chair is a male presiding senator here, immediately before ""Sra. Sacnun.-"".",
876,2018-06-27_r07,2018-06-27_r07_ORDINARIA.pdf,36,Sr. Secretario (Tunessi),Sr. Secretario (Tunessi).-,yes,yes,same-paragraph,none,high,"Órdenes del día Nº 98/18 y Nº 203/18: 58 votos afirmativos, un voto negativo,","Vote-result paragraph after ""- Se practica la votación por medios electrónicos.""; only one label governs.",
877,2018-06-27_r08,2018-06-27_r08_INFORMATIVA_ESPECIAL.pdf,42,Sr. Jefe de Gabinete de Ministros,Sr. Jefe de Gabinete de Ministros.-,yes,yes,same-paragraph,none,high,"Además, como le insistimos antes, en 2018, si le parece senador, Formosa recibirá 3.331","Immediately follows the short ""Sr. Presidente (Pinedo).-"" turn asking Mayans not to interject.",
878,2018-07-04_r09,2018-07-04_r09_ORDINARIA.pdf,13,Sra. Odarda,Sra. Odarda.-,yes,yes,same-paragraph,none,high,"Gracias, señora presidenta. El Orden del Día Nº 304/18 obedece al pliego del embajador",Quote begins in the labelled paragraph and continues into the next indented paragraph of the same turn.,
879,2018-07-04_r09,2018-07-04_r09_ORDINARIA.pdf,22,Sra. Presidente,Sra. Presidente.-,yes,yes,same-paragraph,none,high,"Muchas gracias, senador. Tiene la palabra el senador Luenzo.","Printed ""Presidente"", not ""Presidenta""; second sentence is the indented continuation of the same turn.",
880,2018-07-04_r09,2018-07-04_r09_ORDINARIA.pdf,57,Sr. Pichetto,Sr. Pichetto.-,yes,yes,same-paragraph,none,high,"No, estoy describiendo la realidad. No les gusta, pero esa es la realidad. Eso","Follows the stage direction ""- Varios señores senadores realizan manifestaciones fuera del alcance del micrófono.""",
881,2018-07-04_r09,2018-07-04_r09_ORDINARIA.pdf,60,Sr. Pais,Sr. Pais.-,yes,yes,same-paragraph,none,high,"Gracias, presidente. Es una cuestión mínima. Yo le señalé al secretario de la comisión","Preceding indented line ""¿Alguien más? Senador Pais."" belongs to the president's turn, not to this one.",
882,2018-07-04_r09,2018-07-04_r09_ORDINARIA.pdf,61,Sra. Presidente,Sra. Presidente.-,yes,yes,same-paragraph,none,high,Perfecto. ¿Algo más? Senadora Mirkin.,"""Senadora Mirkin."" is the indented continuation of the same presiding turn, before the bold ""Sra. Mirkin.-"" label.",
883,2018-07-04_r09,2018-07-04_r09_ORDINARIA.pdf,66,Sr. Snopek,Sr. Snopek.-,yes,yes,same-paragraph,none,high,"En virtud de lo que expuso el presidente de la Comisión de Comunicaciones, donde",Opens the turn right after the president gives Snopek the floor.,
884,2018-07-04_r09,2018-07-04_r09_ORDINARIA.pdf,74,Sra. Presidente,Sra. Presidente.-,yes,yes,same-paragraph,none,high,Faltan los reservados en la mesa de Secretaría.,"First speaking turn under the bold section title ""15. Tratamiento en conjunto de proyectos reservados en Secretaría"".",
885,2018-08-08_r10,2018-08-08_r10_ESPECIAL.pdf,21,Sr. Presidente (Pinedo),Sr. Presidente (Pinedo).-,yes,yes,same-paragraph,none,high,Muy bien. Tenemos en cuenta su manifestación.,First line of the page carries its own label.,
886,2018-08-08_r10,2018-08-08_r10_ESPECIAL.pdf,29,Sra. Presidente,Sra. Presidente.-,yes,yes,same-paragraph,none,high,"Gracias a usted, senadora. Tiene la palabra Inés Brizuela.","""Tiene la palabra Inés Brizuela."" is the indented continuation of the same turn.",
887,2018-08-08_r10,2018-08-08_r10_ESPECIAL.pdf,45,Sra. Presidente,Sra. Presidente.-,yes,yes,same-paragraph,none,high,"Gracias a usted, senadora Kunath. Ahora tenemos a Solari Quintana.","""Ahora tenemos a Solari Quintana."" is the indented continuation of the same turn.",
888,2018-08-08_r10,2018-08-08_r10_ESPECIAL.pdf,99,Sra. Verasay,Sra. Verasay.-,yes,yes,same-paragraph,none,high,"Déjeme terminar, se lo pido por favor.",One-line turn inside a rapid exchange with the presiding officer.,
889,2018-08-08_r10,2018-08-08_r10_ESPECIAL.pdf,134,Sr. Presidente (Pinedo),Sr. Presidente (Pinedo).-,yes,yes,same-paragraph,none,high,Gracias senador Poggi. Tiene la palabra la señora senadora Crexell.,Second sentence is the indented continuation of the same presiding turn.,
890,2018-08-08_r10,2018-08-08_r10_ESPECIAL.pdf,165,Sr. Mayans,Sr. Mayans.-,yes,yes,same-paragraph,none,high,Ya cierro. Ambas plazas están llenas y hay que trabajar para ver si podemos,"Quote begins in the labelled paragraph (""Ya cierro."") and continues into the next indented paragraph of the same turn.",
891,2018-08-22_r13,2018-08-22_r13_ESPECIAL.pdf,6,Sr. Solanas,Sr. Solanas.-,yes,yes,same-paragraph,none,high,¡Es una moción de privilegio lo que estoy pidiendo!,"Single-line turn between two ""Sr. Presidente (Pinedo).-"" turns.",
892,2018-10-10_r16,2018-10-10_r16_ORDINARIA.pdf,100,Sr. Presidente (Pinedo),Sr. Presidente (Pinedo).-,yes,yes,same-paragraph,none,high,"¿Cuál es su moción, señor senador?",Single-line turn in the exchange with senator Ojeda.,
893,2018-11-14_r17,2018-11-14_r17_ESPECIAL.pdf,201,Sr. Secretario (Tunessi),Sr. Secretario (Tunessi).-,yes,yes,same-paragraph,none,high,"Por dos tercios, sí, obtuvo dos tercios.","Last line of the page, after the stage direction about a senator speaking off-microphone.",
894,2018-11-14_r17,2018-11-14_r17_ESPECIAL.pdf,204,Sr. Presidente (Pinedo),Sr. Presidente (Pinedo).-,yes,yes,same-paragraph,none,high,"Gracias, señor senador. Se va a votar.",Follows senator Rozas's turn about abstaining.,
895,2018-11-14_r17,2018-11-14_r17_ESPECIAL.pdf,204,Sr. Presidente (Pinedo),Sr. Presidente (Pinedo).-,yes,yes,same-paragraph,none,high,Con tantas abstenciones no va a haber quórum.,Follows the secretary's list of abstaining senators; same page also holds case 894 under the same label but a different line.,
896,2018-12-12_r19,2018-12-12_r19_EXTRAORDINARIA.pdf,13,Sra. Presidente,Sra. Presidente.-,yes,yes,same-paragraph,none,high,"Gracias a usted, señora senadora. Tiene la palabra el senador Mera.","""Tiene la palabra el senador Mera."" is the indented continuation of the same turn.",
897,2018-12-12_r19,2018-12-12_r19_EXTRAORDINARIA.pdf,19,Sr. Pichetto,Sr. Pichetto.-,yes,yes,same-paragraph,none,high,"Identifique al juez, además del orden del día.",Single-line turn after the president gives Pichetto the floor.,
898,2018-12-19_r20,2018-12-19_r20_EXTRAORDINARIA.pdf,11,Sra. Presidente,Sra. Presidente.-,yes,yes,same-paragraph,none,high,"Gracias, senadora. Tiene la palabra la senadora Sacnun.","""Tiene la palabra la senadora Sacnun."" is the indented continuation of the same turn.",
899,2018-12-19_r20,2018-12-19_r20_EXTRAORDINARIA.pdf,44,Sra. Presidente,Sra. Presidente.-,yes,yes,same-paragraph,none,high,"El senador Luenzo. ¿Alguien más se abstiene? El senador Pais, la senadora Blas y",Quote begins in the labelled paragraph and continues into the next indented line of the same turn.,
900,2019-02-27_r01,2019-02-27_r01_PREPARATORIA.pdf,21,Sr. Pinedo,Sr. Pinedo.-,yes,yes,same-paragraph,none,high,"…Es la casa del respeto, como creo que el Congreso en su conjunto lo",Turn resumes after the president's call for silence; the quote opens with the ellipsis printed on the page.,
901,2019-03-01_r00,2019-03-01_r00_ASAMBLEA.pdf,7,Sra. Presidente,Sra. Presidente.-,yes,yes,same-paragraph,none,high,"Invito, entonces, a los señores legisladores integrantes de las comisiones de recepción a cumplir","Label opens the same paragraph on printed page 7; printed ""Presidente"", not ""Presidenta"".",
902,2019-03-01_r00,2019-03-01_r00_ASAMBLEA.pdf,9,Sr. Presidente de la Nación,Sr. Presidente de la Nación.-,yes,yes,previous-page,none,high,La ley de defensa de la competencia combate los casos de cartelización. El proyecto,"Turn opens on page 7 (""Sr. Presidente de la Nación.- Muchas gracias.""), runs unbroken through page 8 to the quoted words on page 9; the ""Sra. Presidente.- Silencio, por favor."" label on page 9 comes AFTER the quoted words.",
903,2019-03-20_r02,2019-03-20_r02_ORDINARIA.pdf,25,Sr. Presidente (Pinedo),Sr. Presidente (Pinedo).-,yes,yes,same-paragraph,none,high,Invito al señor senador Catalán Magni a izar el pabellón nacional.,"Under section title ""1. Izamiento de la bandera nacional""; the label opens the quoted paragraph.",
904,2019-03-20_r02,2019-03-20_r02_ORDINARIA.pdf,50,Sr. Presidente (Pinedo),Sr. Presidente (Pinedo).-,yes,yes,same-paragraph,none,high,"Sí, sí, está bien. Senadora Solari.","Single-line turn between ""Sr. Fiad.-"" and ""Sra. Solari Quintana.-"".",
905,2019-03-20_r02,2019-03-20_r02_ORDINARIA.pdf,67,Sr. Presidente (Pinedo),Sr. Presidente (Pinedo).-,yes,yes,same-paragraph,none,high,Tiene la palabra la senadora Elías de Perez para informar si hay modificaciones en,"Quoted words end the page in the turn ""...para informar si hay modificaciones en el capítulo III.""; an earlier near-identical line on the same page reads ""Le doy la palabra"", also under the same label.",
906,2019-03-20_r02,2019-03-20_r02_ORDINARIA.pdf,68,Sr. Secretario (Tunessi),Sr. Secretario (Tunessi).-,yes,yes,same-paragraph,none,high,"Presidente, con su anuencia, están…","Short interjection immediately before ""Sr. Presidente (Pinedo).- Secretario, tiene la palabra.""",
907,2019-03-20_r02,2019-03-20_r02_ORDINARIA.pdf,69,Sr. Secretario (Tunessi),Sr. Secretario (Tunessi).-,yes,yes,same-paragraph,none,high,"Para los capítulos VII, VIII y IX resultan 48 votos afirmativos, 8 votos negativos","Vote-count paragraph following the stage direction ""- Se practica la votación por medios electrónicos"".",
908,2019-03-20_r02,2019-03-20_r02_ORDINARIA.pdf,73,Sr. Secretario (Tunessi),Sr. Secretario (Tunessi).-,yes,yes,same-paragraph,none,high,"Son proyectos de comunicación y declaración, con dictamen, del año 2018: 913/18 y 914/18,","Under section title ""25. Consideración en conjunto de órdenes del día"".",
909,2019-03-20_r02,2019-03-20_r02_ORDINARIA.pdf,94,Sr. Secretario (Tunessi),Sr. Secretario (Tunessi).-,yes,yes,same-paragraph,none,high,Reservados en mesa que requieren tratamiento de dos tercios: expedientes S.-4.600/18 y S.-4.649/18. Es,"Under section title ""27. Consideración en conjunto de proyectos reservados en mesa"".",
910,2019-03-27_r04,2019-03-27_r04_INFORMATIVA_ESPECIAL.pdf,41,Sr. Catalán Magni,Sr. Catalán Magni.-,yes,yes,same-paragraph,none,high,"Gracias, señor presidente. Señor jefe de Gabinete: la verdad, me parece que corremos el","Label opens ""Gracias, señor presidente.""; the rest of the quotation continues in the next indented paragraph of the same turn.",
911,2019-03-27_r04,2019-03-27_r04_INFORMATIVA_ESPECIAL.pdf,42,Sr. Jefe de Gabinete de Ministros,Sr. Jefe de Gabinete de Ministros.-,yes,yes,same-paragraph,none,high,"Entendido, señor presidente. Me contengo. Senador Ojeda: tomo la inquietud para hablar con el","Label opens ""Entendido, señor presidente. Me contengo.""; ""Senador Ojeda: tomo la inquietud..."" continues the same turn.",
912,2019-03-27_r04,2019-03-27_r04_INFORMATIVA_ESPECIAL.pdf,46,Sr. Jefe de Gabinete de Ministros,Sr. Jefe de Gabinete de Ministros.-,yes,yes,same-paragraph,none,high,"Muchas gracias. Sin ánimo de polemizar y sin buscar versión taquigráfica, se decía que","Label opens ""Muchas gracias.""; the ""Sin ánimo de polemizar..."" sentence continues the same turn.",
913,2019-04-16_r05,2019-04-16_r05_ESPECIAL.pdf,8,Sra. Presidente (Michetti),Sra. Presidente (Michetti).-,yes,yes,same-paragraph,none,high,Tiene la palabra el senador Mayans.,"Under section title ""8. Cuestión de privilegio planteada por el señor senador Mayans (S.-1.078/19.)""; printed ""Presidente"", not ""Presidenta"".",
914,2019-04-16_r05,2019-04-16_r05_ESPECIAL.pdf,24,Sra. Presidente (Michetti),Sra. Presidente (Michetti).-,yes,yes,same-paragraph,none,high,Se escucharon todas las cuestiones de privilegio en silencio; todas. Les pido por favor,"Follows the stage direction ""- Murmullos en el recinto.""",
915,2019-04-16_r05,2019-04-16_r05_ESPECIAL.pdf,29,Sra. Presidente (Michetti),Sra. Presidente (Michetti).-,yes,yes,same-paragraph,none,high,Vamos a hacer acuerdos y cuando terminamos acuerdos hacemos las preferencias y los pedidos.,"Reply to ""Sra. Kunath.-"" just above.",
916,2019-04-16_r05,2019-04-16_r05_ESPECIAL.pdf,30,Sra. Presidente (Michetti),Sra. Presidente (Michetti).-,yes,yes,same-paragraph,none,high,Después de la votación. Se va a votar.,"Label opens ""Después de la votación.""; ""Se va a votar."" is the next indented line of the same turn, before ""- Se practica la votación.""",
917,2019-04-16_r05,2019-04-16_r05_ESPECIAL.pdf,39,Sra. Odarda,Sra. Odarda.-,yes,yes,same-paragraph,none,high,Quiero saber si lo que se va a votar es el ingreso en el,"Full line reads ""Quiero saber si lo que se va a votar es el ingreso en el temario, porque yo tengo una propuesta de modificación.""",
918,2019-04-16_r05,2019-04-16_r05_ESPECIAL.pdf,52,Sra. Presidente (Michetti),Sra. Presidente (Michetti).-,yes,yes,same-paragraph,none,high,"Gracias senador. Vamos, entonces, con la palabra de la senadora Odarda.","""Gracias senador."" appears twice on the page, both times under this same label, so the label is not in doubt.",
919,2019-04-16_r05,2019-04-16_r05_ESPECIAL.pdf,71,Sr. Presidente (Pinedo),Sr. Presidente (Pinedo).-,yes,yes,same-paragraph,none,high,"Gracias, senador. La senadora Sacnun no está. Tiene la palabra el senador Pais.","Opens the page's second turn, immediately before ""Sr. Pais.-"".",
920,2019-04-16_r05,2019-04-16_r05_ESPECIAL.pdf,101,Sr. Presidente (Pinedo),Sr. Presidente (Pinedo).-,yes,yes,same-paragraph,none,high,Tiene la palabra el senador Pichetto.,"Immediately precedes ""Sr. Pichetto.-"".",
921,2019-05-22_r06,2019-05-22_r06_ESPECIAL.pdf,15,Sra. Presidente (Michetti),Sra. Presidente (Michetti).-,yes,yes,same-paragraph,none,high,"Gracias, senador. Vamos a votar a mano alzada, entonces, el pedido de preferencia.","Label opens ""Gracias, senador.""; ""Vamos a votar a mano alzada..."" is the next indented line of the same turn.",
922,2019-05-22_r06,2019-05-22_r06_ESPECIAL.pdf,17,Sra. Presidente (Michetti),Sra. Presidente (Michetti).-,yes,yes,same-paragraph,none,high,"Bueno, pero yo puedo hablar en función del voto. O sea que este tema","Reply to ""Sr. Rozas.-"" just above.",
923,2019-05-22_r06,2019-05-22_r06_ESPECIAL.pdf,18,Sra. Presidente (Michetti),Sra. Presidente (Michetti).-,yes,yes,same-paragraph,none,high,Vamos a votar entonces… Senadora Odarda.,"Label opens ""Vamos a votar entonces…""; ""Senadora Odarda."" is the next indented line of the same turn.",
924,2019-05-22_r06,2019-05-22_r06_ESPECIAL.pdf,28,Sra. Kunath,Sra. Kunath.-,yes,yes,same-paragraph,none,high,"Gracias, presidenta. En relación con estos temas, y también incorporando el tema al que","Label opens ""Gracias, presidenta.""; the ""En relación con estos temas..."" sentence continues the same turn at the foot of the page.",
925,2019-05-22_r06,2019-05-22_r06_ESPECIAL.pdf,41,Sra. Presidente (Michetti),Sra. Presidente (Michetti).-,yes,yes,same-paragraph,none,high,"Cuando se pide algo, si hay moción de orden, tengo que votarlo inmediatamente.","Reply to ""Sr. Romero.-"" just above.",
926,2019-05-22_r06,2019-05-22_r06_ESPECIAL.pdf,81,Sra. Presidente (Michetti),Sra. Presidente (Michetti).-,yes,yes,same-paragraph,none,high,Corresponde el tratamiento del orden del día que por Secretaría se enunciará. Orden del,"Last line of Pág. 81, under the bold heading ""26. Levantamiento de la sesión""; the quoted sentence is cut off at ""orden del día que"" and continues on the next page.",
927,2019-07-17_r07,2019-07-17_r07_ORDINARIA.pdf,56,Sr. Secretario (Tunessi),Sr. Secretario (Tunessi).-,yes,yes,same-paragraph,none,high,"Expediente S.- 1.828/19. CABA, 14 de junio de 2019. Señora presidenta del Honorable Senado,","The label opens ""Expediente S.- 1.828/19.""; the following indented lines (""CABA, 14 de junio de 2019."", ""Señora presidenta del Honorable Senado, licenciada Gabriela Michetti."") continue the same turn.",
928,2019-07-17_r07,2019-07-17_r07_ORDINARIA.pdf,82,Sr. Secretario (Tunessi),Sr. Secretario (Tunessi).-,yes,yes,same-paragraph,none,high,"Correcto. Nuevo artículo, el artículo 5° quedará redactado de la siguiente manera: Ámbito de","Label opens with ""Correcto.""; ""Nuevo artículo, el artículo 5°... Ámbito de aplicación territorial"" is the next indented paragraph of the same turn.",
929,2019-07-17_r07,2019-07-17_r07_ORDINARIA.pdf,110,Sr. Presidente (Pinedo),Sr. Presidente (Pinedo).-,yes,yes,same-paragraph,"superscript footnote marker ""27"" after ""correspondientes.""",high,Quedan aprobados. Se realizarán las comunicaciones correspondientes.,"Sits between the vote-result line and the bold section title ""21. Consideración en conjunto de proyectos sobre tablas acordados"".",
930,2019-09-18_r08,2019-09-18_r08_ESPECIAL.pdf,7,Sra. Presidente (Michetti),Sra. Presidente (Michetti).-,yes,yes,same-paragraph,none,high,"Sí, primero cuestiones de privilegio y después preferencias.","Answers Sr. Bullrich's question on the same page; label prints ""Presidente"", not ""Presidenta"".",
931,2019-09-18_r08,2019-09-18_r08_ESPECIAL.pdf,16,Sr. Pinedo,Sr. Pinedo.-,yes,yes,same-paragraph,none,high,"Señora presidente: hemos tenido conversaciones informales con los distintos bloques y quiero proponer, a","Under section ""15. Prórroga de la emergencia alimentaria (C.D.-49/19.)""; the presiding officer had just said ""Senador Pinedo.""",
932,2019-09-18_r08,2019-09-18_r08_ESPECIAL.pdf,53,Sr. Petcoff Naidenoff,Sr. Petcoff Naidenoff.-,yes,yes,same-paragraph,none,high,Yo no sé quién preside el bloque...,"Printed as ""Yo no sé quién preside el bloque...""; several stage directions ""- Varios señores senadores hablan a la vez."" surround the turn but do not end it.",
933,2019-11-13_r09,2019-11-13_r09_ESPECIAL.pdf,4,Sr. Presidente (Pinedo),Sr. Presidente (Pinedo).-,yes,yes,same-paragraph,"superscript footnote marker ""3"" after ""pertinentes.""",high,"De conformidad con lo dispuesto por el artículo 187 del Reglamento, la Presidencia informa","Opens section ""4. Asuntos entrados. Retiro de proyectos"".",
934,2019-11-13_r09,2019-11-13_r09_ESPECIAL.pdf,7,Sra. Odarda,Sra. Odarda.-,yes,yes,same-paragraph,none,high,"No, no, perdón, habló sobre el conflicto de Chile que no está dentro del","Printed ""No, no, perdón, habló sobre el conflicto de Chile que no está dentro del temario. Por lo tanto...""",
935,2019-11-13_r09,2019-11-13_r09_ESPECIAL.pdf,35,Sr. Presidente (Pinedo),Sr. Presidente (Pinedo).-,yes,yes,same-paragraph,none,high,Tiene la palabra la señora senadora López Valverde.,"One-line turn immediately followed by ""Sra. López Valverde.-"".",
936,2019-11-27_r10,2019-11-27_r10_ESPECIAL.pdf,20,Sr. Petcoff Naidenoff,Sr. Petcoff Naidenoff.-,yes,yes,same-paragraph,none,high,"Desde nuestro interbloque, el reconocimiento a Mario, que en realidad es un amigo nuestro,","Page prints ""Desde nuestro interbloque, el reconocimiento a Mario, que en realidad es un amigo nuestro, un amigo de la casa.""; ends with ""(Aplausos.)"".",
937,2019-12-10_r00,2019-12-10_r00_ASAMBLEA.pdf,11,Sr. Presidente de la Nación,Sr. Presidente de la Nación.-,yes,yes,previous-page,none,high,Quiero también ser capaz de corregir mis errores en lugar de situarme en el,"Label opens on Pág. 10 under ""8. Mensaje del señor presidente de la Nación""; Pág. 11 carries no label at all, and the paragraph holding the words contains ""(Aplausos.)"" twice, which does not end the turn.",
938,2019-12-20_r11,2019-12-20_r11_EXTRAORDINARIA.pdf,7,Sr. Mayans,Sr. Mayans.-,yes,yes,same-paragraph,none,high,Sí. Lo que corresponde es que votemos los temas que vamos a tratar en,"Printed ""Sí. Lo que corresponde es que votemos los temas que vamos a tratar en este momento...""",
939,2019-12-20_r11,2019-12-20_r11_EXTRAORDINARIA.pdf,9,Sr. Rodríguez Saá,Sr. Rodríguez Saá.-,yes,yes,same-paragraph,none,high,"Señora presidenta: es para adherir al homenaje. El doctor Leandro Despouy era comprovinciano, nació","Page prints ""Señora presidenta: es para adherir al homenaje. El doctor Leandro Despouy era comprovinciano, nació en San Luis.""",
940,2019-12-20_r11,2019-12-20_r11_EXTRAORDINARIA.pdf,17,Sr. Petcoff Naidenoff,Sr. Petcoff Naidenoff.-,yes,yes,same-paragraph,none,high,Señora presidenta: es simplemente para hacer una aclaración. Este debate de la suspensión del,"First full turn on Pág. 17; the previous page ends with the presiding officer giving him the floor (""Naidenoff."").",
941,2024-08-22_r07,22-08-2024_ORDINARIA.pdf,70,Sra. Fernández Sagasti,Sra. Fernández Sagasti.-,yes,yes,same-paragraph,none,high,"Necesitamos que en cada votación lo diga, señor presidente.","Short exchange with ""Sr. Presidente (Abdala).-"" immediately before and after.",
942,2024-08-22_r07,22-08-2024_ORDINARIA.pdf,73,Sr. Presidente (Abdala),Sr. Presidente (Abdala).-,yes,yes,same-paragraph,none,high,Resultan aprobados. Se realizarán las comunicaciones correspondientes.,"Follows the stage direction ""-Se practica la votación a mano alzada."" and precedes the bold title ""15. Consideración sobre tablas de proyectos de declaración"".",
943,2022-09-22_r11,22-09-2022_ESPECIAL.pdf,27,Sr. Vischi,Sr. Vischi.-,yes,yes,same-paragraph,none,high,Gracias señora presidente. Quiero comenzar reconociendo al presidente de la Comisión de Asuntos Constitucionales,"Label opens ""Gracias señora presidente.""; ""Quiero comenzar reconociendo al presidente de la Comisión de Asuntos Constitucionales..."" is the next indented paragraph of the same turn.",
944,2023-02-23_r01,23-02-2023_PREPARATORIA.pdf,6,Sr. Cornejo,Sr. Cornejo.-,yes,yes,same-paragraph,none,high,En nombre de nuestro interbloque Juntos por el Cambio queremos proponer como vicepresidenta a,"Proposes Carolina Losada; preceded by ""Sra. Presidenta (Ledesma Abdala).- Bien; senador Cornejo, entonces.""",
945,2024-02-23_r01,23-02-2024_PREPARATORIA.pdf,5,Sra. Presidente (Villarruel),Sra. Presidente (Villarruel).-,yes,yes,same-paragraph,none,high,Se somete a votación a mano alzada la moción solicitada por el senador Atauche.,"Label prints ""Presidente"", not ""Presidenta""; follows the long turn by ""Sr. Atauche.-"".",
946,2024-02-23_r01,23-02-2024_PREPARATORIA.pdf,6,Sr. Secretario (Giustinian),Sr. Secretario (Giustinian).-,yes,yes,same-paragraph,none,high,Solo falta el senador Rejal... Ya están todos.,"Sits between two ""-Luego de unos instantes:"" stage directions, which do not end the turn.",
947,2024-02-23_r01,23-02-2024_PREPARATORIA.pdf,27,Sra. Presidente (Villarruel),Sra. Presidente (Villarruel).-,yes,yes,same-paragraph,none,high,"Muchas gracias, senador Rejal. Pasa a la Comisión de Asuntos Constitucionales para su tratamiento.","Label opens ""Muchas gracias, senador Rejal.""; ""Pasa a la Comisión de Asuntos Constitucionales para su tratamiento."" is the next indented line of the same turn, just before the bold title ""15. Cuestión de privilegio planteada por la señora senadora Giménez (S.-2.592/23.)"".",
948,2020-07-23_r09,23-07-2020_ESPECIAL.pdf,17,Sr. Lousteau,Sr. Lousteau.-,yes,yes,same-paragraph,none,high,Un tema que me parece importante. Obviamente que el senador Víctor Zimmermann quiso votar.,"Preceded by ""Sra. Presidenta (Ledesma Abdala).- Senador Lousteau.""",
949,2020-07-23_r09,23-07-2020_ESPECIAL.pdf,24,Sra. Presidenta (Ledesma Abdala),Sra. Presidenta (Ledesma Abdala).-,yes,yes,same-paragraph,none,high,"Sí, senadora Elías de Perez: tiene la palabra.","Printed ""Sí, senadora Elías de Perez: tiene la palabra."" (no accent on ""Perez"" in the page).",
950,2020-07-23_r09,23-07-2020_ESPECIAL.pdf,49,Sra. Presidenta (Ledesma Abdala),Sra. Presidenta (Ledesma Abdala).-,yes,yes,same-paragraph,none,high,"Gracias, senador. Por favor, como ya estamos cerca de la votación, les pido si","Label opens ""Gracias, senador.""; ""Por favor, como ya estamos cerca de la votación, les pido si pueden encender las cámaras."" is the next indented paragraph of the same turn.",
951,2021-06-24_r09,24-06-2021_ESPECIAL.pdf,16,Sra. Presidenta (Fernández de Kirchner),Sra. Presidenta (Fernández de Kirchner).-,yes,yes,same-paragraph,none,high,"Pero está bien: lo que abunda no daña. Se van a poner a votación,","Page ends at ""Pero está bien: lo que abunda no daña.""; the tail ""Se van a poner a votación,"" continues on the next page, not supplied.",
952,2021-06-24_r09,24-06-2021_ESPECIAL.pdf,39,Sra. Duré,Sra. Duré.-,yes,yes,same-paragraph,none,high,"Muchas gracias, señora presidenta. Quiero saludar, en principio, a ese hermoso colectivo travesti-trans que","Label opens the turn with ""Muchas gracias, señora presidenta.""; ""Quiero saludar..."" is the next paragraph of the same turn.",
953,2021-06-24_r09,24-06-2021_ESPECIAL.pdf,68,Sr. Presidente (Mayans),Sr. Presidente (Mayans).-,yes,yes,same-paragraph,none,high,"Muchas gracias, señora senadora. Tiene la palabra la senadora Crexell, Lucila.","""Tiene la palabra la senadora Crexell, Lucila."" is the second paragraph of the same turn.",
954,2021-03-25_r03,25-03-2021_ESPECIAL.pdf,24,Sr. De Angeli,Sr. De Angeli.-,yes,yes,same-paragraph,none,high,"¿Está pidiendo interrupción, senador? Ah bueno. Se la doy, no hay ningún problema, pero",Printed label is Sr. De Angeli even though the words read like the chair's; transcribed as printed.,
955,2020-08-27_r12,27-08-2020_ESPECIAL.pdf,5,"Sra. González, Nancy","Sra. González, Nancy.-",yes,yes,same-paragraph,none,high,"Gracias, señora presidenta. Vamos a tratar el expediente…","""Vamos a tratar el expediente…"" is the second paragraph of the same turn, followed by a ""Contenido no inteligible"" note.",
956,2020-08-27_r12,27-08-2020_ESPECIAL.pdf,96,Sr. Presidente (Closs),Sr. Presidente (Closs).-,yes,yes,same-paragraph,none,high,"Gracias, señora senadora. Tiene la palabra la senadora Eugenia Catalfamo.","Same turn continues with ""Tiene la palabra la senadora Eugenia Catalfamo.""",
957,2020-08-27_r12,27-08-2020_ESPECIAL.pdf,106,Sra. Presidenta (Fernández de Kirchner),Sra. Presidenta (Fernández de Kirchner).-,yes,yes,same-paragraph,none,high,"Ya cumplió sus 15 minutos, senador.",Single-line interruption of Sr. Lousteau's turn.,
958,2020-11-27_r24,27-11-2020_ESPECIAL.pdf,10,Sr. Secretario (Fuentes),Sr. Secretario (Fuentes).-,yes,yes,same-paragraph,none,high,"Gracias, senadora. Senador Uñac: afirmativo. Senadora Vega: negativo. Senadora Verasay: negativo. Weretilneck: afirmativo. Zimmermann:","Roll-call list continues in the same turn after ""Gracias, senadora.""; page prints ""Weretilneck: afirmativo.""",
959,2020-11-27_r24,27-11-2020_ESPECIAL.pdf,31,Sr. Secretario (Fuentes),Sr. Secretario (Fuentes).-,yes,yes,same-paragraph,none,high,"Gracias, senadora. Senadora Nora del Valle: ¿su voto?","Third line of the page; the same secretary label recurs later, but only this one is followed by ""Senadora Nora del Valle: ¿su voto?"".",
960,2020-11-27_r24,27-11-2020_ESPECIAL.pdf,85,Sr. Presidente (Closs),Sr. Presidente (Closs).-,yes,yes,same-paragraph,none,high,"Gracias, señor senador. Senadora Anabel Fernández Sagasti, tiene usted la palabra.","Same turn continues with ""Senadora Anabel Fernández Sagasti, tiene usted la palabra.""",
961,2020-11-27_r24,27-11-2020_ESPECIAL.pdf,106,Sr. Parrilli,Sr. Parrilli.-,yes,yes,same-paragraph,none,high,El senador Doñate va a hacer la lectura y yo las voy a ir,"Page prints ""yo las voy a ir certificando"" right after the label.",
962,2024-11-27_r11,27-11-2024_INFORMATIVA_ESPECIAL.pdf,80,Sra. Di Tullio,Sra. Di Tullio.-,yes,yes,same-paragraph,none,high,"Gracias, presidente. Buenas tardes a todos, a todas. Señor jefe de Gabinete: voy a","""Buenas tardes a todos, a todas."" and ""Señor jefe de Gabinete: voy a..."" are following paragraphs of the same turn.",
963,2024-11-27_r11,27-11-2024_INFORMATIVA_ESPECIAL.pdf,98,Sr. Atauche,Sr. Atauche.-,yes,yes,same-paragraph,none,high,"Este movimiento es muy claro en sus metas: achicar los gastos innecesarios, hacer al",The label repeats many times on this page; this occurrence is the one directly preceding the quoted words.,
964,2023-09-28_r06,28-09-2023_ESPECIAL.pdf,20,Sr. Secretario (Fuentes),Sr. Secretario (Fuentes).-,yes,yes,same-paragraph,none,high,"Tagliaferri, Juez, Blanco, Álvarez Rivero, Scarpin, Martínez, Losada, Giacoppo, Juri, Di Tullio, Romero, Snopek,",Speakers list read out by the secretary.,
965,2023-09-28_r06,28-09-2023_ESPECIAL.pdf,27,Sra. Presidenta (Ledesma Abdala),Sra. Presidenta (Ledesma Abdala).-,yes,yes,same-paragraph,none,high,Tiene la palabra el senador Scarpin.,none,
966,2023-09-28_r06,28-09-2023_ESPECIAL.pdf,30,Sr. Martínez,Sr. Martínez.-,yes,yes,same-paragraph,none,high,"...porque lo van a retar por la votación que perdió, por no estar.",none,
967,2023-09-28_r06,28-09-2023_ESPECIAL.pdf,31,Sra. Losada,Sra. Losada.-,yes,yes,same-paragraph,none,high,"Previsibilidad, reglas claras, seriedad, algo que para el kirchnerismo directamente no existe, porque para","Page prints ""Previsibilidad"" with initial capital right after the label.",
968,2023-09-28_r06,28-09-2023_ESPECIAL.pdf,52,Sr. Mayans,Sr. Mayans.-,yes,yes,same-paragraph,none,high,… en un Consejo de la Magistratura que está basado en una ley muerta!,"Preceded by the stage direction ""El señor senador Juez realiza manifestaciones fuera del alcance del micrófono.""",
969,2023-09-28_r06,28-09-2023_ESPECIAL.pdf,56,Sra. Presidenta (Ledesma Abdala),Sra. Presidenta (Ledesma Abdala).-,yes,yes,same-paragraph,(Aplausos.),high,"Entonces, voy a tener que proceder a desempatar. Por ende, manifiesto mi voto positivo","""(Aplausos.)"" is printed inside the same paragraph, right after ""Orden del Día N° 63/23.""",
970,2023-09-28_r06,28-09-2023_ESPECIAL.pdf,61,Sr. Secretario (Fuentes),Sr. Secretario (Fuentes).-,yes,yes,same-paragraph,none,high,"Zimmermann, Rodas, Álvarez Rivero, Neder, Fama, Andrada, Riollo, Vigo, Blanco, Rodríguez Saá, Vischi, Montenegro,","Speakers list; page prints ""Andrada, Riollo"".",
971,2023-09-28_r06,28-09-2023_ESPECIAL.pdf,109,Sr. Mayans,Sr. Mayans.-,yes,yes,previous-page,(Risas.),high,"El chamullero porteño. Va a liquidar el Banco Central, va a liquidar… Tiene activos","Last label before the words is ""Sr. Mayans.- Entonces, realmente, estamos en un problema los argentinos."" on page 108; no new label on page 109 before the quote; ""(Risas.)"" appears inside the paragraph.",
972,2023-09-28_r06,28-09-2023_ESPECIAL.pdf,123,Sr. Rodríguez,Sr. Rodríguez.-,yes,yes,same-paragraph,none,high,"Gracias, presidenta. Como bien decía el senador informante, estamos ante un tema muy sensible.","""Como bien decía el senador informante..."" is the next paragraph of the same turn.",
973,2023-09-28_r06,28-09-2023_ESPECIAL.pdf,131,Sra. Presidenta (Ledesma Abdala),Sra. Presidenta (Ledesma Abdala).-,yes,yes,same-paragraph,none,high,Resulta aprobado con 37 votos afirmativos y 29 negativos el Orden del Día N°,"Last turn on the page, after the electronic-vote stage directions.",
974,2023-09-28_r06,28-09-2023_ESPECIAL.pdf,137,Sr. Juez,Sr. Juez.-,yes,yes,same-paragraph,none,high,"Señora presidenta, voy a hacer puntualmente, y de manera escueta, para no abusar del",none,
975,2023-09-28_r06,28-09-2023_ESPECIAL.pdf,138,Sra. Tagliaferri,Sra. Tagliaferri.-,yes,yes,same-paragraph,none,high,"Perdón, señora presidenta, pero quisiera decir algo después de las palabras del senador de",none,
976,2023-09-28_r06,28-09-2023_ESPECIAL.pdf,163,Sr. Vischi,Sr. Vischi.-,yes,yes,same-paragraph,none,high,Vos sos gracioso. Vos sos muy gracioso.,"Single one-line turn near the foot of page 163, between ""Sr. Mayans.- ¿Querés que te explique de nuevo? (Risas.)"" and the next Mayans turn.",
977,2023-09-28_r06,28-09-2023_ESPECIAL.pdf,165,Sr. Mayans,Sr. Mayans.-,yes,yes,same-paragraph,none,high,"Gracias, presidente. Tenemos un problema con el tema del transporte, porque hay gente que","Label opens ""Gracias, presidente.""; the ""Tenemos un problema con el tema del transporte"" sentence is the following indented paragraph of the same turn.",
978,2023-09-28_r06,28-09-2023_ESPECIAL.pdf,166,Sr. Secretario (Fuentes),Sr. Secretario (Fuentes).-,yes,yes,same-paragraph,none,high,Orden del Día N° 376/22. Dictamen en el proyecto de ley de la señora,First reading of the orders of the day on page 166; the same secretary label appears again later on the page for O.D. 104/23.,
979,2021-10-28_r13,28-10-2021_ORDINARIA.pdf,31,"Sr. Martínez, Ernesto","Sr. Martínez, Ernesto.-",yes,yes,same-paragraph,none,high,"Gracias, señora presidenta. Se me sigue preguntando qué tiene que ver. Lea el artículo","Label opens ""Gracias, señora presidenta.""; the ""Se me sigue preguntando qué tiene que ver. Lea el artículo 2°"" sentence is the next indented paragraph of the same turn.",
980,2021-10-28_r13,28-10-2021_ORDINARIA.pdf,34,Sr. Luenzo,Sr. Luenzo.-,yes,yes,same-paragraph,none,high,"¡Cómo no…! Si no lo sabe, no lo repita. ¡Si no lo sabe, no","Printed as ""¡Cómo no…! Si no lo sabe, no lo repita. ¡Si no lo sabe, no lo repita!"" directly after the label.",
981,2021-10-28_r13,28-10-2021_ORDINARIA.pdf,53,Sra. Presidenta (Ledesma Abdala),Sra. Presidenta (Ledesma Abdala).-,yes,yes,same-paragraph,none,high,"Sí, senador Romero, tiene la palabra.","Printed as ""Sí, senador Romero, tiene la palabra."" in the upper third of page 53.",
982,2021-10-28_r13,28-10-2021_ORDINARIA.pdf,54,Sr. Pais,Sr. Pais.-,yes,yes,same-paragraph,none,high,"Mínimamente, para complementar. No tenemos que hacer un diálogo, pero quiero acotar algo para","Label opens ""Mínimamente, para complementar.""; the ""No tenemos que hacer un diálogo"" sentence is the next indented paragraph of the same turn.",
983,2020-10-29_r19,29-10-2020_ORDINARIA.pdf,36,Sr. Mayans,Sr. Mayans.-,yes,yes,same-paragraph,none,high,"Simplemente, presidente, para sumarme a lo dicho por las compañeras y los compañeros en","Follows ""Sr. Presidente (Closs).- ... Tiene la palabra, también para un homenaje, el senador Mayans.""",
984,2020-12-29_r28,29-12-2020_ESPECIAL.pdf,17,Sra. Presidenta (Ledesma Abdala),Sra. Presidenta (Ledesma Abdala).-,yes,yes,same-paragraph,none,high,"Senador Mayans: su micrófono. Disculpe, senador Mera.","""Senador Mayans: su micrófono."" on the label line, ""Disculpe, senador Mera."" as the next indented line of the same turn.",
985,2021-12-29_r16,29-12-2021_ESPECIAL.pdf,24,Sr. Mayans,Sr. Mayans.-,yes,yes,previous-page,none,high,¿Y la amenaza qué dice? “Que esto no se vuelva a repetir”. ¿Porque qué,"Turn opens on page 20 (""Muchas gracias, señora presidenta.""); pages 21, 22, 23 and 24 carry no new label, so it still governs on page 24.",
986,2023-03-30_r02,30-03-2023_ESPECIAL.pdf,9,Sra. Presidenta (Ledesma Abdala),Sra. Presidenta (Ledesma Abdala).-,yes,yes,same-paragraph,none,high,"Silencio, senador Naidenoff, por favor.","Near the top of page 9, between two ""Sr. Mayans.- ¡Dejame hablar, por favor!"" turns.",
987,2023-03-30_r02,30-03-2023_ESPECIAL.pdf,11,Sra. Di Tullio,Sra. Di Tullio.-,yes,yes,same-paragraph,none,high,"¿Quieren quitar el Orden del Día N° 638, que es el reconocimiento de la","The two similar ""¿Quieren quitar el Orden del Día N° 754 / N° 643"" paragraphs just above are unlabelled continuations, but the N° 638 sentence sits on the Di Tullio label line itself.",
988,2023-03-30_r02,30-03-2023_ESPECIAL.pdf,18,Sra. Presidenta (Ledesma Abdala),Sra. Presidenta (Ledesma Abdala).-,yes,yes,same-paragraph,none,high,"Sí, senador Mayans. Ahora tiene la palabra.","Printed as ""Sí, senador Mayans. Ahora tiene la palabra."" in the upper third of page 18.",
989,2022-06-30_r07,30-06-2022_ORDINARIA.pdf,83,Sra. Presidenta (Ledesma Abdala),Sra. Presidenta (Ledesma Abdala).-,yes,yes,same-paragraph,none,high,"Gracias, senadora. Para hacer lectura de unas modificaciones, tiene la palabra senadora Gladys González.","""Gracias, senadora."" on the label line, ""Para hacer lectura de unas modificaciones, tiene la palabra senadora Gladys González."" as the next indented line of the same turn.",
990,2022-06-30_r07,30-06-2022_ORDINARIA.pdf,93,Sra. Presidenta (Ledesma Abdala),Sra. Presidenta (Ledesma Abdala).-,yes,yes,same-paragraph,none,high,Gracias. Tiene la palabra senadora Vigo.,"""Gracias."" on the label line, ""Tiene la palabra senadora Vigo."" as the next indented line of the same turn.",
991,2022-06-30_r07,30-06-2022_ORDINARIA.pdf,98,Sra. Presidenta (Ledesma Abdala),Sra. Presidenta (Ledesma Abdala).-,yes,yes,same-paragraph,none,high,Senadora Álvarez Rivero falta votar.,"Page prints the surname as ""Álvarez Rivero""; sits between two ""–Luego de unos instantes:"" stage directions.",
992,2022-06-30_r07,30-06-2022_ORDINARIA.pdf,99,Sr. Yedlin,Sr. Yedlin.-,yes,yes,same-paragraph,none,high,"Decía que la ley de VIH que hoy nos rige, y que va a","Second Yedlin turn on page 99, resuming after the presiding officer's ""Espere un momentito, senador"".",
993,2022-06-30_r07,30-06-2022_ORDINARIA.pdf,114,Sr. Presidente (Closs),Sr. Presidente (Closs).-,yes,yes,same-paragraph,none,high,"Gracias, señor senador. Tiene la palabra –y es cierre– el senador Víctor Zimmermann.","""Gracias, señor senador."" on the label line, ""Tiene la palabra –y es cierre– el senador Víctor Zimmermann."" as the next indented line of the same turn.",
994,2022-06-30_r07,30-06-2022_ORDINARIA.pdf,117,Sr. Presidente (Closs),Sr. Presidente (Closs).-,yes,yes,same-paragraph,none,high,"Con 60 votos afirmativos, 0 negativos y 0 abstenciones, resulta aprobado.","Vote result for O.D. 98/22, just above the ""–El resultado de la votación surge del Acta N° 6."" line.",
995,2020-07-30_r10,30-07-2020_ESPECIAL.pdf,54,Sra. Presidenta (Ledesma Abdala),Sra. Presidenta (Ledesma Abdala).-,yes,yes,same-paragraph,none,high,Bien. Ahora anunciamos que se va a comenzar a votar. Comienza la votación.,"""Bien."" on the label line, then ""Ahora anunciamos que se va a comenzar a votar."" and ""Comienza la votación."" as the following indented lines of the same turn.",
996,2020-07-30_r10,30-07-2020_ESPECIAL.pdf,56,Sra. Presidenta (Ledesma Abdala),Sra. Presidenta (Ledesma Abdala).-,yes,yes,same-paragraph,none,high,"Resultando aprobada, se convierte en ley y se comunica al Poder Ejecutivo nacional.","Immediately after the ""–El resultado de la votación surge del Acta Nº 1."" line with its footnote marker.",
997,2020-07-30_r10,30-07-2020_ESPECIAL.pdf,70,Sra. Presidenta (Ledesma Abdala),Sra. Presidenta (Ledesma Abdala).-,yes,yes,same-paragraph,none,high,"Tiempo, senadora. Vaya cerrando, por favor.","Interruption of Sacnun near the foot of page 70; ""Sra. Sacnun.- Gracias, presidenta."" follows immediately.",
998,2020-10-30_r20,30-10-2020_ESPECIAL.pdf,27,Sra. Presidenta (Ledesma Abdala),Sra. Presidenta (Ledesma Abdala).-,yes,yes,same-paragraph,none,high,"Gracias, señor senador. Tiene la palabra senadora Mirkin.","""Gracias, señor senador."" on the label line, ""Tiene la palabra senadora Mirkin."" as the next indented line of the same turn.",
999,2020-10-30_r20,30-10-2020_ESPECIAL.pdf,47,Sra. Presidenta (Ledesma Abdala),Sra. Presidenta (Ledesma Abdala).-,yes,yes,same-paragraph,none,high,Corresponde la aprobación de la lista de oradores a la que por Secretaría se,"First line of page 47; printed in full as ""Corresponde la aprobación de la lista de oradores a la que por Secretaría se dará lectura.""",
1000,2020-10-30_r20,30-10-2020_ESPECIAL.pdf,82,Sr. Petcoff Naidenoff,Sr. Petcoff Naidenoff.-,yes,yes,same-paragraph,none,high,"Gracias, presidenta. El miembro informante de nuestro interbloque, el senador Zimmermann, propuso modificaciones en","""Gracias, presidenta."" on the label line, ""El miembro informante de nuestro interbloque, el senador Zimmermann, propuso modificaciones en los artículos 8°, 15 y 17."" as the next indented line of the same turn.",
