case,session,source_file,page,parser_speaker,blind_read_label,agree,opening_words,which_occurrence,reader_notes
h001,1998-03-04_r02,1998-03-04_r02_ORDINARIA.html,,Sr. PRESIDENTE,Sr. PRESIDENTE.-,yes,Queda definitivamente sancionado el proyecto de ley. Se harán las comunicaciones correspondientes.,5 of 5,
h002,1998-03-04_r02,1998-03-04_r02_ORDINARIA.html,,Sr. MARTÍNEZ ALMUDEVAR,Sr. MARTÍNEZ ALMUDEVAR.-,yes,"Sí, señor presidente. No quiero prolongar esta cuestión. Simplemente quiero decir que las invitaciones de ayer se hicieron por el servicio de Expedición de la casa. A lo mejor no",,"Label is directly above, but the speech does not follow from what precedes it: the debate is about PAMI and the passage answers a question about yesterday's invitations. The page looks like two stretches of session spliced together; the label itself is unambiguous."
h003,1998-03-11_r03,1998-03-11_r03_ORDINARIA.html,,Sr. MANFREDOTTI,Sr. MANFREDOTTI.-,yes,"Señor presidente: en igual sentido que el señor senador Sala, pido que se agregue mi firma en este proyecto de resolución contenido en el expediente S. 110/98.",,
h004,1998-03-11_r03,1998-03-11_r03_ORDINARIA.html,,Sr. PRESIDENTE,Sr. PRESIDENTE.-,yes,Tiene la palabra el señor senador por Corrientes del bloque justicialista.,,
h005,1998-03-11_r03,1998-03-11_r03_ORDINARIA.html,,Sr. PRESIDENTE (Menem),Sr. PRESIDENTE (Menem).-,yes,Tiene la palabra el señor senador por Misiones.,4 of 8,
h006,1998-03-18_r04,1998-03-18_r04_ORDINARIA.html,,Sr. ALASINO,Sr. ALASINO.-,yes,"Señor presidente: si hay acuerdo, propongo que la expresión de la voluntad se haga por signos.",,
h007,1998-03-18_r04,1998-03-18_r04_ORDINARIA.html,,Sr. PRESIDENTE (Menem),Sr. PRESIDENTE (Menem).-,yes,"En consideración en general. Si no se hace uso de la palabra, se va a votar.",,"Broken bold: the run opens at the heading 'Orden del Día N° 1396' and the label sits at its end, so heading and label share one bold run."
h008,1998-03-18_r04,1998-03-18_r04_ORDINARIA.html,,Sr. PRESIDENTE (Menem),Sr. PRESIDENTE (Menem).-,yes,Queda aprobada la declaración. Se procederá en consecuencia .,,
h009,1998-03-18_r04,1998-03-18_r04_ORDINARIA.html,,Sr. PRESIDENTE (Menem),Sr. PRESIDENTE (Menem).-,yes,Queda aprobada la comunicación. Se procederá en consecuencia.,,"A few lines up the same speaker is printed 'Sr. PRESIDENTE (Menem).' with no dash, inside a bold run that starts at the heading 'Orden del Día N° 13'. The label immediately above the passage is well formed."
h010,1998-03-18_r04,1998-03-18_r04_ORDINARIA.html,,Sr. SECRETARIO (Piuzzi),Sr. SECRETARIO (Piuzzi).-,yes,(Lee:),,The passage itself is the stenographer's '( Lee :)' note that opens the secretary's reading.
h011,1998-03-25_r05,1998-03-25_r05_ORDINARIA.html,,Sr. PRESIDENTE,Sr. PRESIDENTE.--,yes,"Le resta un minuto, señor senador.",1 of 2,This file prints the double hyphen '.--' throughout.
h012,1998-03-25_r05,1998-03-25_r05_ORDINARIA.html,,Sr. MAGLIETTI,Sr. MAGLIETTI.--,yes,¡Los indultos fueron peores!,,
h013,1998-03-25_r05,1998-03-25_r05_ORDINARIA.html,,Sr. PRESIDENTE,Sr. PRESIDENTE.--,yes,"Queda constancia de su manifestación, señor senador.",,
h014,1998-03-25_r05,1998-03-25_r05_ORDINARIA.html,,Sr. GENOUD,Sr. GENOUD.--,yes,"Yo puedo pedir la verificación del quórum, señor presidente. Pero me parece un procedimiento poco amable; por lo menos, no se practica en la Cámara. Quisiera saber cuántos senadores hay",,
h015,1998-04-01_r06,1998-04-01_r06_ORDINARIA.html,,Sr. PRESIDENTE (Cafiero),Sr. PRESIDENTE (Cafiero).--,yes,"Muy bien, señor senador.",,
h016,1998-04-01_r06,1998-04-01_r06_ORDINARIA.html,,Sr. PRESIDENTE (Losada),Sr. PRESIDENTE (Losada).--,yes,"¡Por favor, señor senadores! Respeten al orador en uso de la palabra.",,
h017,1998-04-01_r06,1998-04-01_r06_ORDINARIA.html,,Sr. PROSECRETARIO (Pontaquarto),Sr. PROSECRETARIO (Pontaquarto).--,yes,"Esta Secretaría informa que de acuerdo con el artículo 83 de la Constitución Nacional, el voto debe ser nominal.",,The label is printed twice in a row with '(Lee:)' between the two; the passage follows the second one. Also note the first bold run earlier on the page swallows the heading 'El texto de la inserción se encuentra en los originales' together with 'Sr. PRESIDENTE (Menem).--'.
h018,1998-04-15_r09,1998-04-15_r09_ORDINARIA.html,,Sr. BRANDA,Sr. BRANDA.-,yes,Señor presidente: que se tengan en cuenta los antecedentes y se obre en consecuencia.,,
h019,1998-04-15_r09,1998-04-15_r09_ORDINARIA.html,,Sr. PROSECRETARIO (Pontaquarto),Sr. PROSECRETARIO (Pontaquarto).-,yes,(Lee:),73 of 114,The passage is the '( Lee :)' note; this stretch of the page is a long run of read-out dictámenes with no debate between them.
h020,1998-04-29_r12,1998-04-29_r12_ORDINARIA.html,,Sr. PRESIDENTE,Sr. PRESIDENTE.-,yes,"¿Es para referirse a este tema, señor senador?",,
h021,1998-04-29_r12,1998-04-29_r12_ORDINARIA.html,,Sr. LOSADA,Sr. LOSADA.-,yes,Pido la palabra.,6 of 22,
h022,1998-04-29_r12,1998-04-29_r12_ORDINARIA.html,,Sr. PRESIDENTE,Sr. PRESIDENTE.-,yes,Queda abierta la conferencia. En consideración. Tiene la palabra el señor senador por La Pampa.,,"Broken bold: the run opens at the section heading 'II Conferencia' and closes after 'Sr. PRESIDENTE.-', so heading and label are one bold run. The same passage text appears twice on this page (two separate Cámara-en-comisión conferences); this is the second, the one for the Litoral zona-de-desastre bill."
h023,1998-04-29_r12,1998-04-29_r12_ORDINARIA.html,,Sr. SALA,Sr. SALA.-,yes,"Señor presidente: quiero hacer una aclaración a los señores senadores por el Chaco y por Formosa, porque el accidente ha motivado que estemos encima de los acontecimientos. El Banco Hipotecario",,"Immediately above, the previous label is mispunctuated as 'Sr. PRESIDENTE.**- ' — the bold closes before the dash. It does not affect this answer."
h024,1998-04-29_r12,1998-04-29_r12_ORDINARIA.html,,Sr. PRESIDENTE,Sr. PRESIDENTE.-,yes,Queda definitivamente sancionado el proyecto de ley. Se harán las comunicaciones correspondientes.,3 of 4,
h025,1998-05-06_r13,1998-05-06_r13_ORDINARIA.html,,Sr. HUMADA,Sr. HUMADA.-,yes,"Ante todo, señor presidente, quiero destacar la prontitud de esta sanción de la Cámara de Diputados, que ahora se transformaría en ley, sobre todo por el hecho de haber elevado",,
h026,1998-05-06_r13,1998-05-06_r13_ORDINARIA.html,,Sr. PRESIDENTE (Menem),Sr. PRESIDENTE (Menem).-,yes,"Corresponde considerar el dictamen de la Comisión de Micro, Pequeña y Mediana Empresa en el proyecto de comunicación del señor senador León por el que se solicita que el Poder",,"Label sits immediately above the passage under the section heading ""27 Desarrollo de las micro"
h027,1998-05-06_r13,1998-05-06_r13_ORDINARIA.html,,Sr. PRESIDENTE (Menem),Sr. PRESIDENTE (Menem).-,yes,Tiene la palabra el señor senador por La Rioja del bloque de la Unión Cívica Radical.,,
h028,1998-05-06_r13,1998-05-06_r13_ORDINARIA.html,,Sr. PRESIDENTE (Menem),Sr. PRESIDENTE (Menem).-,yes,En la lista está anotado el senador Genoud...,,"Preceded by ""Sr. AGÚNDEZ.- Pido la palabra.""; the president's label opens the passage's turn."
h029,1998-05-06_r13,1998-05-06_r13_ORDINARIA.html,,Sr. MENEGHINI,Sr. MENEGHINI.-,yes,¿Me concede una interrupción?,,Short interjection inside Alasino's speech; its own label is printed.
h030,1998-05-13_r15,1998-05-13_r15_ORDINARIA.html,,Sr. PRESIDENTE (Menem),Sr. PRESIDENTE (Menem).-,yes,"Tiene la palabra el señor senador por Corrientes, del bloque autonomista.",,
h031,1998-05-13_r15,1998-05-13_r15_ORDINARIA.html,,Sr. PRESIDENTE (Cafiero),Sr. PRESIDENTE (Cafiero).-,yes,Queda aprobada la declaración. Se procederá en consecuencia. 39,,Label is above a stenographer's vote note; same speaker resumes.
h032,1998-05-13_r15,1998-05-13_r15_ORDINARIA.html,,Sr. CAFIERO,Sr. CAFIERO.-,yes,"Mi discurso es moderno, no acerca de la Roma Antigua... (Risas.) Entre los justicialistas -y creo que esto es compartido también en el discurso de la oposición, aunque presumo que",,
h033,1998-05-20_r18,1998-05-20_r18_ORDINARIA.html,,Sr. PRESIDENTE,Sr. PRESIDENTE.-,yes,"Ha concluido su tiempo, señor senador.",,Printed without a name in this file.
h034,1998-05-20_r18,1998-05-20_r18_ORDINARIA.html,,Sr. YOMA,Sr. YOMA.-,yes,"No me interrumpa, señor senador.",,Yoma resumes after Maya's one-line interruption; his own label opens the passage.
h035,1998-05-20_r18,1998-05-20_r18_ORDINARIA.html,,Sr. PRESIDENTE,Sr. PRESIDENTE.-,yes,"Eso es posible. Entonces, en primer lugar se va a votar el Capítulo III sin el artículo 15 y después el artículo 15. Tiene la palabra el señor senador por",,Printed without a name in this file.
h036,1998-05-20_r18,1998-05-20_r18_ORDINARIA.html,,Sr. PRESIDENTE,Sr. PRESIDENTE.-,yes,Por Secretaría se dará lectura.,2 of 39,"Label directly above the vote note that precedes the passage.; the round's sheet named occurrence 2 of 39 of a count that included matches inside other words and lines of the contents list; both are fixed, and this row records the turn the reader was actually sent to"
h037,1998-06-10_r24,1998-06-10_r24_ORDINARIA.html,,Sr. PRESIDENTE (Losada),Sr. PRESIDENTE (Losada).-,yes,"Corresponde considerar el dictamen de las comisiones de Legislación General y de Micro, Pequeña y Mediana Empresa en el proyecto de ley en revisión por el que se sustituye el",,"Label opens a bold run that also swallows the heading ""29 Modificación de la Ley de Factura de Crédito""."
h038,1998-06-24_r26,1998-06-24_r26_ORDINARIA.html,,Sr. PRESIDENTE (Menem),Sr. PRESIDENTE (Menem).-,yes,Tiene la palabra el señor senador por Salta.,3 of 6,
h039,1998-07-15_r29,1998-07-15_r29_ORDINARIA.html,,Sr. VERNA,Sr. VERNA.-,yes,Pido la palabra.,2 of 13,"Label printed right after the note ""-A las 17 y 40 :""."
h040,1998-07-15_r29,1998-07-15_r29_ORDINARIA.html,,Sr. SECRETARIO (Piuzzi),Sr. SECRETARIO (Piuzzi).-,yes,(Lee:),89 of 130,"Passage is the ""(Lee:)"" that follows the secretary's own label."
h041,1998-07-15_r29,1998-07-15_r29_ORDINARIA.html,,Sr. PRESIDENTE,Sr. PRESIDENTE.-,yes,Dictamen de las comisiones de Agricultura y Ganadería y de Asistencia Social y Salud Pública en el proyecto de comunicación del señor senador Oudín por el que se solicita apoyo,,
h042,1998-07-15_r29,1998-07-15_r29_ORDINARIA.html,,Sr. SECRETARIO (Piuzzi),Sr. SECRETARIO (Piuzzi).-,yes,(Lee:),101 of 130,"Passage is the ""(Lee:)"" that follows the secretary's own label."
h043,1998-08-12_r34,1998-08-12_r34_ORDINARIA.html,,Sr. STORANI,Sr. STORANI.-,yes,Así es.,,
h044,1998-08-19_r36,1998-08-19_r36_ORDINARIA.html,,Sr. YOMA,Sr. YOMA.-,yes,"Sí, señor presidente.",1 of 6,
h045,1998-08-19_r36,1998-08-19_r36_ORDINARIA.html,,Sr. PROSECRETARIO (Pontaquarto),Sr. PROSECRETARIO (Pontaquarto).-,yes,"(Lee:) ""Inciso e): Fundar sus actos y mostrar la mayor transparencia en las decisiones adoptadas sin restringir información, a menos que una norma o el interés público claramente lo exijan;",,"Label is on the line above; the passage begins with the ""(Lee:)"" note."
h046,1998-08-19_r36,1998-08-19_r36_ORDINARIA.html,,Sr. PRESIDENTE (Menem),Sr. PRESIDENTE (Menem).-,yes,"En consecuencia, queda claro que se suprime únicamente el penúltimo párrafo. Tiene la palabra el señor senador por La Rioja.",,
h047,1998-08-19_r36,1998-08-19_r36_ORDINARIA.html,,Sr. GENOUD,Sr. GENOUD.-,yes,"Muy cordialmente, señor presidente, quiero expresar que no termino de comprender por qué se sostiene que se aplicará un criterio sin consultar primero a la Cámara. Perfectamente -como se lo",,"the round's sheet quoted this turn as 'Sí.', which the accent-folding matched inside 'así' at the end of this senator's sentence; the reader was sent here, read the label above it and answered correctly. The quote is recorded as the turn's own opening because 'Sí.' cannot locate a turn, and the numbering now refuses a match buried inside a word."
h048,1998-08-19_r36,1998-08-19_r36_ORDINARIA.html,,Sr. ALASINO,Sr. ALASINO.-,yes,"Si se acepta la propuesta del senador Del Piero, se abre el prevaricato, incorporándose una especie de tipo penal en blanco. Quiero decir que comparto la posición del señor senador",,
h049,1998-08-26_r39,1998-08-26_r39_ORDINARIA.html,,Sr. PROSECRETARIO (Pontaquarto),Sr. PROSECRETARIO (Pontaquarto).-,yes,El artículo 4 tiene una modificación.,,
h050,1998-09-02_r42,1998-09-02_r42_ORDINARIA.html,,Sr. VILLARROEL,Sr. VILLARROEL.-,yes,"Señor presidente, señores senadores: en oportunidad de tratarse anteriormente esta cuestión, que fue devuelta a comisión, adelanté mi criterio negativo en cuanto al progreso de este proyecto de comunicación. Creo",,
h051,1998-09-02_r42,1998-09-02_r42_ORDINARIA.html,,Sr. PRESIDENTE,Sr. PRESIDENTE.-,yes,Dictamen de la Comisión de Asistencia Social y Salud Pública en el proyecto de comunicación de la señora senadora Rivas por el que se solicitan informes acerca de la realización,1 of 2,"Label sits immediately above, after a section heading; bold run opens with a stray empty ** pair before it."
h052,1998-09-09_r44,1998-09-09_r44_ORDINARIA.html,,Sr. PRESIDENTE (Losada),Sr. PRESIDENTE (Losada).-,yes,Señor senador: la Presidencia va a hacer cumplir estrictamente el Reglamento. Sigue en uso de la palabra el senador por Formosa.,,
h053,1998-09-09_r44,1998-09-09_r44_ORDINARIA.html,,Sr. CAFIERO,Sr. CAFIERO.-,yes,"Señor presidente: aquí también se trata de una cuestión de redacción. Creo que debería decir: ""El incremento de la deuda pública interna neta del Estado nacional no será superior al",,
h054,1998-09-16_r47,1998-09-16_r47_ORDINARIA.html,,Sr. PRESIDENTE (Menem),Sr. PRESIDENTE (Menem).-,yes,Se va a votar el plan de labor...,,
h055,1998-09-16_r47,1998-09-16_r47_ORDINARIA.html,,Sr. PRESIDENTE (Cafiero),Sr. PRESIDENTE (Cafiero).-,yes,En consideración en general. Tiene la palabra el señor senador por La Rioja del bloque justicialista.,,Presidency changes to Cafiero in a stenographer's note just above the label; the label is directly above the passage.
h056,1998-10-07_r51,1998-10-07_r51_ORDINARIA.html,,Sr. SALA,Sr. SALA.-,yes,Se acepta la sugerencia porque está de acuerdo con el espíritu del artículo.,,
h057,1998-10-07_r51,1998-10-07_r51_ORDINARIA.html,,Sr. PRESIDENTE (Menem),Sr. PRESIDENTE (Menem).-,yes,Señor senador: hay otros oradores anotados para hacer uso de la palabra. Tiene la palabra el señor senador por Entre Ríos.,,
h058,1998-10-14_r52,1998-10-14_r52_ORDINARIA.html,,Sr. PRESIDENTE (Menem),Sr. PRESIDENTE (Menem).-,yes,Señor senador: ¿usted formula el pedido porque quiere hacer ahora alguna petición sobre esos expedientes?,,
h059,1998-10-14_r52,1998-10-14_r52_ORDINARIA.html,,Sr. PRESIDENTE (Menem),Sr. PRESIDENTE (Menem).-,yes,"Si no se hace uso de la palabra, se va a votar.",2 of 81,"Broken markup: the label is swallowed by the bold run that starts at the heading 'Orden del Día Nº 976', so it prints as part of that heading and the closing ** falls after '(Menem)'. Passage is a later paragraph of the same turn."
h060,1998-10-21_r53,1998-10-21_r53_ORDINARIA.html,,Sr. MAYA,Sr. MAYA.-,yes,"Al primero que voy a mencionar, señor presidente, es a usted felicitándolo por su estabilidad emocional en la conducción de esta reunión ante lo que hemos tenido que vivir. No",,
h061,1998-10-21_r53,1998-10-21_r53_ORDINARIA.html,,Sr. GENOUD,Sr. GENOUD.-,yes,¡Que hable en serio alguna vez!,,
h062,1998-10-21_r53,1998-10-21_r53_ORDINARIA.html,,Sr. GENOUD,Sr. GENOUD.-,yes,"Señor presidente: cuando a un acto irregular -llámesele ""despojo"" o ""usurpación""- se le agregan risas, burlas y humoradas, estamos frente a algo más grave, que es el cinismo. Y esa",,
h063,1998-10-21_r53,1998-10-21_r53_ORDINARIA.html,,Sr. PRESIDENTE,Sr. PRESIDENTE.-,yes,"No interrumpa, senador Genoud. No le voy a permitir ninguna interrupción. Si usted quiere una interrupción, la pide a la Presidencia, como corresponde.",,
h064,1998-10-28_r54,1998-10-28_r54_ORDINARIA.html,,Sr. PRESIDENTE (Cafiero),Sr. PRESIDENTE (Cafiero).-,yes,Tiene la palabra el señor senador por La Rioja.,5 of 18,"The passage starts mid-sentence: the turn opens 'Para referirse a este mismo tema,' and the quoted words continue it."
h065,1998-10-28_r54,1998-10-28_r54_ORDINARIA.html,,Sr. PRESIDENTE (Cafiero),Sr. PRESIDENTE (Cafiero).-,yes,Tiene la palabra el señor senador por Salta.,2 of 3,"Label is a paragraph above, under the heading 'Protocolo de Kyoto'; passage is the second paragraph of that turn.; the round's sheet named occurrence 2 of 3 of a count that included matches inside other words and lines of the contents list; both are fixed, and this row records the turn the reader was actually sent to"
h066,1998-11-04_r56,1998-11-04_r56_ORDINARIA.html,,Sr. PARDO,Sr. PARDO.-,yes,"Quiero señalar, señor presidente, que la tan mentada mayoría del Pacto no existe. El Pacto es integrado por tres bloques independientes: el del Partido Autonomista, el del Partido Liberal y",,
h067,1998-11-04_r56,1998-11-04_r56_ORDINARIA.html,,Sr. PRESIDENTE (Menem),Sr. PRESIDENTE (Menem).-,yes,Señores senadores: les ruego que respeten al orador.,,
h068,1998-11-04_r56,1998-11-04_r56_ORDINARIA.html,,Sr. PRESIDENTE (Menem),Sr. PRESIDENTE (Menem).-,yes,"Corresponde considerar el dictamen de las comisiones de Presupuesto y Hacienda, de Obras Públicas y de Transportes en el proyecto de comunicación del señor senador Salum por el que se",,Label directly above; in this file the bold closes before the '.-' ('Sr. PRESIDENTE (Menem)**.-') and nearby labels are folded into the 'Orden del Día' headings' bold runs.
h069,1998-11-11_r57,1998-11-11_r57_ORDINARIA.html,,Sr. PRESIDENTE (Menem),Sr. PRESIDENTE (Menem).-,yes,"Les ruego lo siguiente: como todos pueden hacer uso de la palabra, pido que se limiten al máximo las interrupciones. De lo contrario, el debate será muy desordenado. Señor senador",,
h070,1998-11-18_r58,1998-11-18_r58_ORDINARIA.html,,Sr. PRESIDENTE (Menem),Sr. PRESIDENTE (Menem).-,yes,Hay anotados otros señores senadores.,,
h071,1998-11-18_r58,1998-11-18_r58_ORDINARIA.html,,Sr. YOMA,Sr. YOMA.-,yes,¿Cómo vamos a hacer eso?,,
h072,1998-11-18_r58,1998-11-18_r58_ORDINARIA.html,,Sr. PRESIDENTE (Cafiero),Sr. PRESIDENTE (Cafiero).-,yes,"Hay una propuesta que esta Presidencia somete a consideración del cuerpo. Si no se hace uso de la palabra, se va a votar.",,
h073,1998-11-25_r62,1998-11-25_r62_ESPECIAL.html,,Sr. PRESIDENTE (Menem),Sr. PRESIDENTE (Menem).-,yes,La Presidencia ruega se sirvan guardar silencio.,,
h074,1998-11-25_r64,1998-11-25_r64_ORDINARIA.html,,Sr. PRESIDENTE,Sr. PRESIDENTE.-,yes,Me informa la Secretaría Parlamentaria que ha sido votado en general.,,"Same file has 'Sr. ROMERO FERIS.-' printed inside the bold run of the heading 'Orden del Día N° 798', though that is not the label for this passage."
h075,1998-11-25_r64,1998-11-25_r64_ORDINARIA.html,,Sr. VILLARROEL,Sr. VILLARROEL.-,yes,"¿Me permite una interrupción, señor senador?",3 of 5,
h076,1998-11-26_r65,1998-11-26_r65_ORDINARIA.html,,Sr. PRESIDENTE (Cafiero),Sr. PRESIDENTE (Cafiero).-,yes,Queda aprobada la comunicación. Se procederá en consecuencia.,20 of 29,
h077,1998-11-26_r65,1998-11-26_r65_ORDINARIA.html,,Sr. SECRETARIO (Pontaquarto),Sr. SECRETARIO (Pontaquarto).-,yes,(Lee:),70 of 107,"Same reader is labelled PROSECRETARIO (Pontaquarto) elsewhere in this file; here the page prints SECRETARIO.; the round's sheet named occurrence 70 of 107 of a count that included matches inside other words and lines of the contents list; both are fixed, and this row records the turn the reader was actually sent to"
h078,1998-12-02_r66,1998-12-02_r66_ORDINARIA.html,,Sr. PRESIDENTE (Menem),Sr. PRESIDENTE (Menem).-,yes,Voy a conceder una última prórroga por diez minutos. Por Secretaría se tomará nota de los señores senadores que se incorporen y que no se encontraban presentes en el momento,,
h079,1998-12-09_r71,1998-12-09_r71_ORDINARIA.html,,Sr. MOREAU,Sr. MOREAU.-,yes,"Gracias, señor presidente. Lamentablemente, mi colega por la provincia de Buenos Aires introdujo un tema que no estaba en discusión. Además, se trata de dos situaciones distintas . No tuve",,
h080,1998-12-09_r71,1998-12-09_r71_ORDINARIA.html,,Sr. PRESIDENTE,Sr. PRESIDENTE.-,yes,"Si así no lo hiciereis, Dios y la Patria os lo demanden. (Aplausos y manifestaciones en las bancas y en las galerías. Varios señores senadores rodean y felicitan al señor",,No surname in parenthesis anywhere in this stretch; the page prints the bare label.
h081,1998-12-09_r71,1998-12-09_r71_ORDINARIA.html,,Sr. PRESIDENTE (Menem),Sr. PRESIDENTE (Menem).-,yes,Queda aprobada la comunicación. Se procederá en consecuencia.,,
h082,1998-12-09_r71,1998-12-09_r71_ORDINARIA.html,,Sr. PRESIDENTE (Menem),Sr. PRESIDENTE (Menem).-,yes,Corresponde considerar el dictamen de las comisiones de Deportes y de Presupuesto y Hacienda en el proyecto de comunicación del señor senador Gioja por el que se solicita un subsidio,1 of 2,
h083,1998-12-16_r73,1998-12-16_r73_EXTRAORDINARIA.html,,Sr. VERNA,Sr. VERNA.-,yes,Así es; venció el 30 de noviembre.,,"Bare PRESIDENTE label, no surname, in this file."
h084,1999-02-24_r01,1999-02-24_r01_PREPARATORIA.html,,Sr. PRESIDENTE (Menem),Sr. PRESIDENTE (Menem).-,yes,Tiene la palabra el señor senador por Mendoza.,1 of 3,Passage is a new paragraph with no label of its own; it continues the president's turn two paragraphs above.
h085,1999-03-24_r04,1999-03-24_r04_ORDINARIA.html,,Sr. ROMERO FERIS,Sr. ROMERO FERIS.-,yes,Volveremos a insistir para ver si podemos traer al ministro Corach a este recinto para que diga las cosas que tiene que decir.,,
h086,1999-04-07_r06,1999-04-07_r06_ORDINARIA.html,,Sr. PRESIDENTE (Menem),Sr. PRESIDENTE (Menem).-,yes,Corresponde considerar el dictamen de la Comisión de Asistencia Social y Salud Pública en el proyecto de comunicación de los señores senadores Verna y Sala por el que se solicitan,,
h087,1999-04-07_r06,1999-04-07_r06_ORDINARIA.html,,Sr. PRESIDENTE (Menem),Sr. PRESIDENTE (Menem).-,yes,Queda aprobada la resolución. Se comunicará a la Honorable Cámara de Diputados.,3 of 4,
h088,1999-04-07_r06,1999-04-07_r06_ORDINARIA.html,,Sr. PRESIDENTE (Menem),Sr. PRESIDENTE (Menem).-,yes,"En consideración en general. Si no se hace uso de la palabra, se va a votar.",,"The label's bold run is merged with the preceding section heading (""Orden del Dia N 49""), so the label has no opening bold marker of its own."
h089,1999-04-14_r08,1999-04-14_r08_ORDINARIA.html,,Sr. PRESIDENTE,Sr. PRESIDENTE.-,yes,Tiene la palabra el señor senador por la Capital.,,
h090,1999-04-14_r08,1999-04-14_r08_ORDINARIA.html,,Sr. PRESIDENTE,Sr. PRESIDENTE.-,yes,El senador Maya le solicita una interrupción.,,
h091,1999-04-21_r10,1999-04-21_r10_ORDINARIA.html,,Sr. PRESIDENTE,Sr. PRESIDENTE.-,yes,Tiene la palabra el señor senador por Corrientes.,1 of 5,
h092,1999-04-21_r10,1999-04-21_r10_ORDINARIA.html,,Sr. BRANDA,Sr. BRANDA.-,yes,Pido la palabra.,5 of 19,
h093,1999-04-21_r10,1999-04-21_r10_ORDINARIA.html,,Sr. PRESIDENTE,Sr. PRESIDENTE.-,yes,Tiene la palabra el señor senador por Formosa.,2 of 5,
h094,1999-04-21_r10,1999-04-21_r10_ORDINARIA.html,,Sr. PRESIDENTE,Sr. PRESIDENTE.-,yes,En consideración en general.,15 of 67,"Label sits inside a bold run that starts with the heading ""Incorporar dictamen""; also this item skips the usual ""Si no se hace uso de la palabra"" line and goes straight to the vote."
h095,1999-04-21_r10,1999-04-21_r10_ORDINARIA.html,,Sr. PRESIDENTE,Sr. PRESIDENTE.-,yes,Queda aprobada la resolución. Se harán las comunicaciones correspondientes.,29 of 32,
h096,1999-05-12_r18,1999-05-12_r18_ESPECIAL.html,,Sr. PRESIDENTE,Sr. PRESIDENTE.-,yes,"Le resta un minuto, senador.",,
h097,1999-06-02_r21,1999-06-02_r21_ESPECIAL.html,,Sr. CAFIERO,Sr. CAFIERO.-,yes,"¿Me permite una interrupción, señor senador?",,
h098,1999-06-02_r21,1999-06-02_r21_ESPECIAL.html,,Sr. PRESIDENTE (López),Sr. PRESIDENTE (López).-,yes,Tiene la palabra la señora senadora por el Neuquén.,,"Label's bold run is merged with the heading ""Texto de la insercion""."
h099,1999-06-09_r22,1999-06-09_r22_ORDINARIA.html,,Sr. ALTUNA,Sr. ALTUNA.-,yes,¡Ah! Es otra cosa.,,
h100,1999-06-16_r24,1999-06-16_r24_ESPECIAL.html,,Sr. YOMA,Sr. YOMA.-,yes,"Respecto de la propuesta efectuada por el señor senador Alasino, debo decir que no alcanzo a comprender su objeto. Digo esto porque el artículo que él propone constituye una reiteración,",,
h101,1999-06-16_r25,1999-06-16_r25_ORDINARIA.html,,Sr. PRESIDENTE (Ulloa),Sr. PRESIDENTE (Ulloa).-,yes,"En consideración en general. Si no se hace uso de la palabra, se va a votar.",22 of 160,"Label sits inside a bold run that opens before the ""Orden del Día Nº 193"" heading and closes just after the label, so the title and the label share one bold block."
h102,1999-06-16_r25,1999-06-16_r25_ORDINARIA.html,,Sr. SECRETARIO (Oyarzún),Sr. SECRETARIO (Oyarzún).-,yes,(Lee:),39 of 172,Passage is the (Lee:) note itself; label immediately above.
h103,1999-06-16_r25,1999-06-16_r25_ORDINARIA.html,,Sr. PRESIDENTE (Ulloa),Sr. PRESIDENTE (Ulloa).-,yes,Queda aprobada la declaración. Se procederá en consecuencia.,24 of 39,"Item is introduced as a proyecto de resolución but the passage says ""Queda aprobada la declaración"" - page inconsistency, not a label problem."
h104,1999-06-16_r25,1999-06-16_r25_ORDINARIA.html,,Sr. PRESIDENTE (Ulloa),Sr. PRESIDENTE (Ulloa).-,yes,Queda aprobada la resolución. Se procederá en consecuencia.,26 of 27,
h105,1999-06-16_r25,1999-06-16_r25_ORDINARIA.html,,Sr. ULLOA,Sr. ULLOA.-,yes,"Señor presidente: quizá el miembro informante pueda hacerme una aclaración mientras esperamos para formar quórum. La ley 24.625 tenía una duración de tres años, a partir del 3 de enero",,"Turn opened by ""Sr. ULLOA.- "" right after the president gave him the floor."
h106,1999-06-23_r29,1999-06-23_r29_ORDINARIA.html,,Sr. PRESIDENTE,Sr. PRESIDENTE.-,yes,Queda sancionado el proyecto de ley. Se comunicará a la Honorable Cámara de Diputados.,11 of 29,"Printed with no name in parentheses here, although the same file prints ""Sr. PRESIDENTE (Menem).-"" elsewhere. Copied as printed."
h107,1999-06-23_r29,1999-06-23_r29_ORDINARIA.html,,Sr. PRESIDENTE (Menem),Sr. PRESIDENTE (Menem).-,yes,Corresponde considerar el dictamen de la Comisión de Interior y Justicia en el proyecto de ley en revisión por el que se declara como Mes Nacional de la Colectividades a,,
h108,1999-06-23_r29,1999-06-23_r29_ORDINARIA.html,,Sr. PRESIDENTE (Menem),Sr. PRESIDENTE (Menem).-,yes,Corresponde considerar el dictamen de la Comisión de Legislación General en el proyecto de ley del señor senador Sala sobre Hora Oficial. (Orden del Día Nº 229) Por Secretaría se,,
h109,1999-06-30_r30,1999-06-30_r30_ORDINARIA.html,,Sr. GAGLIARDI,Sr. GAGLIARDI.-,yes,"Señor presidente: yo tenía una solicitud de tratamiento sobre tablas sobre el tema de Parques Nacionales. Según se adelantó por Secretaría han ingresado los proyectos de los señores senadores Sala,",,
h110,1999-06-30_r30,1999-06-30_r30_ORDINARIA.html,,Sr. PRESIDENTE,Sr. PRESIDENTE.-,yes,Tiene la palabra el señor senador por San Juan.,3 of 3,"Passage starts mid-sentence: the page reads ""Para el mismo homenaje tiene la palabra el señor senador por San Juan."" and the sheet's opening words capitalise ""Tiene"". Label is one line above.; the round's sheet named occurrence 3 of 5 of a count that included matches inside other words and lines of the contents list; both are fixed, and this row records the turn the reader was actually sent to"
h111,1999-07-07_r31,1999-07-07_r31_ORDINARIA.html,,Sr. PRESIDENTE (Cafiero),Sr. PRESIDENTE (Cafiero).-,yes,Por Secretaría se dará lectura al plan de labor parlamentaria aprobado en la reunión de presidentes de bloque celebrada ayer.,,"Label is inside a bold run that also holds the section heading ""8 Plan de Labor""."
h112,1999-07-14_r35,1999-07-14_r35_ORDINARIA.html,,Sr. GENOUD,Sr. GENOUD.-,yes,"En este aspecto, solicito la mayor permeabilidad posible por parte del bloque de la mayoría. El artículo 1 establece : ""Prorrógase el vencimiento para el pago del impuesto establecido en",,"Speech resumes after a ""-Murmullos en el recinto."" note and a presidential interjection; the passage's own label is Sr. GENOUD.-"
h113,1999-07-14_r35,1999-07-14_r35_ORDINARIA.html,,Sr. PRESIDENTE (Menem),Sr. PRESIDENTE (Menem).-,yes,Señores senadores: ruego respetar al orador en uso de la palabra.,,
h114,1999-08-04_r37,1999-08-04_r37_ORDINARIA.html,,Sr. PRESIDENTE,Sr. PRESIDENTE.-,yes,Queda aprobada la comunicación. Se procederá en consecuencia.,18 of 66,No name in parentheses on this page.
h115,1999-08-04_r37,1999-08-04_r37_ORDINARIA.html,,Sr. PRESIDENTE,Sr. PRESIDENTE.-,yes,Corresponde considerar el dictamen de la Comisión de Cultura en dos proyectos de declaración: uno del señor senador de la Rosa y el otro del señor senador Alasino por los,,"No name in parentheses; label shares a bold run with the heading ""116 Fallecimiento del señor Osvaldo Dragún""."
h116,1999-08-11_r39,1999-08-11_r39_ORDINARIA.html,,Sr. PRESIDENTE (Menem),Sr. PRESIDENTE (Menem).-,yes,A continuación pasamos a sesión de acuerdos. Corresponde considerar el dictamen de la Comisión de Acuerdos en el mensaje del Poder Ejecutivo por el que se solicita acuerdo para designar,,"Label shares a bold run with the heading ""7 Ministro plenipotenciario de segunda clase""."
h117,1999-08-11_r39,1999-08-11_r39_ORDINARIA.html,,Sr. PRESIDENTE (Menem),Sr. PRESIDENTE (Menem).-,yes,Corresponde considerar las modificaciones introducidas por la Cámara de Diputados al proyecto de ley que le fuera pasado en revisión sobre legislación delegada. Tiene la palabra el señor senador por,,"Label shares a bold run with the heading ""25 Legislación delegada""."
h118,1999-08-25_r43,1999-08-25_r43_ORDINARIA.html,,Sr. PRESIDENTE (Menem),Sr. PRESIDENTE (Menem).-,yes,Dejo sentado el pedido del señor senador. Lo vamos a incorporar cuando se dé lectura al plan de labor. Tiene la palabra el señor senador por la ciudad de Buenos,,
h119,1999-08-25_r43,1999-08-25_r43_ORDINARIA.html,,Sr. PRESIDENTE,Sr. PRESIDENTE.-,yes,"Usted está haciendo esto como una argumentación global, porque no se puede votar a favor o en contra.",,No name in parentheses in this stretch of the file.
h120,1999-09-01_r44,1999-09-01_r44_ORDINARIA.html,,Sr. USANDIZAGA,Sr. USANDIZAGA.-,yes,"¿Por lo menos, le puedo contestar al señor senador Sala?",,
h121,1999-09-01_r44,1999-09-01_r44_ORDINARIA.html,,Sr. PRESIDENTE,Sr. PRESIDENTE.-,yes,En consideración en general. Tiene la palabra el señor senador por Corrientes.,,"Printed without the name although the labels a few lines above read ""Sr. PRESIDENTE (Menem).-""; the label also shares a bold run with the ""Orden del Día Nº 459"" heading. The reading is given as printed."
h122,1999-09-15_r45,1999-09-15_r45_ORDINARIA.html,,Sr. PRESIDENTE (Menem),Sr. PRESIDENTE (Menem).-,yes,"En consideración en general. Si no se hace uso de la palabra, se va a votar.",2 of 87,"Earlier in the same passage a bold run opens at the end of a stenographer's note (""...de los Asuntos Entrados**.""), and that note contains an unfilled placeholder: ""que figura en el punto ... de los Asuntos Entrados""."
h123,1999-09-15_r45,1999-09-15_r45_ORDINARIA.html,,Sr. PRESIDENTE,Sr. PRESIDENTE.-,yes,Por Secretaría se hizo llegar la lista de asuntos entrados. Corresponde que los señores senadores formulen al respecto las consideraciones que estimen pertinentes.,,"Label shares a bold run with the heading ""4 Asuntos Entrados""."
h124,1999-09-15_r45,1999-09-15_r45_ORDINARIA.html,,Sr. PRESIDENTE,Sr. PRESIDENTE.-,yes,Corresponde considerar el dictamen de las comisiones de Combustibles y de Energía en el proyecto de declaración del señor senador Manfredotti por el que se solicita se declare de interés,,"Label shares a bold run with the heading ""11 III Exposición Internacional del Petróleo y Gas""."
h125,1999-09-15_r45,1999-09-15_r45_ORDINARIA.html,,Sr. PRESIDENTE,Sr. PRESIDENTE.-,yes,Corresponde considerar el dictamen de las comisiones de Drogadicción y Narcotráfico y de Presupuesto y Hacienda en el proyecto de comunicación del señor senador Maglietti por el que se solicita,,"Label shares a bold run with the heading ""15 Subsidio para la Fundación Manantiales""."
h126,1999-09-15_r45,1999-09-15_r45_ORDINARIA.html,,Sr. MENEM,Sr. MENEM.-,yes,"Señor presidente: si bien no soy el miembro informante de esta iniciativa, por lo que he podido observar se trata de un proyecto que ha tenido origen en la Cámara",,
h127,1999-09-15_r45,1999-09-15_r45_ORDINARIA.html,,Sr. LOSADA,Sr. LOSADA.-,yes,"Brevemente quiero decir que el objetivo no es no votar y que entendemos las prioridades. Pero es necesario que quede nuestro mensaje, en función de este tipo de preocupaciones y",,President had just returned the floor to the senator from Misiones after an interruption; Losada's label opens the passage.
h128,1999-09-15_r45,1999-09-15_r45_ORDINARIA.html,,Sr. SECRETARIO (Oyarzún),Sr. SECRETARIO (Oyarzún).-,yes,(Lee:),71 of 103,"Label sits directly above; the bold run that follows opens at the title 'Orden del Día Nº 740' and closes only after the next label 'Sr. PRESIDENTE.-', so that later label is not bolded on its own."
h129,1999-09-15_r45,1999-09-15_r45_ORDINARIA.html,,Sr. SECRETARIO (Oyarzún),Sr. SECRETARIO (Oyarzún).-,yes,(Lee:),76 of 103,Same markup pattern: the following bold run spans the title 'Orden del Día Nº 489' through 'Sr. PRESIDENTE.-'.
h130,1999-09-22_r46,1999-09-22_r46_ORDINARIA.html,,Sr. PRESIDENTE,Sr. PRESIDENTE.-,yes,Tiene la palabra el señor senador por el Chubut.,,
h131,1999-09-22_r46,1999-09-22_r46_ORDINARIA.html,,Sr. PRESIDENTE (Menem),Sr. PRESIDENTE (Menem).-,yes,"Si no se hace uso de la palabra, se va a votar el tratamiento sobre tablas. Como no hay quórum, se va a llamar para votar.",,
h132,1999-10-27_r52,1999-10-27_r52_ORDINARIA.html,,Sr. SECRETARIO (Oyarzún),Sr. SECRETARIO (Oyarzún).-,yes,(Lee:),36 of 175,Bold run below spans 'Orden del Día Nº 828' into 'Sr. PRESIDENTE (Cafiero).-'.
h133,1999-10-27_r52,1999-10-27_r52_ORDINARIA.html,,Sr. SECRETARIO (Oyarzún),Sr. SECRETARIO (Oyarzún).-,yes,(Lee:),72 of 175,Bold run below spans 'Orden del Día Nº 872' into 'Sr. PRESIDENTE (Cafiero).-'.
h134,1999-10-27_r52,1999-10-27_r52_ORDINARIA.html,,Sr. PRESIDENTE (Cafiero),Sr. PRESIDENTE (Cafiero).-,yes,Corresponde considerar el dictamen de las comisiones de Energía y de Asistencia Social y Salud Pública en el proyecto de comunicación del señor senador Berhongaray por el que se solicitan,,The label is inside a bold run that opens at the section number '103' and its title 'Controles en medicina nuclear y radioterapia' and closes just after the label.
h135,1999-10-27_r52,1999-10-27_r52_ORDINARIA.html,,Sr. JEFE DE GABINETE DE MINISTROS,Sr. JEFE DE GABINETE DE MINISTROS.-,yes,"Señor presidente, señores senadores: sólo quiero reiterar el hecho de que todos los argentinos debemos congratularnos por haber ratificado la elección del sistema democrático. Claramente, el conjunto de la sociedad",,Not a senator; the chair explicitly gives the floor to the Chief of Staff for closing remarks.
h136,1999-11-03_r53,1999-11-03_r53_ORDINARIA.html,,Sr. PRESIDENTE (Menem),Sr. PRESIDENTE (Menem).-,yes,"Por razones de tipo práctico y habiendo sido aceptada esta forma de votación, se va a votar en particular por capítulos, dado que el tema estuvo en comisión y fue",,
h137,1999-11-04_r55,1999-11-04_r55_ORDINARIA.html,,Sr. PRESIDENTE (Cafiero),Sr. PRESIDENTE (Cafiero).-,yes,Se va a llamar por diez minutos más y transcurrido ese plazo se pasará lista.,,
h138,1999-11-04_r55,1999-11-04_r55_ORDINARIA.html,,Sr. VARIZAT,Sr. VARIZAT.-,yes,"Señor presidente: creo que la posición de la Alianza fue debidamente explicitada en la Cámara de Diputados y que el asesoramiento técnico ya lo ha tenido. Además, entiendo que este",,
h139,1999-11-10_r57,1999-11-10_r57_ORDINARIA.html,,Sr. PRESIDENTE (Menem),Sr. PRESIDENTE (Menem).-,yes,"En consideración en general. Si no se hace uso de la palabra, se va a votar.",7 of 62,Label sits at the end of a bold run that began at the title 'Orden del Día Nº 995'.
h140,1999-11-10_r57,1999-11-10_r57_ORDINARIA.html,,Sr. CAFIERO,Sr. CAFIERO.-,yes,"Señor presidente: francamente, no he visto que haya sido recogida con generosidad nuestra aceptación de esta postergación, con el espíritu con que la hemos planteado. Por algunas expresiones del señor",,Cafiero speaks here as a senator; the chair in this session is Menem.
h141,1999-11-10_r57,1999-11-10_r57_ORDINARIA.html,,Sr. SALUM,Sr. SALUM.-,yes,Señor presidente: este proyecto ha sido largamente discutido y la única forma de poder llevarlo adelante es aprobando este artículo como está redactado en este proyecto.,,
h142,1999-11-10_r57,1999-11-10_r57_ORDINARIA.html,,Sr. VAQUIR,Sr. VAQUIR.-,yes,"Señor presidente: si bien solicito la inserción del discurso que tenía pensado hacer, no quiero dejar de señalar el extraordinario aporte que hace a la infancia...",,
h143,1999-11-10_r57,1999-11-10_r57_ORDINARIA.html,,Sr. PRESIDENTE (Cafiero),Sr. PRESIDENTE (Cafiero).-,yes,Queda sancionado por unanimidad el proyecto de ley. Vuelve a la Honorable Cámara de Diputados.,2 of 2,
h144,1999-11-10_r57,1999-11-10_r57_ORDINARIA.html,,Sr. PRESIDENTE (Cafiero),Sr. PRESIDENTE (Cafiero).-,yes,"Si no se hace uso de la palabra, se va a votar el proyecto con la modificación propuesta.",,
h145,1999-11-17_r59,1999-11-17_r59_ORDINARIA.html,,Sr. PRESIDENTE (Ulloa),Sr. PRESIDENTE (Ulloa).-,yes,"En consideración en general. Si no se hace uso de la palabra, se va a votar.",14 of 35,Label closes a bold run opened at the title 'Orden del Día Nº 1041'.
h146,1999-11-24_r00,1999-11-24_r00_ASAMBLEA.html,,Sr. PRESIDENTE,Sr. PRESIDENTE.-,yes,"Al haberse aprobado la propuesta, corresponde ahora que los señores legisladores cumplan su cometido asistidos por los señores secretarios parlamentarios de ambas Cámaras, pasando la Asamblea a un breve cuarto",,Joint Assembly; the label carries no surname. Bold run opens at the section number '6' and the title 'Escrutinio'.
h147,1999-11-24_r62,1999-11-24_r62_ORDINARIA.html,,Sr. PRESIDENTE (Menem),Sr. PRESIDENTE (Menem).-,yes,"En consideración en general. Si no se hace uso de la palabra, se va a votar.",20 of 38,Label closes a bold run opened at a preceding title.
h148,1999-12-01_r64,1999-12-01_r64_ORDINARIA.html,,Sr. PRESIDENTE (Genoud),Sr. PRESIDENTE (Genoud).-,yes,Tiene la palabra el señor senador por La Rioja Eduardo Menem.,,
h149,1999-12-01_r64,1999-12-01_r64_ORDINARIA.html,,Sr. ARNOLD,Sr. ARNOLD.-,yes,"Señor presidente: compartí poco tiempo en esta Casa con el señor senador Avelín. Conozco acerca de sus proyectos en el mismo sentido en que se manifestaron los señores senadores preopinantes,",,
h150,1999-12-01_r64,1999-12-01_r64_ORDINARIA.html,,Sr. PRESIDENTE (Ulloa),Sr. PRESIDENTE (Ulloa).-,yes,"En consideración en general. Si no se hace uso de la palabra, se va a votar.",15 of 70,Label closes a bold run opened at the title 'Orden del Día Nº 1130'.
h151,1999-12-01_r64,1999-12-01_r64_ORDINARIA.html,,Sr. PRESIDENTE (Ulloa),Sr. PRESIDENTE (Ulloa).-,yes,En consideración la insistencia de la Honorable Cámara de Diputados. Tiene la palabra el señor senador por Formosa.,,"Broken bold: the label is not its own bold run; the run opens at the secretary's (Lee:) and closes right after the label, so the title ""Orden del Día Nº 1126"" and the label share one run."
h152,1999-12-01_r64,1999-12-01_r64_ORDINARIA.html,,Sr. SECRETARIO (Pontaquarto),Sr. SECRETARIO (Pontaquarto).-,yes,(Lee:) .,74 of 76,"Passage is the (Lee:) note itself, immediately after the secretary's label."
h153,1999-12-09_r67,1999-12-09_r67_ORDINARIA.html,,Sr. GALVÁN,Sr. GALVÁN.-,yes,"Señor presidente: quiero hacer una aclaración, que pretendo que también sea una interpretación auténtica, toda vez que no consideramos prudente que se abra a través de las observaciones en particular",,
h154,1999-12-15_r68,1999-12-15_r68_EXTRAORDINARIA.html,,Sr. PRESIDENTE,Sr. PRESIDENTE.-,yes,Queda aprobada la comunicación. Se procederá en consecuencia.,11 of 39,Label has no name in parenthesis in this file.
h155,1999-12-15_r68,1999-12-15_r68_EXTRAORDINARIA.html,,Sr. PRESIDENTE,Sr. PRESIDENTE.-,yes,"En consideración en general. Si no se hace uso de la palabra, se va a votar.",47 of 74,"Same broken bold as h151: ""Orden del Día Nº 1246"" and the label sit inside one bold run."
h156,1999-12-15_r68,1999-12-15_r68_EXTRAORDINARIA.html,,Sr. PRESIDENTE,Sr. PRESIDENTE.-,yes,Tiene la palabra el señor senador por Mendoza.,3 of 5,
h157,1999-12-22_r69,1999-12-22_r69_EXTRAORDINARIA.html,,Sr. PRESIDENTE,Sr. PRESIDENTE.-,yes,"Continúe, señor senador por Buenos Aires.",,
h158,1999-12-22_r69,1999-12-22_r69_EXTRAORDINARIA.html,,Sr. PRESIDENTE,Sr. PRESIDENTE.-,yes,Tiene la palabra el señor senador por La Rioja.,6 of 17,
h159,1999-12-22_r69,1999-12-22_r69_EXTRAORDINARIA.html,,Sr. PRESIDENTE,Sr. PRESIDENTE.-,yes,Tiene la palabra el señor senador por Formosa.,3 of 4,
h160,1999-12-22_r69,1999-12-22_r69_EXTRAORDINARIA.html,,Sr. MOREAU,Sr. MOREAU.-,yes,"Señor presidente: nosotros vamos a hacer una exhortación, más allá de que, efectivamente, este debate puede haber despertado algunas pasiones. Lo que no podemos hacer es una interpretación sobre tablas",,
h161,1999-12-22_r69,1999-12-22_r69_EXTRAORDINARIA.html,,Sr. PRESIDENTE,Sr. PRESIDENTE.-,yes,Por Secretaría se dará lectura.,2 of 4,
h162,1999-12-28_r70,1999-12-28_r70_ESPECIAL.html,,Sr. CANTARERO,Sr. CANTARERO.-,yes,"Señor presidente: en todos los presupuestos, en virtud de los protocolos firmados con Chile, figuraba en el articulado la pavimentación de las rutas de la parte argentina. Tan es así",,
h163,1999-12-28_r71,1999-12-28_r71_ESPECIAL.html,,Sr. PRESIDENTE,Sr. PRESIDENTE.-,yes,"No dialoguen, señores senadores.",,
h164,1999-12-28_r71,1999-12-28_r71_ESPECIAL.html,,Sr. ALASINO,Sr. ALASINO.-,yes,¿No lo incluye a Álvarez?,,"The president had just given the floor to ""el señor senador por San Juan"", but the label printed is ALASINO (Entre Ríos); the San Juan senator (Gioja) speaks two turns later. The printed label is unambiguous."
h165,1999-12-28_r71,1999-12-28_r71_ESPECIAL.html,,Sr. MAYA,Sr. MAYA.-,yes,"Gracias, señor senador. Quiero hacer un comentario que complementa lo que dijo el señor senador Gioja en cuanto al interrogante de por qué no lo hicimos antes y que, realmente,",,
h166,1999-12-28_r72,1999-12-28_r72_ESPECIAL.html,,Sr. YOMA,Sr. YOMA.-,yes,"¿Me concede una interrupción, señor senador?",,A stenographer's note (-Se llama para formar quórum.) sits between the president's turn and this label; the label itself is clear.
h167,2000-02-23_r73,2000-02-23_r73_EXTRAORDINARIA.html,,Sr. PRESIDENTE (Ulloa),Sr. PRESIDENTE (Ulloa).-,yes,Queda aprobada la comunicación. Se procederá en consecuencia.,6 of 29,
h168,2000-02-23_r73,2000-02-23_r73_EXTRAORDINARIA.html,,Sr. PRESIDENTE (Ulloa),Sr. PRESIDENTE (Ulloa).-,yes,Tiene la palabra el señor senador por la Capital.,1 of 2,
h169,2000-03-08_r02,2000-03-08_r02_ORDINARIA.html,,Sr. Presidente (Genoud),Sr. Presidente (Genoud). --,yes,Por Secretaría se dará lectura de la renuncia.,,"This file prints labels in mixed case with a "" --"" dash, and the bold is split around the name: **Sr. Presidente **(Genoud)**. --** — the name is outside the bold runs."
h170,2000-03-15_r06,2000-03-15_r06_ORDINARIA.html,,Sr. Presidente,Sr. Presidente. --,yes,Corresponde considerar el dictamen de la Comisión de Educación en el proyecto de declaración del señor senador Oudín por el que se manifiesta beneplácito por la actuación de las alumnas,,"Broken bold: the run opens at the section heading (""30 / Alumnas misioneras en las Olimpíadas Nacionales de Filosofía"") and closes just after the label, so heading and label share one run."
h171,2000-03-15_r06,2000-03-15_r06_ORDINARIA.html,,Sr. Presidente,Sr. Presidente. --,yes,Tiene la palabra el señor por Mendoza.,,"Spacing of the label varies in this file (""Sr. Presidente.-- "", ""Sr. Presidente. -- ""); the passage text itself reads ""el señor por Mendoza"", missing ""senador"" — a typo in the record, not in the label."
h172,2000-03-22_r09,2000-03-22_r09_ORDINARIA.html,,Sr. Yoma,Sr. Yoma. --,yes,Señor presidente: voy a ser muy breve porque creo que el tema que está ocupando a la Cámara es mucho más importante que el planteado por el senador por San,,"Broken bold: the run opens at the heading ""52 / Cuestión de privilegio"" and covers the first Yoma label; the label above the passage itself is clean."
h173,2000-03-22_r09,2000-03-22_r09_ORDINARIA.html,,Sr. Villarroel,Sr. Villarroel. --,yes,Señor presidente: no sé si el señor secretario es más joven que el joven que me entregó el papel. Digo esto porque no hace más de diez minutos que el,,
h174,2000-03-22_r09,2000-03-22_r09_ORDINARIA.html,,Sr. Presidente,Sr. Presidente. --,yes,Se pasará a un breve cuarto intermedio en las bancas.,,
h175,2000-04-05_r11,2000-04-05_r11_ORDINARIA.html,,Sr. Presidente,Sr. Presidente. --,yes,Tiene la palabra el señor senador por San Luis.,,
h176,2000-04-05_r11,2000-04-05_r11_ORDINARIA.html,,Sr. Presidente,Sr. Presidente. --,yes,"Gracias, señor senador.",1 of 3,
h177,2000-04-12_r13,2000-04-12_r13_ORDINARIA.html,,Sr. Secretario (Pontaquarto),Sr. Secretario (Pontaquarto). --,yes,(Lee:) .,34 of 67,"Bold run is split mid-label (""**Sr. Secretario **(Pontaquarto)**. -- **)"
h178,2000-04-12_r13,2000-04-12_r13_ORDINARIA.html,,Sr. Secretario (Pontaquarto),Sr. Secretario (Pontaquarto). --,yes,(Lee:) .,52 of 67,Same split bold run as h177.
h179,2000-04-26_r15,2000-04-26_r15_ESPECIAL.html,,Sr. Presidente,Sr. Presidente. --,yes,¿Senador Villarroel?,,
h180,2000-04-26_r15,2000-04-26_r15_ESPECIAL.html,,Sr. Presidente,Sr. Presidente. --,yes,Para una interrupción tiene la palabra el señor senador López.,,
h181,2000-05-10_r16,2000-05-10_r16_ORDINARIA.html,,Sr. Presidente,Sr. Presidente. --,yes,"Cuando votemos el plan de labor parlamentaria, incluiremos su moción. Tiene la palabra el señor senador Sergnese.",,
h182,2000-05-10_r16,2000-05-10_r16_ORDINARIA.html,,Sr. Presidente,Sr. Presidente. --,yes,"Corresponde considerar el dictamen de las comisiones de Economías Regionales y de Micro, Pequeña y Mediana Empresa en el proyecto de comunicación del señor senador Costanzo por el que se",,"The bold run starts at the section number and title (""** 31 Estado de desastre en el valle del Rio Negro"") and only closes after the label's dash, so the label is inside a bold span that also covers the heading."
h183,2000-05-10_r16,2000-05-10_r16_ORDINARIA.html,,Sr. Presidente,Sr. Presidente. --,yes,"En consideración en general. Si no se hace uso de la palabra, se va a votar.",59 of 83,"Label sits inside a bold run that opens on the heading ""Orden del Dia N 232""."
h184,2000-05-10_r16,2000-05-10_r16_ORDINARIA.html,,Sr. Presidente,Sr. Presidente. --,yes,"En consideración en general. Si no se hace uso de la palabra, se va a votar.",60 of 83,"Label sits inside a bold run that opens on the heading ""Orden del Dia N 233""."
h185,2000-05-17_r17,2000-05-17_r17_ORDINARIA.html,,Sr. Sala,Sr. Sala. --,yes,"Señor presidente: voy a solicitar que el Orden del Día N° 477, que contiene un proyecto referido a la reestructuración del Instituto Nacional de Investigación y Desarrollo Pesquero, sea considerado",,
h186,2000-05-17_r17,2000-05-17_r17_ORDINARIA.html,,Sr. Alasino,Sr. Alasino. --,yes,Señor presidente: mantenemos la propuesta inicial respecto al ordenamiento de la sesión. La cuestión de privilegio seguirá su destino. En el proyecto de declaración simplemente se manifiesta la preocupación por,,
h187,2000-05-17_r17,2000-05-17_r17_ORDINARIA.html,,Sr. Presidente (Genoud),Sr. Presidente (Genoud). --,yes,Corresponde pasar a cuarto intermedio para constituir la Cámara en Tribunal en los juicios políticos mencionados.,,
h188,2000-05-17_r17,2000-05-17_r17_ORDINARIA.html,,Sr. Secretario (Pontaquarto),Sr. Secretario (Pontaquarto). --,yes,(Lee:),24 of 44,Label is immediately above; bold run split mid-label.
h189,2000-05-17_r17,2000-05-17_r17_ORDINARIA.html,,Sr. Presidente (Genoud),Sr. Presidente (Genoud). --,yes,"En consideración en general. Si no se hace uso de la palabra, se va a votar.",31 of 38,"Markup broken: bold opens on the heading ""Orden del Dia N 296"" and closes after ""Sr. Presidente "", leaving ""(Genoud). --"" outside bold. Nearby copies of the same label in this file close the bold after the dash."
h190,2000-06-07_r22,2000-06-07_r22_ORDINARIA.html,,Sr. Presidente,Sr. Presidente. --,yes,"Gracias, señor senador. Tiene la palabra el señor senador Cafiero.",,
h191,2000-06-07_r22,2000-06-07_r22_ORDINARIA.html,,Sr. Presidente,Sr. Presidente. --,yes,Corresponde considerar el dictamen de la Comisión de Combustibles en el proyecto de comunicación del señor senador Arnold por el que se solicitan informes acerca del abastecimiento de gas licuado,,Bold run opens on the section heading and the label is inside it.
h192,2000-06-07_r22,2000-06-07_r22_ORDINARIA.html,,Sr. Presidente,Sr. Presidente. --,yes,Tiene la palabra el señor senador Alasino.,,"Printed ""**Sr. Presidente**. --"" with the period and dash outside the bold."
h193,2000-06-21_r27,2000-06-21_r27_ORDINARIA.html,,Sr. Presidente (Genoud),Sr. Presidente (Genoud). --,yes,"En consideración en general. Si no se hace uso de la palabra, se va a votar.",17 of 75,"Bold closes after ""Sr. Presidente"", so ""(Genoud). --"" is not bold; the run also opens on the heading ""Orden del Dia N 401""."
h194,2000-06-21_r27,2000-06-21_r27_ORDINARIA.html,,Sr. Presidente (Genoud),Sr. Presidente (Genoud). --,yes,Corresponde considerar el dictamen de las comisiones de Obras Públicas y de Transportes en el proyecto de comunicación del señor senador Mikkelsen Löth por el que se solicitan informes acerca,,"Bold run opens on the section number 61 and its title; ""(Genoud). --"" falls outside the bold."
h195,2000-06-28_r31,2000-06-28_r31_ORDINARIA.html,,Sr. Presidente (Genoud),Sr. Presidente (Genoud). --,yes,Queda aprobada la resolución. Se procederá en consecuencia.,4 of 7,"Label is directly above, separated from the passage only by a blank line."
h196,2000-06-28_r31,2000-06-28_r31_ORDINARIA.html,,Sr. Presidente (Genoud),Sr. Presidente (Genoud). --,yes,Por Secretaría se dará lectura.,5 of 41,"No label directly above: the passage is the last line of the president's turn, which opened about eight lines earlier with the Orden del Dia N 461 dictamen text. The sentence is unusually cut off from that turn by a blank line."
h197,2000-06-28_r31,2000-06-28_r31_ORDINARIA.html,,Sr. Presidente (Genoud),Sr. Presidente (Genoud). --,yes,Tiene la palabra el señor senador Alasino.,2 of 2,
h198,2000-07-05_r33,2000-07-05_r33_ORDINARIA.html,,Sr. Presidente,Sr. Presidente.--,yes,Tiene la palabra el señor senador León.,,"Passage begins mid-sentence and lowercase on the page (""Para rendir homenaje al doctor Hipolito Yrigoyen tiene la palabra el senor senador Leon""); the slice quotes it capitalised as if it were a new sentence. Label prints with no space before the dash and sits inside a bold run opened at the heading ""I""."
h199,2000-07-05_r33,2000-07-05_r33_ORDINARIA.html,,Sr. Secretario (Pontaquarto),Sr. Secretario (Pontaquarto). --,yes,(Lee:),8 of 102,"Bold run split mid-label, as in h177."
h200,2000-07-05_r33,2000-07-05_r33_ORDINARIA.html,,Sr. Presidente,Sr. Presidente. --,yes,Queda aprobada la comunicación. Se procederá en consecuencia.,13 of 37,
h201,2000-07-05_r33,2000-07-05_r33_ORDINARIA.html,,Sr. Secretario (Pontaquarto),Sr. Secretario (Pontaquarto). --,yes,(Lee:),35 of 102,Bold run breaks mid-label: printed as **Sr. Secretario **(Pontaquarto)**. -- **
h202,2000-07-05_r33,2000-07-05_r33_ORDINARIA.html,,Sr. Presidente,Sr. Presidente. --,yes,No estamos votando proyectos de ley.,,
h203,2000-07-12_r37,2000-07-12_r37_ORDINARIA.html,,Sr. Pardo,Sr. Presidente (Genoud). --,no,"Señor presidente: dada la hora y como creo que está agotada la lista de oradores, voy a solicitar que proceda a llamar para formar quórum y votar el proyecto.",,"checked against the page: the label printed directly above this passage is 'Sr. Pardo. --'; the reader read up past it to the chair's previous label, 'Sr. Presidente (Genoud). --'. The parser is right and this is the round's one reader error."
h204,2000-08-02_r38,2000-08-02_r38_ORDINARIA.html,,Sr. Presidente,Sr. Presidente. --,yes,"En consideración en general. Si no se hace uso de la palabra, se va a votar.",48 of 122,"Label sits inside a bold run opened by the heading ""Orden del Día Nº 627"", so the title and the label share one bold block"
h205,2000-08-02_r38,2000-08-02_r38_ORDINARIA.html,,Sr. Presidente,Sr. Presidente. --,yes,Corresponde considerar el dictamen de la Comisión de Cultura en el proyecto de declaración de los señores senadores López y Usandizaga por el que se declara de interés para el,,"Label opens inside the bold run that also holds section number 68 and its title ""Festival 'Un Puente, dos Culturas'"""
h206,2000-08-02_r38,2000-08-02_r38_ORDINARIA.html,,Sr. Secretario (Pontaquarto),Sr. Secretario (Pontaquarto). --,yes,(Lee:),82 of 144,
h207,2000-08-02_r38,2000-08-02_r38_ORDINARIA.html,,Sr. Presidente,Sr. Presidente. --,yes,Queda aprobado. Se procederá en consecuencia.,13 of 13,
h208,2000-08-02_r38,2000-08-02_r38_ORDINARIA.html,,Sr. Presidente (Genoud),Sr. Presidente (Genoud). --,yes,"Vamos a votar el artículo 1° en la versión originaria, informada por el señor senador López. Si no se hace uso de la palabra, se va a votar.",,
h209,2000-08-09_r42,2000-08-09_r42_ORDINARIA.html,,Sr. Presidente,Sr. Presidente. --,yes,Tiene la palabra el señor senador Villaverde.,2 of 3,
h210,2000-08-16_r44,2000-08-16_r44_ESPECIAL.html,,Sr. Presidente,Sr. Presidente. --,yes,"Se encuentra en antesalas el señor jefe de Gabinete de Ministros, doctor Rodolfo Terragno, con el objeto de brindar el informe prescripto por el artículo 101 de la Constitución Nacional",,"Label inside the bold run holding section number 2 and its title; special session, president not named in parentheses anywhere on the page"
h211,2000-08-23_r46,2000-08-23_r46_ORDINARIA.html,,Sr. Presidente (Genoud),Sr. Presidente (Genoud). --,yes,Tiene la palabra el señor senador Verna.,2 of 2,Same words appear twice a few lines apart; occurrence 2 read as instructed
h212,2000-08-23_r46,2000-08-23_r46_ORDINARIA.html,,Sr. Genoud,Sr. Genoud . --,yes,"Dice ""las versiones que...""",,Printed with a stray space before the period; Genoud speaks here from the floor while someone else chairs
h213,2000-08-30_r47,2000-08-30_r47_ORDINARIA.html,,Sr. Losada,Sr. Losada. --,yes,"Señor presidente: como estamos tratando las solicitudes de preferencias, quiero efectuar un pedido con relación al orden del día 179, respecto del cual no sé por qué razón no está",,
h214,2000-09-13_r51,2000-09-13_r51_ORDINARIA.html,,Sr. Secretario (Pontaquarto),Sr. Secretario (Pontaquarto). --,yes,(Lee:),34 of 127,
h215,2000-09-13_r51,2000-09-13_r51_ORDINARIA.html,,Sr. Secretario (Pontaquarto),Sr. Secretario (Pontaquarto). --,yes,(Lee:),96 of 127,
h216,2000-09-13_r51,2000-09-13_r51_ORDINARIA.html,,Sr. Presidente (Genoud),Sr. Presidente (Genoud). --,yes,En consideración en general. Tiene la palabra el señor senador Molinari Romero.,,"Label inside the bold run opened by the heading ""Orden del Día Nº 810"""
h217,2000-09-13_r51,2000-09-13_r51_ORDINARIA.html,,Sr. Presidente (Genoud),Sr. Presidente (Genoud). --,yes,"Bueno, hubo una modificación al proyecto. (Risas.)",,Closing bold marker falls before the dashes: **Sr. Presidente **(Genoud). --
h218,2000-09-27_r53,2000-09-27_r53_ORDINARIA.html,,Sr. Secretario (Pontaquarto),Sr. Secretario (Pontaquarto). --,yes,(Lee:),2 of 5,
h219,2000-09-27_r53,2000-09-27_r53_ORDINARIA.html,,Sr. Rodríguez Saá,Sr. Rodríguez Saá. --,yes,Cómo no.,2 of 2,
h220,2000-09-27_r53,2000-09-27_r53_ORDINARIA.html,,Sr. Presidente (Genoud),Sr. Presidente (Genoud). --,yes,Tiene la palabra el senador Alasino para una cuestión técnica. A ver si la puedo evacuar por anticipado...,,
h221,2000-09-27_r53,2000-09-27_r53_ORDINARIA.html,,Sr. Presidente (Genoud),Sr. Presidente (Genoud). --,yes,"Veamos si los bloques hacen un esfuerzo para votar, aunque más no sea la preferencia para la semana próxima. Tiene la palabra el señor senador Moreau.",,
h222,2000-10-04_r55,2000-10-04_r55_ORDINARIA.html,,Sr. Presidente (Genoud),Sr. Presidente (Genoud). --,yes,Solicita la incorporación de un pedido de tratamiento sobre tablas al plan de labor parlamentaria.,,
h223,2000-10-18_r58,2000-10-18_r58_ORDINARIA.html,,Sr. Presidente (Losada),Sr. Presidente (Losada). --,yes,Queda aceptada la renuncia del señor secretario Parlamentario a partir del 1 de noviembre.,,Speech resumes after the stenographer's note -- La votación resulta afirmativa.
h224,2000-10-18_r58,2000-10-18_r58_ORDINARIA.html,,Sr. Presidente (Losada),Sr. Presidente (Losada). --,yes,"Tiene la palabra el señor senador Gioja, bloque Justicialista.",,"Label inside the bold run holding section number 4 and its title ""Designación del señor secretario parlamentario"""
h225,2000-10-18_r58,2000-10-18_r58_ORDINARIA.html,,Sr. Presidente (Losada),Sr. Presidente (Losada). --,yes,"Ya se han dado las instrucciones, señor senador.",,
h226,2000-10-25_r59,2000-10-25_r59_ORDINARIA.html,,Sr. Presidente (Cafiero),Sr. Presidente (Cafiero). --,yes,"Corresponde considerar el dictamen de las comisiones de Obras Públicas, de Transportes y de Presupuesto y Hacienda en el proyecto de resolución del señor senador Maya por el que se",1 of 2,"Bold run is broken: the page prints ""**127 / Construcción de un camino entre Ibicuy y la ruta 12 / Sr. Presidente **(Cafiero)**. -- **"", i.e. the section number and title sit inside the same bold run as the label."
h227,2000-10-25_r59,2000-10-25_r59_ORDINARIA.html,,Sr. Presidente (Cafiero),Sr. Presidente (Cafiero). --,yes,"En consideración en general. Si no se hace uso de la palabra, se va a votar.",119 of 270,"Label printed as ""Sr. Presidente **(Cafiero). --"" with the bold opening back at the section number 131; the surname is outside the bold run."
h228,2000-10-25_r59,2000-10-25_r59_ORDINARIA.html,,Sr. Presidente (Cafiero),Sr. Presidente (Cafiero). --,yes,"En consideración en general. Si no se hace uso de la palabra, se va a votar.",141 of 270,Same broken bold as h227: bold opens at section number 154 and the label is only partly bolded.
h229,2000-10-25_r59,2000-10-25_r59_ORDINARIA.html,,Sr. Presidente (Cafiero),Sr. Presidente (Cafiero). --,yes,Queda aprobada la comunicación. Se procederá en consecuencia.,127 of 161,
h230,2000-11-15_r60,2000-11-15_r60_ORDINARIA.html,,Sr. Gioja,Sr. Gioja. --,yes,Señor presidente: que sea con despacho para la próxima sesión.,,
h231,2000-11-15_r60,2000-11-15_r60_ORDINARIA.html,,Sr. Secretario (Oyarzún),Sr. Secretario (Oyarzún). --,yes,(Lee:),10 of 128,"The passage is the ""( Lee :)"" note itself; it continues the secretary's turn, which begins ""Secretaría informa que por ser un evento vencido, pasa al archivo."""
h232,2000-11-15_r60,2000-11-15_r60_ORDINARIA.html,,Sr. Presidente (Losada),Sr. Presidente (Losada). --,yes,"En consideración en general. Si no se hace uso de la palabra, se va a votar.",93 of 104,
h233,2000-11-15_r60,2000-11-15_r60_ORDINARIA.html,,Sr. Presidente (Losada),Sr. Presidente (Losada). --,yes,Perdón. En la Secretaría no figura como parte del plan de labor parlamentaria.,,"Speech resumes after the note ""-- Varios señores senadores hablan a la vez."", same speaker."
h234,2000-11-15_r60,2000-11-15_r60_ORDINARIA.html,,Sr. Villaverde,Sr. Villaverde. --,yes,¿Por qué no lo votamos ahora?,,
h235,2000-11-22_r63,2000-11-22_r63_ORDINARIA.html,,Sr. Presidente (Losada),Sr. Presidente (Losada). --,yes,"En consideración en general. Si no se hace uso de la palabra, se va a votar.",17 of 49,
h236,2000-11-22_r63,2000-11-22_r63_ORDINARIA.html,,Sr. León,Sr. León. --,yes,Señor presidente: solicito que se inserte un informe docente sobre la significación de la plaga del picudo algodonero.,,
h237,2000-11-22_r63,2000-11-22_r63_ORDINARIA.html,,Sr. Carbonell,Sr. Carbonell. --,yes,"Creo que más allá de las opiniones internas que podamos verter con criterio constructivo las fuerzas políticas argentinas respecto de la conducta pública de un funcionario --en este caso, de",,Carbonell's turn is interrupted by Maya's request and the president's question; the label immediately above the passage is Carbonell's own resumed turn.
h238,2000-11-29_r66,2000-11-29_r66_ORDINARIA.html,,Sr. Presidente (Losada),Sr. Presidente (Losada). --,yes,"En consideración en general. Si no se hace uso de la palabra, se va a votar.",20 of 42,"Page is damaged here: the Orden del Día heading prints as ""Orden del Día N 106"" (no º) followed by several empty bold runs before the label."
h239,2000-11-29_r66,2000-11-29_r66_ORDINARIA.html,,Sr. Verna,Sr. Verna. --,yes,"Señor presidente: desde el momento en que el artículo 10 establece la creación del ente Patagonia Alimento Ecológico, que funcionará como organismo autárquico en el ámbito de la Secretaría de",,"Printed with a stray space inside the bold run: ""**Sr. Verna . -- **""."
h240,2000-11-30_r67,2000-11-30_r67_ORDINARIA.html,,Sr. San Millán,Sr. San Millán. --,yes,"Se ha salteado el tratamiento del Orden del Día N° 1503, que se refiere a un proyecto de ley en revisión sobre prórroga del plazo de vencimiento para la solicitud",,
h241,2000-11-30_r67,2000-11-30_r67_ORDINARIA.html,,Sr. Yoma,Sr. Yoma. --,yes,"Señor presidente: siento un gran respeto por el señor senador Sáez. Justamente por el respeto que él nos merece, debo manifestar que no se puede votar un proyecto ""de favor"",",,
h242,2000-11-30_r67,2000-11-30_r67_ORDINARIA.html,,Sr. Presidente (Preto),Sr. Presidente (Preto). --,yes,Tiene la palabra el señor senador Galván.,1 of 3,"Preto is presiding here, while elsewhere in the same file (h240, h241) the president is Cafiero — the chair changes hands within the session."
h243,2000-12-07_r69,2000-12-07_r69_EXTRAORDINARIA.html,,Sr. Presidente (Losada),Sr. Presidente (Losada). --,yes,"Ya se ha dado lectura a ese artículo, senador.",,
h244,2000-12-07_r69,2000-12-07_r69_EXTRAORDINARIA.html,,Sr. Maglietti,Sr. Maglietti. --,yes,"Señor presidente: voy a apoyar la derogación del artículo 42, porque interpreto que es prácticamente inaplicable. El problema de los combustibles que existe con relación a los subsidios es un",,"Maglietti first appears just above with ""Pido la palabra."" as a separate short turn; the label directly above the passage is his second one."
h245,2000-12-07_r69,2000-12-07_r69_EXTRAORDINARIA.html,,Sr. Presidente (Losada),Sr. Presidente (Losada). --,yes,"Atento a lo solicitado, se va a votar nuevamente el artículo propuesto.",,
h246,2000-12-20_r70,2000-12-20_r70_EXTRAORDINARIA.html,,Sr. Presidente (Losada),Sr. Presidente (Losada). --,yes,Continúa en el uso de la palabra el señor senador Vaquir.,,
h247,2000-12-21_r71,2000-12-21_r71_EXTRAORDINARIA.html,,Sr. Presidente (Losada),Sr. Presidente (Losada). --,yes,Corresponde considerar el dictamen de la Comisión de Cultura en el proyecto de declaración del señor senador de la Rosa por el que se expresa beneplácito por el otorgamiento a,,"Label printed as ""Sr. Presidente** (Losada). --"" — the bold closes after ""Presidente"" and the surname falls outside it; the bold run began at the section number 26."
h248,2000-12-21_r71,2000-12-21_r71_EXTRAORDINARIA.html,,Sr. Presidente (Losada),Sr. Presidente (Losada). --,yes,Queda aprobada la declaración. Se procederá en consecuencia.,8 of 23,
h249,2000-12-21_r71,2000-12-21_r71_EXTRAORDINARIA.html,,Sr. Presidente (Losada),Sr. Presidente (Losada). --,yes,Queda aprobada la declaración. Se procederá en consecuencia.,16 of 23,
h250,2001-02-21_r01,2001-02-21_r01_PREPARATORIA.html,,Sr. Presidente (Losada),Sr. Presidente (Losada). --,yes,"Si no se hace uso de la palabra, se va a votar la moción formulada por el señor senador Preto.",,
h251,2001-03-07_r02,2001-03-07_r02_ORDINARIA.html,,Sr. Genoud,Sr. Genoud. --,yes,"Señor presidente: estos dos proyectos tienen una gran importancia, por lo tanto creo que deberían girarse a las comisiones de Agricultura y Ganadería, de Asistencia Social y Salud Pública y",,
h252,2001-03-07_r02,2001-03-07_r02_ORDINARIA.html,,Sr. Presidente (Menem),Sr. Presidente (Menem). --,yes,"En consideración en general. Si no se hace uso de la palabra, se va a votar.",38 of 75,"Label sits right after the heading 'Orden del Día Nº 1656'; the bold run opens at the heading and closes just before '(Menem)', so 'Sr. Presidente' and the heading share one bold span."
h253,2001-03-07_r02,2001-03-07_r02_ORDINARIA.html,,Sr. Presidente (Menem),Sr. Presidente (Menem). --,yes,Queda aprobada la resolución. Se comunicará a la Honorable Cámara de Diputados.,3 of 9,
h254,2001-03-14_r06,2001-03-14_r06_ORDINARIA.html,,Sr. Presidente (Menem),Sr. Presidente (Menem). --,yes,Queda definitivamente sancionado el proyecto de ley. Se harán las comunicaciones correspondientes.,1 of 4,Bold is split oddly: '**Sr. Presidente** (Menem).** --**'.
h255,2001-03-14_r06,2001-03-14_r06_ORDINARIA.html,,Sr. Agúndez,Sr. Agúndez. --,yes,"Señor presidente: sin entrar a valorar el proyecto del señor senador Menem, creemos que el presidente de la Nación es quien tiene a su cargo la política exterior. Ahora bien,",,
h256,2001-03-23_r12,2001-03-23_r12_ORDINARIA.html,,Sr. Gagliardi,Sr. Gagliardi. --,yes,"Era un lindo slogan que quizás alguna vez fue realidad; pero hoy no lo es. Y si seguimos discutiendo sobre la base de pases de facturas estériles, vamos a terminar",,Short interjection by Sr. Cafiero immediately above; the passage is Gagliardi resuming.
h257,2001-03-23_r12,2001-03-23_r12_ORDINARIA.html,,Sr. Presidente (Losada),Sr. Presidente (Losada). --,yes,Señora senadora: el señor senador Corach le solicita una interrupción. ¿Se la concede?,,
h258,2001-03-23_r12,2001-03-23_r12_ORDINARIA.html,,Sr. Del Piero,Sr. Del Piero. --,yes,"Sí, señor presidente.",2 of 2,
h259,2001-03-28_r13,2001-03-28_r13_ORDINARIA.html,,Sr. Presidente (Losada),Sr. Presidente (Losada). --,yes,La Presidencia solicita a los señores senadores se sirvan escuchar al orador.,,
h260,2001-03-28_r13,2001-03-28_r13_ORDINARIA.html,,Sr. Alasino,Sr. Alasino. --,yes,"Señor presidente: con respecto a este artículo, hicimos un minucioso estudio de la lista que aparece en Internet de organismos descentralizados y autárquicos. Así, nos encontramos con el caso del",,
h261,2001-03-28_r13,2001-03-28_r13_ORDINARIA.html,,Sr. Presidente (Losada),Sr. Presidente (Losada). --,yes,"Si no se hace uso de la palabra, se va a votar el inciso b), apartado II, artículo 1.",,
h262,2001-03-28_r13,2001-03-28_r13_ORDINARIA.html,,Sr. Presidente (Losada),Sr. Presidente (Losada). --,yes,"Tiene la palabra el señor senador Carbonell; pero como me indica que es para referirse al artículo 8, queda en uso de la palabra el señor senador Del Piero y,",,
h263,2001-03-28_r13,2001-03-28_r13_ORDINARIA.html,,Sr. Presidente (Losada),Sr. Presidente (Losada). --,yes,"En primer lugar, la Presidencia tiene que someter a votación la moción formulada por el señor senador Tell. Si el senador Tell no retira su moción es lo que corresponde",,
h264,2001-03-28_r13,2001-03-28_r13_ORDINARIA.html,,Sr. Tell,Sr. Tell. --,yes,Señor presidente: con cuatro votos no puede haber mayoría...,,
h265,2001-04-04_r14,2001-04-04_r14_ORDINARIA.html,,Sr. Molinari Romero,Sr. Molinari Romero . --,yes,Pido la palabra.,1 of 16,"Printed with a stray space before the period. The bold run here opens back at the section heading '1 Manifestaciones en minoría' and closes after the dash, so the label itself is not separately bolded; it is the first label in the file, after the long contents list."
h266,2001-04-04_r14,2001-04-04_r14_ORDINARIA.html,,Sr. Presidente (Sapag),Sr. Presidente (Sapag). --,yes,Queda reservado.,3 of 3,
h267,2001-04-04_r14,2001-04-04_r14_ORDINARIA.html,,Sr. Presidente (Sapag),Sr. Presidente (Sapag). --,yes,Queda aprobada la comunicación. Se procederá en consecuencia.,6 of 24,
h268,2001-04-04_r14,2001-04-04_r14_ORDINARIA.html,,Sr. Presidente (Sapag),Sr. Presidente (Sapag). --,yes,Corresponde considerar el dictamen de la Comisión de Interior y Justicia en el proyecto de declaración del señor senador Romero por el que se adhiere al Día Nacional de la,,Bold opens at the section heading above and closes just before '(Sapag)'.
h269,2001-04-04_r14,2001-04-04_r14_ORDINARIA.html,,Sr. Presidente (Sapag),Sr. Presidente (Sapag). --,yes,Queda aprobada la comunicación. Se procederá en consecuencia.,19 of 24,
h270,2001-04-04_r14,2001-04-04_r14_ORDINARIA.html,,Sr. Presidente (Sapag),Sr. Presidente (Sapag). --,yes,Corresponde constituir la Cámara en comisión para formular dictamen y designar autoridades.,,Same straddling bold: the run starts at the heading 'Constitución de la Cámara en comisión'.
h271,2001-04-18_r18,2001-04-18_r18_ORDINARIA.html,,Sr. Secretario (Oyarzún),Sr. Secretario (Oyarzún).--,yes,Secretaría informa que este proyecto fue aprobado en general en la sesión del 4 de abril. Solamente falta el tratamiento en particular. (Lee:),,"Printed with no space before the dash. The passage itself contains '(Lee:)', which is a note, not a speaker."
h272,2001-04-18_r18,2001-04-18_r18_ORDINARIA.html,,Sr. Presidente (Losada),Sr. Presidente (Losada). --,yes,Se procederá en consecuencia.,2 of 37,"The passage starts mid-turn: the sentence before it, 'Queda aprobada la comunicación.', belongs to the same presidential turn."
h273,2001-04-18_r18,2001-04-18_r18_ORDINARIA.html,,Sr. Presidente (Losada),Sr. Presidente (Losada). --,yes,"En consideración el tratamiento sobre tablas. Si no se hace uso de la palabra, se va a votar.",,
h274,2001-05-03_r24,2001-05-03_r24_ORDINARIA.html,,Sr. Presidente (Losada),Sr. Presidente (Losada). --,yes,"A usted le consta que no ha variado, ni mucho menos. La Presidencia desea someter la cuestión a votación, toda vez que coincide con el planteo del señor senador Cafiero",,
h275,2001-05-03_r24,2001-05-03_r24_ORDINARIA.html,,Sr. García Arecha,Sr. García Arecha. --,yes,Señor presidente: oportunamente el senador Corach trajo a este recinto el tema de la Comisión Bicameral de Seguimiento de la Autonomía de la Ciudad de Buenos Aires. Yo solicité que,,
h276,2001-05-09_r28,2001-05-09_r28_ORDINARIA.html,,Sr. Presidente (Losada),Sr. Presidente (Losada). --,yes,Tiene la palabra el señor senador Yoma.,1 of 4,"Bold run breaks mid-label: ""**Sr. Presidente **(Losada)**. --**"""
h277,2001-05-09_r32,2001-05-09_r32_ESPECIAL.html,,Sr. Gioja,Sr. Gioja. --,yes,"Le agradezco, señor senador.",,Gioja's turn is one line; he is interrupting Maya
h278,2001-05-16_r33,2001-05-16_r33_ORDINARIA.html,,Sr. Presidente (Menem),Sr. Presidente (Menem). --,yes,Tiene la palabra el señor senador Gioja.,1 of 3,"Just above, ""Sr. Yoma. --"" is printed with no bold at all, unlike every other label on the page; the round's sheet named occurrence 1 of 3 of a count that included matches inside other words and lines of the contents list; both are fixed, and this row records the turn the reader was actually sent to"
h279,2001-05-23_r35,2001-05-23_r35_ORDINARIA.html,,Sr. Presidente (Losada),Sr. Presidente (Losada). --,yes,"Para una manifestación en minoría, tiene la palabra el señor senador Vaquir.",,
h280,2001-05-23_r35,2001-05-23_r35_ORDINARIA.html,,Sr. Presidente (Losada),Sr. Presidente (Losada). --,yes,"Si los señores senadores toman asiento, creo que tenemos quórum. Tiene la palabra el señor senador García Arecha.",,
h281,2001-05-30_r36,2001-05-30_r36_ORDINARIA.html,,Sr. Carbonell,Sr. Carbonell. --,yes,Pido la palabra.,4 of 11,"One-line turn (""Pido la palabra."") between two other speakers"
h282,2001-05-30_r36,2001-05-30_r36_ORDINARIA.html,,Sr. Presidente (León),Sr. Presidente (León). --,yes,En consideración la moción formulada por el señor senador Carbonell.,,
h283,2001-05-30_r36,2001-05-30_r36_ORDINARIA.html,,Sr. Presidente (León),Sr. Presidente (León). --,yes,Tiene la palabra el señor senador por Tucumán.,6 of 10,"Label is two paragraphs above; an ordinary paragraph of the same turn sits between; the round's sheet named occurrence 6 of 10 of a count that included matches inside other words and lines of the contents list; both are fixed, and this row records the turn the reader was actually sent to"
h284,2001-06-13_r38,2001-06-13_r38_ORDINARIA.html,,Sr. Sala,Sr. Sala. --,yes,Ya lo mandé a buscar.,,
h285,2001-06-13_r38,2001-06-13_r38_ORDINARIA.html,,Sr. Corach,Sr. Corach. --,yes,Señor presidente: no entiendo con claridad si la propuesta formulada por el señor senador Agúndez consiste en postergar el tratamiento sobre tablas del proyecto de ley en revisión sobre ampliación,,
h286,2001-06-13_r38,2001-06-13_r38_ORDINARIA.html,,Sr. Presidente (Losada),Sr. Presidente (Losada). --,yes,"En consideración en general. Si no se hace uso de la palabra, se va a votar.",1 of 112,
h287,2001-06-13_r38,2001-06-13_r38_ORDINARIA.html,,Sra. Negre de Alonso,Sra. Negre de Alonso. --,yes,"Señor presidente: en nombre del bloque Frente Justicialista para el Cambio apoyo la designación del señor senador Vaquir. Por otra parte, considerando el poco tiempo que los dos integrantes de",,
h288,2001-06-13_r38,2001-06-13_r38_ORDINARIA.html,,Sr. Presidente (Losada),Sr. Presidente (Losada). --,yes,"Corresponde considerar el dictamen de la Comisión de Acuerdos en el mensaje del Poder Ejecutivo por el que se solicita acuerdo para designar embajador extraordinario y plenipotenciario categoría A, a",,"Bold run opens at the section heading (""12 Embajador extraordinario..."") and closes inside the label, so heading and label share one bold run"
h289,2001-06-13_r38,2001-06-13_r38_ORDINARIA.html,,Sr. Presidente (Losada),Sr. Presidente (Losada). --,yes,"En consideración en general. Si no se hace uso de la palabra, se va a votar.",7 of 112,
h290,2001-06-13_r38,2001-06-13_r38_ORDINARIA.html,,Sr. Presidente (Menem),Sr. Presidente (Menem). --,yes,"En consideración en general. Si no se hace uso de la palabra, se va a votar.",52 of 112,"Same merged bold run: it opens at ""Orden del Día Nº 368"" and closes after ""Sr. Presidente"""
h291,2001-06-13_r38,2001-06-13_r38_ORDINARIA.html,,Sr. Presidente (Menem),Sr. Presidente (Menem). --,yes,"En consideración en general. Si no se hace uso de la palabra, se va a votar.",62 of 112,"Same merged bold run, opening at ""Orden del Día Nº 378"""
h292,2001-06-13_r38,2001-06-13_r38_ORDINARIA.html,,Sr. Presidente (Menem),Sr. Presidente (Menem). --,yes,Queda aprobada la declaración. Se procederá en consecuencia.,21 of 35,
h293,2001-06-13_r38,2001-06-13_r38_ORDINARIA.html,,Sr. Presidente (Losada),Sr. Presidente (Losada). --,yes,Tiene la palabra el señor senador Molinari Romero.,2 of 3,
h294,2001-06-20_r41,2001-06-20_r41_ORDINARIA.html,,Sr. Verna,Sr. Verna. --,yes,"Señor presidente: cuando los países y quienes son responsables del manejo económico necesitan modificar el rumbo de la economía utilizan algunas herramientas. Ellas son la política fiscal, la política arancelaria,",,
h295,2001-06-27_r43,2001-06-27_r43_ORDINARIA.html,,Sr. Secretario (Oyarzún),Sr. Secretario (Oyarzún). --,yes,(Lee:),2 of 57,Passage is the note (Lee:) itself; the label directly above it is the secretary
h296,2001-06-27_r43,2001-06-27_r43_ORDINARIA.html,,Sr. Presidente (Menem),Sr. Presidente (Menem). --,yes,"Es acertada la observación del señor senador, sobre todo teniendo en cuenta que estamos considerando un plan de labor que fue acordado hace pocas horas, y no ayer. Si no",,
h297,2001-06-27_r43,2001-06-27_r43_ORDINARIA.html,,Sr. Presidente (Menem),Sr. Presidente (Menem). --,yes,"En consideración en general. Si no se hace uso de la palabra, se va a votar.",16 of 37,"Merged bold run opening at ""Orden del Día Nº 472"""
h298,2001-06-27_r43,2001-06-27_r43_ORDINARIA.html,,Sr. Presidente (Menem),Sr. Presidente (Menem). --,yes,Por Secretaría se dará lectura.,4 of 52,"Merged bold run opening at the section heading ""Defensor público oficial adjunto...""; the round's sheet named occurrence 4 of 52 of a count that included matches inside other words and lines of the contents list; both are fixed, and this row records the turn the reader was actually sent to"
h299,2001-07-25_r48,2001-07-25_r48_ORDINARIA.html,,Sr. Presidente (Losada),Sr. Presidente (Losada). --,yes,Tiene la palabra el señor senador Romero Feris.,1 of 2,
h300,2001-07-25_r48,2001-07-25_r48_ORDINARIA.html,,Sr. Presidente (Losada),Sr. Presidente (Losada). --,yes,Queda aprobada la comunicación. Se procederá en consecuencia.,4 of 7,
h301,2001-07-29_r49,2001-07-29_r49_ESPECIAL.html,,Sr. Pruyas,Sr. Pruyas. --,yes,Que se deje constancia de mi voto en contra.,,"Last of a run of one-line negative-vote statements, each with its own bold label."
h302,2001-07-29_r49,2001-07-29_r49_ESPECIAL.html,,Sr. Sala,Sr. Sala. --,yes,Señor presidente: pido que quede constancia de mi voto negativo.,,Label printed as **Sr. Sala.** -- (the dash falls outside the bold run); president had just given him the floor.
h303,2001-08-08_r50,2001-08-08_r50_ORDINARIA.html,,Sr. Presidente (Losada),Sr. Presidente (Losada). --,yes,Por Secretaría se hizo llegar la lista de asuntos entrados. Corresponde que los señores senadores formulen al respecto las consideraciones que estimen pertinentes.,,"Label sits inside the section heading block '6 Asuntos Entrados'; the bold run opens at the heading number, not at the label."
h304,2001-08-08_r50,2001-08-08_r50_ORDINARIA.html,,Sr. Presidente (Losada),Sr. Presidente (Losada). --,yes,Corresponde considerar el dictamen de la Comisión de Asistencia Social y Salud Pública en el proyecto de resolución del señor senador Vaquir por el que se declara de interés parlamentario,,Label inside heading block '60 V Jornadas de Salud Ocupacional'; bold opens at the heading.
h305,2001-08-08_r50,2001-08-08_r50_ORDINARIA.html,,Sr. Presidente (Menem),Sr. Presidente (Menem). --,yes,Corresponde considerar si se trata sobre tablas el proyecto de declaración del señor senador Cafiero y otros señores senadores por el que se manifiesta un enérgico rechazo a los anuncios,,"Label inside heading block '106 Rechazo de medidas de proteccion'; chair is Menem in this stretch, Losada earlier in the same file."
h306,2001-08-15_r54,2001-08-15_r54_ORDINARIA.html,,Sr. Menem,Sr. Menem. --,yes,"Cómo no, señor presidente.",,"He resumes after the president offers him an interruption; short reply, one line."
h307,2001-08-15_r54,2001-08-15_r54_ORDINARIA.html,,Sr. Presidente (Losada),Sr. Presidente (Losada). --,yes,Nuevamente no hay quórum. Pido a los señores senadores que tomen asiento.,,
h308,2001-08-15_r54,2001-08-15_r54_ORDINARIA.html,,Sr. Presidente (Losada),Sr. Presidente (Losada). --,yes,"Corresponde considerar el dictamen de las comisiones de Agricultura y Ganadería, de Ecología y Desarrollo Humano, de Asistencia Social y Salud Pública y de Asuntos Penales y Regímenes Carcelarios en",,Label inside heading block '26 Control de productos fitosanitarios'.
h309,2001-08-29_r57,2001-08-29_r57_ORDINARIA.html,,Sr. Presidente (Losada),Sr. Presidente (Losada). --,yes,La Presidencia informa que obra sobre las bancas el plan de labor aprobado en la reunión de presidentes de bloque celebrada hoy.,,
h310,2001-08-29_r57,2001-08-29_r57_ORDINARIA.html,,Sr. Villaverde,Sr. Villaverde. --,yes,"...el señor senador por Córdoba, ni como hombre del justicialismo. Quizá hable con una impronta de intendente, porque lo que expresó el senador por Córdoba, seguramente no lo hubieran expresado",,Resumes after a one-word interjection by Sr. Angeloz ('Yo.').
h311,2001-08-29_r57,2001-08-29_r57_ORDINARIA.html,,Sr. Molinari Romero,Sr. Molinari Romero. --,yes,Señor presidente: casi me parece un sueño lo que estamos viviendo. Creo que ninguno de nosotros imaginó que en esta sesión --en la que tenemos temas como este y otros,,Printed **Sr. Molinari Romero.** -- ; follows a long crossfire of one-line exchanges between the president and Sr. Yoma.
h312,2001-08-29_r57,2001-08-29_r57_ORDINARIA.html,,Sr. Presidente (Losada),Sr. Presidente (Losada). --,yes,En consideración en general.,2 of 8,Label inside the inserted-text heading 'Expediente CD 28/01'.
h313,2001-09-04_r60,2001-09-04_r60_ORDINARIA.html,,Sr. Presidente (Losada),Sr. Presidente (Losada). --,yes,Queda aprobada la resolución. Se procederá en consecuencia.,2 of 4,
h314,2001-09-04_r60,2001-09-04_r60_ORDINARIA.html,,Sr. Presidente (Losada),Sr. Presidente (Losada). --,yes,Queda aprobada la declaración. Se procederá en consecuencia.,3 of 18,
h315,2001-09-04_r60,2001-09-04_r60_ORDINARIA.html,,Sr. García Arecha,Sr. García Arecha. --,yes,Pido la palabra.,11 of 26,
h316,2001-09-04_r60,2001-09-04_r60_ORDINARIA.html,,Sr. Presidente (Losada),Sr. Presidente (Losada). --,yes,Tiene la palabra el señor senador García Arecha.,9 of 9,
h317,2001-09-18_r64,2001-09-18_r64_ORDINARIA.html,,Sr. Presidente (Losada),Sr. Presidente (Losada). --,yes,En consideración la moción de preferencia. Tiene la palabra el señor senador Branda.,,Label printed 'Sr. Presidente **(Losada)**. -- **' with the bold run continuing into the speech.
h318,2001-09-18_r64,2001-09-18_r64_ORDINARIA.html,,Sr. Presidente (Menem),Sr. Presidente (Menem). --,yes,"En consideración en general. Si no se hace uso de la palabra, se va a votar.",6 of 76,Chair is Menem here; Losada chairs other parts of the same file.
h319,2001-10-23_r66,2001-10-23_r66_ORDINARIA.html,,Sr. Presidente (Losada),Sr. Presidente (Losada). --,yes,Por Secretaría se continuará dando cuenta de los asuntos entrados.,2 of 2,"Bold markup is ragged here: 'Sr. Presidente** (Losada)**. -- **', bold opening at the heading '9 Asuntos entrados (continuacion)'."
h320,2001-10-23_r66,2001-10-23_r66_ORDINARIA.html,,Sr. Presidente (Losada),Sr. Presidente (Losada). --,yes,Queda aprobada la resolución. Se harán las comunicaciones correspondientes.,5 of 10,
h321,2001-10-23_r66,2001-10-23_r66_ORDINARIA.html,,Sr. Presidente (Losada),Sr. Presidente (Losada). --,yes,"En consideración en general. Si no se hace uso de la palabra, se va a votar.",18 of 105,
h322,2001-10-23_r66,2001-10-23_r66_ORDINARIA.html,,Sr. Presidente (Losada),Sr. Presidente (Losada). --,yes,Corresponde considerar el dictamen de la Comisión Parlamentaria Mixta Revisora de Cuentas de la Administración en el expediente Oficiales Varios 114/2000 mediante el cual la Auditoría General de la Nación,,Label inside heading block '63 Saneamiento Ambiental ... Rio Reconquista'.
h323,2001-10-23_r66,2001-10-23_r66_ORDINARIA.html,,Sr. Presidente (Losada),Sr. Presidente (Losada). --,yes,"En consideración en general. Si no se hace uso de la palabra, se va a votar.",30 of 105,Label inside heading block '54 Homenaje al teniente general Pedernera'.
h324,2001-10-23_r66,2001-10-23_r66_ORDINARIA.html,,Sr. Presidente (Losada),Sr. Presidente (Losada). --,yes,Queda aprobada la comunicación. Se procederá en consecuencia.,20 of 29,
h325,2001-10-23_r66,2001-10-23_r66_ORDINARIA.html,,Sr. Presidente (Losada),Sr. Presidente (Losada). --,yes,Corresponde considerar el dictamen de la Comisión de Deportes en el proyecto de declaración del señor senador Villaverde por el que se manifiesta beneplácito por la clasificación del seleccionado argentino,,Label inside heading block '96 Beneplacito por la clasificacion del seleccionado femenino de voleibol'.
h326,2001-10-23_r66,2001-10-23_r66_ORDINARIA.html,,Sr. Presidente (Losada),Sr. Presidente (Losada). --,yes,Tiene la palabra el señor senador Altuna.,2 of 2,Label immediately above the passage; passage is the continuation of that same turn.
h327,2001-12-12_r76,2001-12-12_r76_EXTRAORDINARIA.html,,Sr. Presidente (Puerta),Sr. Presidente (Puerta). --,yes,"Si así no lo hiciereis, la Patria os lo demande. (Aplausos en las bancas y en las galerías.) Señor Juan José Canals: ¿juráis a la Patria, por Dios desempeñar fiel",,Label immediately above; the juramento formula is the president speaking.
h328,2001-12-12_r76,2001-12-12_r76_EXTRAORDINARIA.html,,Sr. Presidente (Puerta),Sr. Presidente (Puerta). --,yes,Tiene la palabra el señor senador Alfonsín.,,
h329,2001-12-12_r76,2001-12-12_r76_EXTRAORDINARIA.html,,Sra. Negre de Alonso,Sra. Negre de Alonso. --,yes,"Señor presidente: no quiero que la compañera que se ha integrado a nuestro bloque se vaya sin antes decirle algunas palabras. A pesar del muy poco tiempo compartido, lamento muchísimo",,
h330,2001-12-20_r78,2001-12-20_r78_EXTRAORDINARIA.html,,Sr. Pichetto,Sr. Pichetto. --,yes,Señor presidente: sabemos que hay problemas en todas las provincias y no es precisamente en la Ciudad Autónoma donde mayores dificultades hay. Por ello creo que no podemos votar este,,
h331,2001-12-22_r00,2001-12-22_r00_ASAMBLEA.html,,Sr. diputado Raimundi,Sr. diputado Raimundi. --,yes,"Señor presidente: trataré de ser muy conciso. En primer lugar, quiero puntualizar que efectuaré mi discurso desde una posición de gran humildad a la que estoy obligado por haber sido",,"Asamblea Legislativa; labels carry ""diputado""."
h332,2001-12-22_r00,2001-12-22_r00_ASAMBLEA.html,,Sr. diputado Gutiérrez,Sr. diputado Gutiérrez. --,yes,Señor presidente: hemos escuchado atentamente todas las exposiciones sobre la gravedad de la crisis que vive el país. En reiteradas oportunidades a lo largo de estos últimos diez años me,,"Printed ""Sr. diputado Gutiérrez.--"" with no space before the dash; president had given the floor to ""diputado Francisco Gutiérrez""."
h333,2002-01-01_r00,2002-01-01_r00_ASAMBLEA.html,,Sr. diputado Cortinas,Sr. diputado Cortinas. --,yes,Señor presidente: hablar de la tremenda dificultad en la que se encuentra sumida nuestra Nación sería redundante. Esta situación la palpamos y la vivimos todos los días en cada centímetro,,
h334,2002-01-01_r00,2002-01-01_r00_ASAMBLEA.html,,Sr. Presidente (Maqueda),Sr. Presidente (Maqueda). --,yes,"Le recuerdo, diputado Lorenzo Pepe, que la cuestión de privilegio no está prevista en el Reglamento.",,
h335,2002-01-06_r80,2002-01-06_r80_ORDINARIA.html,,Sr. Presidente (Maqueda),Sr. Presidente (Maqueda). --,yes,"Muchas gracias, señor senador. Tiene la palabra el señor senador Passo.",,
h336,2002-01-06_r80,2002-01-06_r80_ORDINARIA.html,,Sra. Avelín,Sra. Avelín. --,yes,"Termino con esto. Más allá de que no se modifique, sería importante lo relativo a cláusulas de interpretación, como dejé la posibilidad de incluir, como los títulos a canjear, como",,"Same speaker is printed ""Sr. Avelín. --"" a few turns earlier in this same page, then ""Sra. Avelín. --"" twice; the nearest label above the passage is the ""Sra."" form."
h337,2002-01-23_r82,2002-01-23_r82_ORDINARIA.html,,Sr. Presidente (Maqueda),Sr. Presidente (Maqueda). --,yes,Aprobado.,1 of 10,"Passage is ""Aprobado."" right after ""-- La votación resulta afirmativa.""; the label is directly above."
h338,2002-01-23_r82,2002-01-23_r82_ORDINARIA.html,,Sr. López Arias,Sr. López Arias. --,yes,"Señor presidente: trataré de ser breve, pero no puedo evitar hacer algunas reflexiones. Cuando escuchaba las palabras del señor senador Baglini, me sentía representado en muchas de las dudas que",,"The label just above is printed with stray markup: ""Sr. Presidente (Maqueda). --** **Tiene la palabra el señor senador por Salta."" then the passage's own label ""Sr. López Arias.""."
h339,2002-01-23_r82,2002-01-23_r82_ORDINARIA.html,,Sr. Presidente (Maqueda),Sr. Presidente (Maqueda). --,yes,En consideración. Se va a votar el artículo 1.,,
h340,2002-01-23_r82,2002-01-23_r82_ORDINARIA.html,,Sr. Presidente (Maqueda),Sr. Presidente (Maqueda). --,yes,Tiene la palabra la señora senadora Negre de Alonso.,7 of 24,
h341,2002-01-23_r82,2002-01-23_r82_ORDINARIA.html,,Sr. Prades,Sr. Prades. --,yes,"Señor presidente: respetuosamente digo que no comparto lo que expresa la señora presidenta de la Comisión de Legislación General, ya que una decisión judicial firme es considerada como cosa juzgada.",,
h342,2002-01-23_r82,2002-01-23_r82_ORDINARIA.html,,Sr. Presidente (Maqueda),Sr. Presidente (Maqueda). --,yes,Tiene la palabra el señor senador por San Juan.,2 of 3,"the round's sheet named occurrence 2 of 3 of a count that included matches inside other words and lines of the contents list; both are fixed, and this row records the turn the reader was actually sent to"
h343,2002-02-21_r83,2002-02-21_r83_ORDINARIA.html,,Sr. Presidente (Maqueda),Sr. Presidente (Maqueda). --,yes,Aprobado.,6 of 8,
h344,2002-03-05_r02,2002-03-05_r02_ESPECIAL.html,,Sr. Gioja,Sr. Gioja. --,yes,¡No es así!,,Short interjection inside Baglini's turn; Gioja's own label opens it.
h345,2002-03-05_r02,2002-03-05_r02_ESPECIAL.html,,Sr. Presidente (Maqueda),Sr. Presidente (Maqueda). --,yes,Tiene la palabra el señor senador por Jujuy.,,
h346,2002-03-05_r02,2002-03-05_r02_ESPECIAL.html,,Sr. Presidente (Maqueda),Sr. Presidente (Maqueda). --,yes,Tiene la palabra el señor senador Agúndez.,,
h347,2002-03-05_r02,2002-03-05_r02_ESPECIAL.html,,Sr. Presidente (Maqueda),Sr. Presidente (Maqueda). --,yes,Tiene la palabra el señor senador Morales.,3 of 5,"Passage follows a blank line after ""Ya se votará oportunamente."" but no new label intervenes."
h348,2002-03-05_r02,2002-03-05_r02_ESPECIAL.html,,Sr. Presidente (Maqueda),Sr. Presidente (Maqueda). --,yes,"En consideración el artículo 4. Si no se hace uso de la palabra, se va a votar.",,
h349,2002-03-14_r03,2002-03-14_r03_ORDINARIA.html,,Sr. Presidente (López Arias),Sr. Presidente (López Arias). --,yes,Tiene la palabra la señora senadora Isidori.,,
h350,2002-03-14_r03,2002-03-14_r03_ORDINARIA.html,,Sr. Presidente (López Arias),Sr. Presidente (López Arias). --,yes,"Discúlpeme, señor senador. Me parece muy bien el anuncio. Simplemente le pido haga entrega del proyecto a Secretaría. Le digo con todo respeto que tengo temor que se convierta en",,
h351,2002-03-14_r03,2002-03-14_r03_ORDINARIA.html,,Sr. Presidente (López Arias),Sr. Presidente (López Arias). --,yes,Corresponde considerar el dictamen de la Comisión de Relaciones Exteriores y Culto en el mensaje y proyecto de ley del Poder Ejecutivo por el que se aprueba el Acuerdo por,,"Label sits just under the section heading ""49 Acuerdo por Canje de Notas...""; bold markup is broken, only ""(López Arias)"" and the dash are bold, the ""Sr. Presidente"" is outside the bold run."
h352,2002-03-14_r03,2002-03-14_r03_ORDINARIA.html,,Sr. Presidente (López Arias),Sr. Presidente (López Arias). --,yes,Señor senador Baglini ¿continúa en el uso de la palabra?,,
h353,2002-04-04_r04,2002-04-04_r04_ORDINARIA.html,,Sra. Caparrós,Sra. Caparrós.--,yes,Se aceptan las propuestas formuladas por los señores senadores Ibarra y Alfonsín.,,
h354,2002-04-24_r07,2002-04-24_r07_ESPECIAL.html,,Sr. Zavalía,Sr. Zavalía. --,yes,"Señor presidente: voy a ser muy breve. Hasta diciembre hubo una gran fuga de capitales del país, de tal modo que se tuvo que implementar el famoso ""corralito"" cuyo objetivo,",,
h355,2002-05-08_r08,2002-05-08_r08_ORDINARIA.html,,Sr. Presidente (Maqueda),Sr. Presidente (Maqueda). --,yes,"En consideración en general. Si no se hace uso de la palabra, se va a votar.",27 of 74,"Label follows the heading ""Orden del Día Nº 92""; bold run opens mid-label."
h356,2002-05-08_r08,2002-05-08_r08_ORDINARIA.html,,Sr. Terragno,Sr. Terragno.--,yes,"Señor presidente: el 8 de marzo de este año presenté un proyecto que, actualmente, está en estudio de la Comisión de Asuntos Constitucionales, a través del cual propongo que todo",,
h357,2002-05-08_r08,2002-05-08_r08_ORDINARIA.html,,Sr. Capitanich,Sr. Capitanich. --,yes,...de la clausura preventiva de locales. El artículo 5fijaba una pena de prisión de uno a tres años para quienes luego de declarada la ilegalidad de un paro promovieran su,,"Passage opens with ellipsis: speech resumes after the president's ""Por favor, señores senadores..."" interjection, so Capitanich's label is the one that opens this turn."
h358,2002-05-15_r10,2002-05-15_r10_ORDINARIA.html,,Sr. Morales,Sr. Morales. --,yes,"Señor presidente: además de coincidir con los argumentos del señor senador preopinante, debo decir que me preocupa mucho lo que acaba de plantear el señor senador Moro. Sin perjuicio del",,
h359,2002-05-15_r10,2002-05-15_r10_ORDINARIA.html,,Sr. Presidente (López Arias),Sr. Presidente (López Arias). --,yes,Tiene la palabra la señora senadora Müller.,2 of 2,"Preceding label ""Sra. Müller. --"" has a stray bold close, so the bold run there spans the heading block above it."
h360,2002-05-15_r10,2002-05-15_r10_ORDINARIA.html,,Sr. Presidente (López Arias),Sr. Presidente (López Arias). --,yes,Queda aprobada la preferencia.,9 of 9,
h361,2002-05-15_r10,2002-05-15_r10_ORDINARIA.html,,Sr. Presidente (López Arias),Sr. Presidente (López Arias). --,yes,Queda aprobada la declaración. Se procederá en consecuencia.,5 of 6,
h362,2002-05-15_r10,2002-05-15_r10_ORDINARIA.html,,Sr. Presidente (López Arias),Sr. Presidente (López Arias). --,yes,"En consideración en general. Si no se hace uso de la palabra, se va a votar.",28 of 28,"Label follows the heading ""Orden del Día Nº 180""; bold opens mid-label."
h363,2002-05-23_r11,2002-05-23_r11_ORDINARIA.html,,Sr. Presidente (Maqueda),Sr. Presidente (Maqueda). --,yes,"En consideración en general. Si no se hace uso de la palabra, se va a votar.",14 of 47,"Label follows the heading ""Orden del Día Nº 189""; bold opens mid-label."
h364,2002-05-23_r11,2002-05-23_r11_ORDINARIA.html,,Sra. Fernández de Kirchner,Sra. Fernández de Kirchner. --,yes,"¿Me permite una interrupción, señor senador?",,"The president had just given the floor to senador Baglini, but Fernández de Kirchner's own label opens this turn."
h365,2002-05-23_r11,2002-05-23_r11_ORDINARIA.html,,Sr. Presidente (Maqueda),Sr. Presidente (Maqueda). --,yes,Tiene la palabra la señora senadora Fernández de Kirchner.,3 of 8,
h366,2002-05-23_r11,2002-05-23_r11_ORDINARIA.html,,Sr. Presidente (Maqueda),Sr. Presidente (Maqueda).--,yes,Ustedes pidieron la lectura del artículo 31...,,"Just below the passage the page prints ""Sr. Colombo.--"" for senadora Colombo, two lines after ""Sra. Colombo.--"" — a gender typo in the source."
h367,2002-05-30_r13,2002-05-30_r13_ORDINARIA.html,,Sra. Ibarra,Sra. Ibarra. --,yes,...,1 of 15,"The passage is literally an ellipsis (""...""), the tail of Ibarra's speech; her label is roughly 5,000 characters above, past the printed run-up, so I stepped up with a second call to find it.; the round's sheet named occurrence 1 of 88 of a count that included matches inside other words and lines of the contents list; both are fixed, and this row records the turn the reader was actually sent to"
h368,2002-05-30_r13,2002-05-30_r13_ORDINARIA.html,,Sr. Presidente (Maqueda),Sr. Presidente (Maqueda). --,yes,"Perdón, senador Pichetto. En este momento está abierta la lista de oradores. Les pido a todos que se inscriban por Secretaría Parlamentaria en la lista de oradores, así podemos cerrarla,",,
h369,2002-05-30_r13,2002-05-30_r13_ORDINARIA.html,,Sra. Avelín,Sra. Avelín. --,yes,"¡Pido una interrupción, señor presidente!",2 of 2,
h370,2002-05-30_r13,2002-05-30_r13_ORDINARIA.html,,Sr. Maestro,Sr. Maestro. --,yes,¡Señor presidente!,,
h371,2002-06-12_r14,2002-06-12_r14_ORDINARIA.html,,Sr. Secretario (Oyarzún),Sr. Secretario (Oyarzún). --,yes,"(Lee:) ""Poder Ejecutivo: mensajes solicitando acuerdo para designar: número 857/02, director del Banco Central al licenciado Víctor Jacinto Bescos. Número 885/02, juez federal de primera instancia de Rawson, provincia del",,"Passage begins ""(Lee:)"", which is a note, not a speaker; the label above it is the secretary's."
h372,2002-06-12_r14,2002-06-12_r14_ORDINARIA.html,,Sr. Presidente (Maqueda),Sr. Presidente (Maqueda). --,yes,Queda aprobada la declaración. Se procederá en consecuencia.,4 of 26,
h373,2002-07-03_r15,2002-07-03_r15_ORDINARIA.html,,Sr. Lamberto,Sr. Lamberto. --,yes,Señor presidente: hay determinados temas cuya fundamentación debe quedar necesariamente registrada en el Diario de Sesiones. Y esta es una de esas cuestiones. Quizás éste sea uno de los temas,,
h374,2002-07-03_r15,2002-07-03_r15_ORDINARIA.html,,Sr. Presidente (Maqueda),Sr. Presidente (Maqueda). --,yes,"Así se hará, señora senadora.",,
h375,2002-08-01_r17,2002-08-01_r17_ORDINARIA.html,,Sr. Presidente (López Arias),Sr. Presidente (López Arias). --,yes,En consideración. Tiene la palabra el senador Lamberto.,,"Speech resumes after the stenographer's note ""-- Se enuncia el artículo 6."", same speaker."
h376,2002-08-15_r19,2002-08-15_r19_ORDINARIA.html,,Sr. Presidente (Maqueda),Sr. Presidente (Maqueda). --,yes,No. La reconsideración fue solicitada por la senadora Avelín.,,
h377,2002-08-15_r19,2002-08-15_r19_ORDINARIA.html,,Sr. Presidente (Maqueda),Sr. Presidente (Maqueda). --,yes,Queda aprobada la resolución. Se comunicará a la Honorable Cámara de Diputados.,11 of 13,
h378,2002-08-15_r19,2002-08-15_r19_ORDINARIA.html,,Sr. Pichetto,Sr. Pichetto. --,yes,"Señor presidente: explicitamos esta iniciativa en la reunión anterior, oportunidad en la que se decidió con buen criterio que tuviera dictamen de comisión, trámite que ya se ha cumplimentado. El",,
h379,2002-08-15_r19,2002-08-15_r19_ORDINARIA.html,,Sr. Presidente (Baglini),Sr. Presidente (Baglini). --,yes,Tiene la palabra el señor senador Yoma.,2 of 6,
h380,2002-08-15_r19,2002-08-15_r19_ORDINARIA.html,,Sr. Presidente (Baglini),Sr. Presidente (Baglini). --,yes,Tiene la palabra el señor senador Morales.,3 of 6,
h381,2002-08-28_r21,2002-08-28_r21_ORDINARIA.html,,Sr. Presidente (López Arias),Sr. Presidente (López Arias). --,yes,Tiene la palabra la señora senadora Avelín.,1 of 4,
h382,2002-09-04_r22,2002-09-04_r22_ORDINARIA.html,,Sr. Presidente (López Arias),Sr. Presidente (López Arias). --,yes,Corresponde considerar el dictamen de la Comisión de Recursos Hídricos en el proyecto de comunicación del señor senador Moro y de la señora senadora Curletti por el que se solicitan,,"Label opens a new numbered section; the bold run merges the section number and title (""44 Tareas de dragado..."") with the label, so title and label share one bold block."
h383,2002-09-11_r23,2002-09-11_r23_ORDINARIA.html,,Sr. Presidente (Maqueda),Sr. Presidente (Maqueda). --,yes,Tiene la palabra el señor senador Walter.,1 of 11,"Passage is not bolded at all and the label is several paragraphs above, at the head of the section; the president is still speaking (he is giving the floor to Walter)."
h384,2002-09-11_r23,2002-09-11_r23_ORDINARIA.html,,Sr. Presidente (López Arias),Sr. Presidente (López Arias). --,yes,"Para mayor claridad, estoy pidiendo información a Secretaría Parlamentaria sobre el despacho de comisión.",,"Bold closes early: the page prints ""**Sr. Presidente **(López Arias). --"" with the dash outside the bold."
h385,2002-09-18_r24,2002-09-18_r24_ORDINARIA.html,,Sr. Presidente (Maqueda),Sr. Presidente (Maqueda). --,yes,Por Secretaría se dará lectura a un mensaje del Poder Ejecutivo nacional solicitando acuerdo.,,"Same merged bold block as h382: section number 6 and its title run into the label, and the bold never closes before the passage."
h386,2002-09-18_r24,2002-09-18_r24_ORDINARIA.html,,Sr. Presidente (Maqueda),Sr. Presidente (Maqueda). --,yes,El señor senador Yoma le pide una aclaración.,,
h387,2002-09-18_r24,2002-09-18_r24_ORDINARIA.html,,Sr. Presidente (Maqueda),Sr. Presidente (Maqueda). --,yes,Tiene la palabra la señora senadora Escudero.,5 of 5,
h388,2002-09-25_r25,2002-09-25_r25_ORDINARIA.html,,Sr. Presidente (López Arias),Sr. Presidente (López Arias). --,yes,Corresponde considerar el dictamen de las comisiones de Transportes y de Presupuesto y Hacienda en el proyecto de comunicación de la señora senadora Caparrós (I) y de resolución del señor,,Label merged into the bold block that holds section 7 and its title.
h389,2002-09-25_r25,2002-09-25_r25_ORDINARIA.html,,Sr. Presidente (López Arias),Sr. Presidente (López Arias). --,yes,Queda aprobada la resolución. Se procederá en consecuencia.,2 of 8,
h390,2002-09-25_r25,2002-09-25_r25_ORDINARIA.html,,Sr. Presidente (López Arias),Sr. Presidente (López Arias). --,yes,Queda aprobada la declaración. Se procederá en consecuencia.,15 of 31,
h391,2002-09-25_r25,2002-09-25_r25_ORDINARIA.html,,Sr. Guinle,Sr. Guinle. --,yes,"Señor presidente: solicito que se modifique el plan de labor, y que se incorpore --según fue conversado por los señores presidentes de bloque-- el proyecto contenido en el expediente S.",,
h392,2002-09-25_r25,2002-09-25_r25_ORDINARIA.html,,Sr. Presidente (López Arias),Sr. Presidente (López Arias). --,yes,"En consideración en general. Si no se hace uso de la palabra, se va a votar.",93 of 111,"Bold placement drifts here: the page prints ""**Sr. Presidente** (López Arias). --"" with the name outside the bold, and the label sits under the ""Orden del Día Nº 415"" heading."
h393,2002-10-02_r26,2002-10-02_r26_ESPECIAL.html,,Sra. Curletti,Sra. Curletti. --,yes,"Solamente deseo manifestar que he recibido muy a destiempo el informe, de modo que no pude comprobar las respuestas relacionadas con las obras públicas especialmente programadas para la provincia del",,
h394,2002-10-23_r29,2002-10-23_r29_ESPECIAL.html,,Sr. Presidente (Maqueda),Sr. Presidente (Maqueda). --,yes,Tiene la palabra el señor senador Zavalía.,2 of 2,
h395,2002-10-23_r29,2002-10-23_r29_ESPECIAL.html,,Sr. Zavalía,Sr. Zavalía. --,yes,"Señor presidente: quiero decirle al senador Menem que, al hablar de la Constitución Nacional, que es nuestra ley suprema, debemos tener en cuenta que ella establece que no hay prerrogativas",,
h396,2002-10-23_r30,2002-10-23_r30_ORDINARIA.html,,Sr. Presidente (Maqueda),Sr. Presidente (Maqueda). --,yes,"En consideración en general. Si no se hace uso de la palabra, se va a votar.",6 of 162,
h397,2002-10-23_r30,2002-10-23_r30_ORDINARIA.html,,Sr. Presidente (Maqueda),Sr. Presidente (Maqueda). --,yes,Queda aprobada la resolución. Se comunicará a la Honorable Cámara de Diputados.,6 of 11,
h398,2002-10-23_r30,2002-10-23_r30_ORDINARIA.html,,Sr. Pardal,Sr. Pardal. --,yes,"Señor presidente: es para solicitar el tratamiento con preferencia, con o sin despacho de comisión, del expediente S. 2.438/02, que tiene que ver con un proyecto de comunicación para la",,
h399,2002-11-06_r33,2002-11-06_r33_ORDINARIA.html,,Sra. Müller,Sra. Müller. --,yes,¿Me permite...?,,"Very short turn: Müller breaks in mid-speech to ask for an interruption, and the president answers in the next paragraph."
h400,2002-11-06_r33,2002-11-06_r33_ORDINARIA.html,,Sr. Presidente (Maqueda),Sr. Presidente (Maqueda). --,yes,"Si no se hace uso de la palabra, se va a votar.",3 of 63,"the round's sheet named occurrence 3 of 63 of a count that included matches inside other words and lines of the contents list; both are fixed, and this row records the turn the reader was actually sent to"
h401,2002-11-21_r35,2002-11-21_r35_ORDINARIA.html,,Sr. Presidente (Maqueda),Sr. Presidente (Maqueda). --,yes,Continúa la sesión.,,"Label sits immediately above, with the dash left dangling at the end of the line before the passage."
h402,2002-11-21_r35,2002-11-21_r35_ORDINARIA.html,,Sr. Presidente (Maqueda),Sr. Presidente (Maqueda). --,yes,Corresponde considerar el dictamen de las comisiones de Obras Públicas y de Presupuesto y Hacienda en el proyecto de comunicación de la señora senadora Colombo por el que se solicita,2 of 2,"Bold markup is broken around the parenthesis: printed ""**Sr. Presidente **(Maqueda)**. --**"". A section number and title (""83 Obras publicas en Catamarca"") sit between the previous turn and this label."
h403,2002-11-27_r36,2002-11-27_r36_ORDINARIA.html,,Sra Bar,Sra Bar.--,yes,"Señor presidente: solicito la modificación del artículo 2°, ya que fue consensuada una nueva redacción con el bloque de la Alianza. El artículo 2° propuesto es más corto y establece",,"Printed without the period after ""Sra""."
h404,2002-11-27_r37,2002-11-27_r37_ORDINARIA.html,,Sr. Presidente (Maqueda),Sr. Presidente (Maqueda). --,yes,Queda aprobada la resolución. Se harán las comunicaciones correspondientes.,11 of 21,Bold split around the parenthesis; the dash ends the line and the passage begins the next.
h405,2002-11-27_r37,2002-11-27_r37_ORDINARIA.html,,Sr. Presidente (López Arias),Sr. Presidente (López Arias). --,yes,Tiene la palabra la señora senadora Curletti.,,
h406,2002-11-28_r38,2002-11-28_r38_ORDINARIA.html,,Sr. Presidente (Maqueda),Sr. Presidente (Maqueda). --,yes,Queda aprobado en general. En consideración en particular. Tiene la palabra el señor senador Yoma.,,
h407,2002-12-18_r39,2002-12-18_r39_EXTRAORDINARIA.html,,Sr. Presidente (López Arias),Sr. Presidente (López Arias). --,yes,"En consideración en general. Si no se hace uso de la palabra, se va a votar.",33 of 178,
h408,2002-12-18_r39,2002-12-18_r39_EXTRAORDINARIA.html,,Sr. Presidente (López Arias),Sr. Presidente (López Arias). --,yes,Corresponde considerar el dictamen de la Comisión de Defensa Nacional en el proyecto de declaración del señor senador Brizuela del Moral por el que se expresa beneplácito por el 75°,,
h409,2002-12-18_r39,2002-12-18_r39_EXTRAORDINARIA.html,,Sr. Presidente (López Arias),Sr. Presidente (López Arias). --,yes,Corresponde considerar el dictamen de la Comisión de Presupuesto y Hacienda en el proyecto de comunicación de la señora senadora Colombo por el que se solicitan informes sobre el otorgamiento,,"In this stretch the closing bold tag is missing, so the bold run swallows the rest of the paragraph; the label itself is still legible."
h410,2002-12-18_r39,2002-12-18_r39_EXTRAORDINARIA.html,,Sr. Presidente (López Arias),Sr. Presidente (López Arias). --,yes,Queda aprobada la declaración. Se procederá en consecuencia.,42 of 46,Same unclosed-bold stretch as h409.
h411,2002-12-18_r39,2002-12-18_r39_EXTRAORDINARIA.html,,Sra. Martín,Sra. Martín. --,yes,"Señor presidente: realmente, tengo que compartir lo expresado por la señora senadora Fernández de Kirchner. Se ha llegado a un acuerdo por la deposición de las actitudes o definiciones de",,"The chair announces her a few lines above as ""senadora Martín""; an earlier mention in the same file spells it ""Martin"" without the accent."
h412,2002-12-18_r39,2002-12-18_r39_EXTRAORDINARIA.html,,Sr. Presidente (López Arias),Sr. Presidente (López Arias).--,yes,"Debo recordarles que, en realidad, estamos discutiendo la inclusión del último artículo de la aprobación en particular. Tiene la palabra el señor senador Zavalía.",,Printed with no space between the parenthesis-period and the dash.
h413,2002-12-26_r40,2002-12-26_r40_EXTRAORDINARIA.html,,Sr. Secretario (Oyarzún),Sr. Secretario (Oyarzún). --,yes,"(Lee:) ""Plan de labor parlamentaria para la sesión del día 26-12-02: Sesión para consideración de acuerdos. Tratamientos sobre tablas acordado: proyecto de ley en revisión acordando autorización al presidente de",,"The passage itself opens with the stenographer's ""(Lee:)"", which is not a speaker; the secretary holds the floor."
h414,2002-12-26_r40,2002-12-26_r40_EXTRAORDINARIA.html,,Sr. Presidente (López Arias),Sr. Presidente (López Arias).--,yes,Tiene la palabra la señora senadora Colombo.,1 of 6,
h415,2002-12-26_r40,2002-12-26_r40_EXTRAORDINARIA.html,,Sr. Presidente (Gioja),Sr. Presidente (Gioja). --,yes,Se va a votar el pliego para el acuerdo del presidente del Banco Central de la República Argentina.,,"Speech resumes after ""-- La votación resulta afirmativa."" under the same label."
h416,2003-02-26_r41,2003-02-26_r41_EXTRAORDINARIA.html,,Sr. Presidente (Gioja),Sr. Presidente (Gioja). --,yes,"Si no se hace uso de la palabra, se va votar la moción formulada por el señor senador Pichetto.",,
h417,2003-02-26_r41,2003-02-26_r41_EXTRAORDINARIA.html,,Sr. Presidente (Gioja),Sr. Presidente (Gioja). --,yes,"Corresponde considerar si se trata sobre tablas el proyecto de ley en revisión por el que se derogan las franquicias otorgadas respecto del impuesto a la ganancia mínima presunta, y",,
h418,2003-02-26_r41,2003-02-26_r41_EXTRAORDINARIA.html,,Sr. Presidente (Gioja),Sr. Presidente (Gioja). --,yes,Tiene la palabra el señor senador Chiappe.,2 of 2,
h419,2003-02-26_r41,2003-02-26_r41_EXTRAORDINARIA.html,,Sr. Presidente (Gioja),Sr. Presidente (Gioja). --,yes,Tiene la palabra el señor senador Fernández.,1 of 2,
h420,2003-02-26_r41,2003-02-26_r41_EXTRAORDINARIA.html,,Sr. Baglini,Sr. Baglini. --,yes,"Señor presidente: estaba escuchando al señor senador Cafiero, y él manifestó que en realidad el ministro Lavagna no es que haya cambiado el criterio, sino que tiene que reconocer un",,The chair grants Baglini an interruption immediately above; the interrupted speaker is Fernández.
h421,2003-03-06_r02,2003-03-06_r02_ORDINARIA.html,,Sr. Presidente (Gioja),Sr. Presidente (Gioja). --,yes,Tiene la palabra el señor senador Morales.,1 of 2,
h422,2003-03-06_r02,2003-03-06_r02_ORDINARIA.html,,Sr. Zavalía,Sr. Zavalía. --,yes,Señor presidente: considero que no es necesario seguir debatiendo este asunto. Nadie puede sentirse como si su persona o representación fuera usada o utilizada por este Congreso. Aquí cada senador,,
h423,2003-03-06_r02,2003-03-06_r02_ORDINARIA.html,,Sr. Presidente (Gioja),Sr. Presidente (Gioja). --,yes,Tiene la palabra el señor Morales.,,"The chair says ""el señor Morales"", omitting ""senador""."
h424,2003-03-06_r02,2003-03-06_r02_ORDINARIA.html,,Sr. Presidente (Gioja),Sr. Presidente (Gioja). --,yes,"En consecuencia, pasa al Archivo.",3 of 7,
h425,2003-03-06_r02,2003-03-06_r02_ORDINARIA.html,,Sr. Presidente (Gioja),Sr. Presidente (Gioja). --,yes,Queda aprobada la comunicación. Se procederá en consecuencia.,17 of 62,
h426,2003-03-06_r02,2003-03-06_r02_ORDINARIA.html,,Sr. Presidente (Gioja),Sr. Presidente (Gioja).-,yes,"En consideración en general. Si no se hace uso de la palabra, se va a votar.",29 of 108,"Label sits two lines above, after the ""Orden del Día Nº 1599"" title line; bold run is split as **Sr. Presidente **(Gioja)**. -- **"
h427,2003-03-06_r02,2003-03-06_r02_ORDINARIA.html,,Sr. Presidente (Gioja),Sr. Presidente (Gioja).-,yes,Queda aprobada la comunicación. Se procederá en consecuencia.,19 of 62,
h428,2003-03-06_r02,2003-03-06_r02_ORDINARIA.html,,Sr. Presidente (Gioja),Sr. Presidente (Gioja).-,yes,Queda aprobada la comunicación. Se procederá en consecuencia.,37 of 62,
h429,2003-03-06_r02,2003-03-06_r02_ORDINARIA.html,,Sr. Presidente (Gioja),Sr. Presidente (Gioja).-,yes,"En consideración en general. Si no se hace uso de la palabra, se va a votar.",56 of 108,"Label follows the ""Orden del Día Nº 1640"" title line"
h430,2003-03-06_r02,2003-03-06_r02_ORDINARIA.html,,Sr. Presidente (Gioja),Sr. Presidente (Gioja).-,yes,"En consideración en general. Si no se hace uso de la palabra, se va a votar.",67 of 108,"Label follows the ""Orden del Día Nº 1657"" title line"
h431,2003-03-06_r02,2003-03-06_r02_ORDINARIA.html,,Sr. Presidente (Gioja),Sr. Presidente (Gioja).-,yes,"En consideración en general. Si no se hace uso de la palabra, se va a votar.",83 of 108,"Label follows the ""Orden del Día Nº 1675"" title line"
h432,2003-03-06_r02,2003-03-06_r02_ORDINARIA.html,,Sr. Presidente (Gioja),Sr. Presidente (Gioja).-,yes,Queda aprobada la resolución. Se procederá en consecuencia.,9 of 14,
h433,2003-03-06_r02,2003-03-06_r02_ORDINARIA.html,,Sr. Presidente (Gioja),Sr. Presidente (Gioja).-,yes,"En consideración en general. Si no se hace uso de la palabra, se va a votar.",91 of 108,"Label follows the ""Orden del Día Nº 1683"" title line"
h434,2003-03-06_r02,2003-03-06_r02_ORDINARIA.html,,Sr. Pichetto,Sr. Pichetto.-,yes,"Señor presidente: en primer lugar, la cuestión de privilegio tiene que estar fundada, sin agravio alguno hacia el resto de los senadores de la Cámara. Pero, fundamentalmente, quiero recordar que",,
h435,2003-03-06_r02,2003-03-06_r02_ORDINARIA.html,,Varios señores senadores,Varios señores senadores.-,yes,¡Que se vote!,,Printed label is a collective and not a named person
h436,2003-03-06_r02,2003-03-06_r02_ORDINARIA.html,,Sr. Presidente (Gioja),Sr. Presidente (Gioja).-,yes,Tiene la palabra la señora senadora Colombo.,1 of 6,"Passage is a continuation of the same turn; the label ""Así se hará."" is one paragraph above, and the closing bold marker of that label is missing (**Sr. Presidente **(Gioja). --)"
h437,2003-03-06_r02,2003-03-06_r02_ORDINARIA.html,,Sr. Presidente (Gioja),Sr. Presidente (Gioja).-,yes,Tiene la palabra el señor senador Cafiero.,1 of 2,
h438,2003-03-06_r02,2003-03-06_r02_ORDINARIA.html,,Sr. Yoma,Sr. Yoma.-,yes,"Señor presidente: con mucha hidalguía y con todo respeto por el señor senador Brizuela del Moral quiero decir que no tengo dudas de su legitimidad, de sus títulos y de",,"Chamber is chaired by López Arias here, not Gioja"
h439,2003-03-06_r02,2003-03-06_r02_ORDINARIA.html,,Sra. Colombo,Sra. Colombo.-,yes,"Señor presidente: voy a exponer durante menos de tres minutos. Yo dije que la Policía de la Provincia de Catamarca estuvo preparada para garantizar la realización de una elección, como",,
h440,2003-03-06_r02,2003-03-06_r02_ORDINARIA.html,,Sr. Pichetto,Sr. Pichetto.-,yes,El fiscal en ese momento... .,,"Printed with no space before the dash (**Sr. Pichetto.-- **); an intervening ""Sr. Moro. -- Pido la palabra."" turn separates it from the earlier Pichetto block"
h441,2003-03-06_r02,2003-03-06_r02_ORDINARIA.html,,Sr. Presidente (Gioja),Sr. Presidente (Gioja).-,yes,"No, no; lo que hay es un despacho en mayoría y un despacho en minoría.",,
h442,2003-03-06_r02,2003-03-06_r02_ORDINARIA.html,,Sr. Presidente (Gioja),Sr. Presidente (Gioja).-,yes,Tiene la palabra el señor senador Maestro.,7 of 11,Passage continues the same turn after a paragraph break
h443,2003-03-13_r04,2003-03-13_r04_ORDINARIA.html,,Sr. Presidente (Gioja),Sr. Presidente (Gioja).-,yes,Los pedidos de inserción se van a votar en forma conjunta al final. Tiene la palabra la señora senadora Avelín.,,Label printed without its closing bold marker (**Sr. Presidente **(Gioja). --)
h444,2003-03-13_r04,2003-03-13_r04_ORDINARIA.html,,Sr. Secretario (Oyarzún),Sr. Secretario (Oyarzún).-,yes,(Lee:),,"Passage itself is the stage note ( Lee: ), spoken by the Secretary"
h445,2003-04-09_r06,2003-04-09_r06_ORDINARIA.html,,Sr. Presidente (López Arias),Sr. Presidente (López Arias).-,yes,"En consideración el apartamiento del Reglamento para que la votación no sea nominal. Si no se hace uso de la palabra, se va a votar.",,"Preceding turn is labelled ""Sr Pichetto"" with no period after Sr"
h446,2003-04-09_r06,2003-04-09_r06_ORDINARIA.html,,Sr. Pichetto,Sr. Pichetto.-,yes,Señor presidente: pido que se ratifique que el proyecto fue aprobado por los votos que exige el Reglamento y la Constitución. Se aprobó por unanimidad.,,
h447,2003-05-07_r07,2003-05-07_r07_ESPECIAL.html,,Sr. Presidente (Gioja),Sr. Presidente (Gioja).-,yes,La sesión pública especial está abierta.,,First speaking turn of the file; it follows the sumario and the time-of-day note
h448,2003-05-07_r08,2003-05-07_r08_ORDINARIA.html,,Sr. Pichetto,Sr. Pichetto.-,yes,Pido la palabra.,1 of 20,"Label is NOT bold on the page: the section heading run (** 1 ** Modificación del Plan de Labor) swallows the opening marker, so the page shows plain ""Sr. Pichetto. -- **"""
h449,2003-05-07_r08,2003-05-07_r08_ORDINARIA.html,,Sr. Presidente (Gioja),Sr. Presidente (Gioja).-,yes,"Señor senador Maestro: por favor, sea breve.",,"Bold closes before the name here (**Sr. Presidente** (Gioja).--), the opposite of the pattern used earlier in the same file"
h450,2003-05-07_r08,2003-05-07_r08_ORDINARIA.html,,Sr. Morales,Sr. Morales.-,yes,"Simplemente quiero mencionar que, lógicamente, vamos a apoyar el orden de prioridades que ha planteado el presidente del bloque Justicialista.",,
h451,2003-05-07_r08,2003-05-07_r08_ORDINARIA.html,,Sr. Lamberto,Sr. Lamberto. --,yes,"Señor presidente: respecto de este tema considero que necesitaríamos una información adicional, porque se dan dos situaciones. Por un lado tenemos la emergencia agropecuaria, que funciona través de una resolución",,
h452,2003-05-07_r08,2003-05-07_r08_ORDINARIA.html,,Sr. Presidente (Gioja),Sr. Presidente (Gioja). --,yes,"Tiene la palabra, primero, el senador Pichetto y, luego, el senador Baglini.",,"Sr. Pichetto's one-line ""Pido la palabra."" intervenes just above, but the Presidente label is the nearest one."
h453,2003-05-07_r08,2003-05-07_r08_ORDINARIA.html,,Sra. Negre de Alonso,Sra. Negre de Alonso. --,yes,El ex artículo 7 en su segunda parte contempla un crédito de 100 millones de pesos destinados a cubrir las obligaciones vencidas que la Nación tiene con las provincias no,,
h454,2003-05-07_r08,2003-05-07_r08_ORDINARIA.html,,Sr. Presidente (Gioja),Sr. Presidente (Gioja).--,yes,"Se dejará constancia. Corresponde votar las inserciones solicitadas oportunamente. Si no se hace uso de la palabra, se va a votar.",,"printed with no space before the dash: ""(Gioja).--"""
h455,2003-05-08_r00,2003-05-08_r00_ASAMBLEA.html,,Sr. Secretario (Oyarzún),Sr. Secretario (Oyarzún). --,yes,"Señoras y señores senadores: Nicolás Fernández, Marcelo López Arias, Malvina Seguí, Jorge Capitanich, Jorge Colazo y Pedro Salvatori; las señoras y señores diputados Julio Rodolfo Solanas, Saúl Ubaldini, Irma Roy,",,"bold is broken in this stretch: the section heading opens a bold run that is never closed, so ""Sr. Presidente"" and ""Sr. Secretario"" here are not wrapped in their own bold markers"
h456,2003-06-04_r10,2003-06-04_r10_ORDINARIA.html,,Sr. Presidente (Gioja),Sr. Presidente (Gioja). --,yes,"En consideración en general. Si no se hace uso de la palabra, se va a votar con la modificación señalada por Secretaría.",2 of 3,"same broken bold as h455: the ""Expediente / Orden del Día"" heading swallows the following label's bold. A Sr. Secretario (Estrada) turn sits inside that heading block just above."
h457,2003-06-04_r10,2003-06-04_r10_ORDINARIA.html,,Sra. Fernández de Kirchner,Sra. Fernández de Kirchner. --,yes,Señor presidente: la Comisión de Asuntos Constitucionales convocada para el día de ayer tuvo por objeto tratar precisamente el expediente P.E. 155/03 que consistía básicamente en un proyecto de ley,,"printed as ""Sra. Fernández de Kirchner**. --"" - the bold closes before the period, not after the dash"
h458,2003-06-04_r10,2003-06-04_r10_ORDINARIA.html,,Sr. Presidente (Gioja),Sr. Presidente (Gioja). --,yes,Tiene la palabra el senador Maestro.,1 of 2,
h459,2003-06-04_r10,2003-06-04_r10_ORDINARIA.html,,Sr. Pichetto,Sr. Pichetto. --,yes,Cómo no.,,
h460,2003-06-04_r10,2003-06-04_r10_ORDINARIA.html,,Sr. Presidente (Gioja),Sr. Presidente (Gioja). --,yes,"En consideración en general. Si no se hace uso de la palabra, se va a votar.",14 of 15,"broken bold again: the label follows the ""Expediente S. 1038/03"" heading whose bold run is still open"
h461,2003-06-04_r10,2003-06-04_r10_ORDINARIA.html,,Sr. Presidente (Gioja),Sr. Presidente (Gioja). --,yes,Queda aprobada la preferencia.,2 of 2,"speech resumes after the stenographer's note ""-- La votación resulta afirmativa."" under a repeated Presidente label"
h462,2003-06-04_r10,2003-06-04_r10_ORDINARIA.html,,Sra. Colombo,Sra. Colombo. --,yes,Señor presidente...,1 of 2,
h463,2003-06-04_r10,2003-06-04_r10_ORDINARIA.html,,Sr. Maestro,Sr. Maestro. --,yes,Señor presidente...,2 of 2,"two near-identical passages: this is the second ""Señor presidente..."", after the Presidente's ""Senadora Colombo: estamos votando."""
h464,2003-06-11_r11,2003-06-11_r11_ORDINARIA.html,,Sr. Presidente (López Arias),Sr. Presidente (López Arias). --,yes,"Solicito a los auxiliares de los bloques que tomen las medidas necesarias para que los señores senadores acudan al recinto, ya que ha pasado media hora del horario previsto para",,"first label in the file; just above it are three stray unmatched ** markers and the opening note ""-- En Buenos Aires, a las 16 y 06..."""
h465,2003-06-11_r11,2003-06-11_r11_ORDINARIA.html,,Sr. Presidente (López Arias),Sr. Presidente (López Arias). --,yes,Invito al señor senador por Formosa don José Miguel Ángel Mayans a proceder al izamiento de la bandera nacional en el mástil del recinto y a los presentes a ponerse,,
h466,2003-06-11_r11,2003-06-11_r11_ORDINARIA.html,,Sr. Presidente (López Arias),Sr. Presidente (López Arias). --,yes,Obra sobre las bancas de los señores senadores el plan de labor aprobado en el plenario de labor parlamentaria celebrado en el día de ayer. Por Secretaría se dará lectura:,,
h467,2003-06-11_r11,2003-06-11_r11_ORDINARIA.html,,Sra. Seguí,Sra. Seguí. --,yes,"El mismo tratamiento solicito para el proyecto que figura en el expediente S. 189/02; ambos fueron presentados en forma conjunta. Concretamente, la iniciativa que figura en el expediente S. 189/02",,
h468,2003-06-11_r11,2003-06-11_r11_ORDINARIA.html,,Sr. Maestro,Sr. Maestro. --,yes,"Señor presidente: con ánimo de colaborar en la resolución de esta cuestión, mantenemos el pedido de autorización a la Cámara para la abstención del señor miembro informante --senador Baglini-- y",,
h469,2003-06-11_r11,2003-06-11_r11_ORDINARIA.html,,Sr. Passo,Sr. Passo. --,yes,"Perdón, presidente: además de mantenerlo, yo lo reafirmo luego de la inoportuna apreciación del presidente del bloque de senadores justicialistas. Cualquier otra interpretación sería un canje en el que yo",,"the Presidente label two turns above is misprinted as ""Sr. Presidente **López Arias)**. --"" - opening parenthesis missing"
h470,2003-06-11_r11,2003-06-11_r11_ORDINARIA.html,,Sr. Presidente (López Arias),Sr. Presidente (López Arias). --,yes,Señora senadora: yo le pido...,,
h471,2003-06-11_r11,2003-06-11_r11_ORDINARIA.html,,Sr. Presidente (López Arias),Sr. Presidente (López Arias). --,yes,Corresponde considerar el dictamen de la Comisión de Agricultura y Ganadería en el proyecto de ley en revisión sobre promoción y producción del gusano de seda. (Orden del Día Nº,,
h472,2003-06-11_r11,2003-06-11_r11_ORDINARIA.html,,Sr. Presidente (López Arias),Sr. Presidente (López Arias). --,yes,Queda sancionado el proyecto de ley. Vuelve a la Cámara de Diputados.,,
h473,2003-06-11_r11,2003-06-11_r11_ORDINARIA.html,,Sr. Presidente (López Arias),Sr. Presidente (López Arias). --,yes,Corresponde considerar el dictamen de la Comisión de Presupuesto y Hacienda en el proyecto de ley del señor senador López Arias y de la señora senadora Escudero por el que,,"printed with a double space before the closing bold: ""(López Arias). --  """
h474,2003-06-11_r11,2003-06-11_r11_ORDINARIA.html,,Sra. Ibarra,Sra. Ibarra. --,yes,Pido la palabra.,12 of 15,"Sra. Gómez de Bertone says the identical ""Pido la palabra."" in the line immediately above; this is the 12th occurrence, which is Ibarra's"
h475,2003-06-11_r11,2003-06-11_r11_ORDINARIA.html,,Sr. Presidente (López Arias),Sr. Presidente (López Arias). --,yes,"Si reitera el tema, para información de los señores senadores, lo sometemos a votación.",,
h476,2003-06-11_r11,2003-06-11_r11_ORDINARIA.html,,Sr. Presidente (López Arias),Sr. Presidente (López Arias). --,yes,Señora senadora Ibarra...,,Label sits immediately above; passage is a short one-line turn between two Sra. Ibarra turns.
h477,2003-07-02_r14,2003-07-02_r14_ORDINARIA.html,,Sr. Pichetto,Sr. Pichetto. --,yes,Pido la palabra.,1 of 7,First label in the file after the session-opening note; the preceding bold runs are the sumario/title block.
h478,2003-07-02_r14,2003-07-02_r14_ORDINARIA.html,,Sr. Presidente (Gioja),Sr. Presidente (Gioja). --,yes,"Habiéndose cumplido el tiempo solicitado, por Secretaría se pasará lista.",,"Label immediately above, after the stenographic note --Luego de unos minutos:."
h479,2003-07-02_r14,2003-07-02_r14_ORDINARIA.html,,Varios señores senadores,Varios señores senadores. -,yes,"Ya hay quórum, señor presidente.",,"Collective label, not a person. Printed as bold 'Varios señores senadores.' with the dash left outside the bold run and as a single hyphen."
h480,2003-07-02_r14,2003-07-02_r14_ORDINARIA.html,,Sr. Presidente (Gioja),Sr. Presidente (Gioja). --,yes,Queda aprobada la resolución. Se comunicará a la Honorable Cámara de Diputados.,2 of 36,
h481,2003-07-02_r14,2003-07-02_r14_ORDINARIA.html,,Sr. Secretario (Estrada),Sr. Secretario (Estrada). --,yes,"Secretaría informa que se reemplaza ""152°"" por ""153°"".",1 of 2,"Bold markup is broken here: the bold run swallows the heading 'Orden del Día Nº 93' and the words 'Sr. Secretario ', so the label is not a clean bold run of its own."
h482,2003-07-02_r14,2003-07-02_r14_ORDINARIA.html,,Sr. Presidente (Gioja),Sr. Presidente (Gioja).--,yes,Corresponde considerar el dictamen de la Comisión Parlamentaria Mixta Revisora de Cuentas de la Administración en la resoluciones remitidas por la Auditoría General de la Nación sobre estados financieros del,2 of 3,Printed with no space before the dashes.
h483,2003-07-02_r14,2003-07-02_r14_ORDINARIA.html,,Sr. Presidente (Gioja),Sr. Presidente (Gioja). --,yes,Queda aprobada la declaración. Se procederá en consecuencia.,37 of 72,
h484,2003-07-02_r14,2003-07-02_r14_ORDINARIA.html,,Sr. Presidente (Gioja),Sr. Presidente (Gioja). --,yes,Queda aprobada la declaración. Se procederá en consecuencia.,53 of 72,
h485,2003-07-02_r14,2003-07-02_r14_ORDINARIA.html,,Sr. Presidente (Gioja),Sr. Presidente (Gioja).--,yes,Corresponde considerar el dictamen de la Comisión Parlamentaria Mixta Revisora de Cuentas de la Administración en el expediente Oficiales Varios 613/2000 por el que la Auditoría General de la Nación,,Printed with no space before the dashes.
h486,2003-07-02_r14,2003-07-02_r14_ORDINARIA.html,,Sr. Presidente (Gioja),Sr. Presidente (Gioja). --,yes,"En consideración en general. Si no se hace uso de la palabra, se va a votar.",98 of 150,Same broken bold as h481: the run covers 'Orden del Día Nº 180' and 'Sr. Presidente ' together.
h487,2003-07-02_r14,2003-07-02_r14_ORDINARIA.html,,Sr. Presidente (Gioja),Sr. Presidente (Gioja). --,yes,Corresponde considerar el dictamen de la Comisión de Trabajo y Previsión Social en el proyecto de comunicación del señor senador Moro por el que se solicita la intervención del Poder,,
h488,2003-07-02_r14,2003-07-02_r14_ORDINARIA.html,,Sr. Presidente (Gioja),Sr. Presidente (Gioja).--,yes,Corresponde considerar el dictamen de la Comisión Parlamentaria Mixta Revisora de Cuentas de la Administración en la resolución remitida por la Auditoría General de la Nación sobre auditorias en el,,Printed with no space before the dashes.
h489,2003-07-02_r14,2003-07-02_r14_ORDINARIA.html,,Sr. Presidente (Gioja),Sr. Presidente (Gioja). --,yes,Queda aprobada la resolución. Se comunicará a la Honorable Cámara de Diputados.,26 of 36,
h490,2003-07-02_r14,2003-07-02_r14_ORDINARIA.html,,Sr. Presidente (Gioja),Sr. Presidente (Gioja). --,yes,"Corresponde considerar el dictamen de la Comisión de Agricultura, Ganadería y Pesca en el proyecto de comunicación del señor senador Falcó por el que se solicitan informes acerca de los",,
h491,2003-07-02_r14,2003-07-02_r14_ORDINARIA.html,,Sr. Presidente (Gioja),Sr. Presidente (Gioja). --,yes,Queda aprobada la resolución. Se comunicará a la Honorable Cámara de Diputados.,31 of 36,
h492,2003-07-02_r14,2003-07-02_r14_ORDINARIA.html,,Sr. Presidente (Gioja),Sr. Presidente (Gioja). --,yes,"Corresponde considerar el dictamen de la Comisión de Educación, Cultura, Ciencia y Tecnología en el proyecto de declaración de la señora senadora Negre de Alonso por el que se adhiere",2 of 2,
h493,2003-07-02_r14,2003-07-02_r14_ORDINARIA.html,,Sra. Escudero,Sra. Escudero. --,yes,"Señor presidente: creo que esta tarde el Senado va a producir un hecho político, como es acompañar las demandas de la sociedad en cuanto a lograr una mayor transparencia en",,Label immediately above; the preceding president turn is printed 'Sr. Presidente **(López Arias)**. **--** **' with the dashes bolded separately.
h494,2003-07-02_r14,2003-07-02_r14_ORDINARIA.html,,Sr. Maestro,Sr. Maestro. --,yes,"Sí, señor presidente.",6 of 7,One-word turn granting an interruption; label immediately above.
h495,2003-07-02_r14,2003-07-02_r14_ORDINARIA.html,,Sr. Presidente (Gioja),Sr. Presidente (Gioja). --,yes,Tiene la palabra el señor senador López Arias.,2 of 2,"In this stretch the labels are bolded only up to the surname, with '(Gioja). --' outside the bold run."
h496,2003-10-29_r28,2003-10-29_r28_TRIBUNAL_DE_JUICIO_POLITICO.html,,Sr. Presidente (Gioja),Sr. Presidente (Gioja) . —,yes,¿Sería el punto 4.1?,,Different file: labels here carry no bold markup at all and use an em dash with a space before the period.
h497,2003-10-29_r28,2003-10-29_r28_TRIBUNAL_DE_JUICIO_POLITICO.html,,Sr. Presidente (Gioja),Sr. Presidente (Gioja) . —,yes,Tiene la palabra la senadora Escudero.,1 of 2,"No bold markup in this file; label immediately above, after the reading of the dictamen by Sr. Secretario (Estrada)."
h498,2003-10-29_r28,2003-10-29_r28_TRIBUNAL_DE_JUICIO_POLITICO.html,,Sra. Fernández de Kirchner,Sra. Fernández de Kirchner. —,yes,"No puedo dejar pasar esto por alto. Es cierto, ha sido aprobada la resolución con mayoría de más de dos tercios. Pero también quiero dejar aclarado que nunca este Senado,",,No bold markup in this file; the president had just given her the floor as 'la señora presidenta de la comisión'.
